search key,type,source
current heart transplant list,heart transplant,google_complete
do you change after a heart transplant,heart transplant,google_complete
does heart transplant qualify for disability,heart transplant,google_complete
first heart transplant new zealand,heart transplant,google_complete
first heart transplant year,heart transplant,google_complete
heart transplant 10 year survival rate,heart transplant,google_complete
heart transplant 20 year survival rate,heart transplant,google_complete
heart transplant 5 year survival,heart transplant,google_complete
heart transplant 5 year survival rate,heart transplant,google_complete
heart transplant advancement minecraft,heart transplant,google_complete
heart transplant after care,heart transplant,google_complete
heart transplant after heart attack,heart transplant,google_complete
heart transplant age,heart transplant,google_complete
heart transplant age limit,heart transplant,google_complete
heart transplant alternatives,heart transplant,google_complete
heart transplant anastomosis,heart transplant,google_complete
heart transplant anastomosis order,heart transplant,google_complete
heart transplant anesthesia,heart transplant,google_complete
heart transplant anesthesia considerations,heart transplant,google_complete
heart transplant anniversary,heart transplant,google_complete
heart transplant anniversary gift,heart transplant,google_complete
heart transplant anniversary quotes,heart transplant,google_complete
heart transplant anti rejection drugs,heart transplant,google_complete
heart transplant atropine,heart transplant,google_complete
heart transplant awareness,heart transplant,google_complete
heart transplant baby,heart transplant,google_complete
heart transplant baylor,heart transplant,google_complete
heart transplant beating box,heart transplant,google_complete
heart transplant before and after,heart transplant,google_complete
heart transplant bible verse,heart transplant,google_complete
heart transplant biopsy,heart transplant,google_complete
heart transplant biopsy grade,heart transplant,google_complete
heart transplant blood pressure,heart transplant,google_complete
heart transplant blood type,heart transplant,google_complete
heart transplant book,heart transplant,google_complete
heart transplant boston,heart transplant,google_complete
heart transplant box,heart transplant,google_complete
heart transplant bracelet,heart transplant,google_complete
heart transplant breakthrough,heart transplant,google_complete
heart transplant by robot,heart transplant,google_complete
heart transplant candidate,heart transplant,google_complete
heart transplant cav,heart transplant,google_complete
heart transplant center near me,heart transplant,google_complete
heart transplant centers,heart transplant,google_complete
heart transplant change your personality,heart transplant,google_complete
heart transplant complications,heart transplant,google_complete
heart transplant coordinator,heart transplant,google_complete
heart transplant coordinator jobs,heart transplant,google_complete
heart transplant cost,heart transplant,google_complete
heart transplant cost in dollars,heart transplant,google_complete
heart transplant cost in usa,heart transplant,google_complete
heart transplant cost medicare,heart transplant,google_complete
heart transplant cost with insurance,heart transplant,google_complete
heart transplant cpt,heart transplant,google_complete
heart transplant cpt code,heart transplant,google_complete
heart transplant criteria,heart transplant,google_complete
heart transplant death rate,heart transplant,google_complete
heart transplant definition,heart transplant,google_complete
heart transplant denervation,heart transplant,google_complete
heart transplant diagnosis code,heart transplant,google_complete
heart transplant diet,heart transplant,google_complete
heart transplant dietary restrictions,heart transplant,google_complete
heart transplant disability,heart transplant,google_complete
heart transplant doctor,heart transplant,google_complete
heart transplant doctor salary,heart transplant,google_complete
heart transplant doctors near me,heart transplant,google_complete
heart transplant dog,heart transplant,google_complete
heart transplant donor,heart transplant,google_complete
heart transplant drg,heart transplant,google_complete
heart transplant drugs,heart transplant,google_complete
heart transplant dsa,heart transplant,google_complete
heart transplant duration,heart transplant,google_complete
heart transplant ecg,heart transplant,google_complete
heart transplant echo,heart transplant,google_complete
heart transplant ecmo,heart transplant,google_complete
heart transplant education,heart transplant,google_complete
heart transplant eligibility,heart transplant,google_complete
heart transplant eligibility criteria,heart transplant,google_complete
heart transplant emotional effects,heart transplant,google_complete
heart transplant evaluation,heart transplant,google_complete
heart transplant evaluation cpt code,heart transplant,google_complete
heart transplant evaluation guidelines,heart transplant,google_complete
heart transplant evaluation icd 10,heart transplant,google_complete
heart transplant evaluation process,heart transplant,google_complete
heart transplant exclusion criteria,heart transplant,google_complete
heart transplant exercise guidelines,heart transplant,google_complete
heart transplant expectancy,heart transplant,google_complete
heart transplant experience,heart transplant,google_complete
heart transplant facts,heart transplant,google_complete
heart transplant fellowship,heart transplant,google_complete
heart transplant financial assistance,heart transplant,google_complete
heart transplant first,heart transplant,google_complete
heart transplant first one,heart transplant,google_complete
heart transplant for babies,heart transplant,google_complete
heart transplant for cats,heart transplant,google_complete
heart transplant for chf,heart transplant,google_complete
heart transplant for dogs,heart transplant,google_complete
heart transplant for heart failure,heart transplant,google_complete
heart transplant for hfpef,heart transplant,google_complete
heart transplant for kids,heart transplant,google_complete
heart transplant foundation,heart transplant,google_complete
heart transplant from pig,heart transplant,google_complete
heart transplant from pig to human,heart transplant,google_complete
heart transplant games,heart transplant,google_complete
heart transplant gif,heart transplant,google_complete
heart transplant gift ideas,heart transplant,google_complete
heart transplant gifts,heart transplant,google_complete
heart transplant girl,heart transplant,google_complete
heart transplant glasgow,heart transplant,google_complete
heart transplant graft failure,heart transplant,google_complete
heart transplant grants,heart transplant,google_complete
heart transplant green corridor,heart transplant,google_complete
heart transplant guidelines,heart transplant,google_complete
heart transplant guidelines 2024,heart transplant,google_complete
heart transplant guidelines ishlt,heart transplant,google_complete
heart transplant guidelines pdf,heart transplant,google_complete
heart transplant hawaii,heart transplant,google_complete
heart transplant heart failure,heart transplant,google_complete
heart transplant heart rate control,heart transplant,google_complete
heart transplant helicopter crash,heart transplant,google_complete
heart transplant history,heart transplant,google_complete
heart transplant history timeline,heart transplant,google_complete
heart transplant hospital stay,heart transplant,google_complete
heart transplant hospitals,heart transplant,google_complete
heart transplant hospitals in florida,heart transplant,google_complete
heart transplant hospitals near me,heart transplant,google_complete
heart transplant houston,heart transplant,google_complete
heart transplant how does it work,heart transplant,google_complete
heart transplant how long does it last,heart transplant,google_complete
heart transplant how long does it take,heart transplant,google_complete
heart transplant how many hours,heart transplant,google_complete
heart transplant icd 10,heart transplant,google_complete
heart transplant icd code,heart transplant,google_complete
heart transplant images,heart transplant,google_complete
heart transplant immunosuppression,heart transplant,google_complete
heart transplant immunosuppression drugs,heart transplant,google_complete
heart transplant immunosuppression guidelines,heart transplant,google_complete
heart transplant in children,heart transplant,google_complete
heart transplant in dogs,heart transplant,google_complete
heart transplant in india,heart transplant,google_complete
heart transplant in usa,heart transplant,google_complete
heart transplant in zambia,heart transplant,google_complete
heart transplant in zimbabwe,heart transplant,google_complete
heart transplant incision,heart transplant,google_complete
heart transplant indications,heart transplant,google_complete
heart transplant infection,heart transplant,google_complete
heart transplant information,heart transplant,google_complete
heart transplant inspirational quotes,heart transplant,google_complete
heart transplant inventor,heart transplant,google_complete
heart transplant jamaica,heart transplant,google_complete
heart transplant japan,heart transplant,google_complete
heart transplant japanese drama,heart transplant,google_complete
heart transplant jason gray stanford,heart transplant,google_complete
heart transplant jehovah's witness,heart transplant,google_complete
heart transplant jet,heart transplant,google_complete
heart transplant jewelry,heart transplant,google_complete
heart transplant jobs,heart transplant,google_complete
heart transplant johns hopkins,heart transplant,google_complete
heart transplant jokes,heart transplant,google_complete
heart transplant jokes one liners,heart transplant,google_complete
heart transplant journals,heart transplant,google_complete
heart transplant journey,heart transplant,google_complete
heart transplant journey instagram,heart transplant,google_complete
heart transplant kidney failure,heart transplant,google_complete
heart transplant kids,heart transplant,google_complete
heart transplant length,heart transplant,google_complete
heart transplant level 2,heart transplant,google_complete
heart transplant levels,heart transplant,google_complete
heart transplant life expectancy,heart transplant,google_complete
heart transplant life expectancy by age,heart transplant,google_complete
heart transplant life expectancy child,heart transplant,google_complete
heart transplant lifespan,heart transplant,google_complete
heart transplant list,heart transplant,google_complete
heart transplant list levels,heart transplant,google_complete
heart transplant list qualifications,heart transplant,google_complete
heart transplant list status 4,heart transplant,google_complete
heart transplant listing criteria,heart transplant,google_complete
heart transplant listing status,heart transplant,google_complete
heart transplant live,heart transplant,google_complete
heart transplant longest survivor,heart transplant,google_complete
heart transplant longevity,heart transplant,google_complete
heart transplant machine,heart transplant,google_complete
heart transplant machine name,heart transplant,google_complete
heart transplant mayo clinic,heart transplant,google_complete
heart transplant meaning,heart transplant,google_complete
heart transplant medical term,heart transplant,google_complete
heart transplant medications,heart transplant,google_complete
heart transplant meme,heart transplant,google_complete
heart transplant memories,heart transplant,google_complete
heart transplant minimally invasive,heart transplant,google_complete
heart transplant mortality rate,heart transplant,google_complete
heart transplant movie,heart transplant,google_complete
heart transplant movie romance,heart transplant,google_complete
heart transplant movies on netflix,heart transplant,google_complete
heart transplant mri safety,heart transplant,google_complete
heart transplant nba player,heart transplant,google_complete
heart transplant nclex questions,heart transplant,google_complete
heart transplant near me,heart transplant,google_complete
heart transplant nerve connections,heart transplant,google_complete
heart transplant nerves,heart transplant,google_complete
heart transplant netflix,heart transplant,google_complete
heart transplant netflix show,heart transplant,google_complete
heart transplant new orleans,heart transplant,google_complete
heart transplant new zealand,heart transplant,google_complete
heart transplant news,heart transplant,google_complete
heart transplant nj,heart transplant,google_complete
heart transplant no incision,heart transplant,google_complete
heart transplant numbers,heart transplant,google_complete
heart transplant numbers by hospital,heart transplant,google_complete
heart transplant nurse,heart transplant,google_complete
heart transplant nurse practitioner,heart transplant,google_complete
heart transplant nutrition guidelines,heart transplant,google_complete
heart transplant one tree hill,heart transplant,google_complete
heart transplant openanesthesia,heart transplant,google_complete
heart transplant operation,heart transplant,google_complete
heart transplant operation success rate,heart transplant,google_complete
heart transplant operation time,heart transplant,google_complete
heart transplant options,heart transplant,google_complete
heart transplant or lvad,heart transplant,google_complete
heart transplant order of anastomosis,heart transplant,google_complete
heart transplant oregon,heart transplant,google_complete
heart transplant organization,heart transplant,google_complete
heart transplant origin,heart transplant,google_complete
heart transplant out,heart transplant,google_complete
heart transplant outcomes,heart transplant,google_complete
heart transplant outcomes by center,heart transplant,google_complete
heart transplant overseas,heart transplant,google_complete
heart transplant patient,heart transplant,google_complete
heart transplant patients personality change,heart transplant,google_complete
heart transplant pediatric,heart transplant,google_complete
heart transplant per year,heart transplant,google_complete
heart transplant personality change,heart transplant,google_complete
heart transplant photo,heart transplant,google_complete
heart transplant pig,heart transplant,google_complete
heart transplant pioneer,heart transplant,google_complete
heart transplant post op care,heart transplant,google_complete
heart transplant precautions,heart transplant,google_complete
heart transplant priority list,heart transplant,google_complete
heart transplant procedure,heart transplant,google_complete
heart transplant procedure step by step,heart transplant,google_complete
heart transplant process,heart transplant,google_complete
heart transplant prognosis,heart transplant,google_complete
heart transplant program,heart transplant,google_complete
heart transplant qatar,heart transplant,google_complete
heart transplant qualifications,heart transplant,google_complete
heart transplant quality indicators,heart transplant,google_complete
heart transplant quality of life,heart transplant,google_complete
heart transplant queensland,heart transplant,google_complete
heart transplant questions,heart transplant,google_complete
heart transplant quiz,heart transplant,google_complete
heart transplant quora,heart transplant,google_complete
heart transplant quotes,heart transplant,google_complete
heart transplant recipient,heart transplant,google_complete
heart transplant recipient life expectancy,heart transplant,google_complete
heart transplant recovery,heart transplant,google_complete
heart transplant recovery time,heart transplant,google_complete
heart transplant recovery timeline,heart transplant,google_complete
heart transplant rejection,heart transplant,google_complete
heart transplant rejection icd 10,heart transplant,google_complete
heart transplant rejection rate,heart transplant,google_complete
heart transplant rejection stages,heart transplant,google_complete
heart transplant rejection symptoms,heart transplant,google_complete
heart transplant requirements,heart transplant,google_complete
heart transplant ribbon,heart transplant,google_complete
heart transplant ribbon color,heart transplant,google_complete
heart transplant robotic,heart transplant,google_complete
heart transplant romance movie,heart transplant,google_complete
heart transplant scar,heart transplant,google_complete
heart transplant status,heart transplant,google_complete
heart transplant status 4 wait time,heart transplant,google_complete
heart transplant status icd 10,heart transplant,google_complete
heart transplant status levels,heart transplant,google_complete
heart transplant status z code,heart transplant,google_complete
heart transplant status z94 1,heart transplant,google_complete
heart transplant success rate,heart transplant,google_complete
heart transplant surgeon,heart transplant,google_complete
heart transplant surgeon salary,heart transplant,google_complete
heart transplant surgery,heart transplant,google_complete
heart transplant surgery success rate,heart transplant,google_complete
heart transplant surgery survival rate,heart transplant,google_complete
heart transplant surgery time,heart transplant,google_complete
heart transplant surgery video,heart transplant,google_complete
heart transplant survival rate,heart transplant,google_complete
heart transplant survival rate 10 years,heart transplant,google_complete
heart transplant t shirts,heart transplant,google_complete
heart transplant tattoo,heart transplant,google_complete
heart transplant tattoo ideas,heart transplant,google_complete
heart transplant team,heart transplant,google_complete
heart transplant technique,heart transplant,google_complete
heart transplant texas,heart transplant,google_complete
heart transplant through abdomen,heart transplant,google_complete
heart transplant through neck,heart transplant,google_complete
heart transplant through preperitoneal space,heart transplant,google_complete
heart transplant time,heart transplant,google_complete
heart transplant time frame,heart transplant,google_complete
heart transplant timeline,heart transplant,google_complete
heart transplant transport box,heart transplant,google_complete
heart transplant transportation,heart transplant,google_complete
heart transplant types,heart transplant,google_complete
heart transplant uae,heart transplant,google_complete
heart transplant ucla,heart transplant,google_complete
heart transplant ucsd,heart transplant,google_complete
heart transplant ucsf,heart transplant,google_complete
heart transplant uk,heart transplant,google_complete
heart transplant uk criteria,heart transplant,google_complete
heart transplant uk hospitals,heart transplant,google_complete
heart transplant unit,heart transplant,google_complete
heart transplant unit golden jubilee,heart transplant,google_complete
heart transplant unos,heart transplant,google_complete
heart transplant unos status,heart transplant,google_complete
heart transplant usa,heart transplant,google_complete
heart transplant usa cost,heart transplant,google_complete
heart transplant using pig heart,heart transplant,google_complete
heart transplant using robot,heart transplant,google_complete
heart transplant vaccine requirements,heart transplant,google_complete
heart transplant vagus nerve,heart transplant,google_complete
heart transplant vagus nerve cut,heart transplant,google_complete
heart transplant vanderbilt,heart transplant,google_complete
heart transplant vasculopathy,heart transplant,google_complete
heart transplant video,heart transplant,google_complete
heart transplant video animation,heart transplant,google_complete
heart transplant video for kids,heart transplant,google_complete
heart transplant video youtube,heart transplant,google_complete
heart transplant volume,heart transplant,google_complete
heart transplant volume by center,heart transplant,google_complete
heart transplant vs artificial heart,heart transplant,google_complete
heart transplant vs bypass surgery,heart transplant,google_complete
heart transplant vs lvad,heart transplant,google_complete
heart transplant vs open heart surgery,heart transplant,google_complete
heart transplant vs pacemaker,heart transplant,google_complete
heart transplant wait time,heart transplant,google_complete
heart transplant waiting list,heart transplant,google_complete
heart transplant waiting list by state,heart transplant,google_complete
heart transplant waiting list criteria,heart transplant,google_complete
heart transplant waiting list statistics,heart transplant,google_complete
heart transplant waiting list status,heart transplant,google_complete
heart transplant waiting list texas,heart transplant,google_complete
heart transplant waiting list time,heart transplant,google_complete
heart transplant wikipedia,heart transplant,google_complete
heart transplant with pig heart,heart transplant,google_complete
heart transplant with robot,heart transplant,google_complete
heart transplant without blood transfusion,heart transplant,google_complete
heart transplant without incision,heart transplant,google_complete
heart transplant without open heart surgery,heart transplant,google_complete
heart transplant without opening chest,heart transplant,google_complete
heart transplant x ray,heart transplant,google_complete
heart transplant xmas movie,heart transplant,google_complete
heart transplant yale,heart transplant,google_complete
heart transplant yashoda hospital,heart transplant,google_complete
heart transplant year,heart transplant,google_complete
heart transplant years of life,heart transplant,google_complete
heart transplant young,heart transplant,google_complete
heart transplant young patient,heart transplant,google_complete
heart transplant youtube,heart transplant,google_complete
heart transplant zbigniew religa,heart transplant,google_complete
heart transplanter minecraft,heart transplant,google_complete
how heart transplant is done,heart transplant,google_complete
how heart transplant is possible,heart transplant,google_complete
how heart transplant works,heart transplant,google_complete
how long can you live with a transplant heart,heart transplant,google_complete
how long heart transplant last,heart transplant,google_complete
how long heart transplant surgery,heart transplant,google_complete
how many heart transplant done in india,heart transplant,google_complete
how many heart transplant in india,heart transplant,google_complete
how many heart transplants are successful,heart transplant,google_complete
how many heart transplants can a person have,heart transplant,google_complete
how many heart transplants david rockefeller,heart transplant,google_complete
how many heart transplants did rockefeller have,heart transplant,google_complete
how many heart transplants per year,heart transplant,google_complete
how much heart transplant surgery cost,heart transplant,google_complete
jacc heart transplant,heart transplant,google_complete
movie where heart transplant,heart transplant,google_complete
short heart transplant quotes,heart transplant,google_complete
what causes heart transplant,heart transplant,google_complete
what country pioneered heart transplant surgery,heart transplant,google_complete
what does heart transplant cost,heart transplant,google_complete
what happens after heart transplant,heart transplant,google_complete
what happens if heart transplant is rejected,heart transplant,google_complete
what is a heart transplant and why is it done,heart transplant,google_complete
what is heart transplant in hindi,heart transplant,google_complete
what is heart transplant rejection,heart transplant,google_complete
what is heart transplant success rate,heart transplant,google_complete
what is heart transplant surgery,heart transplant,google_complete
what is heart transplant survival rate,heart transplant,google_complete
what is orthotopic heart transplant,heart transplant,google_complete
what needs heart transplant,heart transplant,google_complete
what of heart transplants are successful,heart transplant,google_complete
what percentage of heart transplants are successful,heart transplant,google_complete
when did first heart transplant,heart transplant,google_complete
when did heart transplants become common,heart transplant,google_complete
when did heart transplants start,heart transplant,google_complete
when do heart transplants take place,heart transplant,google_complete
when first heart transplant,heart transplant,google_complete
when heart transplant,heart transplant,google_complete
when heart transplant is needed,heart transplant,google_complete
when is heart transplant done,heart transplant,google_complete
when is national heart transplant day,heart transplant,google_complete
when to do heart transplant,heart transplant,google_complete
when was cheney's heart transplant,heart transplant,google_complete
when was first heart transplant done in india,heart transplant,google_complete
when was first heart transplant in us,heart transplant,google_complete
when was heart transplant discovered,heart transplant,google_complete
when was heart transplant first performed,heart transplant,google_complete
when was heart transplant invented,heart transplant,google_complete
where are heart transplants done,heart transplant,google_complete
where do heart transplants come from,heart transplant,google_complete
where do hearts for heart transplants come from,heart transplant,google_complete
where do people get heart transplants,heart transplant,google_complete
where first heart transplant,heart transplant,google_complete
where is heart transplant surgery,heart transplant,google_complete
where to get heart transplant,heart transplant,google_complete
where was first heart transplant done,heart transplant,google_complete
where was first heart transplant georgia,heart transplant,google_complete
where was first heart transplant in uk,heart transplant,google_complete
where was first heart transplant in us,heart transplant,google_complete
where was first successful heart transplant,heart transplant,google_complete
where was heart transplant invented,heart transplant,google_complete
who did first heart transplant,heart transplant,google_complete
who did first heart transplant in india,heart transplant,google_complete
who did first heart transplant in world,heart transplant,google_complete
who discovered heart transplantation,heart transplant,google_complete
who do heart transplant,heart transplant,google_complete
who first heart transplant,heart transplant,google_complete
who first heart transplant in india,heart transplant,google_complete
who had first heart transplant,heart transplant,google_complete
who invented heart transplant,heart transplant,google_complete
who made first heart transplant,heart transplant,google_complete
who needs heart transplant,heart transplant,google_complete
who performed first heart transplant,heart transplant,google_complete
who performed heart transplant,heart transplant,google_complete
who qualifies for heart transplant,heart transplant,google_complete
who was first heart transplant patient,heart transplant,google_complete
why do heart transplants fail,heart transplant,google_complete
why does heart transplant work,heart transplant,google_complete
why does the body reject heart transplants,heart transplant,google_complete
why get a heart transplant,heart transplant,google_complete
why heart transplant is done,heart transplant,google_complete
why heart transplant is needed,heart transplant,google_complete
why heterotopic heart transplant,heart transplant,google_complete
why is a heart transplant possible,heart transplant,google_complete
why is heart transplant helpful,heart transplant,google_complete
why is heart transplant important,heart transplant,google_complete
why pig heart transplant,heart transplant,google_complete
why was heart transplant invented,heart transplant,google_complete
xeno heart transplant,heart transplant,google_complete
xenogeneic heart transplant,heart transplant,google_complete
xenograft heart transplant,heart transplant,google_complete
xenotransplantation heart transplant,heart transplant,google_complete
xtransplant,heart transplant,google_complete
xvivo heart transplant,heart transplant,google_complete
zayn heart transplant,heart transplant,google_complete
zbigniew heart transplant,heart transplant,google_complete
zoe heart transplant svu,heart transplant,google_complete
zofran heart transplant,heart transplant,google_complete
zooplastic heart transplant,heart transplant,google_complete
are pancreas transplants available,pancreas transplant,google_complete
are pancreas transplants common,pancreas transplant,google_complete
are pancreas transplants possible,pancreas transplant,google_complete
are pancreas transplants successful,pancreas transplant,google_complete
belatacept pancreas transplant,pancreas transplant,google_complete
best pancreas transplant hospitals,pancreas transplant,google_complete
can a pancreas transplant get rid of diabetes,pancreas transplant,google_complete
can pancreas be transplant,pancreas transplant,google_complete
can pancreas transplant be done,pancreas transplant,google_complete
can you get a pancreas transplant for pancreatitis,pancreas transplant,google_complete
can you transplant your pancreas,pancreas transplant,google_complete
did steve jobs have a pancreas transplant,pancreas transplant,google_complete
do pancreas transplants work,pancreas transplant,google_complete
does pancreas transplant exist,pancreas transplant,google_complete
does pancreas transplant help with diabetes,pancreas transplant,google_complete
emory pancreas transplant,pancreas transplant,google_complete
georgetown pancreas transplant,pancreas transplant,google_complete
has a pancreas ever been transplanted,pancreas transplant,google_complete
has anyone ever had a pancreas transplant,pancreas transplant,google_complete
how common are pancreas transplants,pancreas transplant,google_complete
how dangerous is a pancreas transplant,pancreas transplant,google_complete
how does a pancreas transplant cure diabetes,pancreas transplant,google_complete
how does pancreas transplant work,pancreas transplant,google_complete
how is pancreas transplant done,pancreas transplant,google_complete
how long do pancreas transplants last,pancreas transplant,google_complete
how long does pancreas transplant take,pancreas transplant,google_complete
how long is pancreas transplant surgery,pancreas transplant,google_complete
how many pancreas transplants per year,pancreas transplant,google_complete
how many successful pancreas transplants,pancreas transplant,google_complete
how much is a pancreas transplant uk,pancreas transplant,google_complete
how successful are pancreas transplants,pancreas transplant,google_complete
how to get on pancreas transplant list,pancreas transplant,google_complete
how to get pancreas transplant,pancreas transplant,google_complete
is a pancreas transplant worth it,pancreas transplant,google_complete
is there a pancreas transplant,pancreas transplant,google_complete
kidney pancreas transplant guidelines,pancreas transplant,google_complete
kidney pancreas transplant life expectancy,pancreas transplant,google_complete
kidney pancreas transplant video,pancreas transplant,google_complete
kidney pancreas transplant waiting list,pancreas transplant,google_complete
kya pancreas transplant ho sakta hai,pancreas transplant,google_complete
living pancreas transplant,pancreas transplant,google_complete
ozempic pancreas transplant,pancreas transplant,google_complete
pancreas after kidney transplant,pancreas transplant,google_complete
pancreas and kidney transplant life expectancy,pancreas transplant,google_complete
pancreas kidney transplant,pancreas transplant,google_complete
pancreas kidney transplant icd 10,pancreas transplant,google_complete
pancreas kidney transplant scar,pancreas transplant,google_complete
pancreas kidney transplant survival rates,pancreas transplant,google_complete
pancreas liver transplant,pancreas transplant,google_complete
pancreas only transplant,pancreas transplant,google_complete
pancreas organ transplant,pancreas transplant,google_complete
pancreas transplant advantages and disadvantages,pancreas transplant,google_complete
pancreas transplant after cancer,pancreas transplant,google_complete
pancreas transplant aftercare icd 10,pancreas transplant,google_complete
pancreas transplant age,pancreas transplant,google_complete
pancreas transplant age limit,pancreas transplant,google_complete
pancreas transplant alcohol,pancreas transplant,google_complete
pancreas transplant alone,pancreas transplant,google_complete
pancreas transplant alone (pta),pancreas transplant,google_complete
pancreas transplant anastomosis,pancreas transplant,google_complete
pancreas transplant anatomy,pancreas transplant,google_complete
pancreas transplant anatomy radiology,pancreas transplant,google_complete
pancreas transplant and diabetes,pancreas transplant,google_complete
pancreas transplant anesthesia,pancreas transplant,google_complete
pancreas transplant artery,pancreas transplant,google_complete
pancreas transplant australia,pancreas transplant,google_complete
pancreas transplant bc,pancreas transplant,google_complete
pancreas transplant benefits,pancreas transplant,google_complete
pancreas transplant biopsy,pancreas transplant,google_complete
pancreas transplant bladder,pancreas transplant,google_complete
pancreas transplant bladder drainage,pancreas transplant,google_complete
pancreas transplant blood supply,pancreas transplant,google_complete
pancreas transplant book,pancreas transplant,google_complete
pancreas transplant boston,pancreas transplant,google_complete
pancreas transplant canada,pancreas transplant,google_complete
pancreas transplant cancer treatment,pancreas transplant,google_complete
pancreas transplant candidate,pancreas transplant,google_complete
pancreas transplant centers,pancreas transplant,google_complete
pancreas transplant centres uk,pancreas transplant,google_complete
pancreas transplant complications,pancreas transplant,google_complete
pancreas transplant cost 2024,pancreas transplant,google_complete
pancreas transplant cost in apollo hospital,pancreas transplant,google_complete
pancreas transplant cost in canada,pancreas transplant,google_complete
pancreas transplant cost in pgi chandigarh,pancreas transplant,google_complete
pancreas transplant cost uk private,pancreas transplant,google_complete
pancreas transplant cost usa,pancreas transplant,google_complete
pancreas transplant cost with insurance,pancreas transplant,google_complete
pancreas transplant cpt code,pancreas transplant,google_complete
pancreas transplant criteria,pancreas transplant,google_complete
pancreas transplant ct,pancreas transplant,google_complete
pancreas transplant cure diabetes,pancreas transplant,google_complete
pancreas transplant cure type 1 diabetes,pancreas transplant,google_complete
pancreas transplant cystic fibrosis,pancreas transplant,google_complete
pancreas transplant diabetes,pancreas transplant,google_complete
pancreas transplant diabetes 1,pancreas transplant,google_complete
pancreas transplant diabetes cost,pancreas transplant,google_complete
pancreas transplant diabetes reddit,pancreas transplant,google_complete
pancreas transplant diabetes type 1,pancreas transplant,google_complete
pancreas transplant diabetes type 2,pancreas transplant,google_complete
pancreas transplant diagnosis code,pancreas transplant,google_complete
pancreas transplant diagram,pancreas transplant,google_complete
pancreas transplant doctor,pancreas transplant,google_complete
pancreas transplant donor,pancreas transplant,google_complete
pancreas transplant donor criteria,pancreas transplant,google_complete
pancreas transplant doppler ultrasound,pancreas transplant,google_complete
pancreas transplant drg,pancreas transplant,google_complete
pancreas transplant due to cancer,pancreas transplant,google_complete
pancreas transplant duration,pancreas transplant,google_complete
pancreas transplant eligibility,pancreas transplant,google_complete
pancreas transplant enteric drainage,pancreas transplant,google_complete
pancreas transplant epi,pancreas transplant,google_complete
pancreas transplant evaluation,pancreas transplant,google_complete
pancreas transplant exocrine,pancreas transplant,google_complete
pancreas transplant expenses,pancreas transplant,google_complete
pancreas transplant facts,pancreas transplant,google_complete
pancreas transplant failure,pancreas transplant,google_complete
pancreas transplant for cancer,pancreas transplant,google_complete
pancreas transplant for cancer patients,pancreas transplant,google_complete
pancreas transplant for chronic pancreatitis,pancreas transplant,google_complete
pancreas transplant for diabetes,pancreas transplant,google_complete
pancreas transplant for diabetes cost,pancreas transplant,google_complete
pancreas transplant for epi,pancreas transplant,google_complete
pancreas transplant for necrotizing pancreatitis,pancreas transplant,google_complete
pancreas transplant for pancreatic cancer,pancreas transplant,google_complete
pancreas transplant for pancreatitis,pancreas transplant,google_complete
pancreas transplant for t1d,pancreas transplant,google_complete
pancreas transplant for t1dm,pancreas transplant,google_complete
pancreas transplant for type 1 diabetes,pancreas transplant,google_complete
pancreas transplant for type 1 diabetes cost,pancreas transplant,google_complete
pancreas transplant for type 1 diabetes success rate,pancreas transplant,google_complete
pancreas transplant for type 2 diabetes,pancreas transplant,google_complete
pancreas transplant germany,pancreas transplant,google_complete
pancreas transplant graft,pancreas transplant,google_complete
pancreas transplant guidelines,pancreas transplant,google_complete
pancreas transplant history,pancreas transplant,google_complete
pancreas transplant hospital,pancreas transplant,google_complete
pancreas transplant hospital in india,pancreas transplant,google_complete
pancreas transplant hota hai,pancreas transplant,google_complete
pancreas transplant hota hai ki nahin,pancreas transplant,google_complete
pancreas transplant hota hai kya,pancreas transplant,google_complete
pancreas transplant how i do it,pancreas transplant,google_complete
pancreas transplant how long does it last,pancreas transplant,google_complete
pancreas transplant how much does it cost,pancreas transplant,google_complete
pancreas transplant hypoglycemia,pancreas transplant,google_complete
pancreas transplant icd,pancreas transplant,google_complete
pancreas transplant icd 10,pancreas transplant,google_complete
pancreas transplant images,pancreas transplant,google_complete
pancreas transplant in bangalore,pancreas transplant,google_complete
pancreas transplant in hindi,pancreas transplant,google_complete
pancreas transplant in hyderabad,pancreas transplant,google_complete
pancreas transplant in india,pancreas transplant,google_complete
pancreas transplant in india in hindi,pancreas transplant,google_complete
pancreas transplant in kenya,pancreas transplant,google_complete
pancreas transplant in kerala,pancreas transplant,google_complete
pancreas transplant in kids,pancreas transplant,google_complete
pancreas transplant in malaysia,pancreas transplant,google_complete
pancreas transplant in mumbai,pancreas transplant,google_complete
pancreas transplant in pakistan,pancreas transplant,google_complete
pancreas transplant in pgi chandigarh,pancreas transplant,google_complete
pancreas transplant in type 1 diabetes,pancreas transplant,google_complete
pancreas transplant in type 2 diabetes,pancreas transplant,google_complete
pancreas transplant incision,pancreas transplant,google_complete
pancreas transplant indications,pancreas transplant,google_complete
pancreas transplant ireland,pancreas transplant,google_complete
pancreas transplant is possible,pancreas transplant,google_complete
pancreas transplant journal,pancreas transplant,google_complete
pancreas transplant kaise hota hai,pancreas transplant,google_complete
pancreas transplant life expectancy,pancreas transplant,google_complete
pancreas transplant lifespan,pancreas transplant,google_complete
pancreas transplant list,pancreas transplant,google_complete
pancreas transplant living donor,pancreas transplant,google_complete
pancreas transplant location,pancreas transplant,google_complete
pancreas transplant mayo clinic,pancreas transplant,google_complete
pancreas transplant meaning,pancreas transplant,google_complete
pancreas transplant medical term,pancreas transplant,google_complete
pancreas transplant medications,pancreas transplant,google_complete
pancreas transplant melbourne,pancreas transplant,google_complete
pancreas transplant mexico,pancreas transplant,google_complete
pancreas transplant monitoring,pancreas transplant,google_complete
pancreas transplant mortality rate,pancreas transplant,google_complete
pancreas transplant name,pancreas transplant,google_complete
pancreas transplant ncbi,pancreas transplant,google_complete
pancreas transplant near me,pancreas transplant,google_complete
pancreas transplant news,pancreas transplant,google_complete
pancreas transplant nhs,pancreas transplant,google_complete
pancreas transplant numbers,pancreas transplant,google_complete
pancreas transplant nutrition,pancreas transplant,google_complete
pancreas transplant nz,pancreas transplant,google_complete
pancreas transplant ontario,pancreas transplant,google_complete
pancreas transplant operation,pancreas transplant,google_complete
pancreas transplant operative steps,pancreas transplant,google_complete
pancreas transplant outcomes,pancreas transplant,google_complete
pancreas transplant overview,pancreas transplant,google_complete
pancreas transplant oxford,pancreas transplant,google_complete
pancreas transplant pakistan,pancreas transplant,google_complete
pancreas transplant pancreatic cancer,pancreas transplant,google_complete
pancreas transplant pancreatitis,pancreas transplant,google_complete
pancreas transplant philippines,pancreas transplant,google_complete
pancreas transplant pig,pancreas transplant,google_complete
pancreas transplant possible,pancreas transplant,google_complete
pancreas transplant possible or not,pancreas transplant,google_complete
pancreas transplant post op care,pancreas transplant,google_complete
pancreas transplant ppt,pancreas transplant,google_complete
pancreas transplant private,pancreas transplant,google_complete
pancreas transplant procedure,pancreas transplant,google_complete
pancreas transplant procedure steps,pancreas transplant,google_complete
pancreas transplant prognosis,pancreas transplant,google_complete
pancreas transplant program,pancreas transplant,google_complete
pancreas transplant protocol,pancreas transplant,google_complete
pancreas transplant pubmed,pancreas transplant,google_complete
pancreas transplant qualifications,pancreas transplant,google_complete
pancreas transplant radiographics,pancreas transplant,google_complete
pancreas transplant radiology,pancreas transplant,google_complete
pancreas transplant radiopaedia,pancreas transplant,google_complete
pancreas transplant rate,pancreas transplant,google_complete
pancreas transplant reasons,pancreas transplant,google_complete
pancreas transplant recipient icd 10,pancreas transplant,google_complete
pancreas transplant recovery,pancreas transplant,google_complete
pancreas transplant recovery time,pancreas transplant,google_complete
pancreas transplant reddit,pancreas transplant,google_complete
pancreas transplant rejection,pancreas transplant,google_complete
pancreas transplant rejection icd 10,pancreas transplant,google_complete
pancreas transplant rejection rate,pancreas transplant,google_complete
pancreas transplant rejection symptoms,pancreas transplant,google_complete
pancreas transplant requirements,pancreas transplant,google_complete
pancreas transplant research,pancreas transplant,google_complete
pancreas transplant risks,pancreas transplant,google_complete
pancreas transplant scar,pancreas transplant,google_complete
pancreas transplant side effects,pancreas transplant,google_complete
pancreas transplant singapore,pancreas transplant,google_complete
pancreas transplant south africa,pancreas transplant,google_complete
pancreas transplant status,pancreas transplant,google_complete
pancreas transplant status icd 10,pancreas transplant,google_complete
pancreas transplant status post icd 10,pancreas transplant,google_complete
pancreas transplant steps,pancreas transplant,google_complete
pancreas transplant steve jobs,pancreas transplant,google_complete
pancreas transplant stories,pancreas transplant,google_complete
pancreas transplant success,pancreas transplant,google_complete
pancreas transplant success rate,pancreas transplant,google_complete
pancreas transplant success rate in india,pancreas transplant,google_complete
pancreas transplant surgeon,pancreas transplant,google_complete
pancreas transplant surgeon in mumbai,pancreas transplant,google_complete
pancreas transplant surgery,pancreas transplant,google_complete
pancreas transplant surgery cost,pancreas transplant,google_complete
pancreas transplant surgery video,pancreas transplant,google_complete
pancreas transplant survival rate,pancreas transplant,google_complete
pancreas transplant t1d,pancreas transplant,google_complete
pancreas transplant technique,pancreas transplant,google_complete
pancreas transplant thrombosis,pancreas transplant,google_complete
pancreas transplant time,pancreas transplant,google_complete
pancreas transplant to bladder,pancreas transplant,google_complete
pancreas transplant to cure diabetes,pancreas transplant,google_complete
pancreas transplant to cure type 1 diabetes,pancreas transplant,google_complete
pancreas transplant toronto,pancreas transplant,google_complete
pancreas transplant turkey,pancreas transplant,google_complete
pancreas transplant type 1,pancreas transplant,google_complete
pancreas transplant type 1 diabetes,pancreas transplant,google_complete
pancreas transplant type 2,pancreas transplant,google_complete
pancreas transplant type 2 diabetes,pancreas transplant,google_complete
pancreas transplant type one diabetes,pancreas transplant,google_complete
pancreas transplant types,pancreas transplant,google_complete
pancreas transplant ucsf,pancreas transplant,google_complete
pancreas transplant uk,pancreas transplant,google_complete
pancreas transplant ultrasound,pancreas transplant,google_complete
pancreas transplant ultrasound protocol,pancreas transplant,google_complete
pancreas transplant ultrasound radiology,pancreas transplant,google_complete
pancreas transplant uptodate,pancreas transplant,google_complete
pancreas transplant usa,pancreas transplant,google_complete
pancreas transplant utmc,pancreas transplant,google_complete
pancreas transplant uva,pancreas transplant,google_complete
pancreas transplant vascular anatomy,pancreas transplant,google_complete
pancreas transplant vasculature,pancreas transplant,google_complete
pancreas transplant vessels,pancreas transplant,google_complete
pancreas transplant video,pancreas transplant,google_complete
pancreas transplant vs islet transplant,pancreas transplant,google_complete
pancreas transplant wait time,pancreas transplant,google_complete
pancreas transplant waiting list,pancreas transplant,google_complete
pancreas transplant waitlist,pancreas transplant,google_complete
pancreas transplant wiki,pancreas transplant,google_complete
pancreas transplant with kidney,pancreas transplant,google_complete
pancreas transplant world first,pancreas transplant,google_complete
pancreas transplant y graft,pancreas transplant,google_complete
pancreas transplant.anatomy y graft,pancreas transplant,google_complete
pancreas transplants per year,pancreas transplant,google_complete
pancreas y graft,pancreas transplant,google_complete
pancreatic transplant bladder anastomosis,pancreas transplant,google_complete
pancreatic transplant to bladder,pancreas transplant,google_complete
pancreatic transplant urethral injury,pancreas transplant,google_complete
pancreatic transplant y graft,pancreas transplant,google_complete
pancreatitis liver transplant,pancreas transplant,google_complete
private pancreas transplant uk,pancreas transplant,google_complete
simultaneous pancreas kidney transplant,pancreas transplant,google_complete
simultaneous pancreas kidney transplant scar,pancreas transplant,google_complete
simultaneous pancreas kidney transplant spk,pancreas transplant,google_complete
spontaneous pancreas kidney transplant,pancreas transplant,google_complete
transplant of pancreas,pancreas transplant,google_complete
vanderbilt kidney pancreas transplant madison al,pancreas transplant,google_complete
what does a pancreas transplant cost,pancreas transplant,google_complete
what does a pancreas transplant do,pancreas transplant,google_complete
what happens if pancreas transplant fails,pancreas transplant,google_complete
what is pancreas transplant,pancreas transplant,google_complete
when a pancreas transplant has enteric drainage,pancreas transplant,google_complete
when did pancreas transplants start,pancreas transplant,google_complete
when do you need a pancreas transplant,pancreas transplant,google_complete
when is a pancreas transplant needed,pancreas transplant,google_complete
when pancreas is removed,pancreas transplant,google_complete
when was first pancreas transplant,pancreas transplant,google_complete
when was the first pancreas transplant,pancreas transplant,google_complete
where can i get a pancreas transplant,pancreas transplant,google_complete
where does a pancreas transplant go,pancreas transplant,google_complete
where does a transplanted pancreas go,pancreas transplant,google_complete
where is a transplanted pancreas placed,pancreas transplant,google_complete
where to get pancreas transplant,pancreas transplant,google_complete
who can get a pancreas transplant,pancreas transplant,google_complete
who did the first pancreas transplant,pancreas transplant,google_complete
who does pancreas transplants,pancreas transplant,google_complete
who gets a pancreas transplant,pancreas transplant,google_complete
who is eligible for a pancreas transplant,pancreas transplant,google_complete
who needs pancreas transplant,pancreas transplant,google_complete
who qualifies for pancreas transplant,pancreas transplant,google_complete
whole pancreas transplant,pancreas transplant,google_complete
why are pancreas transplants rare,pancreas transplant,google_complete
why can pancreas be transplanted,pancreas transplant,google_complete
why can you not get a pancreas transplant,pancreas transplant,google_complete
why can't a pancreas be transplanted,pancreas transplant,google_complete
why don't pancreas transplants work,pancreas transplant,google_complete
why don't they do pancreas transplants,pancreas transplant,google_complete
why get a pancreas transplant,pancreas transplant,google_complete
why is pancreas transplant rarely done,pancreas transplant,google_complete
why no pancreas transplant,pancreas transplant,google_complete
why pancreas cannot be transplanted,pancreas transplant,google_complete
why pancreas transplant,pancreas transplant,google_complete
why would you need a pancreas transplant,pancreas transplant,google_complete
will pancreas transplant cure diabetes,pancreas transplant,google_complete
can a live person give a liver transplant,liver transplant,google_complete
can a liver transplant kill you,liver transplant,google_complete
can there be a liver transplant,liver transplant,google_complete
can you live long after liver transplant,liver transplant,google_complete
can you share a liver transplant,liver transplant,google_complete
explain liver transplant,liver transplant,google_complete
how liver transplant from live donor,liver transplant,google_complete
how liver transplant happens,liver transplant,google_complete
how liver transplant is done,liver transplant,google_complete
how liver transplant is done from live donor,liver transplant,google_complete
how liver transplant works,liver transplant,google_complete
how long a person live after liver transplant,liver transplant,google_complete
how long liver transplant,liver transplant,google_complete
how long liver transplant last,liver transplant,google_complete
how long liver transplant list,liver transplant,google_complete
how long liver transplant recovery,liver transplant,google_complete
how long liver transplant surgery,liver transplant,google_complete
how many liver transplants per year,liver transplant,google_complete
how much liver transplant is successful,liver transplant,google_complete
how much liver transplant surgery cost,liver transplant,google_complete
how to liver transplant in hindi,liver transplant,google_complete
how to liver transplant video,liver transplant,google_complete
is there a liver transplant list,liver transplant,google_complete
liver transplant 20 year survival rate,liver transplant,google_complete
liver transplant 30 year survival rate,liver transplant,google_complete
liver transplant 40 year survival rate,liver transplant,google_complete
liver transplant aftercare,liver transplant,google_complete
liver transplant age,liver transplant,google_complete
liver transplant age cut off,liver transplant,google_complete
liver transplant age limit,liver transplant,google_complete
liver transplant alcoholic,liver transplant,google_complete
liver transplant alternatives,liver transplant,google_complete
liver transplant anastomosis,liver transplant,google_complete
liver transplant anatomy,liver transplant,google_complete
liver transplant anesthesia,liver transplant,google_complete
liver transplant anesthesia considerations,liver transplant,google_complete
liver transplant anesthesia fellowship,liver transplant,google_complete
liver transplant anniversary,liver transplant,google_complete
liver transplant anniversary quotes,liver transplant,google_complete
liver transplant anti rejection meds,liver transplant,google_complete
liver transplant at age 65,liver transplant,google_complete
liver transplant awareness month,liver transplant,google_complete
liver transplant baby,liver transplant,google_complete
liver transplant before and after,liver transplant,google_complete
liver transplant best hospital,liver transplant,google_complete
liver transplant bile duct,liver transplant,google_complete
liver transplant bile duct anastomosis,liver transplant,google_complete
liver transplant biliary anastomosis,liver transplant,google_complete
liver transplant biliary complications,liver transplant,google_complete
liver transplant bilirubin levels,liver transplant,google_complete
liver transplant birmingham,liver transplant,google_complete
liver transplant blood type,liver transplant,google_complete
liver transplant blood type compatibility,liver transplant,google_complete
liver transplant bmi,liver transplant,google_complete
liver transplant bmi cutoff,liver transplant,google_complete
liver transplant bracelet,liver transplant,google_complete
liver transplant bypass,liver transplant,google_complete
liver transplant cancer,liver transplant,google_complete
liver transplant candidates,liver transplant,google_complete
liver transplant center near me,liver transplant,google_complete
liver transplant centers,liver transplant,google_complete
liver transplant cirrhosis,liver transplant,google_complete
liver transplant color,liver transplant,google_complete
liver transplant compatibility,liver transplant,google_complete
liver transplant complications,liver transplant,google_complete
liver transplant contraindications,liver transplant,google_complete
liver transplant coordinator,liver transplant,google_complete
liver transplant cost after insurance,liver transplant,google_complete
liver transplant cost in us,liver transplant,google_complete
liver transplant cost in zydus hospital ahmedabad,liver transplant,google_complete
liver transplant cpt,liver transplant,google_complete
liver transplant cpt code,liver transplant,google_complete
liver transplant criteria,liver transplant,google_complete
liver transplant ct,liver transplant,google_complete
liver transplant diabetes,liver transplant,google_complete
liver transplant diagnosis code,liver transplant,google_complete
liver transplant diet,liver transplant,google_complete
liver transplant diet pdf,liver transplant,google_complete
liver transplant diet restrictions,liver transplant,google_complete
liver transplant doctor,liver transplant,google_complete
liver transplant doctors near me,liver transplant,google_complete
liver transplant dog,liver transplant,google_complete
liver transplant donation,liver transplant,google_complete
liver transplant donor,liver transplant,google_complete
liver transplant donor criteria,liver transplant,google_complete
liver transplant donor recovery,liver transplant,google_complete
liver transplant donor scar,liver transplant,google_complete
liver transplant donor survival rate,liver transplant,google_complete
liver transplant drg,liver transplant,google_complete
liver transplant dx code,liver transplant,google_complete
liver transplant education,liver transplant,google_complete
liver transplant eligibility,liver transplant,google_complete
liver transplant eligibility criteria,liver transplant,google_complete
liver transplant emory,liver transplant,google_complete
liver transplant emory atlanta,liver transplant,google_complete
liver transplant enlarged spleen,liver transplant,google_complete
liver transplant evaluation,liver transplant,google_complete
liver transplant evaluation checklist,liver transplant,google_complete
liver transplant evaluation cpt code,liver transplant,google_complete
liver transplant evaluation guidelines,liver transplant,google_complete
liver transplant evaluation icd 10,liver transplant,google_complete
liver transplant evaluation process,liver transplant,google_complete
liver transplant exception points,liver transplant,google_complete
liver transplant expectancy,liver transplant,google_complete
liver transplant experience,liver transplant,google_complete
liver transplant facts,liver transplant,google_complete
liver transplant failure,liver transplant,google_complete
liver transplant failure symptoms,liver transplant,google_complete
liver transplant financial assistance,liver transplant,google_complete
liver transplant foods to avoid,liver transplant,google_complete
liver transplant for alcoholic,liver transplant,google_complete
liver transplant for alcoholic cirrhosis,liver transplant,google_complete
liver transplant for cancer patients,liver transplant,google_complete
liver transplant for cholangiocarcinoma,liver transplant,google_complete
liver transplant for dogs,liver transplant,google_complete
liver transplant for liver cancer,liver transplant,google_complete
liver transplant for metastatic colon cancer,liver transplant,google_complete
liver transplant foundation,liver transplant,google_complete
liver transplant from living donor,liver transplant,google_complete
liver transplant from living person,liver transplant,google_complete
liver transplant gallbladder,liver transplant,google_complete
liver transplant gallbladder removal,liver transplant,google_complete
liver transplant georgetown,liver transplant,google_complete
liver transplant gif,liver transplant,google_complete
liver transplant gifts,liver transplant,google_complete
liver transplant girl tiktok,liver transplant,google_complete
liver transplant gofundme,liver transplant,google_complete
liver transplant graft,liver transplant,google_complete
liver transplant grants,liver transplant,google_complete
liver transplant grapefruit,liver transplant,google_complete
liver transplant grey's anatomy,liver transplant,google_complete
liver transplant groups,liver transplant,google_complete
liver transplant guidelines,liver transplant,google_complete
liver transplant guidelines 2024,liver transplant,google_complete
liver transplant gvhd,liver transplant,google_complete
liver transplant hcc,liver transplant,google_complete
liver transplant high enzymes,liver transplant,google_complete
liver transplant history,liver transplant,google_complete
liver transplant hospital in san antonio,liver transplant,google_complete
liver transplant hospital rankings,liver transplant,google_complete
liver transplant hospital stay,liver transplant,google_complete
liver transplant hospitals,liver transplant,google_complete
liver transplant hospitals in california,liver transplant,google_complete
liver transplant hospitals in florida,liver transplant,google_complete
liver transplant hospitals in texas,liver transplant,google_complete
liver transplant hospitals near me,liver transplant,google_complete
liver transplant how does it work,liver transplant,google_complete
liver transplant how long does it last,liver transplant,google_complete
liver transplant how long does it take,liver transplant,google_complete
liver transplant how much does it cost,liver transplant,google_complete
liver transplant icd 10,liver transplant,google_complete
liver transplant icd 10 code,liver transplant,google_complete
liver transplant icd code,liver transplant,google_complete
liver transplant immunosuppression,liver transplant,google_complete
liver transplant immunosuppression drugs,liver transplant,google_complete
liver transplant immunosuppression guidelines,liver transplant,google_complete
liver transplant in babies,liver transplant,google_complete
liver transplant in children,liver transplant,google_complete
liver transplant in dogs,liver transplant,google_complete
liver transplant in india,liver transplant,google_complete
liver transplant in mexico,liver transplant,google_complete
liver transplant in sheikh zayed hospital lahore,liver transplant,google_complete
liver transplant in spanish,liver transplant,google_complete
liver transplant in zimbabwe,liver transplant,google_complete
liver transplant in zydus hospital ahmedabad,liver transplant,google_complete
liver transplant incision,liver transplant,google_complete
liver transplant indications,liver transplant,google_complete
liver transplant info,liver transplant,google_complete
liver transplant jaipur,liver transplant,google_complete
liver transplant japan,liver transplant,google_complete
liver transplant jaundice,liver transplant,google_complete
liver transplant jefferson,liver transplant,google_complete
liver transplant jehovah's witness,liver transplant,google_complete
liver transplant jewelry,liver transplant,google_complete
liver transplant jobs,liver transplant,google_complete
liver transplant johns hopkins,liver transplant,google_complete
liver transplant jokes,liver transplant,google_complete
liver transplant jokes one liners,liver transplant,google_complete
liver transplant journal,liver transplant,google_complete
liver transplant journal impact factor,liver transplant,google_complete
liver transplant journey,liver transplant,google_complete
liver transplant jump graft,liver transplant,google_complete
liver transplant jupiter hospital pune,liver transplant,google_complete
liver transplant ka kharcha,liver transplant,google_complete
liver transplant ka kharcha kitna hai,liver transplant,google_complete
liver transplant kab hota hai,liver transplant,google_complete
liver transplant kab kiya jata hai,liver transplant,google_complete
liver transplant kaise hota hai,liver transplant,google_complete
liver transplant kansas city,liver transplant,google_complete
liver transplant ke baad life,liver transplant,google_complete
liver transplant ke bad,liver transplant,google_complete
liver transplant kidney failure,liver transplant,google_complete
liver transplant kidney problems,liver transplant,google_complete
liver transplant kids,liver transplant,google_complete
liver transplant kitna success hai,liver transplant,google_complete
liver transplant kitne mein hota hai,liver transplant,google_complete
liver transplant kolkata,liver transplant,google_complete
liver transplant kya hota hai,liver transplant,google_complete
liver transplant labs,liver transplant,google_complete
liver transplant las vegas,liver transplant,google_complete
liver transplant levels,liver transplant,google_complete
liver transplant life expectancy,liver transplant,google_complete
liver transplant life span,liver transplant,google_complete
liver transplant list,liver transplant,google_complete
liver transplant list requirements,liver transplant,google_complete
liver transplant list status,liver transplant,google_complete
liver transplant list wait time,liver transplant,google_complete
liver transplant liver cancer,liver transplant,google_complete
liver transplant living donor,liver transplant,google_complete
liver transplant living donor requirements,liver transplant,google_complete
liver transplant living donor risks,liver transplant,google_complete
liver transplant locations,liver transplant,google_complete
liver transplant match,liver transplant,google_complete
liver transplant match criteria,liver transplant,google_complete
liver transplant mayo clinic,liver transplant,google_complete
liver transplant medicaid,liver transplant,google_complete
liver transplant medical bracelet,liver transplant,google_complete
liver transplant medical term,liver transplant,google_complete
liver transplant medicare,liver transplant,google_complete
liver transplant medications,liver transplant,google_complete
liver transplant meld score,liver transplant,google_complete
liver transplant meld score calculator,liver transplant,google_complete
liver transplant meme,liver transplant,google_complete
liver transplant mexico city,liver transplant,google_complete
liver transplant month,liver transplant,google_complete
liver transplant mortality rate,liver transplant,google_complete
liver transplant movie,liver transplant,google_complete
liver transplant name,liver transplant,google_complete
liver transplant nashville tn,liver transplant,google_complete
liver transplant near me,liver transplant,google_complete
liver transplant new orleans,liver transplant,google_complete
liver transplant new zealand,liver transplant,google_complete
liver transplant newborn,liver transplant,google_complete
liver transplant news,liver transplant,google_complete
liver transplant no insurance,liver transplant,google_complete
liver transplant north carolina,liver transplant,google_complete
liver transplant numbers,liver transplant,google_complete
liver transplant numbers by center,liver transplant,google_complete
liver transplant nursing,liver transplant,google_complete
liver transplant nursing care,liver transplant,google_complete
liver transplant nutrition,liver transplant,google_complete
liver transplant nutrition guidelines,liver transplant,google_complete
liver transplant o negative blood type,liver transplant,google_complete
liver transplant o positive,liver transplant,google_complete
liver transplant odds,liver transplant,google_complete
liver transplant oklahoma,liver transplant,google_complete
liver transplant operation,liver transplant,google_complete
liver transplant operation time,liver transplant,google_complete
liver transplant operation video,liver transplant,google_complete
liver transplant operative steps,liver transplant,google_complete
liver transplant options,liver transplant,google_complete
liver transplant organizations,liver transplant,google_complete
liver transplant orthotopic,liver transplant,google_complete
liver transplant osteoporosis,liver transplant,google_complete
liver transplant out of pocket cost,liver transplant,google_complete
liver transplant outcomes,liver transplant,google_complete
liver transplant over 70,liver transplant,google_complete
liver transplant partial,liver transplant,google_complete
liver transplant pathology outlines,liver transplant,google_complete
liver transplant patient,liver transplant,google_complete
liver transplant personality change,liver transplant,google_complete
liver transplant pictures,liver transplant,google_complete
liver transplant piggyback technique,liver transplant,google_complete
liver transplant pillow,liver transplant,google_complete
liver transplant pittsburgh,liver transplant,google_complete
liver transplant post op care,liver transplant,google_complete
liver transplant precautions,liver transplant,google_complete
liver transplant procedure,liver transplant,google_complete
liver transplant procedure steps,liver transplant,google_complete
liver transplant process,liver transplant,google_complete
liver transplant prognosis,liver transplant,google_complete
liver transplant program,liver transplant,google_complete
liver transplant protocol,liver transplant,google_complete
liver transplant qualifications,liver transplant,google_complete
liver transplant qualify for disability,liver transplant,google_complete
liver transplant quality of life,liver transplant,google_complete
liver transplant quebec,liver transplant,google_complete
liver transplant queen elizabeth hospital birmingham,liver transplant,google_complete
liver transplant queensland,liver transplant,google_complete
liver transplant questionnaire,liver transplant,google_complete
liver transplant questions,liver transplant,google_complete
liver transplant questions to ask,liver transplant,google_complete
liver transplant quiz,liver transplant,google_complete
liver transplant quizlet,liver transplant,google_complete
liver transplant quora,liver transplant,google_complete
liver transplant quotes,liver transplant,google_complete
liver transplant quotes funny,liver transplant,google_complete
liver transplant recipient,liver transplant,google_complete
liver transplant recipient icd 10,liver transplant,google_complete
liver transplant recovery,liver transplant,google_complete
liver transplant recovery timeline,liver transplant,google_complete
liver transplant rejection,liver transplant,google_complete
liver transplant rejection after 10 years,liver transplant,google_complete
liver transplant rejection after 2 years,liver transplant,google_complete
liver transplant rejection icd 10,liver transplant,google_complete
liver transplant rejection rate,liver transplant,google_complete
liver transplant rejection survival rate,liver transplant,google_complete
liver transplant rejection symptoms,liver transplant,google_complete
liver transplant requirements,liver transplant,google_complete
liver transplant ribbon,liver transplant,google_complete
liver transplant ribbon color,liver transplant,google_complete
liver transplant risks,liver transplant,google_complete
liver transplant scar,liver transplant,google_complete
liver transplant score,liver transplant,google_complete
liver transplant side effects,liver transplant,google_complete
liver transplant status icd 10,liver transplant,google_complete
liver transplant steps,liver transplant,google_complete
liver transplant success rate,liver transplant,google_complete
liver transplant support groups,liver transplant,google_complete
liver transplant surgeon in zydus hospital ahmedabad,liver transplant,google_complete
liver transplant surgeon upmc,liver transplant,google_complete
liver transplant surgeons,liver transplant,google_complete
liver transplant surgery,liver transplant,google_complete
liver transplant surgery survival rate,liver transplant,google_complete
liver transplant surgery time,liver transplant,google_complete
liver transplant surgery video,liver transplant,google_complete
liver transplant survival rate,liver transplant,google_complete
liver transplant survival rate by age,liver transplant,google_complete
liver transplant t shirts,liver transplant,google_complete
liver transplant tacrolimus,liver transplant,google_complete
liver transplant tacrolimus goal,liver transplant,google_complete
liver transplant tacrolimus level,liver transplant,google_complete
liver transplant tattoo ideas,liver transplant,google_complete
liver transplant tattoos,liver transplant,google_complete
liver transplant team,liver transplant,google_complete
liver transplant testing,liver transplant,google_complete
liver transplant texas,liver transplant,google_complete
liver transplant time,liver transplant,google_complete
liver transplant time frame,liver transplant,google_complete
liver transplant timeline,liver transplant,google_complete
liver transplant turkey,liver transplant,google_complete
liver transplant tylenol,liver transplant,google_complete
liver transplant types,liver transplant,google_complete
liver transplant ucla,liver transplant,google_complete
liver transplant ucsf,liver transplant,google_complete
liver transplant ultrasound,liver transplant,google_complete
liver transplant ultrasound protocol,liver transplant,google_complete
liver transplant ultrasound radiology,liver transplant,google_complete
liver transplant ummc,liver transplant,google_complete
liver transplant university of cincinnati,liver transplant,google_complete
liver transplant university of michigan,liver transplant,google_complete
liver transplant university of utah,liver transplant,google_complete
liver transplant unmc,liver transplant,google_complete
liver transplant upmc,liver transplant,google_complete
liver transplant uptodate,liver transplant,google_complete
liver transplant usa,liver transplant,google_complete
liver transplant usc,liver transplant,google_complete
liver transplant uva,liver transplant,google_complete
liver transplant vaccine recommendations,liver transplant,google_complete
liver transplant vanderbilt,liver transplant,google_complete
liver transplant vasculature,liver transplant,google_complete
liver transplant vcu,liver transplant,google_complete
liver transplant venovenous bypass,liver transplant,google_complete
liver transplant ventilator,liver transplant,google_complete
liver transplant video,liver transplant,google_complete
liver transplant video surgery,liver transplant,google_complete
liver transplant video youtube,liver transplant,google_complete
liver transplant virginia,liver transplant,google_complete
liver transplant volume by center,liver transplant,google_complete
liver transplant vomiting,liver transplant,google_complete
liver transplant vs kidney transplant,liver transplant,google_complete
liver transplant vumc,liver transplant,google_complete
liver transplant vv bypass,liver transplant,google_complete
liver transplant wait time,liver transplant,google_complete
liver transplant waiting list,liver transplant,google_complete
liver transplant waiting list by state,liver transplant,google_complete
liver transplant waiting list california,liver transplant,google_complete
liver transplant waiting list florida,liver transplant,google_complete
liver transplant waiting list texas,liver transplant,google_complete
liver transplant waiting list time,liver transplant,google_complete
liver transplant weight loss,liver transplant,google_complete
liver transplant what to expect,liver transplant,google_complete
liver transplant who can donate,liver transplant,google_complete
liver transplant wiki,liver transplant,google_complete
liver transplant with cancer,liver transplant,google_complete
liver transplant with cirrhosis,liver transplant,google_complete
liver transplant with hep c,liver transplant,google_complete
liver transplant workup,liver transplant,google_complete
liver transplant xray,liver transplant,google_complete
liver transplant yakuza,liver transplant,google_complete
liver transplant yale,liver transplant,google_complete
liver transplant yashoda,liver transplant,google_complete
liver transplant yellow,liver transplant,google_complete
liver transplant yellow eyes,liver transplant,google_complete
liver transplant yellow skin,liver transplant,google_complete
liver transplant young,liver transplant,google_complete
liver transplant young adults,liver transplant,google_complete
liver transplant young child,liver transplant,google_complete
liver transplant youngstown baby,liver transplant,google_complete
liver transplant youtube,liver transplant,google_complete
liver transplant zero to finals,liver transplant,google_complete
liver xenotransplantation,liver transplant,google_complete
michelle trachtenberg when liver transplant,liver transplant,google_complete
michelle trachtenberg why liver transplant reddit,liver transplant,google_complete
the liver transplant candidate,liver transplant,google_complete
types of liver transplant,liver transplant,google_complete
what after liver transplant,liver transplant,google_complete
what age liver transplant,liver transplant,google_complete
what are liver transplant complications,liver transplant,google_complete
what causes liver transplant,liver transplant,google_complete
what does liver transplant cost,liver transplant,google_complete
what does liver transplant entail,liver transplant,google_complete
what is liver transplant from living donor,liver transplant,google_complete
what is liver transplant recovery time,liver transplant,google_complete
what is liver transplant rejection,liver transplant,google_complete
what is liver transplant status,liver transplant,google_complete
what is liver transplant success rate,liver transplant,google_complete
what is liver transplant surgery,liver transplant,google_complete
what is liver transplant survival rate,liver transplant,google_complete
what is the average life expectancy after a liver transplant,liver transplant,google_complete
what of liver transplants are successful,liver transplant,google_complete
when is a liver transplant too late,liver transplant,google_complete
when is liver transplant necessary,liver transplant,google_complete
when is liver transplant not an option,liver transplant,google_complete
when liver transplant is done,liver transplant,google_complete
when liver transplant is needed,liver transplant,google_complete
when liver transplant is not possible,liver transplant,google_complete
when liver transplant is required,liver transplant,google_complete
when to do liver transplant,liver transplant,google_complete
when was first liver transplant,liver transplant,google_complete
where are liver transplants performed,liver transplant,google_complete
where did michelle trachtenberg liver transplant,liver transplant,google_complete
where do liver transplants come from,liver transplant,google_complete
where do you get liver transplant from,liver transplant,google_complete
where is a liver transplant scar,liver transplant,google_complete
where is liver transplant,liver transplant,google_complete
where is liver transplant done,liver transplant,google_complete
where is the best place to get a liver transplant,liver transplant,google_complete
where to get liver transplant,liver transplant,google_complete
where was first liver transplant performed,liver transplant,google_complete
where was the first liver transplant done,liver transplant,google_complete
who can donate liver transplant,liver transplant,google_complete
who can transplant liver,liver transplant,google_complete
who do liver transplant,liver transplant,google_complete
who is a liver transplant candidate,liver transplant,google_complete
who is on a liver transplant team,liver transplant,google_complete
who is the best liver transplant surgeon in india,liver transplant,google_complete
who is the longest liver transplant survivor,liver transplant,google_complete
who liver transplant guidelines,liver transplant,google_complete
who liver transplantation,liver transplant,google_complete
who performed first liver transplant,liver transplant,google_complete
who qualifies for liver transplant,liver transplant,google_complete
why are liver transplants common,liver transplant,google_complete
why ascites after liver transplant,liver transplant,google_complete
why is a liver transplant dangerous,liver transplant,google_complete
why liver transplant is costly,liver transplant,google_complete
why liver transplant is done,liver transplant,google_complete
why liver transplant michelle,liver transplant,google_complete
why liver transplant michelle trachtenberg,liver transplant,google_complete
why liver transplant needed,liver transplant,google_complete
why liver transplant trachtenberg,liver transplant,google_complete
will liver transplant cure liver cancer,liver transplant,google_complete
xeno liver transplant,liver transplant,google_complete
xenograft liver transplant,liver transplant,google_complete
xi liver transplant,liver transplant,google_complete
zachary liver transplant,liver transplant,google_complete
zepbound liver transplant,liver transplant,google_complete
zofran liver transplant,liver transplant,google_complete
zydus liver transplant,liver transplant,google_complete
zydus liver transplant surgeon,liver transplant,google_complete
alfred hospital heart lung transplant unit,heart-lung transplant,google_complete
best heart lung transplant hospital,heart-lung transplant,google_complete
can you get a heart and lung transplant at the same time,heart-lung transplant,google_complete
can you have a lung transplant without a heart transplant,heart-lung transplant,google_complete
combined heart lung transplant,heart-lung transplant,google_complete
cost of heart lung transplant,heart-lung transplant,google_complete
dcd heart lung transplant,heart-lung transplant,google_complete
deborah heart and lung transplant,heart-lung transplant,google_complete
domino heart lung transplant,heart-lung transplant,google_complete
double lung heart transplant survival rate,heart-lung transplant,google_complete
eisenmenger syndrome heart lung transplant,heart-lung transplant,google_complete
european heart and lung transplant federation,heart-lung transplant,google_complete
first heart lung liver transplant,heart-lung transplant,google_complete
first heart lung transplant australia,heart-lung transplant,google_complete
first heart lung transplant in australia,heart-lung transplant,google_complete
first heart lung transplant in india,heart-lung transplant,google_complete
first heart lung transplant uk,heart-lung transplant,google_complete
first human heart lung transplant,heart-lung transplant,google_complete
freeman heart & lung transplant association,heart-lung transplant,google_complete
heart and lung transplant,heart-lung transplant,google_complete
heart and lung transplant advantages and disadvantages,heart-lung transplant,google_complete
heart and lung transplant centres uk,heart-lung transplant,google_complete
heart and lung transplant chennai,heart-lung transplant,google_complete
heart and lung transplant cleveland clinic,heart-lung transplant,google_complete
heart and lung transplant clinic,heart-lung transplant,google_complete
heart and lung transplant clinic falls church,heart-lung transplant,google_complete
heart and lung transplant clinic st vincent's,heart-lung transplant,google_complete
heart and lung transplant conference,heart-lung transplant,google_complete
heart and lung transplant coordinator,heart-lung transplant,google_complete
heart and lung transplant coordinator salary,heart-lung transplant,google_complete
heart and lung transplant foundation,heart-lung transplant,google_complete
heart and lung transplant foundation wa,heart-lung transplant,google_complete
heart and lung transplant hospital,heart-lung transplant,google_complete
heart and lung transplant hospital uk,heart-lung transplant,google_complete
heart and lung transplant icu uab,heart-lung transplant,google_complete
heart and lung transplant life expectancy,heart-lung transplant,google_complete
heart and lung transplant logo,heart-lung transplant,google_complete
heart and lung transplant meeting,heart-lung transplant,google_complete
heart and lung transplant national recovery program,heart-lung transplant,google_complete
heart and lung transplant nurse,heart-lung transplant,google_complete
heart and lung transplant recovery,heart-lung transplant,google_complete
heart and lung transplant recovery time,heart-lung transplant,google_complete
heart and lung transplant specialist,heart-lung transplant,google_complete
heart and lung transplant success rate,heart-lung transplant,google_complete
heart and lung transplant surgeon salary,heart-lung transplant,google_complete
heart and lung transplant surgery fellowship,heart-lung transplant,google_complete
heart and lung transplant survival rate,heart-lung transplant,google_complete
heart and lung transplant time frame,heart-lung transplant,google_complete
heart and lung transplant together,heart-lung transplant,google_complete
heart and lung transplant trust,heart-lung transplant,google_complete
heart and lung transplant unit,heart-lung transplant,google_complete
heart and lung transplant unit mater hospital,heart-lung transplant,google_complete
heart and lung transplant waiting list,heart-lung transplant,google_complete
heart bilateral lung transplant,heart-lung transplant,google_complete
heart double lung transplant,heart-lung transplant,google_complete
heart lung bloc transplant,heart-lung transplant,google_complete
heart lung block transplant,heart-lung transplant,google_complete
heart lung kidney transplant,heart-lung transplant,google_complete
heart lung liver kidney transplant,heart-lung transplant,google_complete
heart lung liver transplant,heart-lung transplant,google_complete
heart lung transplant anastomosis,heart-lung transplant,google_complete
heart lung transplant australia,heart-lung transplant,google_complete
heart lung transplant centers,heart-lung transplant,google_complete
heart lung transplant complications,heart-lung transplant,google_complete
heart lung transplant conference,heart-lung transplant,google_complete
heart lung transplant cost,heart-lung transplant,google_complete
heart lung transplant criteria,heart-lung transplant,google_complete
heart lung transplant cystic fibrosis,heart-lung transplant,google_complete
heart lung transplant en bloc,heart-lung transplant,google_complete
heart lung transplant failure,heart-lung transplant,google_complete
heart lung transplant failure icd,heart-lung transplant,google_complete
heart lung transplant failure icd 10,heart-lung transplant,google_complete
heart lung transplant fellowship,heart-lung transplant,google_complete
heart lung transplant first,heart-lung transplant,google_complete
heart lung transplant for pulmonary hypertension,heart-lung transplant,google_complete
heart lung transplant guidelines,heart-lung transplant,google_complete
heart lung transplant icd 10,heart-lung transplant,google_complete
heart lung transplant icu,heart-lung transplant,google_complete
heart lung transplant impact factor,heart-lung transplant,google_complete
heart lung transplant in india,heart-lung transplant,google_complete
heart lung transplant incision,heart-lung transplant,google_complete
heart lung transplant journal,heart-lung transplant,google_complete
heart lung transplant life expectancy,heart-lung transplant,google_complete
heart lung transplant outcomes,heart-lung transplant,google_complete
heart lung transplant procedure,heart-lung transplant,google_complete
heart lung transplant prognosis,heart-lung transplant,google_complete
heart lung transplant scar,heart-lung transplant,google_complete
heart lung transplant society,heart-lung transplant,google_complete
heart lung transplant steps,heart-lung transplant,google_complete
heart lung transplant success rate,heart-lung transplant,google_complete
heart lung transplant surgeon,heart-lung transplant,google_complete
heart lung transplant surgeon in seawoods,heart-lung transplant,google_complete
heart lung transplant surgery,heart-lung transplant,google_complete
heart lung transplant surgery time,heart-lung transplant,google_complete
heart lung transplant survival,heart-lung transplant,google_complete
heart lung transplant survival rates,heart-lung transplant,google_complete
heart lung transplant survival rates by age,heart-lung transplant,google_complete
heart lung transplant team,heart-lung transplant,google_complete
heart lung transplant technique,heart-lung transplant,google_complete
heart lung transplant trust victoria,heart-lung transplant,google_complete
heart lung transplant uk,heart-lung transplant,google_complete
heart lung transplant video,heart-lung transplant,google_complete
heart lung transplant waiting list,heart-lung transplant,google_complete
heart lung transplantation ppt,heart-lung transplant,google_complete
heart or lung transplant,heart-lung transplant,google_complete
heart problems after lung transplant,heart-lung transplant,google_complete
heart transplant and lung transplant,heart-lung transplant,google_complete
heart transplant pulmonary artery,heart-lung transplant,google_complete
heart transplant pulmonary hypertension,heart-lung transplant,google_complete
heart transplant pulmonary veins,heart-lung transplant,google_complete
heart transplant vs lung transplant,heart-lung transplant,google_complete
heart vs lung transplant,heart-lung transplant,google_complete
heart' lung transplant machine,heart-lung transplant,google_complete
heart-lung transplant,heart-lung transplant,google_complete
heart-lung transplant centers,heart-lung transplant,google_complete
heart-lung transplant cost,heart-lung transplant,google_complete
heart-lung transplant for pulmonary hypertension,heart-lung transplant,google_complete
heart-lung transplant indications,heart-lung transplant,google_complete
heart-lung transplant success rate,heart-lung transplant,google_complete
heart-lung transplant survival rates by age,heart-lung transplant,google_complete
heart-lung transplantation ppt,heart-lung transplant,google_complete
how long do heart and lung transplants last,heart-lung transplant,google_complete
how long does a heart and lung transplant take,heart-lung transplant,google_complete
how many heart lung transplants per year,heart-lung transplant,google_complete
indication of heart lung transplant,heart-lung transplant,google_complete
infections in heart and lung transplant recipients,heart-lung transplant,google_complete
international heart lung transplant society,heart-lung transplant,google_complete
international society heart lung transplantation guidelines,heart-lung transplant,google_complete
international society of heart lung transplant,heart-lung transplant,google_complete
j heart lung transplant,heart-lung transplant,google_complete
j heart lung transplant abbreviation,heart-lung transplant,google_complete
j heart lung transplant if,heart-lung transplant,google_complete
j heart lung transplant impact factor,heart-lung transplant,google_complete
j heart lung transplant impact factor 2023,heart-lung transplant,google_complete
j heart lung transplant impact factor 2024,heart-lung transplant,google_complete
journal heart lung transplant impact factor,heart-lung transplant,google_complete
journal heart lung transplantation author guidelines,heart-lung transplant,google_complete
journal of heart lung transplant,heart-lung transplant,google_complete
journal of heart lung transplant impact factor,heart-lung transplant,google_complete
kims heart and lung transplant,heart-lung transplant,google_complete
kims heart and lung transplant institute,heart-lung transplant,google_complete
longest living heart lung transplant recipient,heart-lung transplant,google_complete
longest surviving heart lung transplant patient,heart-lung transplant,google_complete
lung or heart lung transplant,heart-lung transplant,google_complete
lung transplant vs heart transplant,heart-lung transplant,google_complete
lung transplant without heart,heart-lung transplant,google_complete
methodist heart and lung transplant,heart-lung transplant,google_complete
nz heart and lung transplant service,heart-lung transplant,google_complete
pediatric heart lung transplant,heart-lung transplant,google_complete
pph requiring heart lung transplant assessment,heart-lung transplant,google_complete
reasons for heart lung transplant,heart-lung transplant,google_complete
stanford heart lung transplant program,heart-lung transplant,google_complete
success rate of heart lung transplant,heart-lung transplant,google_complete
survival rate of heart lung transplant,heart-lung transplant,google_complete
uab heart lung transplant program,heart-lung transplant,google_complete
ucla heart and lung transplant,heart-lung transplant,google_complete
ucla heart lung transplant program,heart-lung transplant,google_complete
ucsf heart and lung transplant,heart-lung transplant,google_complete
ut southwestern heart and lung transplant program,heart-lung transplant,google_complete
what heart transplant,heart-lung transplant,google_complete
what is heart lung transplant,heart-lung transplant,google_complete
what is the life expectancy after a heart and lung transplant,heart-lung transplant,google_complete
when was the first heart lung transplant,heart-lung transplant,google_complete
who did the first heart lung transplant,heart-lung transplant,google_complete
can you have kidney transplant,kidney transplant,google_complete
first kidney transplant year,kidney transplant,google_complete
george lopez kidney transplant year,kidney transplant,google_complete
how kidney donation,kidney transplant,google_complete
how kidney transplant is done,kidney transplant,google_complete
how kidney transplant match,kidney transplant,google_complete
how kidney transplant works,kidney transplant,google_complete
how kidney transplantation can be done,kidney transplant,google_complete
how long do kidney transplants last,kidney transplant,google_complete
how long kidney transplant last,kidney transplant,google_complete
how long kidney transplant surgery,kidney transplant,google_complete
how much is kidney transplant in nigeria 2024,kidney transplant,google_complete
how much kidney transplant in us,kidney transplant,google_complete
how much kidney transplant surgery cost,kidney transplant,google_complete
how successful are kidney transplants,kidney transplant,google_complete
how to kidney transplant surgeon simulator,kidney transplant,google_complete
how transplant a plant,kidney transplant,google_complete
how transplant a tree,kidney transplant,google_complete
kidney transplant 10 year survival rate,kidney transplant,google_complete
kidney transplant 20 year survival rate,kidney transplant,google_complete
kidney transplant 30 year survival rate,kidney transplant,google_complete
kidney transplant abbreviation,kidney transplant,google_complete
kidney transplant after care,kidney transplant,google_complete
kidney transplant age,kidney transplant,google_complete
kidney transplant age limit,kidney transplant,google_complete
kidney transplant alcohol,kidney transplant,google_complete
kidney transplant anastomosis,kidney transplant,google_complete
kidney transplant anatomy,kidney transplant,google_complete
kidney transplant and dental treatment,kidney transplant,google_complete
kidney transplant and medicare,kidney transplant,google_complete
kidney transplant and pregnancy,kidney transplant,google_complete
kidney transplant anesthesia,kidney transplant,google_complete
kidney transplant anniversary,kidney transplant,google_complete
kidney transplant anniversary gifts,kidney transplant,google_complete
kidney transplant anti rejection drugs,kidney transplant,google_complete
kidney transplant antibiotic prophylaxis dental,kidney transplant,google_complete
kidney transplant before dialysis,kidney transplant,google_complete
kidney transplant belly,kidney transplant,google_complete
kidney transplant benefits,kidney transplant,google_complete
kidney transplant biopsy,kidney transplant,google_complete
kidney transplant biopsy procedure,kidney transplant,google_complete
kidney transplant bk virus,kidney transplant,google_complete
kidney transplant blood in urine,kidney transplant,google_complete
kidney transplant blood type,kidney transplant,google_complete
kidney transplant blood type compatibility,kidney transplant,google_complete
kidney transplant blood type match,kidney transplant,google_complete
kidney transplant bmi,kidney transplant,google_complete
kidney transplant bonus,kidney transplant,google_complete
kidney transplant box,kidney transplant,google_complete
kidney transplant breakthrough,kidney transplant,google_complete
kidney transplant bulletin board ideas,kidney transplant,google_complete
kidney transplant can you drink after,kidney transplant,google_complete
kidney transplant cats,kidney transplant,google_complete
kidney transplant center near me,kidney transplant,google_complete
kidney transplant center rankings,kidney transplant,google_complete
kidney transplant centers,kidney transplant,google_complete
kidney transplant color,kidney transplant,google_complete
kidney transplant color ribbon,kidney transplant,google_complete
kidney transplant compatibility,kidney transplant,google_complete
kidney transplant complications,kidney transplant,google_complete
kidney transplant conferences 2025,kidney transplant,google_complete
kidney transplant coordinator salary,kidney transplant,google_complete
kidney transplant cost in yashoda hospital,kidney transplant,google_complete
kidney transplant cost with insurance,kidney transplant,google_complete
kidney transplant cost without insurance,kidney transplant,google_complete
kidney transplant cpt,kidney transplant,google_complete
kidney transplant cpt code,kidney transplant,google_complete
kidney transplant criteria,kidney transplant,google_complete
kidney transplant death rate,kidney transplant,google_complete
kidney transplant diagnosis code,kidney transplant,google_complete
kidney transplant diagram,kidney transplant,google_complete
kidney transplant diet,kidney transplant,google_complete
kidney transplant diet menu,kidney transplant,google_complete
kidney transplant diet pdf,kidney transplant,google_complete
kidney transplant diet restrictions,kidney transplant,google_complete
kidney transplant doctor,kidney transplant,google_complete
kidney transplant dogs,kidney transplant,google_complete
kidney transplant donation,kidney transplant,google_complete
kidney transplant donor,kidney transplant,google_complete
kidney transplant donor recovery,kidney transplant,google_complete
kidney transplant donor requirements,kidney transplant,google_complete
kidney transplant donor risks,kidney transplant,google_complete
kidney transplant drugs,kidney transplant,google_complete
kidney transplant education,kidney transplant,google_complete
kidney transplant education for patients,kidney transplant,google_complete
kidney transplant effects,kidney transplant,google_complete
kidney transplant egfr,kidney transplant,google_complete
kidney transplant eligibility,kidney transplant,google_complete
kidney transplant eligibility criteria,kidney transplant,google_complete
kidney transplant evaluation,kidney transplant,google_complete
kidney transplant evaluation cpt code,kidney transplant,google_complete
kidney transplant evaluation icd 10,kidney transplant,google_complete
kidney transplant evaluation process,kidney transplant,google_complete
kidney transplant exclusion criteria,kidney transplant,google_complete
kidney transplant expectancy,kidney transplant,google_complete
kidney transplant expense,kidney transplant,google_complete
kidney transplant explained,kidney transplant,google_complete
kidney transplant exposure,kidney transplant,google_complete
kidney transplant facts,kidney transplant,google_complete
kidney transplant failure,kidney transplant,google_complete
kidney transplant failure icd 10,kidney transplant,google_complete
kidney transplant failure rate,kidney transplant,google_complete
kidney transplant failure symptoms,kidney transplant,google_complete
kidney transplant financial assistance,kidney transplant,google_complete
kidney transplant foods to avoid,kidney transplant,google_complete
kidney transplant for cats,kidney transplant,google_complete
kidney transplant for cats cost,kidney transplant,google_complete
kidney transplant for dogs,kidney transplant,google_complete
kidney transplant for kids,kidney transplant,google_complete
kidney transplant foundation,kidney transplant,google_complete
kidney transplant from family member,kidney transplant,google_complete
kidney transplant from pig,kidney transplant,google_complete
kidney transplant fundraiser,kidney transplant,google_complete
kidney transplant games,kidney transplant,google_complete
kidney transplant get well card,kidney transplant,google_complete
kidney transplant gfr,kidney transplant,google_complete
kidney transplant gift ideas,kidney transplant,google_complete
kidney transplant gifts,kidney transplant,google_complete
kidney transplant gifts amazon,kidney transplant,google_complete
kidney transplant go bag,kidney transplant,google_complete
kidney transplant gofundme,kidney transplant,google_complete
kidney transplant gout,kidney transplant,google_complete
kidney transplant graft,kidney transplant,google_complete
kidney transplant grants,kidney transplant,google_complete
kidney transplant grey's anatomy,kidney transplant,google_complete
kidney transplant groups,kidney transplant,google_complete
kidney transplant guard,kidney transplant,google_complete
kidney transplant guidelines,kidney transplant,google_complete
kidney transplant hair loss,kidney transplant,google_complete
kidney transplant help,kidney transplant,google_complete
kidney transplant help from government,kidney transplant,google_complete
kidney transplant history,kidney transplant,google_complete
kidney transplant history icd 10,kidney transplant,google_complete
kidney transplant hospital in san antonio,kidney transplant,google_complete
kidney transplant hospital stay,kidney transplant,google_complete
kidney transplant hospitals,kidney transplant,google_complete
kidney transplant hospitals in florida,kidney transplant,google_complete
kidney transplant hospitals in texas,kidney transplant,google_complete
kidney transplant hospitals near me,kidney transplant,google_complete
kidney transplant how does it work,kidney transplant,google_complete
kidney transplant how long,kidney transplant,google_complete
kidney transplant how long does it last,kidney transplant,google_complete
kidney transplant humor,kidney transplant,google_complete
kidney transplant icd 10,kidney transplant,google_complete
kidney transplant icd 10 code,kidney transplant,google_complete
kidney transplant icd code,kidney transplant,google_complete
kidney transplant images,kidney transplant,google_complete
kidney transplant immunosuppression,kidney transplant,google_complete
kidney transplant immunosuppression drugs,kidney transplant,google_complete
kidney transplant in cats,kidney transplant,google_complete
kidney transplant in dogs,kidney transplant,google_complete
kidney transplant in india,kidney transplant,google_complete
kidney transplant in mexico,kidney transplant,google_complete
kidney transplant in sheikh zayed hospital lahore,kidney transplant,google_complete
kidney transplant in spanish,kidney transplant,google_complete
kidney transplant in turkey,kidney transplant,google_complete
kidney transplant in zimbabwe,kidney transplant,google_complete
kidney transplant in zydus hospital ahmedabad,kidney transplant,google_complete
kidney transplant incision,kidney transplant,google_complete
kidney transplant incision site,kidney transplant,google_complete
kidney transplant infection,kidney transplant,google_complete
kidney transplant jackson ms,kidney transplant,google_complete
kidney transplant jacksonville florida,kidney transplant,google_complete
kidney transplant jamaica,kidney transplant,google_complete
kidney transplant japan,kidney transplant,google_complete
kidney transplant jefferson,kidney transplant,google_complete
kidney transplant jehovah's witness,kidney transplant,google_complete
kidney transplant jewelry,kidney transplant,google_complete
kidney transplant jobs,kidney transplant,google_complete
kidney transplant jobs near me,kidney transplant,google_complete
kidney transplant johns hopkins,kidney transplant,google_complete
kidney transplant jokes,kidney transplant,google_complete
kidney transplant jokes one liners,kidney transplant,google_complete
kidney transplant journal,kidney transplant,google_complete
kidney transplant journey,kidney transplant,google_complete
kidney transplant ka kharcha,kidney transplant,google_complete
kidney transplant kab hota hai,kidney transplant,google_complete
kidney transplant kaise hota hai,kidney transplant,google_complete
kidney transplant kaise kiya jata hai,kidney transplant,google_complete
kidney transplant kaiser,kidney transplant,google_complete
kidney transplant kdpi,kidney transplant,google_complete
kidney transplant ke baad life,kidney transplant,google_complete
kidney transplant ke bad,kidney transplant,google_complete
kidney transplant ke bad diet chart,kidney transplant,google_complete
kidney transplant keep old kidney,kidney transplant,google_complete
kidney transplant kidney failure,kidney transplant,google_complete
kidney transplant kids,kidney transplant,google_complete
kidney transplant kitne din chalta hai,kidney transplant,google_complete
kidney transplant kolkata,kidney transplant,google_complete
kidney transplant kya hota hai,kidney transplant,google_complete
kidney transplant labs,kidney transplant,google_complete
kidney transplant lalu yadav,kidney transplant,google_complete
kidney transplant leave kidney in,kidney transplant,google_complete
kidney transplant leave old kidney,kidney transplant,google_complete
kidney transplant length,kidney transplant,google_complete
kidney transplant life expectancy,kidney transplant,google_complete
kidney transplant list,kidney transplant,google_complete
kidney transplant list by state,kidney transplant,google_complete
kidney transplant list requirements,kidney transplant,google_complete
kidney transplant list status,kidney transplant,google_complete
kidney transplant living donor,kidney transplant,google_complete
kidney transplant location,kidney transplant,google_complete
kidney transplant logo,kidney transplant,google_complete
kidney transplant longevity,kidney transplant,google_complete
kidney transplant low blood pressure,kidney transplant,google_complete
kidney transplant lupus,kidney transplant,google_complete
kidney transplant match,kidney transplant,google_complete
kidney transplant match criteria,kidney transplant,google_complete
kidney transplant match requirements,kidney transplant,google_complete
kidney transplant mayo clinic,kidney transplant,google_complete
kidney transplant meaning,kidney transplant,google_complete
kidney transplant medicaid,kidney transplant,google_complete
kidney transplant medical term,kidney transplant,google_complete
kidney transplant medicare,kidney transplant,google_complete
kidney transplant medicare eligibility,kidney transplant,google_complete
kidney transplant medications,kidney transplant,google_complete
kidney transplant medications list,kidney transplant,google_complete
kidney transplant medicine,kidney transplant,google_complete
kidney transplant meme,kidney transplant,google_complete
kidney transplant month,kidney transplant,google_complete
kidney transplant mortality rate,kidney transplant,google_complete
kidney transplant name,kidney transplant,google_complete
kidney transplant near me,kidney transplant,google_complete
kidney transplant needed,kidney transplant,google_complete
kidney transplant nephrologist,kidney transplant,google_complete
kidney transplant new zealand,kidney transplant,google_complete
kidney transplant news,kidney transplant,google_complete
kidney transplant news today,kidney transplant,google_complete
kidney transplant no immunosuppressants,kidney transplant,google_complete
kidney transplant not working,kidney transplant,google_complete
kidney transplant numbers,kidney transplant,google_complete
kidney transplant nurse,kidney transplant,google_complete
kidney transplant nurse jobs,kidney transplant,google_complete
kidney transplant nursing care plan,kidney transplant,google_complete
kidney transplant nursing diagnosis,kidney transplant,google_complete
kidney transplant nutrition,kidney transplant,google_complete
kidney transplant nutrition guidelines,kidney transplant,google_complete
kidney transplant o positive,kidney transplant,google_complete
kidney transplant odds,kidney transplant,google_complete
kidney transplant old kidney,kidney transplant,google_complete
kidney transplant on ct,kidney transplant,google_complete
kidney transplant operation,kidney transplant,google_complete
kidney transplant operation time,kidney transplant,google_complete
kidney transplant operative steps,kidney transplant,google_complete
kidney transplant options,kidney transplant,google_complete
kidney transplant or dialysis,kidney transplant,google_complete
kidney transplant oregon,kidney transplant,google_complete
kidney transplant organization,kidney transplant,google_complete
kidney transplant osteoporosis,kidney transplant,google_complete
kidney transplant outcomes,kidney transplant,google_complete
kidney transplant over 70,kidney transplant,google_complete
kidney transplant over 80,kidney transplant,google_complete
kidney transplant party ideas,kidney transplant,google_complete
kidney transplant patient,kidney transplant,google_complete
kidney transplant patient diet,kidney transplant,google_complete
kidney transplant personality change,kidney transplant,google_complete
kidney transplant pictures,kidney transplant,google_complete
kidney transplant pig,kidney transplant,google_complete
kidney transplant pillow,kidney transplant,google_complete
kidney transplant placement,kidney transplant,google_complete
kidney transplant post op care,kidney transplant,google_complete
kidney transplant procedure,kidney transplant,google_complete
kidney transplant procedure code,kidney transplant,google_complete
kidney transplant procedure steps,kidney transplant,google_complete
kidney transplant process,kidney transplant,google_complete
kidney transplant prognosis,kidney transplant,google_complete
kidney transplant programs,kidney transplant,google_complete
kidney transplant qc,kidney transplant,google_complete
kidney transplant qualifications,kidney transplant,google_complete
kidney transplant quality of life,kidney transplant,google_complete
kidney transplant quarantine,kidney transplant,google_complete
kidney transplant quebec,kidney transplant,google_complete
kidney transplant questionnaire,kidney transplant,google_complete
kidney transplant questions,kidney transplant,google_complete
kidney transplant questions and answers,kidney transplant,google_complete
kidney transplant queue,kidney transplant,google_complete
kidney transplant quiz,kidney transplant,google_complete
kidney transplant quizlet,kidney transplant,google_complete
kidney transplant quora,kidney transplant,google_complete
kidney transplant quotes,kidney transplant,google_complete
kidney transplant quotes funny,kidney transplant,google_complete
kidney transplant recipient,kidney transplant,google_complete
kidney transplant recipient icd 10,kidney transplant,google_complete
kidney transplant recovery,kidney transplant,google_complete
kidney transplant recovery for donor,kidney transplant,google_complete
kidney transplant recovery time,kidney transplant,google_complete
kidney transplant registry,kidney transplant,google_complete
kidney transplant rejection,kidney transplant,google_complete
kidney transplant rejection icd 10,kidney transplant,google_complete
kidney transplant rejection rate,kidney transplant,google_complete
kidney transplant rejection symptoms,kidney transplant,google_complete
kidney transplant requirements,kidney transplant,google_complete
kidney transplant requirements blood type,kidney transplant,google_complete
kidney transplant ribbon,kidney transplant,google_complete
kidney transplant ribbon color,kidney transplant,google_complete
kidney transplant risks,kidney transplant,google_complete
kidney transplant rules,kidney transplant,google_complete
kidney transplant scar,kidney transplant,google_complete
kidney transplant side effects,kidney transplant,google_complete
kidney transplant status,kidney transplant,google_complete
kidney transplant status icd 10,kidney transplant,google_complete
kidney transplant status z code __,kidney transplant,google_complete
kidney transplant status z94 0,kidney transplant,google_complete
kidney transplant steps,kidney transplant,google_complete
kidney transplant success rate,kidney transplant,google_complete
kidney transplant success rate by age,kidney transplant,google_complete
kidney transplant surgeon salary,kidney transplant,google_complete
kidney transplant surgeon simulator,kidney transplant,google_complete
kidney transplant surgery,kidney transplant,google_complete
kidney transplant surgery cost,kidney transplant,google_complete
kidney transplant surgery recovery,kidney transplant,google_complete
kidney transplant surgery time,kidney transplant,google_complete
kidney transplant surgery video,kidney transplant,google_complete
kidney transplant survival rate,kidney transplant,google_complete
kidney transplant t shirts,kidney transplant,google_complete
kidney transplant tacrolimus,kidney transplant,google_complete
kidney transplant tacrolimus level,kidney transplant,google_complete
kidney transplant tampa general hospital,kidney transplant,google_complete
kidney transplant tattoo ideas,kidney transplant,google_complete
kidney transplant tattoos,kidney transplant,google_complete
kidney transplant team,kidney transplant,google_complete
kidney transplant testing,kidney transplant,google_complete
kidney transplant third kidney,kidney transplant,google_complete
kidney transplant three kidneys,kidney transplant,google_complete
kidney transplant time,kidney transplant,google_complete
kidney transplant timeline,kidney transplant,google_complete
kidney transplant treatment,kidney transplant,google_complete
kidney transplant turkey,kidney transplant,google_complete
kidney transplant type o blood,kidney transplant,google_complete
kidney transplant uab,kidney transplant,google_complete
kidney transplant ucla,kidney transplant,google_complete
kidney transplant ucsf,kidney transplant,google_complete
kidney transplant uh,kidney transplant,google_complete
kidney transplant ultrasound,kidney transplant,google_complete
kidney transplant ultrasound images,kidney transplant,google_complete
kidney transplant ultrasound protocol,kidney transplant,google_complete
kidney transplant unit,kidney transplant,google_complete
kidney transplant unmc,kidney transplant,google_complete
kidney transplant ureter,kidney transplant,google_complete
kidney transplant ureteral anastomosis,kidney transplant,google_complete
kidney transplant using a pig,kidney transplant,google_complete
kidney transplant uti,kidney transplant,google_complete
kidney transplant uti guidelines,kidney transplant,google_complete
kidney transplant uva,kidney transplant,google_complete
kidney transplant vanderbilt,kidney transplant,google_complete
kidney transplant vascular anastomosis,kidney transplant,google_complete
kidney transplant vessel anastomosis,kidney transplant,google_complete
kidney transplant vessels,kidney transplant,google_complete
kidney transplant video,kidney transplant,google_complete
kidney transplant video animation,kidney transplant,google_complete
kidney transplant video live,kidney transplant,google_complete
kidney transplant virginia,kidney transplant,google_complete
kidney transplant virus,kidney transplant,google_complete
kidney transplant vitamin d,kidney transplant,google_complete
kidney transplant vomiting,kidney transplant,google_complete
kidney transplant voucher program,kidney transplant,google_complete
kidney transplant vs dialysis,kidney transplant,google_complete
kidney transplant vs dialysis survival,kidney transplant,google_complete
kidney transplant vs liver transplant,kidney transplant,google_complete
kidney transplant wait time,kidney transplant,google_complete
kidney transplant wait time by blood type,kidney transplant,google_complete
kidney transplant wait time by state,kidney transplant,google_complete
kidney transplant waiting list,kidney transplant,google_complete
kidney transplant waiting list by state,kidney transplant,google_complete
kidney transplant waiting list california,kidney transplant,google_complete
kidney transplant warrior,kidney transplant,google_complete
kidney transplant website,kidney transplant,google_complete
kidney transplant weight requirements,kidney transplant,google_complete
kidney transplant why leave old kidney,kidney transplant,google_complete
kidney transplant wiki,kidney transplant,google_complete
kidney transplant with diabetes,kidney transplant,google_complete
kidney transplant with pig,kidney transplant,google_complete
kidney transplant without removing old kidney,kidney transplant,google_complete
kidney transplant workup,kidney transplant,google_complete
kidney transplant worms,kidney transplant,google_complete
kidney transplant x ray,kidney transplant,google_complete
kidney transplant xenotransplant,kidney transplant,google_complete
kidney transplant yale,kidney transplant,google_complete
kidney transplant youtube,kidney transplant,google_complete
kidney transplant z code,kidney transplant,google_complete
kidney transplant z package,kidney transplant,google_complete
kidney transplant zero to finals,kidney transplant,google_complete
kidney transplant zones,kidney transplant,google_complete
kidney transplants per year,kidney transplant,google_complete
kidney xeno transplant,kidney transplant,google_complete
philhealth kidney transplant z package,kidney transplant,google_complete
post kidney transplant xray,kidney transplant,google_complete
queensland kidney transplant,kidney transplant,google_complete
rana daggubati kidney transplant year,kidney transplant,google_complete
renal transplant zoster vaccine,kidney transplant,google_complete
transplant a young tree,kidney transplant,google_complete
transplant a yucca,kidney transplant,google_complete
transplant a yucca plant,kidney transplant,google_complete
transplant a zz plant,kidney transplant,google_complete
what are kidney transplant requirements,kidney transplant,google_complete
what does kidney transplant cost,kidney transplant,google_complete
what happens after a failed kidney transplant,kidney transplant,google_complete
what is cadaver kidney transplant,kidney transplant,google_complete
what is kidney transplant procedure,kidney transplant,google_complete
what is kidney transplant recipient,kidney transplant,google_complete
what is kidney transplant rejection,kidney transplant,google_complete
what is kidney transplant success rate,kidney transplant,google_complete
what is kidney transplant surgery,kidney transplant,google_complete
what of kidney transplants are successful,kidney transplant,google_complete
what's a transplant coordinator,kidney transplant,google_complete
what's a transplant nurse,kidney transplant,google_complete
what's a transplant person,kidney transplant,google_complete
what's a transplant surgery,kidney transplant,google_complete
what's kidney transplant,kidney transplant,google_complete
what's renal transplant,kidney transplant,google_complete
when first kidney transplant,kidney transplant,google_complete
when is kidney transplant not possible,kidney transplant,google_complete
when kidney transplant fails,kidney transplant,google_complete
when kidney transplant is done,kidney transplant,google_complete
when kidney transplant is needed,kidney transplant,google_complete
when kidney transplant is required,kidney transplant,google_complete
when selena gomez kidney transplant,kidney transplant,google_complete
when was selena's kidney transplant,kidney transplant,google_complete
when was the pig kidney transplant,kidney transplant,google_complete
when you get a kidney transplant is the old one removed,kidney transplant,google_complete
where can you get kidney transplant,kidney transplant,google_complete
where do kidney transplants come from,kidney transplant,google_complete
where do kidney transplants go,kidney transplant,google_complete
where do they put kidney transplant,kidney transplant,google_complete
where does the kidney go in a transplant,kidney transplant,google_complete
where is a kidney transplant location,kidney transplant,google_complete
where is kidney transplant incision,kidney transplant,google_complete
where is kidney transplant placed,kidney transplant,google_complete
where is kidney transplant scar,kidney transplant,google_complete
where was first kidney transplant,kidney transplant,google_complete
where was the pig kidney transplant,kidney transplant,google_complete
which kidney do they take for transplant,kidney transplant,google_complete
who does kidney transplant surgery,kidney transplant,google_complete
who does kidney transplants,kidney transplant,google_complete
who invented kidney transplant,kidney transplant,google_complete
who performed the first kidney transplant,kidney transplant,google_complete
who performs kidney transplants,kidney transplant,google_complete
who was selena gomez kidney transplant,kidney transplant,google_complete
who was the first kidney transplant,kidney transplant,google_complete
why do we need kidney transplants,kidney transplant,google_complete
why does a kidney transplant fail,kidney transplant,google_complete
why does the body reject kidney transplants,kidney transplant,google_complete
why is kidney transplants important,kidney transplant,google_complete
why kidney transplant fails,kidney transplant,google_complete
why kidney transplant in iliac fossa,kidney transplant,google_complete
why kidney transplant is better than dialysis,kidney transplant,google_complete
why kidney transplant is needed,kidney transplant,google_complete
why kidney transplant on right side,kidney transplant,google_complete
why kidney transplant patient,kidney transplant,google_complete
why kidney transplant rejection,kidney transplant,google_complete
why pig kidney transplant,kidney transplant,google_complete
why selena gomez kidney transplant,kidney transplant,google_complete
xanax kidney transplant,kidney transplant,google_complete
xarelto kidney transplant,kidney transplant,google_complete
xenograft kidney transplant,kidney transplant,google_complete
xm kidney transplant,kidney transplant,google_complete
xofluza kidney transplant,kidney transplant,google_complete
xvivo kidney transplant,kidney transplant,google_complete
z94.0 kidney transplant,kidney transplant,google_complete
zofran kidney transplant,kidney transplant,google_complete
are lung transplants worth it,lung transplant,google_complete
ben askren why lung transplant,lung transplant,google_complete
can lungs be transplant,lung transplant,google_complete
can you give someone a lung transplant,lung transplant,google_complete
can you have a single lung transplant,lung transplant,google_complete
do they transplant lungs,lung transplant,google_complete
does lung transplant qualify for disability,lung transplant,google_complete
double lung transplant qualifications,lung transplant,google_complete
double lung transplant quality of life,lung transplant,google_complete
double lung transplant youtube,lung transplant,google_complete
grey's anatomy lung transplant,lung transplant,google_complete
how a lung transplant is performed,lung transplant,google_complete
how are lung transplants possible,lung transplant,google_complete
how long can you wait for a lung transplant,lung transplant,google_complete
how long does a lung transplant last,lung transplant,google_complete
how long is the wait for a lung transplant,lung transplant,google_complete
how long lung transplant,lung transplant,google_complete
how long lung transplant last,lung transplant,google_complete
how long lung transplant list,lung transplant,google_complete
how long lung transplant surgery,lung transplant,google_complete
how lung transplant is done,lung transplant,google_complete
how lung transplant is performed,lung transplant,google_complete
how lung transplant works,lung transplant,google_complete
how many lung transplant in india,lung transplant,google_complete
how many lung transplants are successful,lung transplant,google_complete
how many lung transplants can you have,lung transplant,google_complete
how many lung transplants per year,lung transplant,google_complete
how many lung transplants per year in us,lung transplant,google_complete
how many lung transplants per year uk,lung transplant,google_complete
how many lung transplants per year worldwide,lung transplant,google_complete
how rare is a lung transplant,lung transplant,google_complete
is lung transplant possible,lung transplant,google_complete
kylie's lung transplant journey,lung transplant,google_complete
lung kidney transplant,lung transplant,google_complete
lung transplant 1 year survival,lung transplant,google_complete
lung transplant 10 year survival rate,lung transplant,google_complete
lung transplant 15 year survival rate,lung transplant,google_complete
lung transplant 20 year survival rate,lung transplant,google_complete
lung transplant 30 year survival rate,lung transplant,google_complete
lung transplant 5 year survival,lung transplant,google_complete
lung transplant 5 year survival rate,lung transplant,google_complete
lung transplant 70 years old,lung transplant,google_complete
lung transplant 75 years old,lung transplant,google_complete
lung transplant 80 year old,lung transplant,google_complete
lung transplant after care,lung transplant,google_complete
lung transplant after pneumonia,lung transplant,google_complete
lung transplant age,lung transplant,google_complete
lung transplant age limit,lung transplant,google_complete
lung transplant age limit usa,lung transplant,google_complete
lung transplant anastomosis,lung transplant,google_complete
lung transplant anatomy,lung transplant,google_complete
lung transplant anesthesia,lung transplant,google_complete
lung transplant anesthesia considerations,lung transplant,google_complete
lung transplant animation,lung transplant,google_complete
lung transplant anniversary,lung transplant,google_complete
lung transplant anti rejection drugs,lung transplant,google_complete
lung transplant arizona,lung transplant,google_complete
lung transplant asthma,lung transplant,google_complete
lung transplant awareness month,lung transplant,google_complete
lung transplant azithromycin prophylaxis,lung transplant,google_complete
lung transplant baby,lung transplant,google_complete
lung transplant bc,lung transplant,google_complete
lung transplant because of pneumonia,lung transplant,google_complete
lung transplant ben askren,lung transplant,google_complete
lung transplant best hospital,lung transplant,google_complete
lung transplant best hospital in india,lung transplant,google_complete
lung transplant biopsy pathology outlines,lung transplant,google_complete
lung transplant blood type,lung transplant,google_complete
lung transplant bmi,lung transplant,google_complete
lung transplant bmi requirements,lung transplant,google_complete
lung transplant boston,lung transplant,google_complete
lung transplant boston ma,lung transplant,google_complete
lung transplant box,lung transplant,google_complete
lung transplant bracelet,lung transplant,google_complete
lung transplant bronchiolitis obliterans,lung transplant,google_complete
lung transplant candidate,lung transplant,google_complete
lung transplant centers,lung transplant,google_complete
lung transplant centers in the us,lung transplant,google_complete
lung transplant centers near me,lung transplant,google_complete
lung transplant cf,lung transplant,google_complete
lung transplant chest x ray,lung transplant,google_complete
lung transplant clad,lung transplant,google_complete
lung transplant color,lung transplant,google_complete
lung transplant compatibility,lung transplant,google_complete
lung transplant complications,lung transplant,google_complete
lung transplant coordinator salary,lung transplant,google_complete
lung transplant cost in us,lung transplant,google_complete
lung transplant cost medicare,lung transplant,google_complete
lung transplant cpt code,lung transplant,google_complete
lung transplant criteria,lung transplant,google_complete
lung transplant criteria for copd,lung transplant,google_complete
lung transplant cystic fibrosis,lung transplant,google_complete
lung transplant denial,lung transplant,google_complete
lung transplant denied,lung transplant,google_complete
lung transplant diagnosis code,lung transplant,google_complete
lung transplant diagram,lung transplant,google_complete
lung transplant diet,lung transplant,google_complete
lung transplant doctors,lung transplant,google_complete
lung transplant donation,lung transplant,google_complete
lung transplant donor,lung transplant,google_complete
lung transplant donor criteria,lung transplant,google_complete
lung transplant double,lung transplant,google_complete
lung transplant drg,lung transplant,google_complete
lung transplant due to pneumonia,lung transplant,google_complete
lung transplant due to vaping,lung transplant,google_complete
lung transplant duke,lung transplant,google_complete
lung transplant duration,lung transplant,google_complete
lung transplant ecmo,lung transplant,google_complete
lung transplant edmonton,lung transplant,google_complete
lung transplant education,lung transplant,google_complete
lung transplant education ucsf,lung transplant,google_complete
lung transplant eligibility,lung transplant,google_complete
lung transplant emory,lung transplant,google_complete
lung transplant emphysema,lung transplant,google_complete
lung transplant evaluation,lung transplant,google_complete
lung transplant evaluation guidelines,lung transplant,google_complete
lung transplant evaluation icd 10,lung transplant,google_complete
lung transplant evaluation process,lung transplant,google_complete
lung transplant evlp,lung transplant,google_complete
lung transplant exclusion criteria,lung transplant,google_complete
lung transplant exercise guidelines,lung transplant,google_complete
lung transplant expectancy,lung transplant,google_complete
lung transplant experience,lung transplant,google_complete
lung transplant fellowship,lung transplant,google_complete
lung transplant financial assistance,lung transplant,google_complete
lung transplant for cancer,lung transplant,google_complete
lung transplant for cancer patients,lung transplant,google_complete
lung transplant for cf patients,lung transplant,google_complete
lung transplant for copd,lung transplant,google_complete
lung transplant for covid 19 quizlet,lung transplant,google_complete
lung transplant for cystic fibrosis,lung transplant,google_complete
lung transplant for ipf,lung transplant,google_complete
lung transplant for pneumonia,lung transplant,google_complete
lung transplant for pulmonary fibrosis,lung transplant,google_complete
lung transplant for pulmonary hypertension,lung transplant,google_complete
lung transplant for stage 4 lung cancer,lung transplant,google_complete
lung transplant foundation,lung transplant,google_complete
lung transplant foundation careers,lung transplant,google_complete
lung transplant from living donor,lung transplant,google_complete
lung transplant gainesville fl,lung transplant,google_complete
lung transplant gastroparesis,lung transplant,google_complete
lung transplant germany,lung transplant,google_complete
lung transplant gifts,lung transplant,google_complete
lung transplant gofundme,lung transplant,google_complete
lung transplant government hospital,lung transplant,google_complete
lung transplant grand rapids mi,lung transplant,google_complete
lung transplant grants,lung transplant,google_complete
lung transplant guidelines,lung transplant,google_complete
lung transplant guidelines 2022,lung transplant,google_complete
lung transplant guidelines ishlt,lung transplant,google_complete
lung transplant guidelines pdf,lung transplant,google_complete
lung transplant guidelines uk,lung transplant,google_complete
lung transplant gvhd,lung transplant,google_complete
lung transplant hepatitis c,lung transplant,google_complete
lung transplant history,lung transplant,google_complete
lung transplant hospital rankings,lung transplant,google_complete
lung transplant hospital stay,lung transplant,google_complete
lung transplant hospitals,lung transplant,google_complete
lung transplant hospitals in florida,lung transplant,google_complete
lung transplant hospitals in texas,lung transplant,google_complete
lung transplant hospitals in the us,lung transplant,google_complete
lung transplant hospitals near me,lung transplant,google_complete
lung transplant housing support,lung transplant,google_complete
lung transplant houston,lung transplant,google_complete
lung transplant houston methodist,lung transplant,google_complete
lung transplant how does it work,lung transplant,google_complete
lung transplant how long does it last,lung transplant,google_complete
lung transplant how long does it take,lung transplant,google_complete
lung transplant icd 10,lung transplant,google_complete
lung transplant icu,lung transplant,google_complete
lung transplant images,lung transplant,google_complete
lung transplant immunosuppression,lung transplant,google_complete
lung transplant immunosuppression guidelines,lung transplant,google_complete
lung transplant in cf,lung transplant,google_complete
lung transplant in cystic fibrosis,lung transplant,google_complete
lung transplant in india,lung transplant,google_complete
lung transplant in kenya,lung transplant,google_complete
lung transplant in kerala,lung transplant,google_complete
lung transplant in kolkata,lung transplant,google_complete
lung transplant in usa,lung transplant,google_complete
lung transplant incision,lung transplant,google_complete
lung transplant incision site,lung transplant,google_complete
lung transplant indications,lung transplant,google_complete
lung transplant infection,lung transplant,google_complete
lung transplant information,lung transplant,google_complete
lung transplant insurance,lung transplant,google_complete
lung transplant jackson memorial hospital,lung transplant,google_complete
lung transplant jacksonville fl,lung transplant,google_complete
lung transplant jake paul,lung transplant,google_complete
lung transplant japan,lung transplant,google_complete
lung transplant jefferson,lung transplant,google_complete
lung transplant jehovah's witness,lung transplant,google_complete
lung transplant jewelry,lung transplant,google_complete
lung transplant jobs,lung transplant,google_complete
lung transplant jobs usa,lung transplant,google_complete
lung transplant johns hopkins,lung transplant,google_complete
lung transplant jokes,lung transplant,google_complete
lung transplant journals,lung transplant,google_complete
lung transplant journey,lung transplant,google_complete
lung transplant ka kharcha,lung transplant,google_complete
lung transplant kaise hota hai,lung transplant,google_complete
lung transplant kansas,lung transplant,google_complete
lung transplant kansas city,lung transplant,google_complete
lung transplant karachi,lung transplant,google_complete
lung transplant kentucky,lung transplant,google_complete
lung transplant kidney failure,lung transplant,google_complete
lung transplant kids,lung transplant,google_complete
lung transplant kims,lung transplant,google_complete
lung transplant kya hota hai,lung transplant,google_complete
lung transplant last,lung transplant,google_complete
lung transplant lasts how long,lung transplant,google_complete
lung transplant length,lung transplant,google_complete
lung transplant length of stay,lung transplant,google_complete
lung transplant life expectancy,lung transplant,google_complete
lung transplant life expectancy by age,lung transplant,google_complete
lung transplant lifespan,lung transplant,google_complete
lung transplant list,lung transplant,google_complete
lung transplant list requirements,lung transplant,google_complete
lung transplant list wait time,lung transplant,google_complete
lung transplant listing status,lung transplant,google_complete
lung transplant living donor,lung transplant,google_complete
lung transplant logo,lung transplant,google_complete
lung transplant longest survivor,lung transplant,google_complete
lung transplant lung cancer,lung transplant,google_complete
lung transplant machine,lung transplant,google_complete
lung transplant mass general,lung transplant,google_complete
lung transplant matching criteria,lung transplant,google_complete
lung transplant mayo clinic,lung transplant,google_complete
lung transplant medicare,lung transplant,google_complete
lung transplant medication side effects,lung transplant,google_complete
lung transplant medications,lung transplant,google_complete
lung transplant medicine,lung transplant,google_complete
lung transplant meme,lung transplant,google_complete
lung transplant mexico,lung transplant,google_complete
lung transplant mgh,lung transplant,google_complete
lung transplant mma,lung transplant,google_complete
lung transplant mma fighter,lung transplant,google_complete
lung transplant mortality rate,lung transplant,google_complete
lung transplant movie,lung transplant,google_complete
lung transplant near me,lung transplant,google_complete
lung transplant nejm,lung transplant,google_complete
lung transplant new york,lung transplant,google_complete
lung transplant new zealand,lung transplant,google_complete
lung transplant news,lung transplant,google_complete
lung transplant nj,lung transplant,google_complete
lung transplant north carolina,lung transplant,google_complete
lung transplant northwell,lung transplant,google_complete
lung transplant northwestern,lung transplant,google_complete
lung transplant not covered by insurance,lung transplant,google_complete
lung transplant numbers,lung transplant,google_complete
lung transplant nursing care plan,lung transplant,google_complete
lung transplant nyc,lung transplant,google_complete
lung transplant nyu,lung transplant,google_complete
lung transplant odds,lung transplant,google_complete
lung transplant ohio state,lung transplant,google_complete
lung transplant on ecmo,lung transplant,google_complete
lung transplant one or two,lung transplant,google_complete
lung transplant operation,lung transplant,google_complete
lung transplant operation time,lung transplant,google_complete
lung transplant operation video,lung transplant,google_complete
lung transplant options,lung transplant,google_complete
lung transplant organization,lung transplant,google_complete
lung transplant osu,lung transplant,google_complete
lung transplant out of pocket cost,lung transplant,google_complete
lung transplant outcomes,lung transplant,google_complete
lung transplant outlook,lung transplant,google_complete
lung transplant over 65,lung transplant,google_complete
lung transplant over age 70,lung transplant,google_complete
lung transplant patient,lung transplant,google_complete
lung transplant patient life expectancy,lung transplant,google_complete
lung transplant peanut allergy,lung transplant,google_complete
lung transplant perfusion,lung transplant,google_complete
lung transplant philadelphia,lung transplant,google_complete
lung transplant pictures,lung transplant,google_complete
lung transplant pillow,lung transplant,google_complete
lung transplant pittsburgh,lung transplant,google_complete
lung transplant pneumonia,lung transplant,google_complete
lung transplant possible,lung transplant,google_complete
lung transplant precautions,lung transplant,google_complete
lung transplant procedure,lung transplant,google_complete
lung transplant procedure steps,lung transplant,google_complete
lung transplant process,lung transplant,google_complete
lung transplant prognosis,lung transplant,google_complete
lung transplant programs,lung transplant,google_complete
lung transplant pulmonary fibrosis,lung transplant,google_complete
lung transplant qatar,lung transplant,google_complete
lung transplant qualifications,lung transplant,google_complete
lung transplant quality of life,lung transplant,google_complete
lung transplant quarantine,lung transplant,google_complete
lung transplant quarter,lung transplant,google_complete
lung transplant que es,lung transplant,google_complete
lung transplant queensland,lung transplant,google_complete
lung transplant questions,lung transplant,google_complete
lung transplant quora,lung transplant,google_complete
lung transplant quotes,lung transplant,google_complete
lung transplant reasons,lung transplant,google_complete
lung transplant recipient,lung transplant,google_complete
lung transplant recipient icd 10,lung transplant,google_complete
lung transplant recovery,lung transplant,google_complete
lung transplant recovery process,lung transplant,google_complete
lung transplant recovery time,lung transplant,google_complete
lung transplant rejection,lung transplant,google_complete
lung transplant rejection after 5 years,lung transplant,google_complete
lung transplant rejection icd 10,lung transplant,google_complete
lung transplant rejection rate,lung transplant,google_complete
lung transplant rejection stages,lung transplant,google_complete
lung transplant rejection symptoms,lung transplant,google_complete
lung transplant requirements,lung transplant,google_complete
lung transplant ribbon,lung transplant,google_complete
lung transplant ribbon color,lung transplant,google_complete
lung transplant risks,lung transplant,google_complete
lung transplant scar,lung transplant,google_complete
lung transplant shirts,lung transplant,google_complete
lung transplant statistics,lung transplant,google_complete
lung transplant status,lung transplant,google_complete
lung transplant status icd 10,lung transplant,google_complete
lung transplant success rate,lung transplant,google_complete
lung transplant success rate in usa,lung transplant,google_complete
lung transplant surgeon,lung transplant,google_complete
lung transplant surgeon salary,lung transplant,google_complete
lung transplant surgery,lung transplant,google_complete
lung transplant surgery survival rate,lung transplant,google_complete
lung transplant surgery video,lung transplant,google_complete
lung transplant survival,lung transplant,google_complete
lung transplant survival rate,lung transplant,google_complete
lung transplant survival rate reddit,lung transplant,google_complete
lung transplant survival rates by hospital,lung transplant,google_complete
lung transplant t shirts,lung transplant,google_complete
lung transplant tacrolimus goal,lung transplant,google_complete
lung transplant tacrolimus level,lung transplant,google_complete
lung transplant tattoo,lung transplant,google_complete
lung transplant tattoo ideas,lung transplant,google_complete
lung transplant team,lung transplant,google_complete
lung transplant technique,lung transplant,google_complete
lung transplant temple,lung transplant,google_complete
lung transplant testing,lung transplant,google_complete
lung transplant texas,lung transplant,google_complete
lung transplant time,lung transplant,google_complete
lung transplant timeline,lung transplant,google_complete
lung transplant transport,lung transplant,google_complete
lung transplant treatment,lung transplant,google_complete
lung transplant two donors,lung transplant,google_complete
lung transplant uab,lung transplant,google_complete
lung transplant ucla,lung transplant,google_complete
lung transplant ucsd,lung transplant,google_complete
lung transplant ucsf,lung transplant,google_complete
lung transplant uf health,lung transplant,google_complete
lung transplant ufc,lung transplant,google_complete
lung transplant ufc fighter,lung transplant,google_complete
lung transplant uk,lung transplant,google_complete
lung transplant university of chicago,lung transplant,google_complete
lung transplant university of washington,lung transplant,google_complete
lung transplant upmc,lung transplant,google_complete
lung transplant usa,lung transplant,google_complete
lung transplant usc,lung transplant,google_complete
lung transplant utsw,lung transplant,google_complete
lung transplant uva,lung transplant,google_complete
lung transplant vagus nerve,lung transplant,google_complete
lung transplant vancouver,lung transplant,google_complete
lung transplant vanderbilt,lung transplant,google_complete
lung transplant vaping,lung transplant,google_complete
lung transplant vcu,lung transplant,google_complete
lung transplant ventilator,lung transplant,google_complete
lung transplant vgh,lung transplant,google_complete
lung transplant viability,lung transplant,google_complete
lung transplant victoria,lung transplant,google_complete
lung transplant video,lung transplant,google_complete
lung transplant video clips,lung transplant,google_complete
lung transplant vienna,lung transplant,google_complete
lung transplant virginia,lung transplant,google_complete
lung transplant volume by center,lung transplant,google_complete
lung transplant wait time,lung transplant,google_complete
lung transplant waiting list,lung transplant,google_complete
lung transplant waiting list by state,lung transplant,google_complete
lung transplant waiting list statistics,lung transplant,google_complete
lung transplant waiting list texas,lung transplant,google_complete
lung transplant waiting list time,lung transplant,google_complete
lung transplant waitlist mortality,lung transplant,google_complete
lung transplant what to expect,lung transplant,google_complete
lung transplant why,lung transplant,google_complete
lung transplant wiki,lung transplant,google_complete
lung transplant wisconsin,lung transplant,google_complete
lung transplant with cancer,lung transplant,google_complete
lung transplant with cystic fibrosis,lung transplant,google_complete
lung transplant with pulmonary fibrosis,lung transplant,google_complete
lung transplant wrestler,lung transplant,google_complete
lung transplant xray,lung transplant,google_complete
lung transplant yale,lung transplant,google_complete
lung transplant yashoda hospital,lung transplant,google_complete
lung transplant youtube,lung transplant,google_complete
lung transplantation jason d christie,lung transplant,google_complete
lungs ka transplant hota hai,lung transplant,google_complete
post lung transplant xray,lung transplant,google_complete
queensland lung transplant service,lung transplant,google_complete
what causes lung transplant,lung transplant,google_complete
what does a lung transplant cost,lung transplant,google_complete
what happens after lung transplant,lung transplant,google_complete
what happens when lung transplant fails,lung transplant,google_complete
what hospitals do lung transplants,lung transplant,google_complete
what is bilateral lung transplant,lung transplant,google_complete
what is bolt lung transplant,lung transplant,google_complete
what is clad lung transplant,lung transplant,google_complete
what is double lung transplant,lung transplant,google_complete
what is lung transplant,lung transplant,google_complete
what is lung transplant rejection,lung transplant,google_complete
what is lung transplant success rate,lung transplant,google_complete
what is lung transplant survival rate,lung transplant,google_complete
what percentage of lung transplants are successful,lung transplant,google_complete
what qualifies for lung transplant,lung transplant,google_complete
when are lung transplants performed,lung transplant,google_complete
when did lung transplants become common,lung transplant,google_complete
when did lung transplants start,lung transplant,google_complete
when do they do lung transplants,lung transplant,google_complete
when is a lung transplant necessary,lung transplant,google_complete
when lung transplant is needed,lung transplant,google_complete
when to get lung transplant,lung transplant,google_complete
when was first lung transplant,lung transplant,google_complete
where are lung transplant scars,lung transplant,google_complete
where are lung transplants done,lung transplant,google_complete
where do transplant lungs come from,lung transplant,google_complete
where is incision for lung transplant,lung transplant,google_complete
where is the best place to get a lung transplant,lung transplant,google_complete
where to get lung transplant,lung transplant,google_complete
where was the first lung transplant performed,lung transplant,google_complete
who can get lung transplant,lung transplant,google_complete
who did the first lung transplant,lung transplant,google_complete
who does lung transplants,lung transplant,google_complete
who gets lung transplants,lung transplant,google_complete
who is candidate for lung transplant,lung transplant,google_complete
who needs lung transplant,lung transplant,google_complete
who paid ben askren lung transplant,lung transplant,google_complete
who performed the first lung transplant,lung transplant,google_complete
who performs lung transplants,lung transplant,google_complete
who qualifies for lung transplant,lung transplant,google_complete
why are lung transplants so difficult,lung transplant,google_complete
why ben askren double lung transplant,lung transplant,google_complete
why ben askren need lung transplant,lung transplant,google_complete
why do people get lung transplants,lung transplant,google_complete
why double lung transplant,lung transplant,google_complete
why lung transplant is needed,lung transplant,google_complete
why lung transplant rejection,lung transplant,google_complete
why would someone need lung transplant,lung transplant,google_complete
xvivo lung transplant,lung transplant,google_complete
zambon lung transplant,lung transplant,google_complete
heart transplant pig heart,heart transplant,google trends
pig heart,heart transplant,google trends
first heart transplant,heart transplant,google trends
what is a heart transplant,heart transplant,google trends
heart failure,heart transplant,google trends
kidney transplant,heart transplant,google trends
the first heart transplant,heart transplant,google trends
lung transplant,heart transplant,google trends
heart disease,heart transplant,google trends
liver transplant,heart transplant,google trends
artificial heart,heart transplant,google trends
artificial heart transplant,heart transplant,google trends
how much is a heart transplant,heart transplant,google trends
pediatric heart transplant,heart transplant,google trends
cheney heart transplant,heart transplant,google trends
pig heart transplant to human,heart transplant,google trends
pig heart transplant dies,heart transplant,google trends
heart transplant patient unvaccinated,heart transplant,google trends
pig heart transplant update,heart transplant,google trends
covid vaccine heart transplant patients,heart transplant,google trends
david bennett heart transplant,heart transplant,google trends
jackson browne heart transplant,heart transplant,google trends
patrick holland heart transplant,heart transplant,google trends
dr victor chang first heart transplant,heart transplant,google trends
alaska man heart transplant,heart transplant,google trends
alaska man misses heart transplant,heart transplant,google trends
first pig heart transplant to-human,heart transplant,google trends
amy silverstein heart transplant,heart transplant,google trends
partial heart transplant,heart transplant,google trends
robotic heart transplant,heart transplant,google trends
pigs heart transplant,heart transplant,google trends
where did the first heart transplant take place,heart transplant,google trends
do you die during a heart transplant,heart transplant,google trends
dcd heart transplant,heart transplant,google trends
how long is a heart transplant surgery,heart transplant,google trends
can you transplant a liver,liver transplant,google trends
liver cirrhosis,liver transplant,google trends
cirrhosis,liver transplant,google trends
liver disease,liver transplant,google trends
michelle trachtenberg liver transplant,liver transplant,google trends
trachtenberg liver transplant,liver transplant,google trends
michelle trachtenberg,liver transplant,google trends
live liver transplant,liver transplant,google trends
liver cancer,liver transplant,google trends
living liver transplant,liver transplant,google trends
liver failure,liver transplant,google trends
liver transplant cost,liver transplant,google trends
liver transplant survival,liver transplant,google trends
can you get a liver transplant,liver transplant,google trends
michelle trachtenberg liver transplant why,liver transplant,google trends
why did michelle have a liver transplant,liver transplant,google trends
did michelle trachtenberg have a liver transplant,liver transplant,google trends
why did michelle trachtenberg have a liver transplant,liver transplant,google trends
michelle trachtenberg cause of death,liver transplant,google trends
why did michelle trachtenberg need a liver transplant,liver transplant,google trends
bernie kosar liver transplant,liver transplant,google trends
why did michelle trachtenberg get a liver transplant,liver transplant,google trends
michelle trachtenberg illness,liver transplant,google trends
pig liver transplant,liver transplant,google trends
why would someone need a liver transplant,liver transplant,google trends
can an alcoholic get a liver transplant,liver transplant,google trends
why would you need a liver transplant,liver transplant,google trends
how hard is it to get a liver transplant,liver transplant,google trends
can you do a liver transplant,liver transplant,google trends
david crosby liver transplant,liver transplant,google trends
how long does it take to get a liver transplant,liver transplant,google trends
can you have a liver transplant,liver transplant,google trends
after kidney transplant,kidney transplant,google trends
what is a kidney transplant,kidney transplant,google trends
kidney disease,kidney transplant,google trends
dialysis,kidney transplant,google trends
kidney dialysis,kidney transplant,google trends
kidney failure,kidney transplant,google trends
post kidney transplant,kidney transplant,google trends
kidney transplant cost,kidney transplant,google trends
selena kidney transplant,kidney transplant,google trends
pig kidney transplant,kidney transplant,google trends
selena gomez,kidney transplant,google trends
selena gomez kidney transplant,kidney transplant,google trends
first kidney transplant,kidney transplant,google trends
can you get a kidney transplant,kidney transplant,google trends
how much is a kidney,kidney transplant,google trends
pancreas transplant,kidney transplant,google trends
how much is a kidney transplant,kidney transplant,google trends
kidney pancreas transplant,kidney transplant,google trends
kidney transplant covid vaccine,kidney transplant,google trends
bert kreischer kidney transplant,kidney transplant,google trends
bert kreischer,kidney transplant,google trends
pig kidney transplant update,kidney transplant,google trends
pig kidney transplant dies,kidney transplant,google trends
joslyn james kidney transplant,kidney transplant,google trends
hai stands for,kidney transplant,google trends
pig kidney transplant died,kidney transplant,google trends
fowler's position,kidney transplant,google trends
nate robinson kidney transplant,kidney transplant,google trends
pig kidney transplant to human,kidney transplant,google trends
nick cannon kidney transplant,kidney transplant,google trends
selena gomez health kidney transplant,kidney transplant,google trends
selena gomez kidney transplant donor,kidney transplant,google trends
how much for a kidney transplant,kidney transplant,google trends
kidney transplant centers near me,kidney transplant,google trends
tacrolimus,kidney transplant,google trends
how long can you live with a kidney transplant,kidney transplant,google trends
double lung transplant,lung transplant,google trends
heart lung transplant,lung transplant,google trends
heart transplant,lung transplant,google trends
lung transplant covid,lung transplant,google trends
lung transplant cost,lung transplant,google trends
cystic fibrosis,lung transplant,google trends
copd lung transplant,lung transplant,google trends
copd,lung transplant,google trends
lung transplant center,lung transplant,google trends
can you get a lung transplant,lung transplant,google trends
ben askren lung transplant,lung transplant,google trends
first lung transplant,lung transplant,google trends
ben askren,lung transplant,google trends
pulmonary fibrosis lung transplant,lung transplant,google trends
ben askren double lung transplant,lung transplant,google trends
why did ben askren need a lung transplant,lung transplant,google trends
why does ben askren need a lung transplant,lung transplant,google trends
who paid for ben askren lung transplant,lung transplant,google trends
why did ben askren need a double lung transplant,lung transplant,google trends
double lung transplant survival rates by age,lung transplant,google trends
how much is a double lung transplant,lung transplant,google trends
lung transplant survival rates 2020,lung transplant,google trends
pig lung transplant,lung transplant,google trends
which statement is true about both lung transplant and bullectomy?,lung transplant,google trends
how much does a double lung transplant cost,lung transplant,google trends
lung transplant survival rates by age,lung transplant,google trends
lung transplant for covid,lung transplant,google trends
clad lung transplant,lung transplant,google trends
how much is a lung transplant,lung transplant,google trends
double lung transplant cost,lung transplant,google trends
can you have a lung transplant,lung transplant,google trends
kidney and pancreas transplant,pancreas transplant,google trends
pancreas transplant cancer,pancreas transplant,google trends
can you get a pancreas transplant,pancreas transplant,google trends
pancreas transplant cost,pancreas transplant,google trends
can you have a pancreas transplant,pancreas transplant,google trends
pig pancreas transplant,pancreas transplant,google trends
Organ transplantation,heart transplant,google trends
Heart,heart transplant,google trends
Heart transplantation,heart transplant,google trends
Pig,heart transplant,google trends
Patient,heart transplant,google trends
Surgery,heart transplant,google trends
Kidney,heart transplant,google trends
Heart failure,heart transplant,google trends
Hospital,heart transplant,google trends
Lung,heart transplant,google trends
Human,heart transplant,google trends
Disease,heart transplant,google trends
Kidney transplantation,heart transplant,google trends
Organ,heart transplant,google trends
Life,heart transplant,google trends
Lung transplantation,heart transplant,google trends
Liver,heart transplant,google trends
Survival rate,heart transplant,google trends
Life expectancy,heart transplant,google trends
Donation,heart transplant,google trends
Liver transplantation,heart transplant,google trends
Artificial heart,heart transplant,google trends
ICD-10,heart transplant,google trends
ICD-10-CM,heart transplant,google trends
Organ donation,heart transplant,google trends
Asian bleeding-heart,heart transplant,google trends
long,heart transplant,google trends
live,heart transplant,google trends
Waiting list,heart transplant,google trends
Chronic condition,heart transplant,google trends
Cardiologist,heart transplant,google trends
Dicentra,heart transplant,google trends
Cirrhosis,liver transplant,google trends
Michelle Trachtenberg,liver transplant,google trends
Liver disease,liver transplant,google trends
Cancer,liver transplant,google trends
Alcoholic beverage,liver transplant,google trends
Liver failure,liver transplant,google trends
Model for End-Stage Liver Disease,liver transplant,google trends
Alcoholism,liver transplant,google trends
extant,liver transplant,google trends
Mayo,liver transplant,google trends
Diagnosis,liver transplant,google trends
"University of California, San Francisco",liver transplant,google trends
Cause of death,liver transplant,google trends
Blood,kidney transplant,google trends
Kidney dialysis,kidney transplant,google trends
Kidney disease,kidney transplant,google trends
Selena Gomez,kidney transplant,google trends
Pharmaceutical drug,kidney transplant,google trends
Kidney failure,kidney transplant,google trends
Chronic kidney disease,kidney transplant,google trends
Urine,kidney transplant,google trends
Selena Gomez kidney transplant,kidney transplant,google trends
Nurse,kidney transplant,google trends
Glomerular filtration rate,kidney transplant,google trends
Fibrosis,lung transplant,google trends
Cystic fibrosis,lung transplant,google trends
Scar,lung transplant,google trends
Cure,lung transplant,google trends
Exercise,lung transplant,google trends
Rate,lung transplant,google trends
Human body,lung transplant,google trends
used,lung transplant,google trends
connect,lung transplant,google trends
Bronchoscopy,lung transplant,google trends
Interstitial lung disease,lung transplant,google trends
Health care,lung transplant,google trends
Sarcoidosis,lung transplant,google trends
Bone marrow,lung transplant,google trends
Risk | Brilliant Math & Science Wiki,lung transplant,google trends
Cardiopulmonary bypass,lung transplant,google trends
Pancreas,pancreas transplant,google trends
Pancreas transplantation,pancreas transplant,google trends
Diabetes,pancreas transplant,google trends
Cause,pancreas transplant,google trends
Type 1 diabetes,pancreas transplant,google trends
