video_id,meta_has_title,meta_has_description,meta_video_duration,meta_description_length,meta_description_unique_words,meta_view_count,meta_like_count,meta_comment_count,meta_subscriber_count,meta_channel_upload_count,meta_sentiment,meta_sentence_count,flesch_reading_ease,flesch_kincaid_grade_level,smog_index,gunning_fog_index,average_word_length,long_word_ratio,lexical_diversity,medical_density,medical_mention_count,medical_unique_count,rare_term_ratio_unique,rare_term_ratio_mentions,term_clustering_concentrated,term_clustering_gini,term_clustering_max_share,condition_ratio,symptom_ratio,therapy_ratio,diagnostic_ratio,medication_ratio,anatomy_ratio,location_ratio,measurement_ratio,context_ratio,activity_ratio,other_ratio,passive_voice_ratio,average_sentence_length,sentence_length_std,syntax_tree_depth,subordinate_clause_density,average_dependency_distance,pronoun_frequency,text_length,word_count
--uQR16bKD8,True,True,5563.0,35,26,1654,27,0,191000,1170,Neutral,2,-14437.97,5582.32,216.57,5727.69,1.408,0.098,0.125,0.0033881897386253,49.0,28.0,0.75,0.4285714285714285,True,0.8,1.0,0.0408163265306122,0.0,0.1224489795918367,0.0,0.0,0.2040816326530612,0.0816326530612244,0.1632653061224489,0.0,0.0,0.3877551020408163,0.394,42.69,46.18,7.15,0.006,3.93,0.148,76522.0,14427.0
-8wPY3vFR_A,True,True,291.0,59,44,3506,16,0,216000,5950,Neutral,3,41.46,11.63,14.46,13.86,1.754,0.196,0.419,0.0378912685337726,23.0,16.0,0.75,0.5217391304347826,True,0.3304347826086957,0.3478260869565217,0.0434782608695652,0.0,0.0869565217391304,0.0,0.782608695652174,0.0,0.0,0.0,0.0,0.0,0.0869565217391304,0.216,16.59,7.66,5.95,0.059,3.02,0.094,3965.0,612.0
-B-HaLGqQRM,True,True,74.0,43,38,263,0,0,7550,2528,Negative,3,-80.34,66.45,22.08,69.97,1.367,0.065,0.639,0.1941176470588235,33.0,33.0,1.0,1.0,True,0.3393939393939393,0.3333333333333333,0.0606060606060606,0.3333333333333333,0.0606060606060606,0.0,0.0,0.0,0.0,0.1212121212121212,0.0,0.1212121212121212,0.303030303030303,0.0,59.33,19.86,11.33,0.407,3.61,0.174,872.0,170.0
-DGB139NQg8,True,True,151.0,22,21,91232,287,2,67000,1102,Neutral,1,50.92,9.98,11.46,10.7,1.659,0.138,0.691,0.0,0.0,0.0,0.0,0.0,False,0.0,0.0,0.0,0.0,0.0,0.0,0.0,0.0,0.0,0.0,0.0,0.0,0.0,0.125,16.5,5.37,6.38,0.27,2.79,0.091,930.0,127.0
-DgvdrXc3ko,True,True,5349.0,100,80,1480,9,0,1100,430,Neutral,2,-10466.25,4051.28,244.29,4157.28,1.648,0.172,0.173,0.0090788727066389,96.0,88.0,0.9431818181818182,0.8645833333333334,True,0.8,1.0,0.0625,0.0,0.1666666666666666,0.0,0.0,0.0,0.0416666666666666,0.1979166666666666,0.0,0.0,0.53125,1.383,114.28,143.75,10.37,0.018,5.22,0.073,61512.0,10567.0
-F8PZyqms3U,True,True,3974.0,87,73,1692,5,0,45300,2832,Neutral,3,-10510.53,4070.62,213.65,4176.94,1.536,0.13,0.153,0.0070235383447228,74.0,54.0,0.8888888888888888,0.6486486486486487,True,0.8,1.0,0.027027027027027,0.054054054054054,0.1891891891891892,0.0,0.0135135135135135,0.0,0.0135135135135135,0.0405405405405405,0.0,0.0,0.6621621621621622,0.952,102.37,119.98,10.15,0.016,5.2,0.134,58263.0,10489.0
-O_E1UWn7uE,True,True,3493.0,31,27,940,3,0,23100,1473,Neutral,1,-9618.91,3727.14,223.72,3825.06,1.578,0.156,0.18,0.0048729911871435,47.0,40.0,0.95,0.8085106382978723,True,0.8,1.0,0.0,0.0425531914893617,0.1276595744680851,0.0,0.0212765957446808,0.0212765957446808,0.1063829787234042,0.1276595744680851,0.0,0.0212765957446808,0.5319148936170213,0.684,125.2,145.66,12.32,0.021,5.86,0.1,53865.0,9635.0
-OcOA2cE5w4,True,True,412.0,278,172,3491,56,0,17100,551,Neutral,15,-1070.92,446.58,62.5,460.45,1.39,0.094,0.333,0.0438521066208082,51.0,44.0,0.8409090909090909,0.7254901960784313,True,0.6274509803921569,0.5686274509803921,0.0784313725490196,0.1372549019607843,0.1568627450980392,0.0,0.0196078431372549,0.0196078431372549,0.0,0.0980392156862745,0.0,0.1372549019607843,0.3529411764705882,0.591,54.86,69.59,7.86,0.069,4.57,0.164,6059.0,1158.0
-QtYNPHW0mQ,True,True,211.0,85,55,89,0,0,13500,719,Neutral,6,63.93,8.1,11.54,10.79,1.508,0.126,0.444,0.0328185328185328,17.0,15.0,0.8666666666666667,0.7647058823529411,False,0.2823529411764707,0.2941176470588235,0.0588235294117647,0.0,0.1176470588235294,0.0,0.2352941176470588,0.0,0.0588235294117647,0.0588235294117647,0.0,0.0,0.4705882352941176,0.176,15.53,5.99,6.12,0.048,2.69,0.114,3054.0,520.0
-RtIaTkUhM0,True,True,1516.0,4,4,329,2,0,952,151,Neutral,1,-4401.5,1726.72,107.06,1772.89,1.371,0.075,0.176,0.0122276567363272,55.0,33.0,0.7272727272727273,0.4363636363636363,True,0.8,1.0,0.0,0.0363636363636363,0.109090909090909,0.0,0.0,0.0727272727272727,0.0181818181818181,0.0363636363636363,0.0,0.0,0.7272727272727273,0.336,36.01,54.48,6.11,0.012,3.86,0.14,22685.0,4470.0
-SE6qHgJYm0,True,True,132.0,243,136,1595,7,0,88900,1346,Neutral,9,-183.51,99.97,41.45,105.23,1.663,0.183,0.581,0.2348178137651821,58.0,53.0,0.9245283018867924,0.8448275862068966,False,0.1103448275862069,0.2758620689655172,0.0172413793103448,0.0862068965517241,0.2413793103448276,0.0,0.0172413793103448,0.0,0.1034482758620689,0.0,0.0,0.0,0.5344827586206896,0.167,42.5,31.64,8.33,0.19,3.37,0.118,1394.0,248.0
-UfkH83KeC8,True,True,624.0,16,15,59,1,0,16500,1455,Neutral,1,-1668.5,674.27,79.35,693.2,1.483,0.103,0.308,0.0389238694905552,68.0,48.0,0.8541666666666666,0.6029411764705882,True,0.7294117647058824,0.8235294117647058,0.0,0.0147058823529411,0.2352941176470588,0.0,0.0,0.0735294117647058,0.0588235294117647,0.0294117647058823,0.0,0.0,0.5882352941176471,0.846,69.54,80.77,9.19,0.073,4.86,0.114,9800.0,1742.0
-Y8KuNWQQ9Q,True,True,73.0,286,172,272,0,1,74500,586,Neutral,14,64.11,9.87,11.21,12.36,1.419,0.089,0.476,0.0766129032258064,19.0,16.0,0.9375,0.7894736842105263,False,0.168421052631579,0.2631578947368421,0.0526315789473684,0.0,0.5263157894736842,0.0,0.0,0.0,0.1052631578947368,0.0,0.0,0.0,0.3157894736842105,0.364,23.45,14.19,6.55,0.14,3.46,0.128,1353.0,248.0
-Yy-KYj-lBw,True,True,118.0,384,180,25524,165,18,16500,1455,Neutral,21,57.37,9.92,11.75,11.89,1.541,0.121,0.426,0.044378698224852,15.0,10.0,0.7,0.4666666666666667,True,0.4266666666666667,0.4,0.2,0.3333333333333333,0.0666666666666666,0.0,0.0,0.2666666666666666,0.0,0.0,0.0,0.0,0.1333333333333333,0.167,19.0,10.26,7.0,0.068,3.06,0.099,2040.0,338.0
-_y1b3X80EA,True,True,183.0,7,7,3637,21,0,12600,950,Negative,1,-411.21,191.1,43.12,197.46,1.487,0.101,0.414,0.1707317073170731,84.0,65.0,0.8461538461538461,0.6547619047619048,False,0.1333333333333333,0.2619047619047619,0.0238095238095238,0.0952380952380952,0.1428571428571428,0.0,0.1904761904761904,0.0357142857142857,0.0238095238095238,0.1785714285714285,0.0,0.0119047619047619,0.2976190476190476,0.143,17.71,17.35,4.79,0.078,2.57,0.105,2662.0,491.0
-a4HVaw8rNE,True,True,29.0,40,37,3311,25,0,12600,950,Positive,3,10.95,25.89,19.29,28.41,1.632,0.14,0.667,0.2280701754385964,13.0,12.0,0.9166666666666666,0.8461538461538461,True,0.2461538461538461,0.3076923076923077,0.0,0.0,0.1538461538461538,0.0,0.0,0.0,0.0769230769230769,0.1538461538461538,0.0,0.0,0.6153846153846154,0.0,11.17,14.13,4.17,0.0,2.95,0.179,337.0,58.0
-cMlDHvdeWQ,True,True,801.0,68,54,224,2,0,53500,1701,Neutral,2,-2408.71,959.86,93.09,986.72,1.426,0.101,0.235,0.0156878519710378,39.0,29.0,0.8275862068965517,0.6153846153846154,True,0.8,1.0,0.0,0.0256410256410256,0.1282051282051282,0.0,0.0,0.0,0.0769230769230769,0.0,0.0,0.0,0.7692307692307693,0.317,40.67,48.85,6.9,0.026,3.67,0.157,13141.0,2468.0
-gOE6NWC-r0,True,True,939.0,27,25,1921,23,0,697000,6101,Neutral,2,-1959.59,785.18,93.09,807.1,1.529,0.124,0.323,0.0461462935689739,94.0,76.0,0.8552631578947368,0.6914893617021277,True,0.7574468085106383,0.8936170212765957,0.1063829787234042,0.0425531914893617,0.3723404255319149,0.0,0.0425531914893617,0.0,0.0212765957446808,0.0425531914893617,0.0,0.0212765957446808,0.351063829787234,8.667,696.67,1106.78,14.33,0.337,13.48,0.081,12158.0,2046.0
-ks0hNR8blI,True,True,3936.0,90,72,358,1,0,24900,211,Neutral,6,-10382.0,4021.64,210.84,4127.0,1.516,0.128,0.14,0.0050625656700735,53.0,47.0,0.8936170212765957,0.7924528301886793,True,0.8,1.0,0.0188679245283018,0.0,0.0943396226415094,0.0,0.0,0.1132075471698113,0.1509433962264151,0.0,0.0,0.0,0.6226415094339622,0.548,69.21,96.76,8.6,0.01,4.73,0.12,57863.0,10421.0
-lT64N06IdE,True,False,419.0,0,0,445,6,0,15600,1174,,0,50.92,9.98,11.46,10.7,1.659,0.138,0.691,0.0,0.0,0.0,0.0,0.0,False,0.0,0.0,0.0,0.0,0.0,0.0,0.0,0.0,0.0,0.0,0.0,0.0,0.0,0.125,16.5,5.37,6.38,0.27,2.79,0.091,930.0,127.0
-mjXDwjvkNI,True,True,52.0,42,41,97,0,0,674,262,Neutral,2,59.69,8.77,12.46,11.65,1.554,0.173,0.64,0.028169014084507,4.0,4.0,1.0,1.0,True,0.7,0.75,0.0,0.0,0.0,0.0,0.0,0.25,0.0,0.0,0.0,0.0,0.75,0.0,16.11,7.75,6.11,0.175,3.39,0.103,851.0,142.0
-mw-gyN054o,True,True,131.0,33,28,192,0,0,13800,709,Neutral,2,-236.47,123.75,36.93,128.9,1.497,0.112,0.452,0.0862619808306709,27.0,21.0,0.7619047619047619,0.5925925925925926,False,0.1333333333333333,0.2592592592592592,0.037037037037037,0.0,0.1481481481481481,0.0,0.0,0.0,0.4814814814814814,0.0,0.0,0.0,0.3333333333333333,0.0,106.67,103.23,10.0,0.524,3.98,0.122,1705.0,314.0
-npwKFGAcc8,True,True,127.0,91,68,850,6,0,113000,553,Neutral,6,39.57,16.86,16.03,19.69,1.537,0.139,0.474,0.0214477211796246,8.0,8.0,1.0,1.0,True,0.3500000000000001,0.375,0.0,0.0,0.125,0.0,0.0,0.0,0.0,0.0,0.0,0.0,0.875,0.1,38.5,16.57,9.3,0.175,3.79,0.156,2130.0,371.0
-oJFHEByRPw,True,True,218.0,61,55,2894,22,0,1220000,11882,Neutral,4,-407.49,189.59,44.72,196.14,1.491,0.11,0.509,0.1337448559670782,65.0,54.0,0.925925925925926,0.7692307692307693,False,0.1538461538461539,0.2615384615384615,0.0,0.0615384615384615,0.123076923076923,0.0,0.0307692307692307,0.1384615384615384,0.0923076923076923,0.0307692307692307,0.0,0.0,0.5230769230769231,1.2,99.4,108.21,10.6,0.402,3.9,0.137,2649.0,484.0
-pSSzZZch8Y,True,True,369.0,56,44,11924,46,0,1220000,11882,Neutral,2,-1005.58,417.6,71.68,429.9,1.578,0.135,0.353,0.0617399438727783,66.0,42.0,0.7857142857142857,0.5,True,0.5575757575757576,0.5151515151515151,0.0151515151515151,0.0,0.4848484848484848,0.0,0.0,0.0151515151515151,0.1212121212121212,0.0,0.0,0.0,0.3636363636363636,1.625,136.75,198.92,9.88,0.363,5.77,0.134,6170.0,1069.0
-rUGADJf8MI,True,True,61.0,38,35,1236111,179,0,55000,668,Neutral,2,87.47,2.72,6.6,3.62,1.331,0.055,0.559,0.008,1.0,1.0,1.0,1.0,True,0.8,1.0,0.0,0.0,0.0,0.0,0.0,0.0,0.0,0.0,0.0,0.0,1.0,0.04,5.92,3.63,3.2,0.056,2.36,0.196,656.0,133.0
-vUZqrsBPvU,True,True,151.0,37,34,335,1,0,15600,1174,Neutral,1,-308.04,151.37,37.88,156.65,1.491,0.097,0.449,0.0729166666666666,28.0,23.0,0.8695652173913043,0.7142857142857143,True,0.3285714285714285,0.3214285714285714,0.0714285714285714,0.0,0.3214285714285714,0.0,0.0,0.0714285714285714,0.1071428571428571,0.1071428571428571,0.0,0.0,0.3214285714285714,0.333,65.17,88.53,13.33,0.226,5.32,0.153,2118.0,383.0
-y6JiLg201w,True,True,511.0,27,26,83079,0,0,24400,946,Neutral,2,-1244.29,512.25,65.45,527.27,1.436,0.091,0.289,0.0751314800901577,100.0,69.0,0.8405797101449275,0.58,True,0.6720000000000002,0.68,0.04,0.02,0.23,0.0,0.2,0.12,0.07,0.09,0.0,0.03,0.2,4.5,667.0,472.35,20.5,0.55,10.07,0.136,7185.0,1330.0
0037qEU7iHY,True,True,84.0,115,81,1013,6,1,12500,530,Neutral,8,-149.71,95.5,21.19,99.93,1.251,0.04,0.462,0.1726907630522088,43.0,35.0,0.7714285714285715,0.627906976744186,True,0.2325581395348837,0.3255813953488372,0.0465116279069767,0.1162790697674418,0.2093023255813953,0.0,0.0232558139534883,0.0,0.0232558139534883,0.1162790697674418,0.0,0.0,0.4651162790697674,0.222,28.22,22.7,5.78,0.189,3.69,0.181,1167.0,247.0
03jZdOzvjSc,True,True,348.0,20,20,1369,13,1,75200,1684,Neutral,1,-619.69,269.37,61.67,278.82,1.575,0.154,0.385,0.1128571428571428,79.0,56.0,0.7678571428571429,0.5443037974683544,True,0.3949367088607596,0.379746835443038,0.0,0.0886075949367088,0.2025316455696202,0.0,0.3037974683544304,0.0,0.0379746835443038,0.0253164556962025,0.0,0.0,0.3417721518987341,2.25,177.0,46.12,11.0,0.376,5.65,0.123,4072.0,698.0
048MToVYJmI,True,True,64.0,77,59,1006,13,4,697000,6101,Neutral,4,61.33,7.19,11.21,8.0,1.6,0.2,1.0,0.1,1.0,1.0,1.0,1.0,True,0.8,1.0,0.0,0.0,1.0,0.0,0.0,0.0,0.0,0.0,0.0,0.0,0.0,1.0,10.0,0.0,5.0,0.0,1.8,0.0,63.0,10.0
04ZmEPOjrw4,True,True,3162.0,129,86,1818,24,0,1220000,11882,Neutral,6,76.75,5.34,30.9,7.36,1.403,0.083,0.126,0.000347906760988,3.0,3.0,1.0,1.0,True,0.8,1.0,0.0,0.0,0.0,0.0,0.0,0.0,0.0,0.0,0.0,0.0,1.0,0.094,11.6,9.95,4.68,0.003,3.03,0.169,46579.0,8583.0
05G3hfCd8O0,True,True,91.0,28,28,802,0,0,128000,2724,Neutral,1,-122.55,78.8,32.81,83.33,1.554,0.138,0.569,0.2268041237113402,44.0,34.0,0.8529411764705882,0.6590909090909091,True,0.290909090909091,0.4318181818181818,0.0,0.0681818181818181,0.0909090909090909,0.0,0.1136363636363636,0.0,0.2045454545454545,0.2954545454545454,0.0,0.0,0.2272727272727272,0.333,66.0,84.02,8.33,0.714,4.12,0.131,1123.0,195.0
07wh0brpo4Y,True,True,204.0,108,74,6456,60,0,697000,6101,Neutral,4,59.21,8.89,11.67,11.14,1.557,0.13,0.437,0.0153550863723608,8.0,8.0,1.0,1.0,True,0.6500000000000001,0.75,0.0,0.0,0.375,0.0,0.0,0.0,0.0,0.0,0.0,0.0,0.625,0.091,16.06,8.3,5.88,0.044,2.83,0.091,2956.0,521.0
08hdxfjlMR4,True,True,38.0,3,3,434,10,1,16700,496,Neutral,1,-5.17,37.83,20.27,41.73,1.354,0.094,0.688,0.2268041237113402,22.0,21.0,0.9523809523809524,0.9090909090909092,False,0.1454545454545455,0.2727272727272727,0.0454545454545454,0.0909090909090909,0.0909090909090909,0.0,0.0,0.0,0.0,0.1363636363636363,0.0,0.0909090909090909,0.5454545454545454,0.0,51.0,70.71,5.5,0.417,4.75,0.176,486.0,98.0
0ArMA5zGgI8,True,True,299.0,49,43,463,9,1,697000,6101,Neutral,2,61.73,9.68,12.57,11.28,1.472,0.099,0.349,0.0412249705535924,35.0,17.0,0.8235294117647058,0.4,True,0.5485714285714287,0.4571428571428571,0.0571428571428571,0.0,0.0285714285714285,0.0,0.0,0.2571428571428571,0.0,0.2571428571428571,0.0,0.0,0.4,0.098,20.98,11.15,6.12,0.053,3.49,0.13,4612.0,849.0
0DFBgSNk1J0,True,False,277.0,0,0,829,13,2,569000,3032,,0,-623.18,272.09,51.27,280.62,1.509,0.103,0.368,0.1028571428571428,72.0,56.0,0.8392857142857143,0.6527777777777778,True,0.3277777777777777,0.3472222222222222,0.0555555555555555,0.1527777777777778,0.2361111111111111,0.0,0.0,0.0277777777777777,0.0416666666666666,0.0277777777777777,0.0,0.0,0.4583333333333333,0.625,89.38,86.89,11.25,0.267,4.15,0.116,3953.0,698.0
0DNUVlGgTIo,True,True,75.0,5,5,470,2,0,13600,1174,Neutral,1,-96.93,73.48,25.98,77.75,1.335,0.085,0.495,0.1223404255319148,23.0,21.0,0.9047619047619048,0.8260869565217391,True,0.2608695652173913,0.3478260869565217,0.0434782608695652,0.0434782608695652,0.3043478260869565,0.0,0.0,0.0,0.0,0.1304347826086956,0.0,0.0869565217391304,0.391304347826087,0.0,65.0,72.06,10.0,0.56,3.33,0.174,953.0,188.0
0DQZxvbD-Es,True,True,99.0,92,71,120,1,0,45400,902,Neutral,7,-161.41,95.15,32.81,99.78,1.485,0.113,0.561,0.2190082644628099,53.0,44.0,0.8863636363636364,0.7358490566037735,False,0.120754716981132,0.2641509433962264,0.0,0.0754716981132075,0.320754716981132,0.0,0.0188679245283018,0.0188679245283018,0.0188679245283018,0.0188679245283018,0.0,0.0188679245283018,0.5094339622641509,1.0,252.0,0.0,19.0,0.941,5.62,0.111,1403.0,242.0
0DfihOFKmzc,True,True,1015.0,64,58,1397,15,0,24900,211,Neutral,9,-2255.71,899.27,106.28,925.22,1.513,0.142,0.245,0.0234641638225255,55.0,42.0,0.8571428571428571,0.6545454545454545,True,0.8,1.0,0.0181818181818181,0.0181818181818181,0.0727272727272727,0.0,0.0363636363636363,0.0,0.0363636363636363,0.0181818181818181,0.0,0.0,0.8,1.75,100.33,114.82,9.71,0.074,4.54,0.124,12978.0,2331.0
0F0LNR5OXwo,True,True,166.0,75,61,1348,4,0,88900,1346,Neutral,4,-318.12,154.77,41.02,159.88,1.514,0.113,0.45,0.1262626262626262,50.0,37.0,0.7837837837837838,0.58,False,0.1520000000000001,0.28,0.0,0.02,0.04,0.0,0.0,0.0,0.02,0.06,0.0,0.0,0.86,3.0,405.0,0.0,18.0,0.976,6.1,0.123,2214.0,396.0
0F9qXbzbNxw,True,True,719.0,94,73,7411,36,8,46000,861,Very Positive,5,-1562.17,634.35,77.61,652.95,1.438,0.105,0.301,0.0583896742470805,95.0,69.0,0.8260869565217391,0.6,True,0.6652631578947368,0.6631578947368421,0.0736842105263157,0.2210526315789473,0.0210526315789473,0.0,0.2,0.0631578947368421,0.031578947368421,0.031578947368421,0.0,0.0,0.3578947368421052,0.433,55.67,56.65,8.17,0.079,3.9,0.153,8798.0,1622.0
0GyVL3Jafks,True,True,191.0,40,40,2804,15,4,216000,5950,Neutral,2,57.18,8.82,11.41,10.93,1.598,0.148,0.448,0.048076923076923,20.0,17.0,0.8235294117647058,0.7,True,0.24,0.35,0.0,0.2,0.4,0.0,0.2,0.0,0.0,0.05,0.0,0.0,0.15,0.069,14.62,5.97,6.07,0.056,2.7,0.123,2529.0,421.0
0H_xTEHRK0g,True,True,329.0,60,46,929,6,0,697000,6101,Neutral,3,-823.83,349.77,62.77,360.66,1.481,0.122,0.35,0.0546875,49.0,39.0,0.8717948717948718,0.6938775510204082,True,0.4816326530612245,0.4285714285714285,0.0612244897959183,0.0,0.4081632653061224,0.0,0.0,0.0,0.0816326530612244,0.0612244897959183,0.0,0.0,0.3877551020408163,4.0,182.0,132.71,13.6,0.369,5.22,0.111,5020.0,895.0
0I1apTZu-2s,True,True,43.0,62,56,1128,17,1,244000,700,Neutral,5,6.39,13.11,8.84,14.53,2.333,0.333,1.0,0.0,0.0,0.0,0.0,0.0,False,0.0,0.0,0.0,0.0,0.0,0.0,0.0,0.0,0.0,0.0,0.0,0.0,0.0,0.0,3.0,0.0,2.0,0.0,1.75,0.0,23.0,3.0
0K4NKzMNfCI,True,True,222.0,22,21,305,1,0,28300,1065,Neutral,1,-410.9,189.32,47.38,195.13,1.567,0.126,0.429,0.1381443298969072,67.0,48.0,0.8333333333333334,0.5970149253731343,False,0.1373134328358209,0.2835820895522388,0.0298507462686567,0.0,0.208955223880597,0.0,0.0,0.0,0.044776119402985,0.1044776119402985,0.0,0.0,0.6119402985074627,4.0,244.0,5.66,14.5,0.622,5.66,0.08,2783.0,486.0
0KWHndFZ6mc,True,True,33.0,63,49,1109,1,1,3900,286,Neutral,2,31.73,22.0,14.55,23.46,1.434,0.075,0.868,0.320754716981132,17.0,16.0,0.9375,0.8823529411764706,False,0.0705882352941176,0.2352941176470588,0.1176470588235294,0.0,0.3529411764705882,0.0,0.0,0.1176470588235294,0.0588235294117647,0.2352941176470588,0.0,0.0,0.1176470588235294,0.5,28.0,11.31,10.0,0.75,2.39,0.143,315.0,53.0
0M9uEVj9qx0,True,True,184.0,43,39,2731,18,0,170000,3304,Neutral,2,-392.01,186.19,37.41,193.01,1.368,0.076,0.431,0.0960334029227557,46.0,37.0,0.8378378378378378,0.6739130434782609,False,0.1999999999999999,0.2826086956521739,0.0869565217391304,0.1304347826086956,0.1304347826086956,0.0,0.0,0.0,0.0652173913043478,0.1521739130434782,0.0,0.0,0.4347826086956521,0.6,101.4,132.47,11.2,0.247,5.74,0.195,2549.0,478.0
0OIf3CzjQVo,True,True,57.0,242,154,936,6,1,74500,586,Neutral,11,40.69,13.8,15.9,17.36,1.664,0.2,0.656,0.008,1.0,1.0,1.0,1.0,True,0.8,1.0,0.0,0.0,0.0,0.0,0.0,0.0,0.0,0.0,0.0,0.0,1.0,0.0,25.4,13.22,8.0,0.283,3.64,0.126,752.0,126.0
0P6_5xqg2Wg,True,True,142.0,191,124,128470,519,19,46000,861,Neutral,11,-181.15,103.61,26.68,106.78,1.443,0.065,0.489,0.2758620689655172,72.0,52.0,0.75,0.5416666666666666,False,0.1333333333333333,0.2777777777777778,0.0972222222222222,0.0138888888888888,0.2083333333333333,0.0,0.0555555555555555,0.0416666666666666,0.0,0.3888888888888889,0.0,0.0416666666666666,0.1527777777777778,3.0,265.0,0.0,19.0,0.909,4.48,0.098,1451.0,262.0
0PTSL9qCqQQ,True,True,60.0,35,32,701,1,1,23100,1473,Neutral,3,-65.53,58.92,25.25,62.61,1.456,0.102,0.565,0.136986301369863,20.0,18.0,0.8888888888888888,0.8,True,0.1400000000000001,0.3,0.05,0.0,0.2,0.0,0.0,0.2,0.25,0.0,0.0,0.0,0.3,0.333,25.83,24.48,6.0,0.237,3.01,0.168,787.0,148.0
0RgqpvAs0O0,True,True,78.0,28,28,28,0,0,10700,653,Neutral,3,-175.24,98.07,35.45,101.97,1.601,0.132,0.539,0.1209677419354838,30.0,21.0,0.7142857142857143,0.5,False,0.1866666666666667,0.2666666666666666,0.0333333333333333,0.0,0.2,0.0,0.0,0.0,0.1,0.0,0.0,0.0,0.6666666666666666,0.143,36.57,29.06,8.14,0.324,2.88,0.152,1429.0,246.0
0SdnZ5Oe6wU,True,True,2061.0,38,35,112,3,0,14600,3587,Neutral,3,79.96,5.85,23.81,8.2,1.319,0.062,0.168,0.002827965435978,18.0,13.0,0.6923076923076923,0.5,True,0.8,1.0,0.0555555555555555,0.3333333333333333,0.1666666666666666,0.0,0.0,0.0555555555555555,0.0555555555555555,0.1666666666666666,0.0,0.0,0.1666666666666666,0.096,13.92,12.3,4.78,0.004,3.06,0.17,32644.0,6327.0
0UvOSHJz7U0,True,True,120.0,99,78,1686,21,5,42900,959,Neutral,5,-166.91,94.42,40.15,100.07,1.622,0.18,0.605,0.270042194092827,64.0,59.0,0.9152542372881356,0.84375,False,0.03125,0.21875,0.0625,0.109375,0.1875,0.0,0.0,0.046875,0.15625,0.03125,0.0,0.0,0.40625,0.0,48.4,79.44,8.2,0.194,5.3,0.116,1400.0,235.0
0WnbzT7kMCI,True,True,326.0,13,11,2481,28,4,47600,2491,Neutral,1,-771.42,333.01,45.88,343.61,1.317,0.066,0.389,0.071917808219178,63.0,57.0,0.9298245614035088,0.8412698412698413,True,0.4253968253968254,0.365079365079365,0.0952380952380952,0.1111111111111111,0.0634920634920634,0.0,0.0,0.0317460317460317,0.1428571428571428,0.0158730158730158,0.0,0.1269841269841269,0.4126984126984127,0.429,43.38,55.36,6.86,0.078,3.91,0.173,4441.0,870.0
0Xmk-O8PZ7I,True,True,87.0,103,74,974,8,0,697000,6101,Neutral,4,61.33,7.19,11.21,8.0,1.6,0.2,1.0,0.1,1.0,1.0,1.0,1.0,True,0.8,1.0,0.0,0.0,1.0,0.0,0.0,0.0,0.0,0.0,0.0,0.0,0.0,1.0,10.0,0.0,5.0,0.0,1.8,0.0,63.0,10.0
0Y_H9rC7HjY,True,True,336.0,252,171,1098,6,0,44000,2439,Neutral,13,-585.41,259.12,48.83,267.91,1.434,0.097,0.433,0.0941704035874439,63.0,57.0,0.9298245614035088,0.8412698412698413,True,0.4761904761904763,0.492063492063492,0.0793650793650793,0.0634920634920634,0.1269841269841269,0.0,0.0,0.0476190476190476,0.0952380952380952,0.0,0.0,0.0793650793650793,0.5079365079365079,0.333,114.67,153.18,10.67,0.442,7.95,0.138,3632.0,667.0
0YgshUiT4Wo,True,False,1213.0,0,0,1114,5,0,60900,808,,0,-2982.59,1176.79,126.19,1209.18,1.599,0.154,0.226,0.0222294867603792,68.0,53.0,0.8490566037735849,0.6617647058823529,True,0.8,1.0,0.0588235294117647,0.0294117647058823,0.4705882352941176,0.0,0.0147058823529411,0.2647058823529412,0.0147058823529411,0.0294117647058823,0.0,0.0,0.1176470588235294,7.429,446.0,594.99,19.29,0.284,7.72,0.111,18019.0,3055.0
0Zp7uPIyllo,True,True,71.0,162,109,70991,310,0,1220000,11882,Neutral,7,-136.91,83.78,31.12,86.86,1.58,0.116,0.546,0.2028301886792453,43.0,30.0,0.8,0.5581395348837209,False,0.0837209302325581,0.2325581395348837,0.0465116279069767,0.1627906976744186,0.2325581395348837,0.0,0.0465116279069767,0.2558139534883721,0.0,0.0697674418604651,0.0,0.0,0.1860465116279069,0.0,216.0,0.0,24.0,0.95,3.57,0.083,1202.0,212.0
0_gFDk3K3J8,True,True,433.0,23,22,433,5,0,28300,1065,Neutral,1,-856.94,359.85,69.26,370.41,1.608,0.147,0.402,0.0683297180043383,63.0,44.0,0.8863636363636364,0.6190476190476191,True,0.5206349206349208,0.4444444444444444,0.0158730158730158,0.1904761904761904,0.2857142857142857,0.0,0.0317460317460317,0.1904761904761904,0.0317460317460317,0.0,0.0,0.0,0.2539682539682539,1.4,94.2,89.49,9.3,0.131,4.55,0.069,5555.0,926.0
0_vHsNOiHfQ,True,True,558.0,27,27,1502,7,2,569000,3032,Neutral,2,61.33,7.19,11.21,8.0,1.6,0.2,1.0,0.1,1.0,1.0,1.0,1.0,True,0.8,1.0,0.0,0.0,1.0,0.0,0.0,0.0,0.0,0.0,0.0,0.0,0.0,1.0,10.0,0.0,5.0,0.0,1.8,0.0,63.0,10.0
0c6RzAgaWSs,True,True,1225.0,21,19,30628,366,0,144000,1700,Positive,1,61.33,7.19,11.21,8.0,1.6,0.2,1.0,0.1,1.0,1.0,1.0,1.0,True,0.8,1.0,0.0,0.0,1.0,0.0,0.0,0.0,0.0,0.0,0.0,0.0,0.0,1.0,10.0,0.0,5.0,0.0,1.8,0.0,63.0,10.0
0dXxtkMGYJ4,True,True,3919.0,52,46,119,0,0,1400,201,Neutral,3,-10517.34,4075.54,191.3,4182.41,1.424,0.104,0.142,0.0041837025767804,44.0,40.0,0.9,0.8181818181818182,True,0.8,1.0,0.0,0.0,0.4090909090909091,0.0,0.0,0.0,0.0909090909090909,0.0,0.0,0.0,0.5,0.514,72.76,88.25,10.08,0.012,4.38,0.156,56109.0,10485.0
0fI_01yFmME,True,True,276.0,338,204,12174,104,12,75200,1684,Negative,18,-480.15,222.08,34.94,230.29,1.27,0.054,0.438,0.0905982905982906,53.0,45.0,0.8444444444444444,0.7169811320754716,True,0.2867924528301886,0.320754716981132,0.0188679245283018,0.2264150943396226,0.1320754716981132,0.0,0.0188679245283018,0.0188679245283018,0.0943396226415094,0.0566037735849056,0.0,0.0754716981132075,0.3584905660377358,0.357,42.79,29.55,7.64,0.116,3.1,0.184,2866.0,570.0
0fYXVAn-CCs,True,True,5849.0,27,25,6558,30,0,98800,3649,Neutral,2,57.11,10.05,50.64,13.43,1.54,0.156,0.098,0.001040273443305,14.0,6.0,0.5,0.2142857142857142,True,0.8,1.0,0.8571428571428571,0.0,0.0,0.0,0.0,0.0,0.0,0.0,0.0,0.0,0.1428571428571428,0.142,19.36,15.41,5.98,0.003,3.45,0.127,76280.0,13400.0
0hIP6fan87Y,True,True,69.0,89,69,12266,125,16,46000,861,Very Positive,4,61.33,7.19,11.21,8.0,1.6,0.2,1.0,0.1,1.0,1.0,1.0,1.0,True,0.8,1.0,0.0,0.0,1.0,0.0,0.0,0.0,0.0,0.0,0.0,0.0,0.0,1.0,10.0,0.0,5.0,0.0,1.8,0.0,63.0,10.0
0lZy8RGZKZc,True,True,128.0,136,99,1069,11,1,952,151,Positive,8,-268.55,140.4,32.26,146.73,1.288,0.072,0.432,0.1401098901098901,51.0,45.0,0.8888888888888888,0.7843137254901961,False,0.188235294117647,0.2941176470588235,0.0588235294117647,0.0196078431372549,0.0588235294117647,0.0,0.0,0.0,0.0588235294117647,0.0,0.0,0.0588235294117647,0.7450980392156863,0.167,30.75,35.8,5.5,0.135,3.48,0.236,1764.0,361.0
0o1wQZokePs,True,True,60.0,29,26,782,9,0,11500,201,Neutral,1,-99.08,74.78,22.08,78.26,1.312,0.057,0.505,0.160621761658031,31.0,28.0,0.8928571428571429,0.8064516129032258,True,0.5419354838709678,0.5161290322580645,0.0,0.0,0.032258064516129,0.0,0.0,0.0,0.0,0.0,0.0,0.0967741935483871,0.8709677419354839,2.0,199.0,0.0,36.0,0.952,3.59,0.171,999.0,192.0
0p0fBn7gPyc,True,True,187.0,39,34,291,7,0,15400,480,Neutral,1,-334.4,158.28,51.6,164.06,1.646,0.182,0.535,0.1915422885572139,77.0,63.0,0.9047619047619048,0.7402597402597403,True,0.1610389610389611,0.3246753246753247,0.0129870129870129,0.0779220779220779,0.1558441558441558,0.0,0.0,0.0129870129870129,0.1038961038961039,0.1428571428571428,0.0,0.0389610389610389,0.4545454545454545,1.0,135.67,42.9,12.67,0.552,5.01,0.108,2309.0,403.0
0pPrX8IvRYM,True,True,182.0,84,65,7925,42,9,88900,1346,Neutral,5,-437.07,204.4,34.94,211.58,1.324,0.059,0.393,0.1268939393939394,67.0,56.0,0.8392857142857143,0.7014925373134329,True,0.2865671641791045,0.3432835820895522,0.0,0.208955223880597,0.1194029850746268,0.0,0.0,0.0149253731343283,0.044776119402985,0.044776119402985,0.0,0.0597014925373134,0.5074626865671642,0.133,36.33,25.45,6.6,0.126,3.32,0.211,2662.0,525.0
0thYaTW8blU,True,True,3755.0,108,72,2097,28,3,75200,1684,Neutral,3,-9210.19,3569.77,209.82,3662.83,1.594,0.143,0.165,0.0075355550838463,71.0,47.0,0.6382978723404256,0.4225352112676056,True,0.8,1.0,0.028169014084507,0.0,0.2816901408450704,0.0,0.0,0.028169014084507,0.1971830985915492,0.0,0.0,0.0,0.4647887323943662,0.832,96.08,132.4,9.81,0.019,5.18,0.098,55198.0,9397.0
0w2Lo_nYRPs,True,True,3557.0,40,40,10715,75,13,216000,5950,Neutral,2,54.41,9.62,41.22,12.11,1.611,0.163,0.187,0.0013328486610929,11.0,7.0,0.8571428571428571,0.5454545454545454,True,0.8,1.0,0.1818181818181818,0.0,0.0909090909090909,0.0,0.0,0.5454545454545454,0.0,0.0909090909090909,0.0,0.0,0.0909090909090909,0.242,16.16,7.18,6.04,0.004,2.89,0.112,50062.0,8241.0
0xAYdBFKMHk,True,True,72.0,202,135,575,28,0,1220000,11882,Neutral,9,50.92,9.98,11.46,10.7,1.659,0.138,0.691,0.0078125,1.0,1.0,1.0,1.0,True,0.8,1.0,0.0,0.0,0.0,0.0,0.0,0.0,0.0,1.0,0.0,0.0,0.0,0.125,16.5,5.37,6.38,0.27,2.79,0.091,930.0,127.0
12Ec8VFBBJU,True,True,67.0,123,84,510,12,0,1220000,11882,Neutral,4,-111.38,69.79,35.45,72.79,1.782,0.194,0.703,0.281437125748503,47.0,41.0,0.926829268292683,0.8085106382978723,True,0.1191489361702127,0.3191489361702128,0.1063829787234042,0.0212765957446808,0.3404255319148936,0.0,0.0212765957446808,0.0638297872340425,0.0851063829787234,0.0851063829787234,0.0,0.0638297872340425,0.2127659574468085,0.0,85.5,115.26,9.0,0.45,3.55,0.053,1070.0,167.0
13X23gF0K_4,True,True,243.0,29,25,312,4,0,56400,1114,Neutral,1,61.19,9.31,11.54,10.96,1.5,0.104,0.424,0.0125786163522012,8.0,8.0,1.0,1.0,True,0.3500000000000001,0.375,0.0,0.125,0.125,0.0,0.0,0.0,0.125,0.0,0.0,0.0,0.625,0.167,18.19,12.81,5.75,0.061,3.18,0.125,3711.0,651.0
14IPpNZKpGw,True,True,387.0,89,60,997,17,0,135000,2612,Neutral,3,-765.92,322.31,69.51,331.35,1.732,0.166,0.34,0.124401913875598,104.0,61.0,0.7377049180327869,0.4326923076923077,True,0.4807692307692308,0.4230769230769231,0.173076923076923,0.0961538461538461,0.2211538461538461,0.0,0.0,0.0673076923076923,0.0288461538461538,0.1057692307692307,0.0,0.0,0.3076923076923077,12.0,840.0,0.0,21.0,0.976,5.21,0.054,5057.0,836.0
14m0iXpHVAU,True,True,146.0,106,84,789,6,0,45400,902,Neutral,6,-265.21,135.96,38.81,141.94,1.441,0.113,0.499,0.1040462427745664,36.0,34.0,0.9411764705882352,0.8888888888888888,True,0.1888888888888888,0.3055555555555556,0.0,0.1111111111111111,0.3611111111111111,0.0,0.0,0.0,0.1388888888888889,0.0555555555555555,0.0,0.0,0.3333333333333333,3.0,179.0,164.05,12.5,0.516,3.42,0.148,1890.0,346.0
15x2LUjx_Dk,True,True,104.0,67,61,3159,9,0,45400,902,Neutral,4,61.33,7.19,11.21,8.0,1.6,0.2,1.0,0.1,1.0,1.0,1.0,1.0,True,0.8,1.0,0.0,0.0,1.0,0.0,0.0,0.0,0.0,0.0,0.0,0.0,0.0,1.0,10.0,0.0,5.0,0.0,1.8,0.0,63.0,10.0
16ECfRFtuXk,True,True,303.0,144,92,202,2,0,2850,474,Neutral,9,71.16,8.25,11.98,11.05,1.366,0.091,0.381,0.0283600493218249,23.0,22.0,0.9545454545454546,0.9130434782608696,True,0.5391304347826087,0.4782608695652174,0.0434782608695652,0.0,0.2608695652173913,0.0,0.0434782608695652,0.0434782608695652,0.0,0.0,0.0,0.0434782608695652,0.5652173913043478,0.114,18.86,13.02,5.36,0.037,3.37,0.189,4226.0,805.0
18bGEw0uyAU,True,True,848.0,64,44,1024,20,0,1220000,11882,Neutral,3,65.47,7.94,17.2,9.74,1.487,0.105,0.269,0.0079006772009029,14.0,10.0,0.8,0.5714285714285714,True,0.8,1.0,0.0,0.0,0.0,0.0,0.0,0.0,0.0714285714285714,0.2142857142857142,0.0,0.0,0.7142857142857143,0.193,15.79,11.58,5.71,0.02,3.01,0.096,10064.0,1773.0
19KrsHv1OQw,True,True,234.0,78,64,7159,38,0,113000,553,Neutral,4,-585.77,260.41,49.89,269.88,1.378,0.101,0.386,0.1345291479820627,90.0,68.0,0.7794117647058824,0.5888888888888889,True,0.3155555555555556,0.3111111111111111,0.1,0.0222222222222222,0.1666666666666666,0.0,0.0,0.0777777777777777,0.0444444444444444,0.0111111111111111,0.0,0.0,0.5777777777777777,0.083,57.42,55.41,8.25,0.134,3.32,0.139,3512.0,662.0
19_kVnsbVks,True,True,222.0,48,40,29,1,0,5490,571,Neutral,2,76.8,5.63,10.79,8.56,1.388,0.101,0.417,0.0181818181818181,10.0,10.0,1.0,1.0,True,0.52,0.6,0.1,0.2,0.1,0.0,0.0,0.0,0.0,0.0,0.0,0.0,0.6,0.064,12.3,9.69,4.43,0.041,3.11,0.201,2881.0,554.0
19qKiwQZF6s,True,True,74.0,190,130,736,5,0,44000,2439,Neutral,10,-52.64,52.65,25.98,56.25,1.519,0.124,0.605,0.1923076923076923,25.0,17.0,0.8823529411764706,0.6,True,0.288,0.36,0.0,0.0,0.24,0.0,0.0,0.16,0.04,0.0,0.0,0.0,0.56,0.0,44.33,36.75,6.33,0.368,3.6,0.113,728.0,131.0
1A51_BQpTUU,True,True,323.0,79,58,248,2,0,135000,2612,Negative,6,75.16,6.2,12.04,8.07,1.391,0.08,0.359,0.0185185185185185,17.0,14.0,0.7857142857142857,0.6470588235294118,True,0.6823529411764706,0.7058823529411765,0.0,0.0588235294117647,0.1764705882352941,0.0,0.0,0.0,0.0,0.0,0.0,0.0,0.7647058823529411,0.041,12.85,6.99,5.07,0.025,2.91,0.166,4967.0,916.0
1DmX43HtkEE,True,True,79.0,38,28,521,3,1,16500,1455,Neutral,3,-142.5,87.29,32.26,91.05,1.514,0.119,0.532,0.0730593607305936,16.0,11.0,0.8181818181818182,0.5625,True,0.1999999999999999,0.3125,0.0,0.0,0.3125,0.0,0.0,0.0,0.1875,0.0625,0.0,0.0,0.4375,0.333,76.33,116.07,13.67,0.465,3.93,0.096,1250.0,220.0
1FUrNRf84k4,True,True,8602.0,189,131,1531,1,0,98800,3649,Neutral,20,-3564.83,1402.64,126.98,1441.02,1.496,0.131,0.126,0.0024982349427035,46.0,34.0,0.8235294117647058,0.6086956521739131,True,0.8,1.0,0.0,0.0,0.0217391304347826,0.0,0.0,0.0,0.0217391304347826,0.2608695652173913,0.0,0.0,0.6956521739130435,0.355,39.61,59.37,6.36,0.004,4.23,0.124,98581.0,18351.0
1FjuMB6pRyM,True,True,31.0,11,11,212,1,0,21200,805,Neutral,1,3.36,28.19,21.19,30.61,1.661,0.161,0.806,0.2835820895522388,19.0,16.0,0.8125,0.6842105263157895,False,0.1052631578947369,0.2631578947368421,0.0,0.0,0.3157894736842105,0.0,0.0,0.0,0.1578947368421052,0.2105263157894736,0.0,0.0,0.3157894736842105,0.0,68.0,0.0,14.0,0.8,5.72,0.044,432.0,66.0
1G5Kkl_xjFY,True,True,733.0,51,44,6075,51,4,25800,453,Neutral,3,-2571.62,1022.33,95.07,1050.85,1.432,0.099,0.225,0.0189035916824196,50.0,33.0,0.7878787878787878,0.52,True,0.8,1.0,0.0,0.06,0.1,0.0,0.32,0.0,0.02,0.0,0.0,0.0,0.5,2.727,247.55,190.93,15.36,0.175,5.84,0.152,14489.0,2640.0
1Gj6Sc0WjwM,True,True,147.0,471,253,2450,5,0,1220000,11882,Neutral,20,-265.39,134.24,42.29,140.05,1.527,0.139,0.441,0.158357771260997,54.0,25.0,0.72,0.3333333333333333,False,0.1629629629629629,0.2777777777777778,0.0555555555555555,0.0185185185185185,0.1296296296296296,0.0,0.0,0.0555555555555555,0.037037037037037,0.037037037037037,0.0,0.0185185185185185,0.6481481481481481,0.75,88.0,55.39,16.5,0.396,3.65,0.111,1875.0,341.0
1IauflS1rR0,True,True,54.0,11,11,340,0,0,18300,1549,Neutral,1,-67.54,57.21,29.31,61.07,1.576,0.151,0.676,0.108695652173913,15.0,14.0,0.9285714285714286,0.8666666666666667,True,0.32,0.3333333333333333,0.0,0.0,0.4666666666666667,0.0,0.0,0.0,0.0666666666666666,0.0,0.0,0.0,0.4666666666666667,1.0,141.0,0.0,12.0,0.909,3.86,0.106,803.0,139.0
1IjYsYT6KmQ,True,True,114.0,81,67,15958,48,0,18300,1549,Neutral,3,-126.72,86.09,25.98,90.78,1.279,0.072,0.536,0.1894273127753304,43.0,40.0,0.975,0.9069767441860463,True,0.213953488372093,0.3255813953488372,0.0232558139534883,0.1627906976744186,0.0232558139534883,0.0,0.0,0.0465116279069767,0.0232558139534883,0.0465116279069767,0.0,0.1627906976744186,0.5116279069767442,0.0,23.7,31.09,4.7,0.11,3.79,0.198,1104.0,222.0
1KceELBEzgw,True,True,786.0,513,276,759,15,5,53700,936,Neutral,34,-1965.33,789.46,85.32,812.24,1.429,0.102,0.243,0.0416054821341164,85.0,59.0,0.7966101694915254,0.5529411764705883,True,0.7670588235294118,0.9176470588235294,0.1058823529411764,0.2117647058823529,0.0941176470588235,0.0,0.0117647058823529,0.2117647058823529,0.0,0.1294117647058823,0.0,0.0,0.2352941176470588,0.577,80.62,66.92,9.58,0.079,4.14,0.11,10803.0,2030.0
1Kjj5glCjO4,True,False,95.0,0,0,695,0,0,1110,109,,0,58.68,9.77,12.01,12.15,1.524,0.128,0.555,0.0570175438596491,13.0,13.0,1.0,1.0,True,0.4923076923076923,0.4615384615384615,0.0,0.0,0.2307692307692307,0.0,0.0769230769230769,0.3076923076923077,0.0,0.0,0.0,0.0,0.3846153846153846,0.417,19.58,5.47,6.33,0.153,3.11,0.128,1344.0,228.0
1N6kqKjpGX4,True,True,212.0,27,26,562,4,0,3730,707,Neutral,1,62.53,8.41,12.16,11.15,1.519,0.134,0.422,0.0246478873239436,14.0,11.0,0.8181818181818182,0.6428571428571429,True,0.5714285714285714,0.5714285714285714,0.0,0.5,0.0,0.0,0.0,0.0,0.0,0.0,0.0,0.0,0.5,0.081,15.49,11.47,5.14,0.07,3.14,0.14,3280.0,564.0
1NdUceHU8jI,True,True,5001.0,26,24,148,2,0,674,262,Neutral,1,-11785.96,4557.81,264.61,4676.7,1.674,0.179,0.164,0.0053182508863751,63.0,45.0,0.7555555555555555,0.5396825396825397,True,0.8,1.0,0.2698412698412698,0.1111111111111111,0.0158730158730158,0.0,0.0,0.0,0.0476190476190476,0.0317460317460317,0.0,0.0,0.5238095238095238,1.094,103.66,200.47,9.67,0.015,5.84,0.103,70305.0,11823.0
1PjyIgp0vck,True,True,53.0,89,69,742,24,2,46000,861,Very Positive,4,-52.63,52.15,25.98,55.84,1.543,0.126,0.614,0.1705426356589147,22.0,20.0,0.95,0.8636363636363636,False,0.090909090909091,0.2272727272727272,0.0909090909090909,0.0454545454545454,0.2727272727272727,0.0,0.0,0.0,0.0,0.0909090909090909,0.0,0.0,0.5,0.0,129.0,0.0,25.0,0.909,7.12,0.062,743.0,128.0
1PtxaxcPnGc,True,True,159.0,66,51,53447,429,14,191000,1170,Positive,4,77.03,6.12,9.56,8.64,1.36,0.075,0.396,0.0078125,4.0,4.0,1.0,1.0,True,0.7,0.75,0.0,0.0,0.0,0.0,0.0,0.25,0.0,0.0,0.0,0.0,0.75,0.257,14.89,6.64,5.23,0.051,2.9,0.138,2750.0,497.0
1Qqef5XHazY,True,True,2593.0,127,80,2192,34,2,477000,4732,Neutral,8,-6180.81,2406.17,175.18,2469.99,1.575,0.147,0.195,0.0134983127109111,84.0,57.0,0.8596491228070176,0.5833333333333334,True,0.8,1.0,0.1904761904761904,0.0,0.25,0.0,0.0119047619047619,0.0238095238095238,0.0476190476190476,0.0,0.0,0.0,0.4761904761904761,1.488,147.77,148.16,13.0,0.044,5.01,0.102,35160.0,6211.0
1RNZCQZ0Jc8,True,True,4842.0,42,36,671,10,4,28800,1415,Neutral,6,71.74,6.91,36.93,8.94,1.42,0.087,0.122,0.0001633319722335,2.0,2.0,1.0,1.0,True,0.8,1.0,0.0,0.0,0.5,0.0,0.0,0.0,0.0,0.0,0.0,0.0,0.5,0.149,14.96,10.6,5.13,0.002,3.17,0.147,66341.0,12262.0
1V4nben5SWM,True,True,60.0,133,102,325,3,0,1220000,11882,Neutral,8,61.33,7.19,11.21,8.0,1.6,0.2,1.0,0.1,1.0,1.0,1.0,1.0,True,0.8,1.0,0.0,0.0,1.0,0.0,0.0,0.0,0.0,0.0,0.0,0.0,0.0,1.0,10.0,0.0,5.0,0.0,1.8,0.0,63.0,10.0
1V55BPw5Bp8,True,True,374.0,88,75,286,4,0,25800,453,Neutral,4,81.32,4.99,11.28,6.98,1.335,0.066,0.345,0.0021344717182497,2.0,2.0,1.0,1.0,True,0.8,1.0,0.0,0.5,0.0,0.0,0.0,0.0,0.0,0.0,0.0,0.0,0.5,0.065,12.55,7.71,4.91,0.028,3.1,0.17,5045.0,931.0
1aDSEnTdTTg,True,True,283.0,65,51,2647,14,1,3880,230,Neutral,4,-604.5,265.26,54.86,274.5,1.492,0.121,0.4,0.1201157742402315,83.0,57.0,0.8245614035087719,0.5662650602409639,True,0.4626506024096386,0.4457831325301205,0.1204819277108433,0.0240963855421686,0.2289156626506024,0.0,0.0,0.1566265060240964,0.036144578313253,0.0843373493975903,0.0,0.0,0.3493975903614458,0.3,69.7,68.75,9.3,0.177,3.9,0.102,3741.0,684.0
1ddqWlRpMGA,True,True,145.0,177,102,242,2,0,12600,950,Very Positive,8,-301.34,149.94,39.26,155.65,1.436,0.105,0.491,0.1645244215938303,64.0,52.0,0.8653846153846154,0.703125,True,0.2624999999999999,0.328125,0.0,0.03125,0.125,0.0,0.0,0.0,0.09375,0.03125,0.0,0.0,0.71875,0.75,99.75,122.48,12.5,0.304,4.53,0.12,2090.0,387.0
1eMZZrrOds8,True,True,160.0,49,42,1432,25,1,56400,1114,Negative,3,64.45,7.17,11.14,9.47,1.543,0.144,0.538,0.0626506024096385,26.0,25.0,0.96,0.9230769230769232,True,0.2307692307692308,0.3076923076923077,0.0,0.0769230769230769,0.0769230769230769,0.0,0.0,0.1538461538461538,0.1153846153846153,0.1538461538461538,0.0,0.0384615384615384,0.3846153846153846,0.051,10.92,8.08,4.54,0.037,3.12,0.11,2491.0,437.0
1g1Gqmyuntw,True,True,367.0,110,84,3660,19,3,135000,2612,Very Positive,2,77.08,6.8,11.67,8.92,1.327,0.064,0.34,0.0084427767354596,9.0,8.0,0.875,0.7777777777777778,True,0.6666666666666667,0.6666666666666666,0.0,0.2222222222222222,0.0,0.0,0.0,0.1111111111111111,0.0,0.0,0.0,0.0,0.6666666666666666,0.092,17.11,11.89,5.68,0.031,3.16,0.154,5475.0,1062.0
1hKkuOSe2vw,True,True,490.0,26,23,24610,174,25,22200,1782,Neutral,2,-1221.34,503.34,70.72,518.25,1.441,0.109,0.308,0.0449612403100775,58.0,38.0,0.7894736842105263,0.5172413793103449,True,0.6551724137931034,0.6379310344827587,0.0,0.0,0.2068965517241379,0.0,0.0,0.2241379310344827,0.3103448275862069,0.0,0.0,0.0,0.2586206896551724,5.25,325.0,277.74,11.5,0.339,4.95,0.118,7030.0,1289.0
1hsP3HxFspI,True,True,103.0,103,77,1256,13,0,1220000,11882,Neutral,4,-167.53,97.49,34.94,102.9,1.486,0.127,0.563,0.1260162601626016,31.0,28.0,0.8928571428571429,0.8064516129032258,True,0.2580645161290322,0.3225806451612903,0.1290322580645161,0.1290322580645161,0.2258064516129032,0.0,0.032258064516129,0.0,0.0,0.064516129032258,0.0,0.0,0.4193548387096774,0.667,86.0,78.08,10.33,0.404,4.41,0.159,1373.0,245.0
1ihutUU87eQ,True,True,123.0,385,213,2225,6,1,47300,827,Positive,29,-271.16,139.77,34.42,145.83,1.367,0.084,0.496,0.2262569832402234,81.0,67.0,0.8656716417910447,0.7160493827160493,False,0.0987654320987654,0.2839506172839506,0.037037037037037,0.1481481481481481,0.1604938271604938,0.0,0.0,0.0617283950617283,0.037037037037037,0.1481481481481481,0.0,0.0493827160493827,0.3580246913580246,0.571,52.86,45.43,9.43,0.24,3.42,0.159,1861.0,359.0
1kuPXGv1Zo0,True,True,2182.0,31,27,1145,23,0,216000,5950,Neutral,1,-5428.71,2115.44,178.93,2171.76,1.659,0.175,0.226,0.0207725947521865,114.0,86.0,0.8372093023255814,0.631578947368421,True,0.8,1.0,0.2719298245614035,0.1666666666666666,0.0350877192982456,0.0,0.0,0.0614035087719298,0.0,0.0263157894736842,0.0,0.0,0.4385964912280701,1.111,104.19,156.63,9.09,0.034,6.37,0.1,32099.0,5474.0
1oAlSo_hjl4,True,True,3107.0,76,63,8091,53,0,1220000,11882,Neutral,4,-8152.88,3164.92,182.88,3247.82,1.526,0.122,0.152,0.0119047619047619,98.0,75.0,0.7733333333333333,0.5918367346938775,True,0.8,1.0,0.3061224489795918,0.1428571428571428,0.0918367346938775,0.0,0.0,0.2142857142857142,0.0306122448979591,0.0408163265306122,0.0,0.0,0.173469387755102,1.673,171.47,213.61,12.65,0.035,6.03,0.102,45245.0,8204.0
1oVy3s5a00Q,True,True,331.0,74,58,461,7,0,477000,4732,Neutral,4,51.9,9.6,15.11,11.27,1.659,0.158,0.38,0.0320284697508896,27.0,16.0,0.875,0.5185185185185185,True,0.5925925925925926,0.5185185185185185,0.6666666666666666,0.1481481481481481,0.0,0.0,0.037037037037037,0.0,0.0,0.1111111111111111,0.0,0.0,0.037037037037037,0.068,15.07,9.7,6.08,0.032,3.16,0.087,5322.0,860.0
1r6J-PUSVuk,True,True,267.0,156,104,5367,18,1,10700,653,Positive,9,67.67,7.57,11.41,9.9,1.464,0.119,0.409,0.0112994350282485,6.0,6.0,1.0,1.0,True,0.5333333333333334,0.5,0.0,0.1666666666666666,0.3333333333333333,0.0,0.0,0.1666666666666666,0.0,0.0,0.0,0.0,0.3333333333333333,0.171,15.74,11.67,5.37,0.057,3.04,0.192,2933.0,532.0
1rLIyYJkRN4,True,True,264.0,82,64,22497,137,20,251000,1949,Neutral,6,-581.41,259.31,44.32,268.37,1.351,0.078,0.422,0.1025260029717682,69.0,57.0,0.8245614035087719,0.6811594202898551,True,0.4521739130434783,0.4202898550724637,0.0434782608695652,0.1594202898550724,0.1159420289855072,0.0,0.0144927536231884,0.0869565217391304,0.0579710144927536,0.0289855072463768,0.0,0.0,0.4927536231884058,0.294,41.18,30.73,7.41,0.104,3.39,0.159,3488.0,669.0
1tRL-3tDG4M,True,True,104.0,31,29,161,0,0,45400,902,Neutral,2,-154.82,91.5,31.69,94.88,1.539,0.11,0.566,0.2532751091703056,58.0,54.0,0.9629629629629628,0.896551724137931,False,0.089655172413793,0.2758620689655172,0.0,0.2241379310344827,0.1724137931034483,0.0,0.0689655172413793,0.0172413793103448,0.0517241379310344,0.0517241379310344,0.0,0.0,0.4137931034482758,1.0,238.0,0.0,18.0,0.923,3.76,0.122,1373.0,231.0
1v2-xH8o-Jk,True,True,133.0,91,70,82,1,0,35300,1846,Very Positive,7,-263.5,133.73,41.87,138.95,1.516,0.136,0.531,0.1246290801186943,42.0,39.0,0.9230769230769232,0.8571428571428571,True,0.2571428571428571,0.3095238095238095,0.0238095238095238,0.0238095238095238,0.238095238095238,0.0,0.0,0.0,0.0476190476190476,0.1666666666666666,0.0,0.0,0.5,3.0,175.0,11.31,26.5,0.632,3.86,0.143,1900.0,338.0
1wACYbm3fWE,True,True,195.0,63,56,2006,15,0,216000,5950,Neutral,5,50.92,9.98,11.46,10.7,1.659,0.138,0.691,0.0,0.0,0.0,0.0,0.0,False,0.0,0.0,0.0,0.0,0.0,0.0,0.0,0.0,0.0,0.0,0.0,0.0,0.0,0.125,16.5,5.37,6.38,0.27,2.79,0.091,930.0,127.0
1x16GljWewo,True,True,521.0,42,36,921,6,0,1220000,11882,Neutral,3,-1505.36,611.77,73.56,628.82,1.474,0.097,0.275,0.0334807327858496,53.0,39.0,0.8717948717948718,0.6415094339622641,True,0.7245283018867925,0.8113207547169812,0.0,0.2075471698113207,0.1698113207547169,0.0,0.0188679245283018,0.0566037735849056,0.0754716981132075,0.0188679245283018,0.0,0.0,0.4528301886792453,0.394,49.7,63.27,7.61,0.082,3.85,0.137,8832.0,1574.0
1xVsO9MyRC4,True,True,694.0,20,20,15385,106,4,216000,5950,Neutral,2,50.92,9.98,11.46,10.7,1.659,0.138,0.691,0.015625,2.0,2.0,1.0,1.0,True,0.8,1.0,0.0,0.0,0.0,0.0,0.0,0.0,0.0,0.0,0.0,0.0,1.0,0.125,16.5,5.37,6.38,0.27,2.79,0.091,930.0,127.0
1yUiXRlQmrg,True,True,3617.0,80,62,13062,0,0,239000,4402,Neutral,3,43.58,12.24,43.25,14.6,1.685,0.183,0.187,0.0004804804804804,4.0,4.0,1.0,1.0,True,0.8,1.0,0.75,0.0,0.0,0.0,0.0,0.0,0.0,0.0,0.0,0.0,0.25,0.232,20.93,14.1,6.78,0.005,3.38,0.101,52196.0,8323.0
22Ty9QW1x5A,True,True,132.0,97,75,4186,23,3,697000,6101,Very Positive,6,-305.51,153.5,34.94,159.64,1.341,0.079,0.471,0.1443037974683544,57.0,52.0,0.903846153846154,0.8245614035087719,False,0.1964912280701753,0.2982456140350877,0.0350877192982456,0.1228070175438596,0.1228070175438596,0.0,0.0350877192982456,0.0350877192982456,0.0175438596491228,0.1578947368421052,0.0,0.0350877192982456,0.4385964912280701,0.182,36.82,34.17,6.27,0.144,3.97,0.2,2011.0,398.0
24v2zQHZUAE,True,True,514.0,38,35,366,6,0,216000,5950,Neutral,2,-1053.41,435.2,81.46,448.62,1.615,0.17,0.397,0.0670840787119856,75.0,59.0,0.847457627118644,0.6666666666666666,True,0.5760000000000001,0.5066666666666667,0.0,0.08,0.72,0.0,0.0266666666666666,0.0,0.0,0.0666666666666666,0.0,0.0,0.1066666666666666,4.0,376.67,335.51,15.0,0.533,7.35,0.09,6768.0,1119.0
255fQTWPjLc,True,True,1208.0,28,27,131661,1283,117,569000,3032,Neutral,2,-3334.15,1312.53,129.07,1348.39,1.568,0.145,0.222,0.0245901639344262,84.0,54.0,0.7592592592592593,0.4880952380952381,True,0.8,1.0,0.2857142857142857,0.0595238095238095,0.119047619047619,0.0,0.0,0.1666666666666666,0.0238095238095238,0.0476190476190476,0.0,0.0,0.2976190476190476,2.65,175.1,173.84,13.4,0.082,6.31,0.103,19384.0,3414.0
25s5DMnRixA,True,True,392.0,76,51,2811,5,1,53500,1701,Neutral,4,-1006.28,420.18,63.59,432.82,1.466,0.104,0.363,0.0768526989935956,84.0,67.0,0.8656716417910447,0.6904761904761905,True,0.5761904761904761,0.4880952380952381,0.0952380952380952,0.0714285714285714,0.2023809523809523,0.0,0.0119047619047619,0.0119047619047619,0.0595238095238095,0.0595238095238095,0.0,0.0357142857142857,0.4523809523809524,0.4,111.5,106.2,10.2,0.189,6.55,0.14,5971.0,1089.0
285rrHITwQ8,True,True,16.0,11,11,1664,7,1,56400,1114,Neutral,1,51.52,13.03,13.02,14.06,1.5,0.107,0.857,0.2666666666666666,8.0,8.0,1.0,1.0,True,0.5,0.5,0.0,0.0,0.125,0.0,0.0,0.0,0.75,0.0,0.0,0.0,0.125,0.0,33.0,0.0,9.0,0.75,3.03,0.061,194.0,30.0
28FuV1M3YK4,True,True,753.0,83,59,94632,439,69,2230,227,Neutral,5,50.92,9.98,11.46,10.7,1.659,0.138,0.691,0.0,0.0,0.0,0.0,0.0,False,0.0,0.0,0.0,0.0,0.0,0.0,0.0,0.0,0.0,0.0,0.0,0.0,0.0,0.125,16.5,5.37,6.38,0.27,2.79,0.091,930.0,127.0
2A8uKo5t5oE,True,True,300.0,138,93,736,13,0,1220000,11882,Neutral,5,-567.44,242.46,70.72,250.61,1.906,0.232,0.396,0.1274509803921568,78.0,59.0,0.7966101694915254,0.6025641025641025,True,0.3538461538461539,0.3333333333333333,0.1794871794871795,0.0,0.282051282051282,0.0,0.0,0.0384615384615384,0.0897435897435897,0.0128205128205128,0.0,0.0,0.3974358974358974,0.333,207.67,314.4,12.67,0.792,6.95,0.085,4038.0,612.0
2DTTSvl9MZ0,True,True,60.0,58,52,14866,949,26,697000,6101,Positive,3,61.33,7.19,11.21,8.0,1.6,0.2,1.0,0.1,1.0,1.0,1.0,1.0,True,0.8,1.0,0.0,0.0,1.0,0.0,0.0,0.0,0.0,0.0,0.0,0.0,0.0,1.0,10.0,0.0,5.0,0.0,1.8,0.0,63.0,10.0
2EIAKgZjcB4,True,True,88.0,108,84,4266,31,7,569000,3032,Neutral,7,-129.99,85.3,25.25,89.01,1.378,0.069,0.53,0.2342342342342342,52.0,37.0,0.7837837837837838,0.5576923076923077,True,0.323076923076923,0.3653846153846153,0.0,0.0,0.2307692307692307,0.0,0.0,0.0769230769230769,0.0,0.0576923076923076,0.0,0.0,0.6346153846153846,0.0,33.29,30.77,6.43,0.182,3.21,0.18,1150.0,218.0
2FiXnrAasPA,True,True,61.0,45,39,199,8,0,11500,201,Neutral,4,78.03,4.89,8.5,6.61,1.401,0.087,0.558,0.0231213872832369,4.0,4.0,1.0,1.0,True,0.5,0.5,0.0,0.0,0.0,0.0,0.0,0.0,0.25,0.0,0.0,0.0,0.75,0.0,10.94,8.91,4.41,0.083,3.1,0.183,954.0,174.0
2Ife8c6RHls,True,True,200.0,21,18,337,5,0,135000,2612,Neutral,1,67.12,8.43,10.29,10.12,1.432,0.086,0.438,0.0173076923076923,9.0,9.0,1.0,1.0,True,0.5333333333333334,0.5555555555555556,0.1111111111111111,0.3333333333333333,0.0,0.0,0.0,0.0,0.1111111111111111,0.1111111111111111,0.0,0.0,0.3333333333333333,0.147,15.79,9.17,5.44,0.062,3.22,0.147,2843.0,519.0
2J6WUkDBrWU,True,True,72.0,138,105,270,11,0,128000,2724,Neutral,6,-24.24,46.45,18.24,50.0,1.292,0.058,0.6,0.3416666666666667,41.0,35.0,0.8857142857142857,0.7560975609756098,False,0.1853658536585365,0.2926829268292683,0.0,0.0,0.2439024390243902,0.0,0.0,0.0,0.0,0.5121951219512195,0.0,0.024390243902439,0.2195121951219512,0.0,11.18,16.74,3.45,0.088,2.43,0.163,597.0,121.0
2KJ2WTWAwi8,True,True,1123.0,36,31,2713,27,2,569000,3032,Neutral,2,-1278.76,522.03,82.39,536.86,1.603,0.145,0.284,0.0206794682422452,56.0,47.0,0.8936170212765957,0.75,True,0.8,1.0,0.1428571428571428,0.0892857142857142,0.1071428571428571,0.0,0.0,0.1785714285714285,0.0357142857142857,0.1071428571428571,0.0,0.0,0.3392857142857143,0.833,114.92,112.09,11.58,0.088,4.75,0.096,15688.0,2704.0
2OAPveVvBZE,True,True,196.0,29,29,179,3,0,56400,1114,Neutral,2,74.95,6.39,10.5,8.69,1.386,0.094,0.491,0.0289330922242314,16.0,15.0,0.9333333333333332,0.875,True,0.5250000000000001,0.5,0.0,0.0625,0.0625,0.0,0.0,0.1875,0.125,0.0,0.0,0.0,0.5625,0.098,13.78,7.57,5.24,0.051,2.95,0.126,3036.0,546.0
2PKtO5qgtTU,True,True,75.0,29,24,530,1,0,12500,1337,Neutral,3,61.33,7.19,11.21,8.0,1.6,0.2,1.0,0.1,1.0,1.0,1.0,1.0,True,0.8,1.0,0.0,0.0,1.0,0.0,0.0,0.0,0.0,0.0,0.0,0.0,0.0,1.0,10.0,0.0,5.0,0.0,1.8,0.0,63.0,10.0
2QKwDGlpVBo,True,True,162.0,110,80,2408,13,0,1220000,11882,Neutral,4,-352.55,163.05,56.72,168.72,1.753,0.217,0.514,0.1338199513381995,55.0,47.0,0.851063829787234,0.7272727272727273,True,0.2036363636363636,0.3272727272727272,0.0363636363636363,0.1818181818181818,0.2,0.0,0.0181818181818181,0.0,0.2,0.0,0.0,0.0,0.3636363636363636,2.0,208.5,286.38,18.0,0.923,5.16,0.098,2591.0,411.0
2VGNMvwcZ_4,True,True,257.0,36,29,2280,26,2,13900,447,Neutral,2,76.97,6.18,10.13,8.17,1.359,0.07,0.4,0.010703363914373,7.0,6.0,0.8333333333333334,0.7142857142857143,True,0.6285714285714286,0.5714285714285714,0.0,0.0,0.1428571428571428,0.0,0.0,0.0,0.1428571428571428,0.0,0.0,0.0,0.7142857142857143,0.089,14.84,11.03,5.47,0.041,2.92,0.159,3388.0,651.0
2WOM6we0SyM,True,True,3559.0,123,98,188,1,0,674,262,Neutral,4,-9156.7,3551.38,193.54,3644.61,1.49,0.122,0.16,0.0101665585117888,94.0,60.0,0.8166666666666667,0.5212765957446809,True,0.8,1.0,0.0425531914893617,0.0,0.2765957446808511,0.0,0.0106382978723404,0.0,0.0851063829787234,0.0957446808510638,0.0,0.0,0.4893617021276595,0.355,51.54,65.39,7.73,0.01,4.2,0.128,50483.0,9217.0
2WX9bq0jylU,True,True,230.0,56,51,4046,21,0,1220000,11882,Neutral,5,-481.85,221.08,40.59,229.3,1.35,0.076,0.449,0.1693121693121693,96.0,78.0,0.8974358974358975,0.7291666666666666,True,0.3458333333333334,0.3541666666666667,0.0208333333333333,0.0520833333333333,0.0729166666666666,0.0,0.0,0.03125,0.1145833333333333,0.1041666666666666,0.0,0.0,0.6041666666666666,0.308,44.85,60.99,6.77,0.123,3.53,0.151,2997.0,567.0
2ZVIKm33OSg,True,True,131.0,108,81,1005,6,1,145000,1134,Neutral,6,41.38,14.53,14.42,16.35,1.615,0.138,0.484,0.0031847133757961,1.0,1.0,1.0,1.0,True,0.8,1.0,0.0,0.0,1.0,0.0,0.0,0.0,0.0,0.0,0.0,0.0,0.0,0.273,28.82,16.4,7.91,0.223,3.6,0.104,1857.0,316.0
2ZhrOUAH-Ms,True,True,95.0,167,103,2785,14,0,5490,571,Negative,11,53.45,9.51,12.09,12.57,1.634,0.165,0.526,0.0507614213197969,10.0,7.0,0.5714285714285714,0.4,True,0.6400000000000001,0.7,0.0,0.0,0.5,0.0,0.0,0.0,0.2,0.0,0.0,0.0,0.3,0.154,15.54,11.45,6.31,0.115,3.04,0.104,1195.0,198.0
2_M6tOdjhyU,True,True,124.0,160,102,2772,27,0,1220000,11882,Neutral,13,84.03,4.56,8.12,6.9,1.306,0.063,0.518,0.0113207547169811,3.0,3.0,1.0,1.0,True,0.6666666666666667,0.6666666666666666,0.0,0.0,0.0,0.0,0.0,0.0,0.0,0.0,0.0,0.0,1.0,0.0,11.5,8.66,4.12,0.077,3.1,0.199,1401.0,261.0
2_S3Ifwc6pE,True,True,93.0,26,23,396,2,0,44000,2439,Neutral,1,-101.71,75.64,22.92,79.66,1.32,0.062,0.582,0.1179487179487179,23.0,23.0,1.0,1.0,True,0.2434782608695653,0.3043478260869565,0.0869565217391304,0.1304347826086956,0.0,0.0,0.0,0.0434782608695652,0.1304347826086956,0.0869565217391304,0.0,0.0,0.5217391304347826,0.333,34.17,18.61,6.67,0.19,3.46,0.18,976.0,198.0
2b5H5dfDkpQ,True,True,442.0,748,382,4140,44,0,44000,2439,Neutral,39,70.62,7.36,12.91,9.31,1.419,0.086,0.361,0.0134615384615384,14.0,13.0,0.9230769230769232,0.8571428571428571,True,0.6285714285714286,0.5714285714285714,0.2142857142857142,0.0714285714285714,0.0,0.0,0.0714285714285714,0.2857142857142857,0.0,0.0714285714285714,0.0,0.0,0.2857142857142857,0.221,16.04,10.57,5.34,0.028,3.06,0.143,5666.0,1033.0
2ba5QwyGIts,True,True,3825.0,186,133,111,0,0,3640,696,Neutral,3,-9542.61,3698.61,205.02,3795.3,1.54,0.132,0.159,0.0047956630525437,46.0,29.0,0.6551724137931034,0.4130434782608695,True,0.8,1.0,0.0,0.0,0.1956521739130435,0.0,0.0,0.0,0.1739130434782608,0.0,0.0,0.0,0.6304347826086957,0.901,107.95,129.43,12.08,0.025,5.26,0.114,54553.0,9580.0
2dRMaAqYBiE,True,True,196.0,24,20,2740,20,3,697000,6101,Neutral,2,-450.56,207.02,45.11,214.6,1.448,0.102,0.391,0.096045197740113,51.0,44.0,0.8863636363636364,0.7647058823529411,True,0.2588235294117647,0.3137254901960784,0.0784313725490196,0.0784313725490196,0.2352941176470588,0.0,0.0,0.0196078431372549,0.0980392156862745,0.0392156862745098,0.0,0.0,0.4509803921568627,0.444,60.78,47.4,9.33,0.24,3.96,0.159,2849.0,531.0
2ffgH6XdeJw,True,True,325.0,26,21,3422,45,2,477000,4732,Neutral,1,83.32,2.88,3.13,2.0,1.4,0.0,1.0,0.2,1.0,1.0,1.0,1.0,True,0.8,1.0,0.0,0.0,0.0,0.0,0.0,0.0,0.0,0.0,0.0,0.0,1.0,0.0,5.0,0.0,3.0,0.0,1.8,0.0,33.0,5.0
2fjVz3kVnaA,True,True,194.0,62,53,4417,16,3,569000,3032,Neutral,2,-444.93,206.74,35.95,213.64,1.357,0.062,0.41,0.1131725417439703,61.0,36.0,0.6666666666666666,0.3934426229508196,True,0.3081967213114753,0.3442622950819672,0.0,0.0163934426229508,0.1311475409836065,0.0,0.0,0.0,0.0327868852459016,0.180327868852459,0.0,0.0,0.639344262295082,0.0,26.19,35.9,5.38,0.109,3.28,0.147,2730.0,531.0
2g71uDwOqOE,True,True,3499.0,182,129,362,8,0,3640,696,Neutral,3,-8168.98,3169.16,210.6,3252.31,1.62,0.162,0.19,0.0070852675299291,58.0,52.0,0.903846153846154,0.8103448275862069,True,0.8,1.0,0.0172413793103448,0.0,0.293103448275862,0.0,0.0,0.0517241379310344,0.0344827586206896,0.0,0.0,0.0,0.603448275862069,0.662,112.95,241.42,11.15,0.021,6.15,0.111,47666.0,8185.0
2n4gXcZ1CMc,True,True,153.0,55,49,433,7,0,50000,1839,Neutral,3,-252.11,133.39,29.92,139.37,1.322,0.064,0.488,0.1756373937677053,62.0,43.0,0.7441860465116279,0.5161290322580645,False,0.0903225806451613,0.2580645161290322,0.064516129032258,0.064516129032258,0.1774193548387097,0.0,0.0,0.032258064516129,0.0967741935483871,0.0806451612903225,0.0,0.0,0.4838709677419355,0.0,60.17,58.43,8.5,0.205,5.69,0.188,1768.0,347.0
2nIn28UmhN0,True,True,552.0,29,27,2115,26,4,569000,3032,Neutral,2,61.33,7.19,11.21,8.0,1.6,0.2,1.0,0.1,1.0,1.0,1.0,1.0,True,0.8,1.0,0.0,0.0,1.0,0.0,0.0,0.0,0.0,0.0,0.0,0.0,0.0,1.0,10.0,0.0,5.0,0.0,1.8,0.0,63.0,10.0
2ngQBjNjNB4,True,False,241.0,0,0,4312,32,0,56400,1114,,0,-513.8,231.99,46.64,240.45,1.416,0.098,0.443,0.0801335559265442,48.0,41.0,0.8780487804878049,0.75,True,0.375,0.3958333333333333,0.0833333333333333,0.0625,0.1458333333333333,0.0,0.0,0.0833333333333333,0.1666666666666666,0.0208333333333333,0.0,0.0,0.4375,0.438,38.38,39.75,7.75,0.14,3.63,0.179,3127.0,598.0
2pdhKw7-Bcw,True,True,155.0,68,50,1413,27,0,1220000,11882,Neutral,3,-347.71,166.84,42.71,173.17,1.48,0.113,0.418,0.1538461538461538,66.0,44.0,0.7954545454545454,0.5303030303030303,False,0.1696969696969696,0.2878787878787879,0.0151515151515151,0.0,0.106060606060606,0.0,0.0,0.0,0.0151515151515151,0.0454545454545454,0.0,0.0,0.8181818181818182,1.25,108.75,107.65,10.5,0.313,7.9,0.133,2335.0,426.0
2qaZf1CNS9Q,True,False,123.0,0,0,1070,3,0,1350,298,,0,-193.27,99.59,48.47,105.47,1.862,0.264,0.577,0.2058823529411764,49.0,43.0,0.8837209302325582,0.7755102040816326,True,0.2775510204081632,0.3061224489795918,0.1020408163265306,0.0408163265306122,0.2653061224489796,0.0,0.0,0.0204081632653061,0.0204081632653061,0.0,0.0,0.0,0.5510204081632653,4.0,120.5,163.34,10.0,0.867,4.39,0.083,1529.0,239.0
2sGbpACkSBw,True,True,5618.0,62,48,3855,15,0,24900,211,Neutral,4,-13548.81,5237.2,257.27,5373.41,1.576,0.147,0.167,0.0021150900736634,29.0,26.0,0.8846153846153846,0.7931034482758621,True,0.8,1.0,0.0,0.0,0.1724137931034483,0.0,0.0,0.0,0.1379310344827586,0.0344827586206896,0.0,0.0,0.6551724137931034,0.743,76.57,96.01,9.19,0.01,4.59,0.108,78061.0,13666.0
2sgjLRoTW6U,True,True,155.0,98,76,1758,8,1,16600,1353,Neutral,4,56.66,9.16,11.7,11.48,1.592,0.147,0.569,0.0192926045016077,6.0,6.0,1.0,1.0,True,0.4000000000000001,0.3333333333333333,0.0,0.0,0.5,0.0,0.0,0.1666666666666666,0.0,0.0,0.0,0.0,0.3333333333333333,0.048,15.52,8.17,5.57,0.076,3.04,0.163,1864.0,311.0
2uD0VmPdGIE,True,True,55.0,71,64,97088,2960,47,697000,6101,Very Positive,6,2.85,36.96,11.21,39.62,1.247,0.021,0.639,0.2755102040816326,27.0,25.0,0.92,0.8518518518518519,True,0.2962962962962963,0.4444444444444444,0.0,0.037037037037037,0.2962962962962963,0.0,0.0,0.0,0.0,0.1481481481481481,0.0,0.0,0.5185185185185185,0.0,12.0,12.98,4.0,0.226,2.57,0.241,467.0,98.0
2y7_hW0r-KA,True,True,140.0,54,47,542,5,0,14600,3587,Positive,4,-304.06,152.8,33.89,158.96,1.348,0.074,0.483,0.1742424242424242,69.0,58.0,0.8448275862068966,0.7101449275362319,True,0.2086956521739131,0.3188405797101449,0.0289855072463768,0.2028985507246377,0.1014492753623188,0.0,0.0,0.072463768115942,0.0434782608695652,0.0579710144927536,0.0,0.0144927536231884,0.4782608695652174,0.4,79.4,48.8,10.0,0.32,4.01,0.144,1999.0,394.0
2yoM01eIydY,True,False,32.0,0,0,1254,9,0,144000,1700,,0,61.33,7.19,11.21,8.0,1.6,0.2,1.0,0.1,1.0,1.0,1.0,1.0,True,0.8,1.0,0.0,0.0,1.0,0.0,0.0,0.0,0.0,0.0,0.0,0.0,0.0,1.0,10.0,0.0,5.0,0.0,1.8,0.0,63.0,10.0
2zi6d7WffN4,True,True,144.0,179,134,2786,26,0,44000,2439,Neutral,8,-232.49,123.44,40.59,130.18,1.438,0.137,0.543,0.2049689440993788,66.0,58.0,0.896551724137931,0.7878787878787878,True,0.2121212121212121,0.3333333333333333,0.0,0.0151515151515151,0.106060606060606,0.0,0.0,0.0,0.0454545454545454,0.0303030303030303,0.0,0.0151515151515151,0.7878787878787878,0.222,37.11,25.98,7.67,0.193,3.37,0.168,1710.0,323.0
2zy9LV6ARSI,True,True,166.0,64,62,720,7,0,45400,902,Neutral,4,-368.64,173.74,49.19,180.7,1.535,0.148,0.503,0.10250569476082,45.0,37.0,0.918918918918919,0.7555555555555555,True,0.2488888888888889,0.3111111111111111,0.0,0.0,0.4888888888888889,0.0,0.0,0.1111111111111111,0.0444444444444444,0.0222222222222222,0.0,0.0,0.3333333333333333,6.0,460.0,0.0,27.0,0.971,4.51,0.122,2525.0,441.0
30O9u8iC51g,True,True,134.0,45,38,24133,126,27,697000,6101,Neutral,3,-231.35,119.31,42.71,124.46,1.616,0.162,0.556,0.2266666666666666,68.0,56.0,0.9464285714285714,0.7794117647058824,False,0.1470588235294119,0.2794117647058823,0.0,0.25,0.2941176470588235,0.0,0.0294117647058823,0.0735294117647058,0.0294117647058823,0.088235294117647,0.0,0.0,0.2352941176470588,3.0,305.0,0.0,14.0,0.933,5.52,0.079,1780.0,302.0
33GSIeWCkIY,True,True,132.0,50,45,2812,18,0,15400,728,Neutral,3,-208.8,111.94,39.26,116.57,1.554,0.143,0.546,0.1690140845070422,48.0,40.0,0.875,0.7291666666666666,False,0.1916666666666666,0.2916666666666667,0.0625,0.0,0.2916666666666667,0.0,0.0,0.0,0.0416666666666666,0.125,0.0,0.0208333333333333,0.4583333333333333,1.333,97.67,60.37,10.33,0.515,4.42,0.106,1670.0,284.0
33XHF1jM0ec,True,True,126.0,65,47,3301,30,0,113000,553,Neutral,4,6.81,32.12,19.03,35.16,1.408,0.097,0.492,0.1495327102803738,48.0,40.0,0.875,0.7291666666666666,False,0.1666666666666667,0.2916666666666667,0.0416666666666666,0.0,0.2708333333333333,0.0,0.0208333333333333,0.0833333333333333,0.0416666666666666,0.0416666666666666,0.0,0.0208333333333333,0.4791666666666667,0.2,66.6,57.7,10.4,0.447,3.97,0.153,1755.0,320.0
3701tC_7yYQ,True,True,54.0,49,47,153,1,0,36000,6286,Very Positive,5,-72.18,63.32,22.08,66.88,1.366,0.068,0.559,0.1111111111111111,18.0,18.0,1.0,1.0,False,0.0666666666666666,0.2222222222222222,0.0,0.0555555555555555,0.0555555555555555,0.0,0.0,0.0,0.0,0.3333333333333333,0.0,0.0,0.5555555555555556,0.5,41.75,31.01,6.5,0.37,4.32,0.156,868.0,162.0
37xSeUlCF0c,True,True,60.0,102,78,691,13,1,46000,861,Very Positive,6,-27.85,43.23,24.5,46.57,1.514,0.133,0.667,0.1851851851851851,20.0,16.0,0.8125,0.65,True,0.1999999999999999,0.3,0.0,0.0,0.1,0.0,0.35,0.05,0.0,0.1,0.0,0.0,0.4,1.0,112.0,0.0,10.0,0.833,5.28,0.143,591.0,108.0
38H0DS1tEow,True,True,157.0,40,38,655,2,0,34900,832,Neutral,2,-352.64,169.02,43.52,175.8,1.466,0.117,0.41,0.0763888888888889,33.0,29.0,0.896551724137931,0.7878787878787878,True,0.2303030303030304,0.3333333333333333,0.0,0.0,0.0303030303030303,0.0,0.0909090909090909,0.0,0.2424242424242424,0.0,0.0,0.0,0.6363636363636364,11.0,438.0,0.0,26.0,0.972,4.09,0.103,2330.0,431.0
3A5st5NlSb8,True,True,265.0,109,82,4837,20,0,216000,5950,Neutral,5,54.14,10.87,13.13,12.49,1.556,0.127,0.387,0.0068119891008174,5.0,5.0,1.0,1.0,True,0.56,0.6,0.0,0.0,0.2,0.0,0.0,0.2,0.0,0.0,0.0,0.0,0.6,0.243,20.46,13.09,6.49,0.048,3.22,0.102,4227.0,737.0
3Aw2zuF6pL4,True,True,3062.0,91,70,243,0,0,1400,201,Neutral,4,-7821.13,3036.92,189.82,3116.49,1.552,0.137,0.195,0.0030345176381337,24.0,22.0,0.9090909090909092,0.8333333333333334,True,0.8,1.0,0.0,0.0,0.0833333333333333,0.0,0.0,0.0,0.0416666666666666,0.0,0.0,0.0,0.875,1.171,115.2,213.3,11.33,0.022,6.0,0.132,44165.0,7890.0
3BXyPWii8l4,True,True,183.0,144,109,1029,13,0,1220000,11882,Neutral,7,-373.11,180.32,31.69,186.76,1.3,0.054,0.436,0.1311827956989247,61.0,47.0,0.851063829787234,0.6557377049180327,True,0.1704918032786886,0.3278688524590163,0.0163934426229508,0.081967213114754,0.1639344262295081,0.0,0.0,0.0491803278688524,0.0,0.0983606557377049,0.0,0.0,0.5901639344262295,0.231,37.31,61.34,5.46,0.094,5.1,0.223,2310.0,463.0
3C8hSJhPM_c,True,True,41.0,56,55,298,8,0,1100,430,Neutral,2,-14.29,33.14,22.92,34.91,1.75,0.167,0.736,0.1527777777777778,11.0,11.0,1.0,1.0,False,0.2181818181818182,0.2727272727272727,0.0909090909090909,0.0909090909090909,0.2727272727272727,0.0,0.0,0.0,0.0909090909090909,0.0,0.0,0.0,0.4545454545454545,0.0,74.0,0.0,15.0,0.5,5.25,0.068,459.0,73.0
3F3KdExu3Is,True,True,366.0,132,106,1096,12,0,24900,211,Neutral,7,-961.51,402.75,59.97,414.7,1.477,0.096,0.292,0.0435203094777562,45.0,35.0,0.8571428571428571,0.6666666666666666,True,0.5955555555555556,0.6444444444444445,0.0222222222222222,0.1111111111111111,0.1333333333333333,0.0,0.0,0.1333333333333333,0.0,0.0222222222222222,0.0,0.0,0.5777777777777777,0.667,117.56,91.35,13.44,0.182,4.4,0.134,5715.0,1031.0
3Fker8Nmd5Y,True,True,191.0,55,47,24606,184,21,477000,4732,Neutral,3,72.15,6.22,9.47,7.78,1.446,0.087,0.512,0.0301624129930394,13.0,12.0,0.9166666666666666,0.8461538461538461,True,0.4000000000000001,0.4615384615384615,0.0,0.1538461538461538,0.0769230769230769,0.0,0.0,0.0769230769230769,0.0769230769230769,0.0,0.0,0.0,0.6153846153846154,0.115,9.35,8.88,3.94,0.024,2.97,0.138,2423.0,451.0
3Fnf2wMr1Lc,True,True,446.0,40,35,7332,37,6,11500,201,Neutral,3,-882.46,374.34,56.11,386.08,1.382,0.09,0.358,0.0731958762886598,71.0,62.0,0.9032258064516128,0.7887323943661971,True,0.5690140845070424,0.5352112676056338,0.0985915492957746,0.1408450704225352,0.1126760563380281,0.0,0.0140845070422535,0.0845070422535211,0.0704225352112676,0.0140845070422535,0.0,0.0422535211267605,0.4225352112676056,0.37,36.93,31.61,7.56,0.083,3.42,0.179,4967.0,962.0
3ID0wHwGDSY,True,False,186.0,0,0,187,2,0,4200,1167,,0,61.33,7.19,11.21,8.0,1.6,0.2,1.0,0.1,1.0,1.0,1.0,1.0,True,0.8,1.0,0.0,0.0,1.0,0.0,0.0,0.0,0.0,0.0,0.0,0.0,0.0,1.0,10.0,0.0,5.0,0.0,1.8,0.0,63.0,10.0
3JRKq3l5juw,True,True,202.0,35,29,1268,18,1,10700,653,Neutral,3,99.69,0.98,7.03,3.42,1.188,0.035,0.434,0.0097799511002444,4.0,4.0,1.0,1.0,True,0.7,0.75,0.0,0.25,0.25,0.0,0.0,0.0,0.0,0.25,0.0,0.0,0.25,0.031,6.51,6.05,3.17,0.027,2.48,0.239,2000.0,402.0
3KzgtcRaNxw,True,True,60.0,52,45,38925,957,38,34300,1590,Positive,4,-98.18,72.42,28.03,76.48,1.41,0.104,0.645,0.1739130434782608,32.0,28.0,0.9285714285714286,0.8125,False,0.125,0.25,0.09375,0.125,0.15625,0.0,0.0,0.0625,0.0,0.0625,0.0,0.0,0.5,1.0,62.33,64.38,8.67,0.333,3.91,0.144,968.0,183.0
3NfQj4OComI,True,False,1763.0,0,0,1909,24,0,9660,2336,,0,-4098.3,1605.18,148.78,1648.45,1.614,0.158,0.205,0.016945107398568,71.0,58.0,0.896551724137931,0.7323943661971831,True,0.8,1.0,0.1971830985915492,0.1408450704225352,0.1690140845070422,0.0,0.028169014084507,0.0,0.0845070422535211,0.028169014084507,0.0,0.0,0.352112676056338,0.364,97.05,121.92,10.02,0.042,5.19,0.117,24617.0,4180.0
3Q_Pmf5L4vw,True,True,64.0,24,22,259,0,0,1220000,11882,Neutral,2,-94.35,74.86,20.27,79.64,1.221,0.046,0.518,0.2413793103448276,49.0,35.0,0.7714285714285715,0.5510204081632653,False,0.146938775510204,0.2857142857142857,0.0,0.0204081632653061,0.1224489795918367,0.0,0.0,0.0,0.0408163265306122,0.1428571428571428,0.0,0.1020408163265306,0.5714285714285714,0.0,14.2,16.17,3.6,0.108,2.76,0.211,959.0,202.0
3RND7mOLvsA,True,False,101.0,0,0,268,1,0,21200,1769,,0,-174.86,99.26,38.34,105.01,1.536,0.153,0.504,0.1767068273092369,44.0,28.0,0.8571428571428571,0.5454545454545454,False,0.1272727272727274,0.25,0.0,0.1363636363636363,0.2045454545454545,0.0,0.3636363636363636,0.0,0.0,0.0454545454545454,0.0,0.0,0.25,5.0,249.0,0.0,14.0,0.929,4.67,0.141,1419.0,249.0
3ULGjJENUU4,True,True,224.0,73,57,383,3,0,477000,4732,Neutral,4,61.33,7.19,11.21,8.0,1.6,0.2,1.0,0.1,1.0,1.0,1.0,1.0,True,0.8,1.0,0.0,0.0,1.0,0.0,0.0,0.0,0.0,0.0,0.0,0.0,0.0,1.0,10.0,0.0,5.0,0.0,1.8,0.0,63.0,10.0
3V6pHnzQV2I,True,True,61.0,41,34,402,4,0,75200,1684,Neutral,2,-113.16,82.21,17.12,86.53,1.215,0.028,0.481,0.2252252252252252,50.0,43.0,0.9302325581395348,0.8,False,0.104,0.26,0.04,0.02,0.14,0.0,0.0,0.1,0.14,0.06,0.0,0.06,0.44,0.143,31.86,49.47,5.57,0.165,4.22,0.202,1026.0,221.0
3YHRys57nVI,True,True,538.0,22,21,452,0,0,22900,642,Neutral,1,-1346.33,549.84,80.83,566.3,1.514,0.132,0.311,0.0297872340425531,42.0,31.0,0.935483870967742,0.6904761904761905,True,0.6285714285714286,0.5714285714285714,0.0238095238095238,0.0238095238095238,0.3571428571428571,0.0,0.0,0.0,0.0476190476190476,0.0714285714285714,0.0,0.0238095238095238,0.4523809523809524,2.0,363.5,274.45,17.25,0.429,5.48,0.135,8098.0,1407.0
3YY_2TSC1kY,True,True,356.0,39,35,847,10,0,13800,709,Neutral,2,-791.6,336.08,63.32,346.4,1.544,0.13,0.399,0.0661252900232018,57.0,41.0,0.7804878048780488,0.5614035087719298,True,0.456140350877193,0.4210526315789473,0.0175438596491228,0.1052631578947368,0.1403508771929824,0.0,0.3157894736842105,0.0,0.1228070175438596,0.0175438596491228,0.0,0.0,0.2807017543859649,10.0,879.0,0.0,19.0,0.981,8.57,0.131,5091.0,864.0
3aUEf7VZLas,True,False,168.0,0,0,320,1,0,4200,1167,,0,85.85,3.98,7.79,5.8,1.3,0.043,0.484,0.0104602510460251,5.0,5.0,1.0,1.0,True,0.6400000000000001,0.6,0.0,0.2,0.0,0.0,0.0,0.0,0.0,0.0,0.0,0.0,0.8,0.02,9.92,6.97,4.68,0.036,2.95,0.133,2546.0,483.0
3e6Ok8BFqYo,True,True,472.0,42,35,963,14,1,216000,5950,Neutral,2,-1232.82,505.93,76.73,521.05,1.528,0.129,0.294,0.0420489296636085,55.0,30.0,0.7333333333333333,0.4,True,0.6109090909090908,0.5272727272727272,0.0181818181818181,0.0909090909090909,0.1272727272727272,0.0,0.0,0.2181818181818181,0.0363636363636363,0.2363636363636363,0.0,0.0,0.2727272727272727,7.0,1323.0,0.0,36.0,0.989,21.65,0.102,7149.0,1308.0
3h86G04DrxQ,True,True,236.0,45,37,2109,15,0,20300,1285,Neutral,3,-530.11,232.53,65.97,241.18,1.692,0.207,0.362,0.0868824531516184,51.0,44.0,0.9090909090909092,0.7843137254901961,True,0.3215686274509803,0.3529411764705882,0.0,0.0196078431372549,0.3725490196078431,0.0,0.0,0.0588235294117647,0.0588235294117647,0.0392156862745098,0.0,0.0,0.4509803921568627,5.0,296.0,181.02,16.5,0.776,5.74,0.11,3443.0,585.0
3iGLfS5PRyY,True,True,143.0,132,94,1011,4,0,15400,480,Neutral,7,-267.32,129.79,49.89,135.37,1.777,0.21,0.536,0.1806853582554517,58.0,42.0,0.8571428571428571,0.6206896551724138,False,0.1034482758620689,0.2586206896551724,0.0689655172413793,0.1379310344827586,0.293103448275862,0.0,0.0517241379310344,0.1206896551724138,0.0172413793103448,0.0,0.0,0.0,0.3103448275862069,5.0,328.0,0.0,18.0,0.95,10.76,0.104,1962.0,321.0
3ihszthnayg,True,True,597.0,17,17,34750,298,0,1220000,11882,Neutral,2,-1547.39,627.57,76.29,645.17,1.491,0.102,0.307,0.0487053020961775,79.0,61.0,0.8852459016393442,0.6835443037974683,True,0.7240506329113925,0.810126582278481,0.2151898734177215,0.050632911392405,0.050632911392405,0.0,0.0253164556962025,0.2278481012658227,0.050632911392405,0.0632911392405063,0.0,0.0,0.3164556962025316,0.65,83.2,110.38,10.0,0.139,4.42,0.108,8822.0,1616.0
3k4Dc7saXzQ,True,True,2405.0,230,132,11,0,0,1100,430,Neutral,16,-7003.11,2726.31,145.83,2798.73,1.372,0.089,0.142,0.0055460750853242,39.0,32.0,0.8125,0.6666666666666666,True,0.8,1.0,0.0,0.0,0.1025641025641025,0.0,0.0,0.0,0.1282051282051282,0.0,0.0,0.0,0.7692307692307693,0.155,44.61,48.94,7.88,0.012,3.85,0.16,35793.0,6999.0
3kOElXz0vVg,True,True,177.0,117,82,2964,3,1,88900,1346,Neutral,4,-318.95,154.63,40.15,159.38,1.536,0.108,0.405,0.1370558375634517,54.0,30.0,0.8333333333333334,0.4629629629629629,False,0.0592592592592593,0.2222222222222222,0.1296296296296296,0.0555555555555555,0.3148148148148148,0.0,0.0555555555555555,0.074074074074074,0.0,0.0555555555555555,0.0,0.0,0.3148148148148148,3.0,395.0,0.0,25.0,0.957,4.25,0.086,2165.0,392.0
3kgHXxW9XaE,True,True,209.0,72,64,343,1,0,1220000,11882,Neutral,4,-452.98,203.14,56.11,209.41,1.68,0.169,0.471,0.0996168582375478,52.0,37.0,0.8378378378378378,0.5961538461538461,True,0.2461538461538461,0.3461538461538461,0.0,0.0192307692307692,0.3846153846153846,0.0,0.0,0.0,0.0384615384615384,0.0961538461538461,0.0,0.0192307692307692,0.4423076923076923,3.5,264.5,364.16,12.0,0.935,5.18,0.064,3140.0,520.0
3lVXurnurXo,True,True,3834.0,112,78,337,0,0,1400,201,Neutral,6,-9399.22,3645.07,189.91,3740.86,1.465,0.114,0.164,0.0058669460450497,56.0,45.0,0.8222222222222222,0.6607142857142857,True,0.8,1.0,0.0,0.0178571428571428,0.2142857142857142,0.0,0.0,0.0178571428571428,0.0,0.0357142857142857,0.0,0.0,0.7142857142857143,0.511,72.81,89.42,9.19,0.013,4.44,0.126,51626.0,9527.0
3m0vW_ejQwY,True,True,112.0,101,70,2471,18,0,35300,1846,Positive,5,-213.97,118.87,25.25,123.44,1.315,0.049,0.521,0.1590909090909091,49.0,44.0,0.9318181818181818,0.8367346938775511,True,0.2448979591836735,0.3061224489795918,0.0408163265306122,0.1020408163265306,0.2040816326530612,0.0,0.0,0.0612244897959183,0.0204081632653061,0.1836734693877551,0.0,0.0,0.3877551020408163,0.667,106.67,71.4,13.0,0.473,3.67,0.163,1592.0,307.0
3nKK-9wM7sA,True,True,183.0,18,17,31596,141,0,9140,1878,Neutral,3,-271.22,139.28,35.45,144.7,1.392,0.09,0.47,0.1553672316384181,55.0,48.0,0.8541666666666666,0.7454545454545455,False,0.1309090909090908,0.2727272727272727,0.0181818181818181,0.0727272727272727,0.109090909090909,0.0,0.0,0.0727272727272727,0.0,0.1454545454545454,0.0,0.0,0.5818181818181818,0.2,25.2,19.51,6.0,0.11,2.95,0.175,1830.0,357.0
3oRTawBYIDk,True,True,1177.0,249,154,1151,10,0,1220000,11882,Neutral,11,-3477.65,1369.81,111.97,1406.54,1.464,0.103,0.193,0.0308815272318921,110.0,79.0,0.7848101265822784,0.5636363636363636,True,0.8,1.0,0.0,0.009090909090909,0.1818181818181818,0.0,0.0181818181818181,0.0363636363636363,0.0454545454545454,0.0909090909090909,0.0,0.0,0.6181818181818182,0.849,69.38,69.55,8.66,0.045,4.37,0.131,19170.0,3553.0
3rMay9yNYYQ,True,True,2325.0,5,5,413,1,0,13600,1174,Neutral,1,61.33,7.19,11.21,8.0,1.6,0.2,1.0,0.1,1.0,1.0,1.0,1.0,True,0.8,1.0,0.0,0.0,1.0,0.0,0.0,0.0,0.0,0.0,0.0,0.0,0.0,1.0,10.0,0.0,5.0,0.0,1.8,0.0,63.0,10.0
3thMvCaALDc,True,True,2286.0,112,84,2486,26,0,17100,551,Neutral,9,-4819.18,1883.36,150.67,1933.74,1.557,0.138,0.191,0.0148117671261057,72.0,49.0,0.8163265306122449,0.5555555555555556,True,0.8,1.0,0.0833333333333333,0.0,0.2222222222222222,0.0,0.0,0.1805555555555555,0.0555555555555555,0.0972222222222222,0.0,0.0,0.3611111111111111,1.226,94.11,124.32,9.0,0.034,4.94,0.11,28285.0,4859.0
3vC_uVwtqc8,True,False,2084.0,0,0,3328,22,1,56400,1114,,0,57.06,9.77,29.39,11.75,1.555,0.13,0.215,0.0022217733791153,11.0,7.0,0.5714285714285714,0.3636363636363636,True,0.8,1.0,0.0909090909090909,0.0,0.4545454545454545,0.0,0.0,0.0,0.0,0.1818181818181818,0.0,0.0,0.2727272727272727,0.358,18.49,9.77,6.49,0.007,2.91,0.103,28553.0,4942.0
3xBoVClIOXs,True,True,169.0,39,37,1695,7,0,34900,832,Neutral,2,-384.95,180.23,47.75,186.61,1.524,0.134,0.452,0.1746724890829694,80.0,66.0,0.8787878787878788,0.725,False,0.1300000000000001,0.2625,0.0125,0.0375,0.2375,0.0,0.0125,0.1,0.0625,0.0125,0.0,0.0125,0.5125,3.0,472.0,0.0,22.0,0.971,6.64,0.1,2644.0,457.0
423GoR_79Xg,True,False,207.0,0,0,117,0,0,4200,1167,,0,65.0,7.94,10.72,9.84,1.496,0.11,0.45,0.0182926829268292,9.0,9.0,1.0,1.0,True,0.7111111111111112,0.7777777777777778,0.0,0.0,0.0,0.0,0.0,0.0,0.2222222222222222,0.2222222222222222,0.0,0.0,0.5555555555555556,0.047,12.02,8.8,4.93,0.054,2.83,0.099,2883.0,502.0
43PWKVRHdHU,True,True,83.0,86,64,211,0,1,135000,2612,Neutral,3,40.42,13.4,14.19,15.11,1.688,0.161,0.597,0.0261780104712041,5.0,4.0,0.75,0.6,True,0.48,0.4,0.0,0.0,0.2,0.0,0.0,0.0,0.2,0.0,0.0,0.0,0.6,0.125,24.5,10.18,7.75,0.188,3.45,0.087,1273.0,191.0
44cLsk09rN8,True,True,182.0,80,64,1254,15,4,34900,832,Neutral,4,-298.01,149.48,33.89,154.5,1.396,0.076,0.488,0.1157894736842105,44.0,40.0,0.925,0.8409090909090909,True,0.2636363636363636,0.3636363636363636,0.0,0.1590909090909091,0.1363636363636363,0.0,0.0227272727272727,0.0681818181818181,0.0,0.2045454545454545,0.0,0.0227272727272727,0.3863636363636363,0.556,44.0,36.89,8.11,0.145,3.36,0.207,2041.0,381.0
48e5swYBT_Y,True,True,67.0,19,19,1313,19,1,477000,4732,Neutral,2,38.47,12.8,13.43,13.47,1.753,0.165,0.633,0.0434782608695652,7.0,6.0,0.8333333333333334,0.7142857142857143,True,0.6285714285714286,0.5714285714285714,0.1428571428571428,0.0,0.0,0.0,0.0,0.2857142857142857,0.0,0.0,0.0,0.0,0.5714285714285714,0.0,20.5,7.84,6.88,0.152,3.44,0.085,1042.0,162.0
4CCA9ojRAoU,True,True,45.0,37,35,1432,24,0,13100,2911,Neutral,4,75.03,7.55,10.29,10.34,1.328,0.082,0.597,0.0218978102189781,3.0,3.0,1.0,1.0,True,0.6666666666666667,0.6666666666666666,0.0,0.0,0.3333333333333333,0.0,0.0,0.0,0.0,0.0,0.0,0.0,0.6666666666666666,0.0,20.14,10.76,6.14,0.324,3.14,0.156,720.0,136.0
4DPaiwanZmo,True,True,229.0,87,64,2117,41,0,569000,3032,Very Positive,3,58.74,9.95,11.73,11.93,1.515,0.115,0.458,0.0115384615384615,6.0,5.0,0.8,0.6666666666666666,True,0.5333333333333334,0.5,0.0,0.0,0.1666666666666666,0.0,0.0,0.3333333333333333,0.1666666666666666,0.0,0.0,0.0,0.3333333333333333,0.027,15.19,12.5,5.3,0.059,3.31,0.146,2990.0,533.0
4DhN2CpNWzY,True,True,396.0,52,42,1238,3,2,216000,5950,Neutral,2,52.3,9.52,15.82,11.92,1.655,0.172,0.402,0.0045662100456621,4.0,3.0,0.6666666666666666,0.5,True,0.7,0.75,0.0,0.0,0.0,0.0,0.0,0.0,0.0,0.25,0.0,0.0,0.75,0.15,14.7,6.93,5.72,0.033,2.86,0.071,5322.0,877.0
4EBUSmSh9Ew,True,True,1379.0,359,181,7281,23,12,10700,653,Neutral,56,54.35,12.1,22.59,14.06,1.492,0.106,0.214,0.0045085662759242,15.0,14.0,0.9285714285714286,0.8666666666666667,True,0.8,1.0,0.0,0.0,0.0666666666666666,0.0,0.0,0.0666666666666666,0.1333333333333333,0.0,0.0,0.0,0.7333333333333333,0.228,26.82,14.07,7.87,0.018,3.43,0.111,18817.0,3317.0
4Eb_iMpNFcA,True,True,306.0,192,133,2522,15,0,53500,1701,Neutral,9,-694.44,301.91,51.6,311.91,1.391,0.093,0.315,0.047680412371134,37.0,24.0,0.7083333333333334,0.4594594594594595,True,0.518918918918919,0.4864864864864865,0.0,0.054054054054054,0.1081081081081081,0.0,0.0,0.0,0.0,0.027027027027027,0.0,0.0,0.8108108108108109,0.667,130.67,60.44,13.67,0.249,4.33,0.188,4154.0,772.0
4EflwSP2EJk,True,True,5506.0,10,8,967,3,1,569000,3032,Neutral,1,-13549.96,5239.34,239.16,5376.03,1.494,0.127,0.164,0.0067217067290129,92.0,86.0,0.9302325581395348,0.8695652173913043,True,0.8,1.0,0.0760869565217391,0.0760869565217391,0.1956521739130435,0.0,0.0326086956521739,0.0434782608695652,0.0543478260869565,0.1521739130434782,0.0,0.0108695652173913,0.358695652173913,0.41,45.82,46.98,7.76,0.006,3.93,0.139,74896.0,13609.0
4FP1kfHmxf8,True,True,91.0,102,78,177,5,3,46000,861,Very Positive,6,-94.95,71.96,23.73,75.82,1.372,0.071,0.607,0.1945945945945946,36.0,34.0,0.9411764705882352,0.8888888888888888,True,0.1555555555555556,0.3055555555555556,0.0277777777777777,0.0555555555555555,0.0833333333333333,0.0,0.0,0.0,0.0,0.1666666666666666,0.0,0.0,0.6666666666666666,1.0,191.0,0.0,17.0,0.958,4.99,0.168,984.0,185.0
4FsNXTPOlU4,True,True,162.0,17,17,525,5,4,16600,1353,Positive,2,-296.17,149.96,35.95,156.52,1.339,0.086,0.453,0.1739130434782608,68.0,57.0,0.8245614035087719,0.6911764705882353,False,0.1764705882352941,0.2941176470588235,0.0294117647058823,0.0294117647058823,0.1764705882352941,0.0,0.0,0.0,0.1176470588235294,0.1029411764705882,0.0,0.0,0.5441176470588235,0.429,59.0,74.95,8.29,0.176,4.2,0.169,2004.0,389.0
4Hch-iQuCgw,True,True,212.0,52,37,48,0,0,6800,1417,Neutral,3,46.45,11.15,13.82,14.03,1.685,0.199,0.405,0.0,0.0,0.0,0.0,0.0,False,0.0,0.0,0.0,0.0,0.0,0.0,0.0,0.0,0.0,0.0,0.0,0.0,0.0,0.308,17.92,6.66,6.73,0.072,3.1,0.073,2967.0,463.0
4JNPNawfbBA,True,True,246.0,42,33,1354674,2651,51,57500,1308,Neutral,3,50.92,9.98,11.46,10.7,1.659,0.138,0.691,0.0,0.0,0.0,0.0,0.0,False,0.0,0.0,0.0,0.0,0.0,0.0,0.0,0.0,0.0,0.0,0.0,0.0,0.0,0.125,16.5,5.37,6.38,0.27,2.79,0.091,930.0,127.0
4JOucJhWvJU,True,True,119.0,14,14,1540,4,0,16500,1455,Neutral,1,-192.81,106.48,37.41,110.99,1.521,0.135,0.554,0.2074074074074074,56.0,47.0,0.8297872340425532,0.6964285714285714,False,0.1642857142857143,0.2678571428571428,0.0535714285714285,0.1071428571428571,0.0892857142857142,0.0,0.0,0.0535714285714285,0.0714285714285714,0.1071428571428571,0.0,0.0,0.5178571428571429,3.0,273.0,0.0,22.0,0.958,4.3,0.088,1503.0,269.0
4L4FrsM6kFM,True,True,356.0,65,55,3640,31,3,9140,1878,Neutral,4,-826.5,354.11,47.01,365.36,1.32,0.065,0.348,0.0644808743169398,59.0,43.0,0.8604651162790697,0.6271186440677966,True,0.5423728813559323,0.5084745762711864,0.1016949152542373,0.1864406779661017,0.2033898305084746,0.0,0.0,0.0,0.0338983050847457,0.0677966101694915,0.0,0.0677966101694915,0.3389830508474576,0.29,30.52,42.71,5.77,0.053,3.69,0.168,4594.0,909.0
4LAI8_eIr7g,True,True,2127.0,81,49,2329,16,0,13800,709,Neutral,1,-6172.85,2406.3,142.95,2470.06,1.421,0.097,0.166,0.0096525096525096,60.0,44.0,0.8636363636363636,0.6333333333333333,True,0.8,1.0,0.05,0.05,0.1333333333333333,0.0,0.0166666666666666,0.0,0.1166666666666666,0.0333333333333333,0.0,0.0,0.6,0.385,54.48,58.45,8.88,0.017,3.89,0.153,32600.0,6196.0
4Li5l4YG3i4,True,True,226.0,105,76,3973,29,1,191000,1170,Positive,6,78.6,5.93,10.05,8.14,1.34,0.07,0.424,0.0047095761381475,3.0,3.0,1.0,1.0,True,0.6666666666666667,0.6666666666666666,0.0,0.0,0.0,0.0,0.0,0.0,0.0,0.0,0.0,0.0,1.0,0.021,13.66,8.8,5.13,0.044,3.05,0.174,3311.0,619.0
4Q-oIndKj3A,True,True,64.0,314,191,395,2,0,569000,3032,Neutral,13,-60.99,60.02,21.19,64.2,1.318,0.065,0.591,0.2857142857142857,44.0,39.0,0.8717948717948718,0.7727272727272727,False,0.1454545454545455,0.25,0.0909090909090909,0.0681818181818181,0.1363636363636363,0.0,0.0,0.1363636363636363,0.0,0.0227272727272727,0.0,0.0454545454545454,0.5,3.0,158.0,0.0,12.0,0.9,7.31,0.133,795.0,154.0
4TwLNSc5jLE,True,True,308.0,54,45,366,14,2,11700,1438,Neutral,3,50.92,9.98,11.46,10.7,1.659,0.138,0.691,0.0,0.0,0.0,0.0,0.0,False,0.0,0.0,0.0,0.0,0.0,0.0,0.0,0.0,0.0,0.0,0.0,0.0,0.0,0.125,16.5,5.37,6.5,0.27,2.79,0.091,930.0,127.0
4UUyBAeVmQk,True,True,154.0,42,39,1017,9,0,34900,832,Neutral,3,-325.41,148.08,60.26,154.0,1.972,0.278,0.483,0.1717451523545706,62.0,45.0,0.8888888888888888,0.6451612903225806,False,0.1612903225806452,0.2741935483870967,0.1612903225806451,0.0161290322580645,0.3225806451612903,0.0,0.0,0.0,0.1129032258064516,0.0,0.0,0.0,0.3870967741935484,4.0,364.0,0.0,21.0,0.875,7.42,0.052,2435.0,362.0
4Zxvm3MSb8k,True,True,567.0,67,45,1618486,11564,642,477000,4732,Neutral,5,47.08,11.22,18.32,13.05,1.67,0.182,0.334,0.0196581196581196,23.0,13.0,0.5384615384615384,0.3043478260869565,True,0.6086956521739131,0.5217391304347826,0.0434782608695652,0.391304347826087,0.0,0.0,0.0,0.4782608695652174,0.0,0.0,0.0,0.0,0.0869565217391304,0.734,18.44,8.06,6.58,0.025,3.12,0.02,7028.0,1172.0
4czrkm7S1Rk,True,True,224.0,102,77,1463,21,1,34900,832,Negative,6,-485.85,222.63,40.59,230.39,1.349,0.075,0.428,0.1147826086956521,66.0,61.0,0.9508196721311476,0.8787878787878788,True,0.3515151515151515,0.3636363636363636,0.0909090909090909,0.0606060606060606,0.1666666666666666,0.0,0.0,0.0606060606060606,0.0606060606060606,0.1363636363636363,0.0,0.0,0.4242424242424242,0.385,46.08,59.68,7.85,0.149,3.84,0.189,2930.0,573.0
4ieT1N2B_Ww,True,True,190.0,95,62,71847,276,28,17400,646,Neutral,6,42.29,12.43,14.07,14.37,1.7,0.18,0.455,0.0317460317460317,16.0,14.0,0.8571428571428571,0.75,True,0.25,0.3125,0.0,0.0625,0.1875,0.0,0.0,0.125,0.125,0.0,0.0,0.0,0.5,0.192,19.85,9.55,6.23,0.053,3.35,0.019,3100.0,502.0
4kPFuxWn-WY,True,True,578.0,47,34,156471,806,121,13800,709,Neutral,3,50.92,9.98,11.46,10.7,1.659,0.138,0.691,0.0,0.0,0.0,0.0,0.0,False,0.0,0.0,0.0,0.0,0.0,0.0,0.0,0.0,0.0,0.0,0.0,0.0,0.0,0.125,16.5,5.37,6.38,0.27,2.79,0.091,930.0,127.0
4nRfuf13vS4,True,True,622.0,69,46,3935,12,0,216000,5950,Neutral,3,50.13,10.65,18.63,12.08,1.641,0.151,0.294,0.0148347943358057,22.0,15.0,0.6666666666666666,0.4545454545454545,True,0.6909090909090909,0.7272727272727273,0.5454545454545454,0.0454545454545454,0.0,0.0,0.0454545454545454,0.0,0.0,0.0,0.0,0.0,0.3636363636363636,0.366,18.22,11.07,6.35,0.026,2.91,0.062,8784.0,1484.0
4nke5FR3B8Q,True,True,201.0,41,38,2416,10,2,16600,1353,Neutral,1,-303.24,146.98,47.01,152.96,1.614,0.16,0.416,0.1056910569105691,39.0,25.0,0.64,0.4102564102564102,False,0.1743589743589744,0.282051282051282,0.1794871794871795,0.0256410256410256,0.3076923076923077,0.0,0.0,0.1282051282051282,0.0,0.0256410256410256,0.0,0.0,0.3333333333333333,0.5,92.75,72.23,15.5,0.272,3.02,0.097,2101.0,369.0
4pixAOy_yrU,True,False,2380.0,0,0,98,1,0,14700,1456,,0,-6021.07,2347.12,147.65,2409.4,1.462,0.106,0.188,0.0088742810188989,54.0,49.0,0.9591836734693876,0.8703703703703703,True,0.8,1.0,0.0555555555555555,0.0185185185185185,0.1481481481481481,0.0,0.0,0.0925925925925925,0.074074074074074,0.0555555555555555,0.0,0.0,0.5555555555555556,0.362,66.98,82.5,8.72,0.018,4.2,0.145,33625.0,6074.0
4s_XF3NJTvA,True,True,3895.0,277,158,146,3,0,14700,1456,Neutral,21,59.54,10.24,39.95,12.54,1.486,0.12,0.145,0.0005662514156285,6.0,6.0,1.0,1.0,True,0.8,1.0,0.6666666666666666,0.0,0.0,0.0,0.0,0.0,0.0,0.0,0.0,0.0,0.3333333333333333,0.212,20.85,14.16,6.57,0.004,3.28,0.124,58982.0,10567.0
4tTwjfZs3u8,True,True,4738.0,215,132,201,4,0,15400,480,Neutral,8,63.75,9.42,41.68,11.72,1.447,0.101,0.112,0.0003618730549323,5.0,4.0,0.75,0.6,True,0.8,1.0,0.6,0.0,0.2,0.0,0.0,0.0,0.0,0.0,0.0,0.0,0.2,0.115,19.02,19.04,5.57,0.002,3.35,0.133,73864.0,13746.0
4v1fxR5lgbk,True,True,50.0,44,38,497,2,0,46100,596,Negative,3,-79.3,65.06,27.37,69.5,1.415,0.11,0.555,0.1616766467065868,27.0,25.0,0.96,0.8888888888888888,False,0.1481481481481481,0.2962962962962963,0.0,0.037037037037037,0.2222222222222222,0.0,0.037037037037037,0.0,0.0,0.1111111111111111,0.0,0.0,0.5925925925925926,0.0,29.33,18.89,8.17,0.25,3.31,0.182,862.0,167.0
4w6__b_TV4Y,True,True,401.0,55,42,1932,18,9,98900,2838,Neutral,5,-826.73,346.94,71.92,357.11,1.671,0.165,0.39,0.0486425339366515,43.0,36.0,0.8611111111111112,0.7209302325581395,True,0.6046511627906976,0.627906976744186,0.0232558139534883,0.0,0.2093023255813953,0.0,0.0232558139534883,0.0930232558139534,0.0,0.0465116279069767,0.0,0.1162790697674418,0.4883720930232558,2.4,180.4,239.53,11.2,0.398,9.61,0.061,5250.0,888.0
4yq6Fb9Fk68,True,False,277.0,0,0,1198,2,0,1350,298,,0,-649.51,281.23,57.92,290.08,1.556,0.129,0.367,0.103207810320781,74.0,48.0,0.8541666666666666,0.5540540540540541,True,0.3513513513513513,0.3378378378378378,0.0405405405405405,0.0135135135135135,0.5540540540540541,0.0,0.0,0.0,0.0135135135135135,0.0945945945945946,0.0,0.0,0.2837837837837837,1.667,244.0,404.52,8.33,0.484,7.14,0.1,4165.0,718.0
5-aBc5GrLUw,True,True,3701.0,95,67,589,1,0,1400,201,Neutral,4,-9554.72,3702.79,213.96,3799.83,1.563,0.144,0.165,0.0043622766929788,42.0,38.0,0.8947368421052632,0.8095238095238095,True,0.8,1.0,0.0476190476190476,0.0238095238095238,0.1666666666666666,0.0,0.0,0.0,0.0714285714285714,0.0476190476190476,0.0,0.0,0.6428571428571429,0.805,83.9,96.13,10.03,0.014,4.84,0.116,54455.0,9613.0
51bRSMepzZ8,True,True,3857.0,130,90,296,2,0,24900,211,Neutral,4,-9550.41,3700.94,221.79,3798.17,1.572,0.155,0.158,0.003648493693318,35.0,31.0,0.935483870967742,0.8285714285714286,True,0.8,1.0,0.1428571428571428,0.0285714285714285,0.1142857142857142,0.0,0.0,0.0,0.1428571428571428,0.0285714285714285,0.0,0.0,0.5428571428571428,0.659,76.23,88.79,9.02,0.012,4.46,0.134,54373.0,9527.0
52eMwhf8UfI,True,True,105.0,51,42,177246,1130,137,239000,4402,Neutral,3,54.14,9.89,11.51,11.67,1.603,0.128,0.63,0.0409090909090909,9.0,8.0,0.875,0.7777777777777778,True,0.3111111111111111,0.4444444444444444,0.3333333333333333,0.4444444444444444,0.1111111111111111,0.0,0.0,0.0,0.0,0.0,0.0,0.0,0.1111111111111111,0.154,17.08,11.05,5.54,0.141,3.2,0.059,1370.0,220.0
53nSYd7rkBQ,True,True,105.0,94,73,46091,421,96,46000,861,Very Positive,5,-151.16,93.22,28.68,97.84,1.388,0.084,0.565,0.2708333333333333,65.0,60.0,0.9333333333333332,0.8615384615384616,False,0.1292307692307692,0.2461538461538461,0.0615384615384615,0.0769230769230769,0.1846153846153846,0.0,0.0,0.0,0.0461538461538461,0.1076923076923077,0.0,0.0307692307692307,0.4923076923076923,1.5,123.0,43.84,12.5,0.625,5.63,0.207,1220.0,237.0
57E0mZvygpc,True,True,508.0,41,36,1103,13,1,216000,5950,Neutral,1,-1273.44,522.28,80.62,538.37,1.493,0.138,0.29,0.0508221225710014,68.0,39.0,0.717948717948718,0.4117647058823529,True,0.6058823529411765,0.5147058823529411,0.0147058823529411,0.3235294117647059,0.2941176470588235,0.0,0.0,0.1617647058823529,0.0441176470588235,0.0147058823529411,0.0,0.0,0.1470588235294117,5.0,677.0,954.59,15.0,0.495,6.28,0.151,7666.0,1338.0
5ACyY3UzLYA,True,True,6020.0,240,179,315,8,0,1220000,11882,Neutral,5,67.46,8.56,41.44,10.74,1.42,0.091,0.109,0.0006657346381732,10.0,9.0,0.8888888888888888,0.8,True,0.8,1.0,0.0,0.0,0.1,0.0,0.0,0.0,0.0,0.0,0.0,0.0,0.9,0.12,18.45,15.96,5.92,0.002,3.47,0.151,81084.0,14974.0
5AR_Ol_jRp4,True,True,101.0,115,81,526,6,0,697000,6101,Neutral,3,-192.58,108.44,31.12,112.91,1.422,0.087,0.575,0.2464285714285714,69.0,59.0,0.8813559322033898,0.7536231884057971,False,0.0927536231884058,0.2608695652173913,0.0434782608695652,0.072463768115942,0.144927536231884,0.0,0.0,0.0579710144927536,0.0289855072463768,0.0579710144927536,0.0,0.0144927536231884,0.5797101449275363,2.0,145.0,151.32,11.0,0.476,5.68,0.117,1526.0,277.0
5CMjNnn9Qds,True,True,1710.0,17,17,67,0,0,14600,3587,Neutral,1,79.03,5.89,22.16,8.21,1.334,0.067,0.197,0.0005944125222904,3.0,3.0,1.0,1.0,True,0.8,1.0,0.0,0.3333333333333333,0.0,0.0,0.0,0.0,0.0,0.0,0.0,0.0,0.6666666666666666,0.073,14.59,12.62,5.11,0.006,3.17,0.178,26319.0,5030.0
5CoiTOiNWxo,True,True,3933.0,147,104,57063,148,0,24900,211,Neutral,7,-10228.31,3962.19,216.96,4066.16,1.535,0.138,0.165,0.0047535894450911,49.0,43.0,0.9069767441860463,0.7959183673469388,True,0.8,1.0,0.2448979591836734,0.0,0.1428571428571428,0.0,0.0,0.0,0.1632653061224489,0.0,0.0,0.0,0.4489795918367347,0.369,53.87,54.9,7.79,0.009,4.28,0.115,56467.0,10260.0
5DGn6xjdvzU,True,True,81.0,60,50,147,1,0,15600,1174,Neutral,2,55.82,11.52,12.65,13.93,1.493,0.114,0.438,0.1146788990825688,25.0,18.0,0.7777777777777778,0.56,True,0.32,0.36,0.0,0.0,0.24,0.0,0.0,0.24,0.04,0.0,0.0,0.0,0.48,0.0,14.25,7.83,4.75,0.086,2.68,0.149,1173.0,219.0
5ESAlImjJ8s,True,True,71.0,36,30,1448,2,2,16500,1455,Neutral,4,-160.29,95.49,29.92,99.72,1.448,0.091,0.531,0.1680327868852459,41.0,37.0,0.945945945945946,0.8536585365853658,False,0.2439024390243902,0.2926829268292683,0.1463414634146341,0.048780487804878,0.1463414634146341,0.0,0.024390243902439,0.1951219512195122,0.1219512195121951,0.073170731707317,0.0,0.0,0.2439024390243902,0.0,258.0,0.0,12.0,0.944,6.24,0.151,1338.0,242.0
5GJwAa6eFag,True,True,209.0,79,61,83390,675,139,46900,1152,Neutral,5,73.73,5.77,11.07,8.78,1.438,0.117,0.469,0.0120240480961923,6.0,6.0,1.0,1.0,True,0.7333333333333334,0.8333333333333334,0.0,0.0,0.3333333333333333,0.0,0.0,0.1666666666666666,0.0,0.0,0.0,0.0,0.5,0.111,11.29,7.38,4.56,0.043,2.67,0.175,2750.0,497.0
5H5OZOWWCqI,True,True,36.0,330,174,901,8,0,75200,1684,Neutral,13,61.33,7.19,11.21,8.0,1.6,0.2,1.0,0.1,1.0,1.0,1.0,1.0,True,0.8,1.0,0.0,0.0,1.0,0.0,0.0,0.0,0.0,0.0,0.0,0.0,0.0,1.0,10.0,0.0,5.0,0.0,1.8,0.0,63.0,10.0
5KBzsvpvMME,True,True,218.0,119,87,70247,572,0,60900,808,Neutral,5,-511.59,225.23,57.92,232.55,1.701,0.163,0.424,0.1381692573402418,80.0,53.0,0.7735849056603774,0.5125,False,0.2250000000000001,0.275,0.0625,0.075,0.1625,0.0,0.175,0.0,0.05,0.125,0.0,0.0,0.35,2.8,120.4,91.27,12.6,0.429,5.3,0.09,3562.0,578.0
5LRHP3sYThs,True,True,73.0,24,23,790,4,1,16500,1455,Neutral,3,-100.49,74.23,26.68,78.99,1.365,0.09,0.593,0.1099476439790576,21.0,20.0,0.95,0.9047619047619048,True,0.4190476190476191,0.3809523809523809,0.0476190476190476,0.0,0.0952380952380952,0.0,0.0,0.0,0.0476190476190476,0.0476190476190476,0.0,0.0,0.7619047619047619,0.333,33.0,39.23,6.5,0.283,3.93,0.157,950.0,190.0
5M9tz38lrvQ,True,True,98.0,80,61,28651,98,2,17400,646,Neutral,3,60.17,9.66,11.51,11.39,1.502,0.112,0.546,0.02734375,7.0,7.0,1.0,1.0,True,0.4000000000000001,0.4285714285714285,0.0,0.1428571428571428,0.0,0.0,0.0,0.0,0.2857142857142857,0.0,0.0,0.0,0.5714285714285714,0.077,20.31,16.12,5.85,0.082,3.81,0.087,1437.0,256.0
5OOtWbywkls,True,True,140.0,110,85,1065,26,0,144000,1700,Neutral,5,61.33,7.19,11.21,8.0,1.6,0.2,1.0,0.1,1.0,1.0,1.0,1.0,True,0.8,1.0,0.0,0.0,1.0,0.0,0.0,0.0,0.0,0.0,0.0,0.0,0.0,1.0,10.0,0.0,5.0,0.0,1.8,0.0,63.0,10.0
5Oo9Q6Iot4Y,True,True,1579.0,35,31,278,2,0,674,262,Neutral,1,-3008.27,1184.84,140.24,1217.53,1.687,0.19,0.333,0.0266367137355584,83.0,71.0,0.8591549295774648,0.7349397590361446,True,0.8,1.0,0.1204819277108433,0.0,0.1927710843373494,0.0,0.0,0.0,0.0481927710843373,0.0240963855421686,0.0,0.0120481927710843,0.6024096385542169,1.172,108.66,116.29,10.83,0.058,5.14,0.063,18917.0,3111.0
5P7iL1sO1U4,True,True,969.0,165,97,827,13,0,1220000,11882,Neutral,11,67.29,8.5,19.15,10.78,1.426,0.095,0.233,0.0003940110323089,1.0,1.0,1.0,1.0,True,0.8,1.0,1.0,0.0,0.0,0.0,0.0,0.0,0.0,0.0,0.0,0.0,0.0,0.086,18.74,13.28,5.4,0.014,3.8,0.159,14519.0,2532.0
5PfTJoKghrA,True,True,6789.0,127,95,333,3,0,1100,430,Neutral,4,-16444.95,6349.17,296.66,6514.05,1.616,0.162,0.142,0.002920951743443,48.0,24.0,0.7916666666666666,0.3958333333333333,True,0.8,1.0,0.0208333333333333,0.0,0.125,0.0,0.0208333333333333,0.0,0.0,0.0,0.0,0.0,0.8333333333333334,0.67,83.22,116.77,10.02,0.008,4.58,0.097,94169.0,16410.0
5SfrGDLMibg,True,True,224.0,77,60,2617,29,2,16600,1353,Neutral,4,69.47,6.93,11.21,9.02,1.461,0.108,0.47,0.0229276895943562,13.0,13.0,1.0,1.0,True,0.4923076923076923,0.5384615384615384,0.0,0.0769230769230769,0.0769230769230769,0.0,0.0,0.0769230769230769,0.0,0.0,0.0,0.0,0.7692307692307693,0.098,14.12,8.86,5.46,0.047,2.82,0.14,3145.0,559.0
5UYVmBsASws,True,True,217.0,223,144,1302,5,0,32100,748,Neutral,8,-465.45,210.34,54.54,218.36,1.564,0.152,0.494,0.0939226519337016,51.0,46.0,0.9347826086956522,0.8431372549019608,True,0.3607843137254902,0.3529411764705882,0.0,0.0196078431372549,0.2156862745098039,0.0,0.0,0.0784313725490196,0.1372549019607843,0.0588235294117647,0.0,0.0,0.4901960784313725,2.0,282.0,33.94,17.5,0.702,7.56,0.138,3108.0,541.0
5XfjuyMHbKE,True,False,589.0,0,0,40516,152,15,98900,2838,,0,-1773.12,714.7,87.67,735.4,1.472,0.12,0.274,0.0261295590636908,48.0,36.0,0.9166666666666666,0.6875,True,0.7,0.75,0.0208333333333333,0.0,0.3333333333333333,0.0,0.0,0.1666666666666666,0.0833333333333333,0.0208333333333333,0.0,0.0416666666666666,0.3333333333333333,1.846,145.85,120.23,11.46,0.138,5.62,0.16,10080.0,1832.0
5YG5fnuJmNQ,True,True,545.0,28,27,813,2,0,569000,3032,Neutral,2,-1469.02,599.25,68.01,616.65,1.405,0.084,0.323,0.0354381443298969,55.0,51.0,0.9215686274509804,0.8545454545454545,True,0.6109090909090908,0.5272727272727272,0.1636363636363636,0.1272727272727272,0.0363636363636363,0.0,0.0363636363636363,0.0363636363636363,0.0363636363636363,0.0727272727272727,0.0,0.0,0.4909090909090909,0.15,40.05,45.5,7.15,0.056,3.89,0.164,8271.0,1542.0
5YvJEANB_OE,True,True,120.0,222,142,2203,27,2,32100,748,Neutral,9,50.92,9.98,11.46,10.7,1.659,0.138,0.691,0.0,0.0,0.0,0.0,0.0,False,0.0,0.0,0.0,0.0,0.0,0.0,0.0,0.0,0.0,0.0,0.0,0.0,0.0,0.125,16.5,5.37,6.38,0.27,2.84,0.091,930.0,127.0
5bEVFzJQNIQ,True,True,63.0,241,147,196,3,0,47600,2491,Neutral,5,49.72,13.58,13.66,16.34,1.507,0.116,0.596,0.1156462585034013,17.0,13.0,0.8461538461538461,0.6470588235294118,True,0.5411764705882354,0.5294117647058824,0.0,0.0,0.1176470588235294,0.0,0.0,0.1176470588235294,0.0,0.0,0.0,0.0,0.7647058823529411,0.8,30.2,23.02,8.6,0.386,3.78,0.119,864.0,147.0
5bv82bVnm2Q,True,True,59.0,94,73,42221,226,21,46000,861,Very Positive,5,-76.03,62.37,28.03,66.13,1.484,0.123,0.529,0.2193548387096774,34.0,25.0,0.76,0.5588235294117647,True,0.1764705882352941,0.3235294117647059,0.1470588235294117,0.0294117647058823,0.2352941176470588,0.0,0.0,0.088235294117647,0.0,0.2352941176470588,0.0,0.0,0.2647058823529412,2.0,156.0,0.0,10.0,0.9,6.38,0.141,848.0,155.0
5kEquK1PFKc,True,False,666.0,0,0,606,0,0,7800,361,,0,-633.47,273.03,65.05,282.03,1.654,0.17,0.375,0.062278839348903,88.0,68.0,0.9117647058823528,0.7045454545454546,True,0.6772727272727272,0.6931818181818182,0.034090909090909,0.1818181818181818,0.3977272727272727,0.0,0.0681818181818181,0.1477272727272727,0.034090909090909,0.0,0.0,0.0,0.1363636363636363,6.5,356.0,213.28,14.75,0.448,8.82,0.081,8426.0,1412.0
5kUzMfvL-u0,True,True,3517.0,114,81,1078,5,0,24900,211,Neutral,6,-8372.71,3248.0,207.75,3333.35,1.593,0.154,0.167,0.0043927341802208,37.0,35.0,0.9428571428571428,0.8918918918918919,True,0.8,1.0,0.027027027027027,0.0,0.1621621621621621,0.0,0.0,0.054054054054054,0.1621621621621621,0.054054054054054,0.0,0.0,0.5405405405405406,1.301,103.1,103.04,12.13,0.021,4.61,0.095,48101.0,8403.0
5luYA35UPqk,True,True,163.0,57,50,92,2,0,56400,1114,Neutral,3,-340.72,165.12,34.42,170.38,1.433,0.071,0.536,0.1376146788990825,60.0,55.0,0.9090909090909092,0.8333333333333334,True,0.24,0.3833333333333333,0.0666666666666666,0.0,0.15,0.0,0.0,0.0,0.0166666666666666,0.0666666666666666,0.0,0.0,0.7,0.3,44.6,51.13,7.3,0.126,4.93,0.157,2322.0,431.0
5oR3tvB9wM0,True,True,111.0,145,116,2110,13,0,44000,2439,Neutral,7,61.33,7.19,11.21,8.0,1.6,0.2,1.0,0.1,1.0,1.0,1.0,1.0,True,0.8,1.0,0.0,0.0,1.0,0.0,0.0,0.0,0.0,0.0,0.0,0.0,0.0,1.0,10.0,0.0,5.0,0.0,1.8,0.0,63.0,10.0
5sLIIxfENpk,True,True,121.0,42,34,1627,9,1,36000,6286,Neutral,2,-269.53,135.57,42.29,141.44,1.54,0.138,0.566,0.1831395348837209,63.0,53.0,0.8867924528301887,0.746031746031746,False,0.1587301587301588,0.2539682539682539,0.1111111111111111,0.0158730158730158,0.238095238095238,0.0,0.0158730158730158,0.0,0.0793650793650793,0.1587301587301587,0.0,0.0,0.3809523809523809,0.2,71.4,74.58,9.0,0.462,3.56,0.118,1998.0,343.0
5tqFHJOQAdA,True,True,89.0,92,62,1037,8,0,35300,1846,Neutral,4,-168.04,97.81,34.94,102.63,1.48,0.126,0.553,0.125,31.0,29.0,0.9310344827586208,0.8709677419354839,True,0.3096774193548388,0.3548387096774194,0.0967741935483871,0.0967741935483871,0.1612903225806451,0.0,0.0,0.0,0.0967741935483871,0.0,0.0,0.0,0.5483870967741935,1.333,86.67,33.61,10.33,0.489,3.78,0.146,1346.0,247.0
5z5tS427w3M,True,True,3628.0,313,182,263,2,0,14700,1456,Neutral,14,66.53,8.22,34.03,10.77,1.454,0.113,0.158,0.0025364616360177,20.0,20.0,1.0,1.0,True,0.8,1.0,0.05,0.05,0.05,0.0,0.0,0.05,0.2,0.0,0.0,0.0,0.6,0.155,16.73,11.15,5.9,0.005,3.33,0.137,44015.0,7855.0
5zVO8qosRu0,True,True,107.0,23,22,1161,5,0,170000,3304,Neutral,1,-173.16,100.02,33.36,104.45,1.468,0.111,0.472,0.0873015873015873,22.0,20.0,0.95,0.8636363636363636,True,0.2727272727272727,0.3636363636363636,0.0,0.0,0.2272727272727272,0.0,0.0,0.0,0.1363636363636363,0.0454545454545454,0.0,0.0,0.5909090909090909,2.0,255.0,0.0,13.0,0.938,7.54,0.153,1424.0,251.0
6-0CvKbDtPs,True,True,352.0,41,36,1442,23,0,216000,5950,Neutral,1,-612.68,272.62,35.95,281.71,1.289,0.047,0.334,0.15625,110.0,86.0,0.8488372093023255,0.6636363636363637,True,0.3272727272727274,0.3363636363636363,0.0,0.009090909090909,0.2727272727272727,0.0,0.0,0.0545454545454545,0.0,0.2636363636363636,0.0,0.009090909090909,0.3909090909090909,0.062,45.25,56.22,7.81,0.09,4.06,0.159,3536.0,700.0
606MR38-uWU,True,False,26.0,0,0,934,25,3,16000,397,,0,61.33,7.19,11.21,8.0,1.6,0.2,1.0,0.1,1.0,1.0,1.0,1.0,True,0.8,1.0,0.0,0.0,1.0,0.0,0.0,0.0,0.0,0.0,0.0,0.0,0.0,1.0,10.0,0.0,5.0,0.0,1.8,0.0,63.0,10.0
60nv9HR7l3c,True,True,2025.0,37,31,2729,20,0,75200,1684,Neutral,4,-4627.54,1809.43,152.86,1857.85,1.571,0.148,0.223,0.0049145299145299,23.0,18.0,0.8333333333333334,0.6521739130434783,True,0.8,1.0,0.217391304347826,0.0,0.0869565217391304,0.0,0.0,0.0,0.0,0.0,0.0,0.0,0.6956521739130435,4.227,217.68,336.64,13.77,0.105,8.16,0.107,26577.0,4678.0
62TiP9HlXNk,True,True,1731.0,10,10,1820,0,0,24400,946,Neutral,1,-4276.15,1675.95,127.5,1720.88,1.497,0.11,0.202,0.0119266055045871,52.0,29.0,0.6896551724137931,0.3846153846153846,True,0.8,1.0,0.0,0.0769230769230769,0.0576923076923076,0.0,0.3076923076923077,0.0,0.1346153846153846,0.0192307692307692,0.0,0.0,0.4038461538461538,4.571,315.36,194.24,14.79,0.111,6.55,0.123,24514.0,4358.0
63Al6PQ7ma0,True,True,121.0,25,24,970,7,1,50000,1839,Neutral,2,-258.2,131.5,36.93,136.39,1.526,0.106,0.48,0.1305637982195845,44.0,32.0,0.84375,0.6136363636363636,False,0.2363636363636363,0.2954545454545454,0.0909090909090909,0.0454545454545454,0.1818181818181818,0.0,0.0,0.0454545454545454,0.0227272727272727,0.0681818181818181,0.0,0.0,0.5454545454545454,2.0,346.0,0.0,35.0,0.966,4.84,0.113,1901.0,335.0
63KXp9pZzRA,True,True,34.0,11,11,360,2,0,12600,950,Neutral,1,17.87,27.91,15.9,29.92,1.406,0.072,0.739,0.2463768115942029,17.0,16.0,0.9375,0.8823529411764706,True,0.3294117647058823,0.4117647058823529,0.0,0.2352941176470588,0.0588235294117647,0.0,0.2352941176470588,0.0588235294117647,0.0,0.0,0.0,0.0,0.4117647058823529,1.0,70.0,0.0,13.0,0.833,3.25,0.114,355.0,67.0
65-pbNnw6lA,True,True,340.0,108,78,254,4,0,191000,1170,Neutral,4,-836.37,355.49,53.26,366.2,1.437,0.085,0.382,0.0644808743169398,59.0,46.0,0.8260869565217391,0.6440677966101694,True,0.5152542372881357,0.5084745762711864,0.0508474576271186,0.0169491525423728,0.1016949152542373,0.0,0.0,0.0,0.0,0.0338983050847457,0.0,0.0,0.7966101694915254,0.667,103.22,144.16,11.67,0.163,5.74,0.152,4897.0,912.0
65GPXjCQVr4,True,True,3599.0,132,96,1608,13,0,1100,430,Neutral,6,-8440.09,3272.8,220.21,3358.7,1.645,0.172,0.184,0.0086874853251937,74.0,59.0,0.864406779661017,0.6891891891891891,True,0.8,1.0,0.027027027027027,0.0405405405405405,0.2972972972972973,0.0,0.0,0.0,0.1081081081081081,0.0135135135135135,0.0,0.0,0.5135135135135135,0.636,62.21,109.7,7.71,0.011,4.87,0.105,49747.0,8502.0
66Uv-ZwBY88,True,True,171.0,44,36,1862,9,0,50000,1839,Neutral,3,-341.69,161.53,49.19,167.23,1.625,0.16,0.442,0.1078431372549019,44.0,33.0,0.8181818181818182,0.6136363636363636,True,0.1999999999999999,0.3409090909090909,0.0,0.0227272727272727,0.2045454545454545,0.0,0.1136363636363636,0.0,0.1136363636363636,0.0,0.0,0.0,0.5454545454545454,10.0,417.0,0.0,17.0,0.97,6.38,0.115,2369.0,408.0
67z06JNHqDg,True,True,177.0,41,32,22721,148,24,14600,3587,Neutral,4,50.92,9.98,11.46,10.7,1.659,0.138,0.691,0.0,0.0,0.0,0.0,0.0,False,0.0,0.0,0.0,0.0,0.0,0.0,0.0,0.0,0.0,0.0,0.0,0.0,0.0,0.125,16.5,5.37,6.38,0.27,2.79,0.091,930.0,127.0
68XsPhyMEZA,True,True,220.0,75,60,686431,3983,0,1220000,11882,Neutral,5,61.33,7.19,11.21,8.0,1.6,0.2,1.0,0.1,1.0,1.0,1.0,1.0,True,0.8,1.0,0.0,0.0,1.0,0.0,0.0,0.0,0.0,0.0,0.0,0.0,0.0,1.0,10.0,0.0,5.0,0.0,1.8,0.0,63.0,10.0
6AhH-TiwtJw,True,False,33.0,0,0,188,2,0,16700,496,,0,-14.8,33.96,25.98,36.93,1.72,0.213,0.693,0.2266666666666666,17.0,16.0,0.9375,0.8823529411764706,False,0.0705882352941176,0.2352941176470588,0.0,0.0,0.1176470588235294,0.0,0.0,0.0,0.1176470588235294,0.0588235294117647,0.0,0.0,0.7058823529411765,0.0,25.67,32.13,7.0,0.308,4.08,0.13,464.0,75.0
6DDGrjVRevo,True,True,88.0,36,33,685,7,1,17400,646,Negative,3,61.33,7.19,11.21,8.0,1.6,0.2,1.0,0.1,1.0,1.0,1.0,1.0,True,0.8,1.0,0.0,0.0,1.0,0.0,0.0,0.0,0.0,0.0,0.0,0.0,0.0,1.0,10.0,0.0,5.0,0.0,1.8,0.0,63.0,10.0
6FpNp3Uy04Q,True,True,141.0,7,7,403,0,0,63500,1955,Neutral,1,-286.3,143.37,42.29,149.72,1.474,0.129,0.488,0.0796703296703296,29.0,29.0,1.0,1.0,True,0.2482758620689655,0.3103448275862069,0.0,0.0344827586206896,0.0344827586206896,0.0,0.0,0.0689655172413793,0.0344827586206896,0.0,0.0,0.0689655172413793,0.7586206896551724,0.0,94.75,93.57,14.0,0.302,3.73,0.127,1985.0,364.0
6HmrD6hkuFA,True,True,76.0,31,25,2309,26,1,697000,6101,Neutral,1,61.33,7.19,11.21,8.0,1.6,0.2,1.0,0.1,1.0,1.0,1.0,1.0,True,0.8,1.0,0.0,0.0,1.0,0.0,0.0,0.0,0.0,0.0,0.0,0.0,0.0,1.0,10.0,0.0,5.0,0.0,1.8,0.0,63.0,10.0
6INZhigA4Nc,True,True,692.0,132,93,2277,19,1,15400,480,Neutral,6,-1552.19,631.22,69.26,649.05,1.404,0.083,0.267,0.0429711479435236,70.0,54.0,0.8333333333333334,0.6428571428571429,True,0.7028571428571428,0.7571428571428571,0.1714285714285714,0.0142857142857142,0.0428571428571428,0.0,0.0,0.0,0.0285714285714285,0.0,0.0,0.0428571428571428,0.7,0.394,50.21,41.97,9.3,0.054,3.4,0.144,8532.0,1623.0
6JFWJg3zK_c,True,True,46.0,55,45,146,1,0,98900,2838,Neutral,3,-23.54,41.14,22.92,42.43,1.535,0.121,0.697,0.24,24.0,23.0,0.9565217391304348,0.9166666666666666,False,0.1500000000000001,0.2916666666666667,0.0,0.1666666666666666,0.125,0.0,0.0,0.0416666666666666,0.2083333333333333,0.0,0.0,0.0416666666666666,0.4166666666666667,2.0,102.0,0.0,16.0,0.857,3.6,0.108,584.0,100.0
6OLPl4Y7wr4,True,True,56.0,60,52,5824,8,0,55000,668,Neutral,5,74.06,8.36,9.96,10.83,1.307,0.065,0.542,0.0379746835443038,6.0,5.0,0.8,0.6666666666666666,True,0.4000000000000001,0.3333333333333333,0.0,0.1666666666666666,0.0,0.0,0.0,0.0,0.0,0.1666666666666666,0.0,0.3333333333333333,0.3333333333333333,0.0,19.75,9.38,5.62,0.167,3.2,0.209,764.0,153.0
6PHpJYFtdiM,True,True,137.0,144,93,350,6,0,144000,1700,Neutral,5,61.33,7.19,11.21,8.0,1.6,0.2,1.0,0.1,1.0,1.0,1.0,1.0,True,0.8,1.0,0.0,0.0,1.0,0.0,0.0,0.0,0.0,0.0,0.0,0.0,0.0,1.0,10.0,0.0,5.0,0.0,1.8,0.0,63.0,10.0
6Pdbj_7rOKo,True,True,6628.0,32,22,2146,13,3,75200,1684,Neutral,3,-16984.54,6560.82,226.44,6731.14,1.407,0.091,0.117,0.0031167303734195,53.0,45.0,0.8444444444444444,0.7169811320754716,True,0.8,1.0,0.0,0.0188679245283018,0.1509433962264151,0.0,0.0,0.0377358490566037,0.0377358490566037,0.0,0.0,0.0,0.7547169811320755,0.353,52.92,84.73,7.69,0.006,4.33,0.16,88284.0,16934.0
6Pi9IVPATVA,True,True,5155.0,169,114,294,3,0,24900,211,Neutral,6,-13568.23,5245.37,250.56,5382.04,1.542,0.14,0.146,0.0037466940934469,51.0,41.0,0.926829268292683,0.7450980392156863,True,0.8,1.0,0.0,0.0196078431372549,0.1568627450980392,0.0,0.0392156862745098,0.0196078431372549,0.0392156862745098,0.0,0.0,0.0,0.7254901960784313,0.721,62.53,111.06,7.6,0.007,4.92,0.11,75261.0,13568.0
6Xxx9qNjPwo,True,False,202.0,0,0,2599,18,1,21200,1769,,0,-491.52,222.18,45.11,229.61,1.476,0.096,0.373,0.1284722222222222,74.0,52.0,0.7884615384615384,0.5540540540540541,True,0.308108108108108,0.3648648648648648,0.0,0.0945945945945946,0.2027027027027027,0.0,0.2027027027027027,0.054054054054054,0.0,0.0405405405405405,0.0,0.0,0.4054054054054054,3.0,578.0,0.0,24.0,0.975,5.23,0.138,3225.0,576.0
6clBivgLmXI,True,True,214.0,95,66,1192,8,0,22900,642,Negative,6,61.33,7.19,11.21,8.0,1.6,0.2,1.0,0.1,1.0,1.0,1.0,1.0,True,0.8,1.0,0.0,0.0,1.0,0.0,0.0,0.0,0.0,0.0,0.0,0.0,0.0,1.0,10.0,0.0,5.0,0.0,1.8,0.0,63.0,10.0
6h3Q0dvghIg,True,True,3550.0,155,97,270,0,0,1400,201,Neutral,6,-8819.9,3420.68,187.63,3509.78,1.552,0.119,0.163,0.0034525002784274,31.0,28.0,0.8928571428571429,0.8064516129032258,True,0.8,1.0,0.0,0.0,0.1290322580645161,0.0,0.0,0.0,0.032258064516129,0.0,0.0,0.0,0.8387096774193549,0.458,95.49,131.24,9.57,0.018,4.88,0.103,50998.0,8953.0
6hZ5e8hucck,True,True,75.0,149,99,189,2,0,47600,2491,Neutral,5,63.02,8.27,11.21,10.83,1.516,0.131,0.556,0.050632911392405,8.0,8.0,1.0,1.0,True,0.6000000000000001,0.625,0.0,0.0,0.0,0.0,0.0,0.125,0.0,0.375,0.0,0.0,0.5,0.1,17.0,7.41,7.6,0.161,3.01,0.112,955.0,158.0
6m0yPWY-2yI,True,True,2751.0,151,111,429,19,0,17100,551,Neutral,8,-7521.81,2922.88,181.69,3000.17,1.505,0.13,0.167,0.0039468490988027,30.0,25.0,0.84,0.7,True,0.8,1.0,0.2,0.0,0.0,0.0,0.0,0.0,0.0,0.0333333333333333,0.0,0.0,0.7666666666666667,1.0,134.43,161.16,11.91,0.028,4.99,0.134,42250.0,7586.0
6obZRepfzGY,True,True,238.0,212,142,12632,79,12,569000,3032,Negative,9,-443.63,204.32,45.5,211.38,1.45,0.106,0.471,0.1947565543071161,104.0,87.0,0.8850574712643678,0.7403846153846154,True,0.2115384615384616,0.3173076923076923,0.048076923076923,0.1442307692307692,0.173076923076923,0.0,0.0,0.048076923076923,0.0288461538461538,0.0961538461538461,0.0,0.0096153846153846,0.4519230769230769,1.167,91.67,64.0,10.33,0.298,5.0,0.125,2894.0,528.0
6qMf_HCem4E,True,True,79.0,145,81,150,0,0,135000,2612,Neutral,5,55.72,11.88,12.03,14.06,1.478,0.094,0.633,0.0382513661202185,7.0,7.0,1.0,1.0,False,0.1714285714285714,0.2857142857142857,0.0,0.0,0.2857142857142857,0.0,0.0,0.0,0.1428571428571428,0.0,0.0,0.0,0.5714285714285714,0.0,26.29,17.44,6.71,0.136,3.18,0.136,1066.0,182.0
6yqtliOykqI,True,True,347.0,30,26,866,6,1,15600,1174,Neutral,3,-758.65,323.53,57.32,333.09,1.538,0.109,0.39,0.1053892215568862,88.0,66.0,0.8333333333333334,0.625,True,0.4863636363636363,0.4090909090909091,0.0227272727272727,0.0227272727272727,0.2954545454545454,0.0,0.0,0.0568181818181818,0.0227272727272727,0.034090909090909,0.0,0.0,0.5454545454545454,0.667,96.78,105.46,11.89,0.174,5.1,0.134,4767.0,834.0
6zP1g_Y_wSo,True,True,1495.0,43,37,7476,54,4,569000,3032,Neutral,3,-2791.54,1104.68,114.34,1135.3,1.536,0.134,0.271,0.0315568022440392,90.0,65.0,0.8153846153846154,0.5888888888888889,True,0.8,1.0,0.0333333333333333,0.3,0.2666666666666666,0.0,0.0444444444444444,0.1222222222222222,0.0,0.0555555555555555,0.0,0.0,0.1777777777777777,20.0,957.67,156.86,21.33,0.505,9.63,0.097,16279.0,2852.0
7-48ZeOTvc4,True,True,133.0,59,51,1474,38,11,34900,832,Neutral,4,-252.07,130.15,36.93,135.13,1.477,0.106,0.511,0.1554878048780487,51.0,44.0,0.8863636363636364,0.7647058823529411,True,0.219607843137255,0.3529411764705882,0.0,0.0980392156862745,0.1764705882352941,0.0,0.0,0.0196078431372549,0.0392156862745098,0.0784313725490196,0.0,0.0,0.5882352941176471,0.0,111.67,72.51,11.67,0.431,5.55,0.158,1791.0,329.0
70rHlebV5Sk,True,True,221.0,25,23,242,1,0,16500,578,Neutral,2,-682.31,298.72,45.88,308.8,1.32,0.073,0.35,0.0766233766233766,59.0,45.0,0.7777777777777778,0.5932203389830508,True,0.5016949152542374,0.4915254237288136,0.0508474576271186,0.1016949152542373,0.1694915254237288,0.0,0.0,0.0338983050847457,0.0169491525423728,0.1864406779661017,0.0,0.0,0.4406779661016949,0.194,25.42,27.72,6.0,0.062,2.99,0.199,3722.0,769.0
71gCL53Tl24,True,True,282.0,92,74,3823,20,3,697000,6101,Neutral,5,-626.45,275.28,51.6,284.44,1.415,0.102,0.43,0.1037868162692847,74.0,69.0,0.927536231884058,0.8648648648648649,True,0.4216216216216217,0.3918918918918919,0.0405405405405405,0.2567567567567567,0.081081081081081,0.0,0.0,0.0405405405405405,0.054054054054054,0.0,0.0,0.0,0.527027027027027,0.889,81.89,95.0,11.33,0.149,4.38,0.168,3805.0,707.0
74WgJHBRDxI,True,True,351.0,37,35,154,0,0,16500,1455,Neutral,1,61.33,7.19,11.21,8.0,1.6,0.2,1.0,0.1,1.0,1.0,1.0,1.0,True,0.8,1.0,0.0,0.0,1.0,0.0,0.0,0.0,0.0,0.0,0.0,0.0,0.0,1.0,10.0,0.0,5.0,0.0,1.8,0.0,63.0,10.0
7557lkCmhB8,True,True,331.0,445,252,16956,40,8,53500,1701,Neutral,21,-919.21,384.18,73.56,396.53,1.589,0.156,0.327,0.0692464358452138,68.0,62.0,0.9193548387096774,0.8382352941176471,True,0.5941176470588236,0.5588235294117647,0.0735294117647058,0.1029411764705882,0.25,0.0,0.0147058823529411,0.1176470588235294,0.0,0.0147058823529411,0.0,0.0,0.4264705882352941,0.385,77.38,70.86,10.85,0.116,3.88,0.156,5642.0,982.0
76MIBypbQXE,True,True,199.0,186,132,2280,22,0,22900,642,Neutral,12,-367.08,175.01,40.59,181.15,1.445,0.097,0.483,0.1511111111111111,68.0,57.0,0.8421052631578947,0.7058823529411765,True,0.1941176470588235,0.3823529411764705,0.0294117647058823,0.0735294117647058,0.1617647058823529,0.0,0.0,0.0147058823529411,0.1029411764705882,0.1470588235294117,0.0,0.0441176470588235,0.4264705882352941,0.25,29.19,30.69,6.31,0.154,3.03,0.165,2379.0,448.0
785pviCyFq0,True,True,375.0,75,58,9470,145,0,113000,553,Neutral,5,-785.22,335.93,57.32,346.93,1.432,0.105,0.334,0.0839080459770115,73.0,54.0,0.8703703703703703,0.6438356164383562,True,0.515068493150685,0.4657534246575342,0.1232876712328767,0.1095890410958904,0.1095890410958904,0.0,0.136986301369863,0.0,0.0136986301369863,0.0684931506849315,0.0,0.0,0.4383561643835616,0.276,30.86,37.52,6.52,0.051,3.52,0.163,4589.0,866.0
78qx3Nm1Tn0,True,True,271.0,335,206,1485,8,0,13500,719,Neutral,15,-586.74,253.35,64.39,261.46,1.738,0.181,0.476,0.0868217054263565,56.0,45.0,0.8444444444444444,0.6785714285714286,True,0.3142857142857143,0.3214285714285714,0.0178571428571428,0.0178571428571428,0.3392857142857143,0.0,0.0,0.0,0.0714285714285714,0.0357142857142857,0.0,0.0,0.5178571428571429,2.5,165.5,113.64,13.75,0.323,4.6,0.094,3998.0,643.0
7AgLqCHrFng,True,True,115.0,56,51,430,1,0,216000,5950,Neutral,5,50.92,9.98,11.46,10.7,1.659,0.138,0.691,0.0,0.0,0.0,0.0,0.0,False,0.0,0.0,0.0,0.0,0.0,0.0,0.0,0.0,0.0,0.0,0.0,0.0,0.0,0.125,16.5,5.37,6.38,0.27,2.79,0.091,930.0,127.0
7C8kaUMPMcc,True,True,192.0,601,290,42003,221,43,16600,1353,Very Positive,34,64.72,8.47,10.59,10.21,1.475,0.1,0.482,0.0278372591006423,13.0,11.0,0.8181818181818182,0.6923076923076923,True,0.3692307692307692,0.4615384615384615,0.0,0.0769230769230769,0.0,0.0,0.0,0.0769230769230769,0.0,0.0769230769230769,0.0,0.0,0.7692307692307693,0.071,17.0,10.38,6.0,0.06,3.02,0.132,2534.0,463.0
7F5l2P1cp2A,True,True,1932.0,55,43,231,3,0,35300,1846,Neutral,1,-5508.14,2150.37,134.15,2207.35,1.446,0.095,0.172,0.0105829596412556,59.0,50.0,0.88,0.7457627118644068,True,0.8,1.0,0.1525423728813559,0.0508474576271186,0.288135593220339,0.0,0.0338983050847457,0.0169491525423728,0.0,0.0169491525423728,0.0,0.0,0.4406779661016949,0.573,69.98,64.63,9.45,0.024,4.57,0.133,29732.0,5548.0
7HChH-3NHQw,True,False,61.0,0,0,944,5,0,21200,1769,,0,-71.8,57.81,30.53,61.93,1.626,0.165,0.64,0.1805555555555555,26.0,22.0,0.8636363636363636,0.7307692307692307,False,0.1692307692307693,0.2692307692307692,0.0769230769230769,0.0384615384615384,0.2307692307692307,0.0,0.2307692307692307,0.0384615384615384,0.0,0.0,0.0,0.0,0.3846153846153846,4.0,147.0,0.0,10.0,0.857,4.93,0.129,869.0,142.0
7N34Rfh0Luw,True,True,167.0,44,40,3484,26,3,216000,5950,Neutral,3,82.5,4.33,8.65,6.12,1.345,0.063,0.448,0.0279569892473118,13.0,11.0,0.8181818181818182,0.6923076923076923,True,0.5846153846153848,0.6153846153846154,0.0,0.0,0.1538461538461538,0.0,0.0,0.0769230769230769,0.2307692307692307,0.0,0.0,0.0,0.5384615384615384,0.052,8.83,9.68,3.83,0.031,2.89,0.168,2489.0,478.0
7SALG0DJB68,True,True,26.0,13,13,312,0,0,27100,1786,Neutral,1,28.33,26.2,15.9,30.14,1.294,0.074,0.706,0.2352941176470588,16.0,16.0,1.0,1.0,True,0.3,0.375,0.125,0.3125,0.0625,0.0,0.0,0.0,0.0,0.375,0.0,0.0,0.125,0.5,34.0,8.49,7.5,0.545,2.68,0.103,343.0,68.0
7Soy1ejS32Q,True,True,223.0,388,226,1689,13,0,1220000,11882,Neutral,18,-554.01,247.04,45.5,254.92,1.435,0.087,0.462,0.1279251170046801,82.0,67.0,0.8805970149253731,0.7195121951219512,True,0.3170731707317074,0.3414634146341463,0.0853658536585365,0.0853658536585365,0.3048780487804878,0.0,0.0,0.0,0.0365853658536585,0.1829268292682926,0.0,0.048780487804878,0.2560975609756097,0.833,110.33,98.27,12.0,0.229,5.06,0.118,3461.0,636.0
7StpZ9_nq4w,True,True,49.0,332,169,613,4,0,11700,1438,Neutral,14,-26.13,45.22,18.24,47.71,1.386,0.061,0.632,0.1403508771929824,16.0,14.0,0.8571428571428571,0.75,False,0.125,0.25,0.0,0.0,0.125,0.0,0.0,0.0,0.0,0.125,0.0,0.0,0.75,0.0,58.0,74.95,8.5,0.833,3.89,0.164,612.0,114.0
7WYkUta7YNw,True,True,127.0,63,58,1021,21,2,697000,6101,Neutral,3,70.1,6.79,10.04,8.68,1.457,0.11,0.566,0.0426136363636363,15.0,15.0,1.0,1.0,True,0.3466666666666667,0.4,0.0,0.1333333333333333,0.2666666666666666,0.0,0.0,0.2,0.0,0.0666666666666666,0.0,0.0,0.3333333333333333,0.154,13.96,6.72,5.69,0.07,3.26,0.129,1969.0,350.0
7YRFE8tg-gY,True,True,60.0,100,72,16379,204,1,135000,2612,Neutral,4,61.33,7.19,11.21,8.0,1.6,0.2,1.0,0.1,1.0,1.0,1.0,1.0,True,0.8,1.0,0.0,0.0,1.0,0.0,0.0,0.0,0.0,0.0,0.0,0.0,0.0,1.0,10.0,0.0,5.0,0.0,1.8,0.0,63.0,10.0
7a7xiyTkEq0,True,True,81.0,72,53,230,0,0,12000,975,Neutral,4,-128.18,84.3,25.98,87.84,1.393,0.075,0.556,0.1244239631336405,27.0,20.0,0.75,0.5555555555555556,False,0.1481481481481481,0.2592592592592592,0.0,0.0,0.1851851851851851,0.0,0.0,0.037037037037037,0.0,0.1481481481481481,0.0,0.0,0.6296296296296297,0.0,36.83,27.2,7.83,0.203,3.12,0.204,1126.0,218.0
7bV6Hvkx7sg,True,True,113.0,45,33,4137,40,2,477000,4732,Neutral,2,-129.68,80.29,36.44,85.3,1.614,0.173,0.523,0.1691542288557214,34.0,29.0,0.8620689655172413,0.7352941176470589,True,0.211764705882353,0.3529411764705882,0.1470588235294117,0.0294117647058823,0.1176470588235294,0.0,0.0,0.0,0.2058823529411764,0.0588235294117647,0.0,0.0,0.4411764705882353,2.0,211.0,0.0,12.0,0.857,4.6,0.081,1223.0,201.0
7c0C1RmdsvU,True,False,61.0,0,0,189,1,0,21200,1769,,0,-74.85,57.98,32.26,62.16,1.674,0.188,0.63,0.2340425531914893,33.0,27.0,0.8518518518518519,0.696969696969697,False,0.0848484848484849,0.2424242424242424,0.0606060606060606,0.0303030303030303,0.2121212121212121,0.0,0.1818181818181818,0.0303030303030303,0.0,0.0,0.0,0.0,0.4848484848484848,4.0,142.0,0.0,11.0,0.857,3.82,0.141,868.0,139.0
7flEoSSNGsY,True,True,175.0,87,66,1451,11,0,42900,959,Neutral,4,67.06,8.51,10.13,10.29,1.43,0.081,0.415,0.0299823633156966,17.0,14.0,0.8571428571428571,0.7058823529411765,True,0.6352941176470588,0.7647058823529411,0.0,0.0588235294117647,0.2352941176470588,0.0,0.0,0.0,0.1176470588235294,0.0,0.0,0.0,0.5882352941176471,0.0,18.94,10.98,5.84,0.083,3.07,0.145,3078.0,561.0
7icHN2_qfig,True,True,36.0,36,31,905,10,0,13100,2911,Neutral,3,41.17,11.04,12.46,12.73,1.788,0.188,0.741,0.0919540229885057,8.0,6.0,0.6666666666666666,0.5,True,0.4000000000000001,0.375,0.625,0.0,0.0,0.0,0.0,0.25,0.0,0.0,0.0,0.0,0.125,0.5,15.0,6.36,6.67,0.24,2.6,0.089,542.0,87.0
7jH19g1XMuQ,True,True,150.0,115,77,2186,31,0,1220000,11882,Neutral,5,-317.65,154.45,41.45,160.0,1.521,0.115,0.485,0.1598984771573604,63.0,49.0,0.8367346938775511,0.6507936507936508,False,0.1650793650793651,0.2539682539682539,0.3015873015873015,0.0317460317460317,0.1587301587301587,0.0,0.0,0.0634920634920634,0.1111111111111111,0.0634920634920634,0.0,0.0,0.2698412698412698,4.0,407.0,0.0,17.0,0.974,4.68,0.123,2312.0,394.0
7mLsUVfrLsU,True,True,3206.0,127,80,1851,11,0,1220000,11882,Neutral,7,-9242.26,3585.17,173.08,3679.0,1.445,0.096,0.127,0.0083807886537015,78.0,47.0,0.7872340425531915,0.4743589743589743,True,0.8,1.0,0.0,0.0128205128205128,0.2948717948717949,0.0,0.0,0.0384615384615384,0.0769230769230769,0.0256410256410256,0.0,0.0,0.5512820512820513,0.504,82.23,86.32,9.82,0.015,4.69,0.131,49593.0,9261.0
7rDt5QGWZf0,True,True,171.0,73,62,1592,18,2,10700,653,Neutral,4,-352.43,166.26,49.19,173.04,1.596,0.156,0.533,0.2347417840375587,100.0,82.0,0.8536585365853658,0.7,False,0.104,0.23,0.27,0.05,0.2,0.0,0.01,0.04,0.04,0.04,0.0,0.0,0.35,0.667,73.0,33.33,9.33,0.226,4.34,0.11,2423.0,427.0
7rNl8gAh0Hg,True,True,1327.0,161,99,961,34,0,1220000,11882,Neutral,11,58.19,10.6,23.75,12.95,1.494,0.118,0.212,0.001477104874446,5.0,5.0,1.0,1.0,True,0.8,1.0,0.0,0.0,0.0,0.0,0.0,0.6,0.2,0.0,0.0,0.0,0.2,0.199,21.59,15.25,6.31,0.014,3.67,0.119,19198.0,3398.0
7yrWedfurm4,True,True,136.0,42,39,441,6,1,12800,692,Neutral,4,62.2,11.24,11.47,13.01,1.388,0.08,0.465,0.0790123456790123,32.0,29.0,0.9310344827586208,0.84375,False,0.2125000000000001,0.28125,0.03125,0.125,0.09375,0.0,0.0,0.03125,0.21875,0.0,0.0,0.0625,0.4375,0.529,24.06,21.81,6.41,0.125,3.48,0.161,2139.0,405.0
8-gNq3551DE,True,False,32321.0,0,0,622,11,0,24900,211,,0,-27400.05,10560.7,338.77,10833.7,1.511,0.128,0.083,0.0016043668283327,87.0,38.0,0.868421052631579,0.3793103448275862,True,0.8,1.0,0.0114942528735632,0.0689655172413793,0.1494252873563218,0.0,0.0,0.0,0.0229885057471264,0.0,0.0,0.0,0.7471264367816092,0.375,47.43,68.81,7.36,0.002,4.23,0.131,305894.0,54795.0
80oGxpEMLCM,True,True,240.0,1,1,18657,86,0,88900,1346,,1,-517.52,232.51,48.11,240.31,1.459,0.105,0.461,0.1076158940397351,65.0,60.0,0.9333333333333332,0.8615384615384616,False,0.2646153846153847,0.2923076923076923,0.0307692307692307,0.0153846153846153,0.3230769230769231,0.0,0.0,0.0153846153846153,0.0461538461538461,0.0461538461538461,0.0,0.0,0.5230769230769231,1.0,89.14,78.68,12.14,0.253,4.5,0.184,3325.0,599.0
843uqzmkONQ,True,True,11980.0,189,131,1572,8,0,98800,3649,Neutral,19,61.33,7.19,11.21,8.0,1.6,0.2,1.0,0.1,1.0,1.0,1.0,1.0,True,0.8,1.0,0.0,0.0,1.0,0.0,0.0,0.0,0.0,0.0,0.0,0.0,0.0,1.0,10.0,0.0,5.0,0.0,1.8,0.0,63.0,10.0
84yjo_SqvVA,True,False,252.0,0,0,242,2,0,18300,1549,,0,-452.1,209.23,43.12,217.07,1.37,0.092,0.467,0.1314814814814814,71.0,64.0,0.890625,0.8028169014084507,True,0.3718309859154929,0.380281690140845,0.0985915492957746,0.0985915492957746,0.0704225352112676,0.0,0.0,0.0704225352112676,0.056338028169014,0.028169014084507,0.0,0.0140845070422535,0.5633802816901409,0.8,110.6,113.41,11.4,0.308,6.58,0.143,2785.0,539.0
86Iy9c8rSP0,True,True,634.0,146,107,11258,111,0,22200,1782,Neutral,7,-1485.17,605.23,75.16,622.91,1.416,0.103,0.317,0.0331844288449266,52.0,51.0,0.9803921568627452,0.9615384615384616,True,0.6692307692307693,0.6730769230769231,0.0769230769230769,0.0961538461538461,0.1538461538461538,0.0,0.0,0.0,0.0769230769230769,0.1346153846153846,0.0,0.0,0.4615384615384615,0.421,42.08,62.1,7.5,0.044,3.68,0.164,8164.0,1557.0
86oF359FHUY,True,True,181.0,105,74,17280,127,33,3900,286,Neutral,5,-372.77,173.32,48.83,179.43,1.632,0.147,0.462,0.1318181818181818,58.0,44.0,0.8409090909090909,0.6379310344827587,False,0.1862068965517243,0.2758620689655172,0.4137931034482758,0.0172413793103448,0.2241379310344827,0.0,0.0344827586206896,0.0,0.0172413793103448,0.0344827586206896,0.0,0.0,0.2586206896551724,0.667,151.67,192.11,12.0,0.446,5.07,0.108,2680.0,440.0
88h6CvWDFl4,True,True,207.0,40,37,3240,19,1,216000,5950,Neutral,2,80.23,5.23,9.73,7.6,1.344,0.079,0.424,0.0328820116054158,17.0,16.0,0.9375,0.8823529411764706,True,0.5176470588235293,0.5882352941176471,0.0588235294117647,0.0588235294117647,0.1176470588235294,0.0,0.0,0.0,0.1176470588235294,0.0,0.0,0.1764705882352941,0.4705882352941176,0.075,13.3,6.91,5.28,0.047,2.96,0.173,2775.0,512.0
8AdKbX3LLiM,True,True,3381.0,186,122,1361,25,0,191000,1170,Neutral,8,-9203.68,3571.1,165.52,3664.58,1.409,0.088,0.17,0.0063081364268149,59.0,51.0,0.9215686274509804,0.7966101694915254,True,0.8,1.0,0.0169491525423728,0.0677966101694915,0.1864406779661017,0.0,0.0169491525423728,0.0,0.0677966101694915,0.3728813559322034,0.0,0.0,0.2711864406779661,0.387,49.63,61.3,7.72,0.008,4.12,0.142,48779.0,9305.0
8C-exOYRY4Q,True,True,117.0,60,43,8305,23,0,1220000,11882,Neutral,2,-232.31,124.91,30.53,130.23,1.364,0.072,0.445,0.1682242990654205,54.0,31.0,0.7419354838709677,0.4259259259259259,True,0.2740740740740741,0.3518518518518518,0.0555555555555555,0.037037037037037,0.2407407407407407,0.0,0.0,0.037037037037037,0.037037037037037,0.1111111111111111,0.0,0.0,0.4814814814814814,1.25,81.75,103.23,9.25,0.444,4.29,0.128,1615.0,319.0
8C61LbegC3E,True,True,298.0,42,37,2909,10,2,53500,1701,Neutral,2,-611.07,271.4,40.59,279.95,1.318,0.062,0.336,0.173728813559322,123.0,88.0,0.8295454545454546,0.5934959349593496,True,0.3382113821138213,0.3414634146341463,0.008130081300813,0.1300813008130081,0.1869918699186991,0.0,0.0,0.016260162601626,0.008130081300813,0.089430894308943,0.0,0.048780487804878,0.5121951219512195,0.316,39.05,49.58,6.0,0.102,3.48,0.197,3591.0,708.0
8EP_4kEaoPE,True,True,248.0,206,123,63015,601,74,135000,2612,Negative,10,76.09,6.04,11.41,8.62,1.382,0.089,0.387,0.0166204986149584,12.0,12.0,1.0,1.0,True,0.5333333333333334,0.5,0.0,0.0833333333333333,0.0,0.0,0.0833333333333333,0.0,0.1666666666666666,0.0,0.0,0.0833333333333333,0.5833333333333334,0.048,11.89,8.75,4.4,0.03,3.11,0.144,3938.0,726.0
8JCO70bph6s,True,True,377.0,50,35,34133,315,48,10700,653,Neutral,3,51.65,10.43,14.41,11.64,1.623,0.138,0.388,0.0046838407494145,4.0,3.0,0.6666666666666666,0.5,True,0.5,0.5,0.0,0.0,0.0,0.0,0.0,0.25,0.0,0.0,0.0,0.0,0.75,0.083,18.02,8.34,6.54,0.042,2.94,0.062,5045.0,854.0
8Loq9oE72TY,True,True,96.0,64,59,1094,7,0,45400,902,Neutral,3,-154.15,94.38,27.37,98.67,1.387,0.075,0.546,0.1958333333333333,47.0,36.0,0.8611111111111112,0.6595744680851063,True,0.2382978723404256,0.3191489361702128,0.0,0.0425531914893617,0.3617021276595745,0.0,0.0,0.1063829787234042,0.1063829787234042,0.0,0.0,0.0,0.3829787234042553,2.5,123.5,173.24,9.5,0.467,4.26,0.109,1351.0,242.0
8NZ8bqBIXCg,True,True,542.0,39,34,378,4,0,42900,959,Neutral,3,-1524.57,619.91,73.56,637.78,1.438,0.096,0.278,0.0427774333539987,69.0,54.0,0.8888888888888888,0.6956521739130435,True,0.6666666666666667,0.6666666666666666,0.0,0.0144927536231884,0.217391304347826,0.0,0.0,0.0579710144927536,0.0289855072463768,0.1739130434782608,0.0,0.0,0.5072463768115942,0.333,49.76,54.62,8.33,0.064,3.67,0.133,8547.0,1606.0
8NzEjR2nUag,True,True,3863.0,237,167,410,15,0,15400,480,Neutral,13,56.07,10.78,42.28,13.24,1.524,0.133,0.142,0.0036201615148983,39.0,31.0,0.8387096774193549,0.6666666666666666,True,0.8,1.0,0.4358974358974359,0.1538461538461538,0.0512820512820512,0.0,0.0,0.0256410256410256,0.1025641025641025,0.0,0.0,0.0,0.2307692307692307,0.193,20.41,16.74,5.94,0.004,3.32,0.105,60192.0,10752.0
8Ps7IBlAazk,True,True,3406.0,24,23,2292,40,0,1220000,11882,Neutral,1,-7589.06,2946.67,205.67,3024.62,1.604,0.167,0.168,0.0076504149377593,59.0,45.0,0.8222222222222222,0.6271186440677966,True,0.8,1.0,0.2372881355932203,0.0847457627118644,0.2711864406779661,0.0,0.0,0.0,0.0847457627118644,0.0,0.0,0.0,0.3220338983050847,0.911,99.47,147.81,9.89,0.023,4.75,0.115,44214.0,7695.0
8RTM3xScaWE,True,True,111.0,325,176,1087,9,0,16500,1455,Positive,22,-199.69,111.67,31.12,116.14,1.398,0.085,0.493,0.1368421052631579,39.0,32.0,0.8125,0.6666666666666666,True,0.1538461538461539,0.3076923076923077,0.0512820512820512,0.0256410256410256,0.282051282051282,0.0,0.0256410256410256,0.0,0.1025641025641025,0.0769230769230769,0.0,0.0,0.4358974358974359,0.4,59.2,45.9,10.4,0.397,3.44,0.182,1461.0,285.0
8T0MLKVPZmw,True,True,74.0,102,71,108,2,0,7550,2528,Neutral,6,-55.94,53.61,25.25,55.76,1.534,0.115,0.595,0.1846153846153846,24.0,20.0,0.9,0.75,False,0.1166666666666667,0.2916666666666667,0.2916666666666667,0.375,0.0833333333333333,0.0,0.0,0.0,0.0416666666666666,0.0,0.0,0.0,0.2083333333333333,2.0,67.0,93.34,6.0,0.438,4.17,0.06,767.0,132.0
8XniQTxWRZs,True,True,3490.0,257,172,6613,65,0,1100,430,Neutral,17,-8425.45,3270.02,189.21,3355.77,1.508,0.127,0.157,0.0028258565877781,24.0,22.0,0.9090909090909092,0.8333333333333334,True,0.8,1.0,0.0416666666666666,0.0,0.0833333333333333,0.0,0.0,0.0,0.0,0.1666666666666666,0.0,0.0,0.7083333333333334,0.364,52.54,58.33,8.24,0.011,3.97,0.112,46724.0,8465.0
8aVfKCcZhOQ,True,True,225.0,73,58,1727,8,3,53500,1701,Negative,4,-558.83,250.94,45.11,259.94,1.336,0.084,0.39,0.1112828438948995,72.0,56.0,0.8035714285714286,0.625,True,0.3611111111111111,0.3888888888888889,0.1111111111111111,0.0833333333333333,0.1111111111111111,0.0,0.0,0.0138888888888888,0.0,0.0416666666666666,0.0,0.0,0.6388888888888888,0.182,60.18,56.01,7.91,0.129,4.13,0.166,3266.0,646.0
8d5q835TOok,True,True,3405.0,79,68,143,0,1,15400,480,Neutral,5,-8730.73,3388.37,188.86,3477.95,1.458,0.122,0.147,0.0069200226885989,61.0,54.0,0.8703703703703703,0.7704918032786885,True,0.8,1.0,0.1475409836065573,0.0163934426229508,0.2459016393442623,0.0,0.0,0.0,0.081967213114754,0.0491803278688524,0.0,0.0,0.4590163934426229,0.478,98.98,108.18,10.64,0.019,4.96,0.151,47869.0,8760.0
8eAgLpIHcrc,True,True,411.0,46,44,320,5,0,20300,1285,Neutral,2,-1030.68,427.31,75.62,440.75,1.574,0.148,0.337,0.056910569105691,63.0,50.0,0.82,0.6507936507936508,True,0.6285714285714286,0.5714285714285714,0.0317460317460317,0.0,0.1746031746031746,0.0,0.1428571428571428,0.0,0.0634920634920634,0.0158730158730158,0.0,0.0,0.5714285714285714,7.0,566.5,778.52,13.5,0.487,7.24,0.102,6617.0,1108.0
8eHFqkqJn2k,True,True,195.0,185,130,667,3,0,3210,503,Negative,11,77.93,5.58,9.14,8.48,1.369,0.086,0.506,0.0137741046831955,5.0,5.0,1.0,1.0,True,0.56,0.6,0.0,0.0,0.0,0.0,0.0,0.0,0.2,0.0,0.0,0.2,0.6,0.067,12.07,7.25,4.73,0.058,2.83,0.185,1924.0,359.0
8hiQql7YoZk,True,True,127.0,52,44,720,3,0,1220000,11882,Neutral,2,-326.72,160.19,38.81,166.83,1.412,0.096,0.407,0.1177884615384615,49.0,42.0,0.9047619047619048,0.7755102040816326,True,0.1714285714285714,0.3061224489795918,0.0,0.0,0.2653061224489796,0.0,0.0,0.0,0.2448979591836734,0.0408163265306122,0.0,0.0,0.4489795918367347,0.8,86.2,109.47,10.0,0.307,5.5,0.148,2174.0,416.0
8l1x82tkYiA,True,True,154.0,52,44,504,7,0,15600,1174,Neutral,2,55.75,10.79,11.62,11.7,1.53,0.103,0.473,0.0219512195121951,9.0,8.0,0.875,0.7777777777777778,True,0.8,1.0,0.2222222222222222,0.0,0.1111111111111111,0.0,0.0,0.0,0.2222222222222222,0.1111111111111111,0.0,0.0,0.3333333333333333,0.105,22.11,13.5,6.79,0.114,3.27,0.112,2289.0,410.0
8lsPJJMTECc,True,True,61.0,71,56,436,3,0,9140,1878,Neutral,4,-43.2,50.09,23.73,53.47,1.468,0.105,0.669,0.2096774193548387,26.0,24.0,0.9166666666666666,0.8461538461538461,False,0.1692307692307693,0.2692307692307692,0.0,0.0769230769230769,0.0769230769230769,0.0,0.0,0.0384615384615384,0.0,0.1153846153846153,0.0,0.0384615384615384,0.6538461538461539,0.5,63.0,86.27,9.0,0.462,3.79,0.119,690.0,125.0
8o9kupaKef8,True,True,87.0,270,182,1434,4,0,44000,2439,Neutral,14,-139.65,85.9,32.26,89.9,1.528,0.121,0.579,0.1822429906542056,39.0,31.0,0.8709677419354839,0.6923076923076923,True,0.276923076923077,0.3846153846153846,0.1025641025641025,0.0,0.0256410256410256,0.0,0.0,0.0,0.1025641025641025,0.0,0.0,0.0,0.7692307692307693,0.286,31.57,25.5,7.71,0.214,2.93,0.122,1205.0,215.0
8r0zH7wXpAE,True,True,198.0,58,42,791,8,0,216000,5950,Neutral,2,81.13,6.1,9.3,8.65,1.285,0.054,0.391,0.0286144578313253,19.0,18.0,0.9444444444444444,0.8947368421052632,True,0.5263157894736843,0.4736842105263157,0.1578947368421052,0.0526315789473684,0.2105263157894736,0.0,0.0526315789473684,0.0,0.1578947368421052,0.0526315789473684,0.0,0.0,0.3157894736842105,0.175,17.32,11.82,5.62,0.059,3.07,0.189,3401.0,662.0
8uLx9drXbkA,True,True,19.0,21,20,210,1,0,939,79,Neutral,1,27.58,20.34,17.12,22.15,1.591,0.136,0.886,0.1590909090909091,7.0,6.0,0.8333333333333334,0.7142857142857143,True,0.2285714285714286,0.4285714285714285,0.0,0.0,0.2857142857142857,0.0,0.0,0.0,0.1428571428571428,0.0,0.0,0.0,0.5714285714285714,0.0,44.0,0.0,13.0,0.667,2.12,0.136,266.0,44.0
8ufoR2cQ04g,True,True,1231.0,269,176,22022,170,0,45300,2832,Neutral,11,57.69,10.11,23.94,12.13,1.526,0.125,0.234,0.0031191515907673,10.0,7.0,0.8571428571428571,0.6,True,0.8,1.0,0.0,0.3,0.1,0.0,0.0,0.5,0.0,0.1,0.0,0.0,0.0,0.348,19.72,9.41,6.65,0.011,3.02,0.084,18354.0,3208.0
8v6Di7O9ljg,True,False,31.0,0,0,1688,8,0,22200,1782,,0,33.49,26.23,8.84,28.96,1.197,0.014,0.704,0.2,14.0,12.0,0.8333333333333334,0.7142857142857143,True,0.3142857142857143,0.3571428571428571,0.0714285714285714,0.2857142857142857,0.0,0.0,0.0,0.1428571428571428,0.0714285714285714,0.0,0.0,0.1428571428571428,0.2857142857142857,1.0,73.0,0.0,10.0,0.889,4.84,0.219,329.0,71.0
8w-Y9QInwQg,True,True,132.0,149,85,1577,6,0,135000,2612,Neutral,4,-266.85,137.43,33.36,142.4,1.4,0.08,0.503,0.1848739495798319,66.0,56.0,0.8392857142857143,0.7121212121212122,False,0.1090909090909091,0.2575757575757575,0.106060606060606,0.1666666666666666,0.0757575757575757,0.0,0.0151515151515151,0.0151515151515151,0.0757575757575757,0.0454545454545454,0.0,0.106060606060606,0.3939393939393939,0.455,33.18,26.0,6.73,0.155,2.86,0.145,1838.0,353.0
8xWufzfdJbA,True,True,63.0,173,111,5820,31,0,251000,1949,Positive,14,-69.68,63.47,19.29,66.92,1.313,0.049,0.607,0.2147239263803681,35.0,33.0,0.9393939393939394,0.8857142857142857,True,0.2971428571428571,0.3428571428571428,0.0285714285714285,0.0,0.0857142857142857,0.0,0.0,0.0,0.1428571428571428,0.0571428571428571,0.0,0.0,0.6857142857142857,0.0,21.62,19.24,5.88,0.2,2.37,0.202,809.0,163.0
8zo5F5CBAuw,True,True,181.0,118,87,116,1,0,135000,2612,Neutral,4,56.34,11.28,12.95,13.97,1.495,0.125,0.402,0.0200803212851405,10.0,9.0,0.8888888888888888,0.8,True,0.4000000000000001,0.4,0.2,0.4,0.2,0.0,0.0,0.0,0.0,0.0,0.0,0.1,0.1,0.143,24.05,11.38,7.24,0.096,3.27,0.186,2790.0,498.0
96OuQ4Huwvc,True,True,278.0,31,28,617,1,0,569000,3032,Neutral,2,61.33,7.19,11.21,8.0,1.6,0.2,1.0,0.1,1.0,1.0,1.0,1.0,True,0.8,1.0,0.0,0.0,1.0,0.0,0.0,0.0,0.0,0.0,0.0,0.0,0.0,1.0,10.0,0.0,5.0,0.0,1.8,0.0,63.0,10.0
97WXn0ymAdA,True,True,299.0,54,52,5741,66,3,45400,902,Very Positive,6,-633.14,278.7,44.72,287.72,1.374,0.074,0.417,0.0997267759562841,73.0,65.0,0.8923076923076924,0.7945205479452054,True,0.3890410958904109,0.3561643835616438,0.0136986301369863,0.0136986301369863,0.0684931506849315,0.0,0.0273972602739726,0.0,0.0684931506849315,0.0958904109589041,0.0,0.0,0.7123287671232876,0.4,49.93,53.11,8.13,0.099,4.72,0.151,3726.0,721.0
98f_BaEpDeI,True,True,61.0,20,20,1616,11,0,50000,1839,Neutral,2,-87.55,70.93,17.12,74.07,1.284,0.033,0.623,0.201058201058201,38.0,36.0,0.9444444444444444,0.8947368421052632,False,0.0947368421052632,0.2368421052631578,0.0526315789473684,0.0789473684210526,0.131578947368421,0.0,0.0,0.0,0.0789473684210526,0.0263157894736842,0.0,0.0263157894736842,0.6052631578947368,0.167,32.17,31.86,7.83,0.232,3.36,0.192,949.0,185.0
98pNrNp6fOE,True,True,100.0,71,57,2135,0,0,42900,959,Neutral,4,-221.09,117.88,31.12,121.09,1.495,0.081,0.424,0.1885521885521885,56.0,33.0,0.7575757575757576,0.4464285714285714,False,0.1142857142857143,0.25,0.0,0.0,0.0714285714285714,0.0,0.0,0.0,0.0178571428571428,0.0178571428571428,0.0,0.0,0.8928571428571429,4.0,297.0,0.0,21.0,0.941,3.91,0.091,1633.0,296.0
98qvFKR8OmQ,True,True,135.0,41,39,1307,3,0,5490,571,Neutral,3,54.38,11.22,12.37,13.47,1.534,0.117,0.524,0.0614334470989761,18.0,16.0,0.875,0.7777777777777778,True,0.4888888888888889,0.5,0.0,0.0,0.0555555555555555,0.0,0.5555555555555556,0.0,0.0555555555555555,0.0,0.0,0.0,0.3333333333333333,0.462,23.15,13.64,7.08,0.151,3.31,0.12,1736.0,294.0
9ABIVusbOgg,True,True,2807.0,46,39,570,4,0,3640,696,Neutral,2,-2366.6,941.98,101.58,968.33,1.509,0.123,0.171,0.0109799615701345,80.0,69.0,0.9420289855072465,0.8125,True,0.8,1.0,0.1,0.0,0.3375,0.0,0.0,0.0125,0.0375,0.025,0.0,0.0,0.4875,0.381,70.96,78.97,8.65,0.02,4.43,0.131,39914.0,7274.0
9AMz_ZS9X2A,True,True,39.0,39,38,769,4,0,135000,2612,Neutral,2,-2.67,36.24,19.29,39.48,1.385,0.088,0.648,0.1521739130434782,14.0,9.0,0.7777777777777778,0.5,True,0.3428571428571429,0.3571428571428571,0.0714285714285714,0.0,0.1428571428571428,0.0,0.0,0.2857142857142857,0.0,0.0,0.0,0.0,0.5,1.0,92.0,0.0,12.0,0.889,3.7,0.185,489.0,92.0
9ARbCXTd8Xk,True,True,199.0,24,24,2457,16,0,5490,571,Neutral,1,64.8,8.52,10.44,10.25,1.471,0.095,0.457,0.0636363636363636,28.0,23.0,0.8260869565217391,0.6785714285714286,True,0.2571428571428571,0.3214285714285714,0.0357142857142857,0.1785714285714285,0.1428571428571428,0.0,0.0714285714285714,0.0,0.1071428571428571,0.1071428571428571,0.0,0.0,0.3571428571428571,0.077,17.23,6.54,6.38,0.083,2.92,0.103,2542.0,440.0
9B30ZUzpXwU,True,True,246.0,59,42,3038,25,5,21200,805,Neutral,3,61.33,7.19,11.21,8.0,1.6,0.2,1.0,0.1,1.0,1.0,1.0,1.0,True,0.8,1.0,0.0,0.0,1.0,0.0,0.0,0.0,0.0,0.0,0.0,0.0,0.0,1.0,10.0,0.0,5.0,0.0,1.8,0.0,63.0,10.0
9C35-GsVgf0,True,True,663.0,19,19,33,1,0,16500,1455,Neutral,1,-1501.83,607.55,91.26,625.07,1.613,0.154,0.29,0.0465858328015315,73.0,54.0,0.7592592592592593,0.5616438356164384,True,0.6465753424657534,0.6164383561643836,0.1506849315068493,0.0410958904109589,0.2328767123287671,0.0,0.0,0.0410958904109589,0.3150684931506849,0.0,0.0,0.0,0.2191780821917808,0.619,76.38,67.68,10.24,0.078,4.14,0.112,9237.0,1563.0
9CNu2mauD-A,True,True,3249.0,216,154,643,15,2,697000,6101,Neutral,8,-9474.12,3672.66,202.75,3768.86,1.522,0.13,0.174,0.010443864229765,100.0,74.0,0.8648648648648649,0.64,True,0.8,1.0,0.05,0.14,0.1,0.0,0.0,0.04,0.03,0.13,0.0,0.0,0.51,1.043,104.77,128.69,10.14,0.018,4.91,0.1,52964.0,9566.0
9E_XTiyK5sE,True,True,3591.0,86,68,1858,11,0,216000,5950,Neutral,4,-5183.87,2025.65,135.51,2079.75,1.452,0.103,0.132,0.0033454406423246,35.0,28.0,0.8571428571428571,0.6857142857142857,True,0.8,1.0,0.1714285714285714,0.0571428571428571,0.0857142857142857,0.0,0.0,0.0857142857142857,0.0285714285714285,0.0285714285714285,0.0,0.0,0.5428571428571428,0.597,83.32,87.1,10.31,0.014,4.45,0.135,56591.0,10420.0
9G77To5l5Hk,True,True,1052.0,4,4,325,0,1,569000,3032,Negative,1,-2086.73,830.49,119.37,854.36,1.7,0.195,0.319,0.0363887609396591,79.0,64.0,0.859375,0.6962025316455697,True,0.8,1.0,0.2531645569620253,0.0886075949367088,0.189873417721519,0.0,0.0,0.0126582278481012,0.0253164556962025,0.1139240506329113,0.0,0.0,0.3164556962025316,0.842,115.95,125.79,11.95,0.116,4.98,0.067,13039.0,2167.0
9Gx-ML5efT4,True,True,80.0,101,76,352,3,1,135000,2612,Neutral,5,27.98,15.6,17.12,19.15,1.812,0.239,0.54,0.0561797752808988,10.0,6.0,0.6666666666666666,0.4,True,0.48,0.4,0.2,0.0,0.1,0.0,0.0,0.6,0.0,0.0,0.0,0.1,0.0,0.429,26.71,11.93,8.29,0.271,3.57,0.118,1125.0,178.0
9I2EIbxi63s,True,True,250.0,86,59,2239,16,1,47300,827,Positive,6,-600.26,266.41,45.5,275.38,1.358,0.081,0.408,0.1046511627906976,72.0,59.0,0.8813559322033898,0.7222222222222222,True,0.4111111111111112,0.4166666666666667,0.1388888888888889,0.0277777777777777,0.1111111111111111,0.0,0.0416666666666666,0.0138888888888888,0.0833333333333333,0.0555555555555555,0.0,0.0277777777777777,0.5,0.143,33.86,26.73,7.43,0.097,3.33,0.156,3513.0,688.0
9ItbKVrDOtQ,True,True,455.0,20,19,26895,222,0,13500,719,Neutral,1,-1039.14,428.99,80.41,441.69,1.65,0.168,0.362,0.0610200364298725,67.0,34.0,0.8529411764705882,0.4328358208955223,True,0.5671641791044777,0.4925373134328358,0.0149253731343283,0.0895522388059701,0.2238805970149253,0.0,0.0,0.2238805970149253,0.044776119402985,0.0149253731343283,0.0,0.0,0.3880597014925373,5.8,223.2,241.98,10.2,0.512,7.14,0.091,6694.0,1098.0
9LCl9pjTVRY,True,True,60.0,163,113,5947,47,0,1220000,11882,Neutral,8,29.41,14.22,15.08,16.49,1.853,0.215,0.595,0.1176470588235294,20.0,19.0,0.9473684210526316,0.9,False,0.1600000000000001,0.25,0.15,0.05,0.55,0.0,0.0,0.0,0.05,0.05,0.0,0.0,0.15,0.2,17.4,13.99,6.7,0.115,2.87,0.052,1148.0,170.0
9P9l2hlx9z4,True,True,487.0,39,34,276,1,0,27400,964,Neutral,1,-777.33,331.35,61.39,342.05,1.507,0.123,0.361,0.0504694835680751,43.0,34.0,0.8235294117647058,0.6511627906976745,True,0.5302325581395348,0.5116279069767442,0.0,0.0697674418604651,0.1627906976744186,0.0,0.0,0.0465116279069767,0.0,0.0232558139534883,0.0,0.0,0.6976744186046512,1.0,107.88,128.27,9.75,0.157,5.06,0.153,4672.0,852.0
9PwfiOuHrjA,True,True,290.0,17,17,4549,41,0,26800,915,Neutral,1,-795.17,342.54,47.75,354.01,1.298,0.069,0.341,0.064334085778781,57.0,49.0,0.8775510204081632,0.7543859649122807,True,0.5333333333333334,0.5087719298245614,0.0701754385964912,0.2280701754385964,0.0350877192982456,0.0,0.087719298245614,0.0175438596491228,0.1228070175438596,0.0175438596491228,0.0,0.0175438596491228,0.4035087719298245,0.185,34.11,40.15,6.22,0.098,4.07,0.172,4466.0,882.0
9Q4V7rgIaZ8,True,True,3570.0,120,96,478,4,0,24900,211,Neutral,6,-9133.64,3539.96,217.03,3632.6,1.613,0.155,0.165,0.0076898082963283,71.0,52.0,0.7884615384615384,0.5774647887323944,True,0.8,1.0,0.1690140845070422,0.0,0.2535211267605634,0.0,0.0140845070422535,0.0140845070422535,0.0985915492957746,0.0140845070422535,0.0,0.0,0.4366197183098591,0.769,80.6,112.29,9.0,0.013,5.29,0.094,54695.0,9214.0
9QiQvxDjV5w,True,True,18.0,13,13,239561,208,26,47300,827,Neutral,1,61.33,7.19,11.21,8.0,1.6,0.2,1.0,0.1,1.0,1.0,1.0,1.0,True,0.8,1.0,0.0,0.0,1.0,0.0,0.0,0.0,0.0,0.0,0.0,0.0,0.0,1.0,10.0,0.0,5.0,0.0,1.8,0.0,63.0,10.0
9RC0hgL_lgQ,True,True,266.0,707,353,1352,21,0,251000,1949,Negative,41,61.33,7.19,11.21,8.0,1.6,0.2,1.0,0.1,1.0,1.0,1.0,1.0,True,0.8,1.0,0.0,0.0,1.0,0.0,0.0,0.0,0.0,0.0,0.0,0.0,0.0,1.0,10.0,0.0,5.0,0.0,1.8,0.0,63.0,10.0
9U4KgYToIGQ,True,True,159.0,87,64,2510,18,3,22200,1782,Neutral,4,62.16,10.68,12.46,13.29,1.416,0.109,0.508,0.010752688172043,4.0,3.0,0.6666666666666666,0.5,True,0.5,0.5,0.0,0.0,0.5,0.0,0.0,0.5,0.0,0.0,0.0,0.0,0.0,0.353,22.71,13.01,6.18,0.1,3.25,0.168,2034.0,375.0
9UfDbIidyBk,True,False,58.0,0,0,19659,74,8,46000,861,,0,-62.59,56.27,25.98,59.55,1.529,0.116,0.645,0.1594202898550724,22.0,15.0,0.7333333333333333,0.5,True,0.1999999999999999,0.3181818181818182,0.1363636363636363,0.0,0.5454545454545454,0.0,0.0,0.0,0.0,0.1363636363636363,0.0,0.0454545454545454,0.1363636363636363,3.0,141.0,0.0,12.0,0.9,3.9,0.149,819.0,138.0
9VF0hud9rW8,True,True,243.0,72,59,35148,344,39,46900,1152,Neutral,4,-627.43,272.93,56.11,281.36,1.547,0.124,0.47,0.1424501424501424,100.0,82.0,0.926829268292683,0.76,True,0.472,0.43,0.17,0.28,0.12,0.0,0.0,0.16,0.0,0.02,0.0,0.0,0.25,1.0,118.67,95.74,12.0,0.294,4.69,0.111,4004.0,698.0
9VL8koL72g4,True,True,337.0,100,69,1809,5,0,42900,959,Neutral,5,43.05,13.89,15.47,15.72,1.615,0.146,0.339,0.0379876796714579,37.0,29.0,0.8620689655172413,0.6756756756756757,True,0.6486486486486487,0.6216216216216216,0.2702702702702703,0.081081081081081,0.2972972972972973,0.0,0.1081081081081081,0.081081081081081,0.027027027027027,0.027027027027027,0.0,0.0,0.1081081081081081,0.083,27.94,20.19,7.61,0.059,3.49,0.104,5857.0,974.0
9WAD1YM5R14,True,True,292.0,40,40,39062,194,27,216000,5950,Neutral,2,70.07,6.67,12.69,9.27,1.463,0.119,0.391,0.0409604519774011,29.0,23.0,0.8695652173913043,0.6896551724137931,True,0.4413793103448276,0.4137931034482758,0.0344827586206896,0.2758620689655172,0.2413793103448276,0.0,0.0,0.2413793103448276,0.0689655172413793,0.0,0.0,0.0344827586206896,0.1034482758620689,0.214,12.82,5.54,5.39,0.034,2.71,0.141,4047.0,709.0
9_VsEs_T1hA,True,True,2939.0,57,38,614,16,0,1220000,11882,Neutral,3,76.5,6.11,29.29,8.74,1.371,0.086,0.133,0.0009500542888165,7.0,6.0,0.8333333333333334,0.7142857142857143,True,0.8,1.0,0.0,0.0,0.2857142857142857,0.0,0.0,0.0,0.2857142857142857,0.0,0.0,0.0,0.4285714285714285,0.089,14.51,13.57,5.0,0.003,3.31,0.174,39482.0,7330.0
9aT6yQ-bB0Q,True,True,150.0,99,71,2379,16,1,216000,5950,Neutral,5,-387.46,185.8,33.89,192.9,1.302,0.061,0.432,0.1701244813278008,82.0,70.0,0.9,0.7682926829268293,False,0.151219512195122,0.2439024390243902,0.0,0.1341463414634146,0.1829268292682926,0.0,0.0121951219512195,0.0,0.048780487804878,0.048780487804878,0.0,0.0975609756097561,0.4756097560975609,0.143,23.81,23.92,5.43,0.124,3.72,0.196,2376.0,482.0
9dZNCABOkRI,True,False,75.0,0,0,198,0,1,674,262,,0,-74.53,59.68,31.12,64.07,1.586,0.166,0.621,0.2027027027027027,30.0,26.0,0.8461538461538461,0.7333333333333333,False,0.1466666666666667,0.2666666666666666,0.0666666666666666,0.0333333333333333,0.1333333333333333,0.0,0.0,0.0666666666666666,0.0666666666666666,0.0,0.0,0.0,0.6333333333333333,1.5,75.0,29.7,13.0,0.467,2.81,0.1,836.0,148.0
9eX0-Sy38Fk,True,True,733.0,127,78,298,5,1,12600,950,Neutral,3,-1516.75,611.87,96.83,628.95,1.681,0.173,0.321,0.0538998097653772,85.0,55.0,0.7818181818181819,0.5058823529411764,True,0.6588235294117648,0.6470588235294118,0.2235294117647059,0.0117647058823529,0.1764705882352941,0.0,0.0352941176470588,0.0352941176470588,0.0117647058823529,0.0,0.0,0.0,0.5058823529411764,10.0,800.0,1124.3,13.5,0.977,8.82,0.058,9720.0,1577.0
9gJSE08sCtQ,True,True,183.0,149,107,644,8,1,27400,964,Negative,12,-266.28,140.83,24.5,146.92,1.225,0.038,0.445,0.1463414634146341,54.0,47.0,0.8723404255319149,0.7592592592592593,False,0.1703703703703705,0.2962962962962963,0.074074074074074,0.074074074074074,0.1296296296296296,0.0,0.0,0.0185185185185185,0.1111111111111111,0.0555555555555555,0.0,0.037037037037037,0.5,0.2,37.8,38.88,6.6,0.174,3.54,0.198,1822.0,369.0
9mJExw9ARAA,True,True,126.0,17,16,2233,9,0,27400,964,Neutral,3,-190.92,107.21,34.42,112.39,1.45,0.111,0.458,0.1098901098901098,30.0,24.0,0.8333333333333334,0.6666666666666666,True,0.3733333333333333,0.4,0.0,0.1,0.3,0.0,0.0,0.0,0.0333333333333333,0.0666666666666666,0.0,0.0,0.5,5.5,139.5,194.45,8.0,0.479,5.14,0.147,1501.0,274.0
9nquNhUAju0,True,True,1607.0,272,179,77,1,0,3640,696,Neutral,5,-4156.36,1630.17,130.36,1674.06,1.484,0.119,0.233,0.0161366872330327,68.0,47.0,0.8085106382978723,0.5588235294117647,True,0.8,1.0,0.0147058823529411,0.0,0.2352941176470588,0.0,0.0147058823529411,0.0294117647058823,0.0147058823529411,0.0294117647058823,0.0,0.0,0.6617647058823529,0.516,67.59,76.55,8.38,0.034,4.5,0.125,23288.0,4200.0
9oRaPL3oCUA,True,True,210.0,135,99,1449,16,0,5390,505,Neutral,9,-467.93,215.66,41.02,223.63,1.353,0.08,0.458,0.1425992779783393,79.0,69.0,0.8985507246376812,0.7848101265822784,True,0.3544303797468355,0.4050632911392405,0.0886075949367088,0.1012658227848101,0.1518987341772152,0.0,0.0379746835443038,0.0126582278481012,0.0759493670886076,0.0126582278481012,0.0,0.0126582278481012,0.5063291139240507,0.0,63.67,55.59,9.56,0.187,3.85,0.194,2846.0,554.0
9oVLxfYex8Y,True,True,180.0,32,31,16229,40,5,21200,805,Neutral,2,-334.38,158.03,52.93,164.58,1.658,0.192,0.494,0.1863979848866498,74.0,56.0,0.9107142857142856,0.6891891891891891,False,0.1837837837837839,0.2837837837837837,0.1216216216216216,0.0,0.1216216216216216,0.0,0.0,0.0675675675675675,0.054054054054054,0.1081081081081081,0.0,0.0,0.527027027027027,0.0,200.0,31.11,14.0,0.676,4.54,0.083,2287.0,398.0
9p1Erx1aaTg,True,True,169.0,20,19,16167,89,2,23100,1473,Neutral,2,-396.76,186.6,44.72,193.96,1.436,0.112,0.434,0.0861344537815126,41.0,26.0,0.7692307692307693,0.4878048780487805,False,0.0585365853658537,0.2439024390243902,0.024390243902439,0.1463414634146341,0.2195121951219512,0.0,0.1219512195121951,0.0,0.1219512195121951,0.024390243902439,0.0,0.048780487804878,0.2926829268292683,0.25,61.25,57.69,8.75,0.187,3.36,0.12,2531.0,474.0
9rDdZmjRZkw,True,True,60.0,103,83,2671,27,1,34900,832,Neutral,5,-87.64,67.72,30.53,73.41,1.441,0.135,0.606,0.3128491620111732,56.0,50.0,0.9,0.8035714285714286,False,0.1214285714285714,0.2678571428571428,0.0,0.0178571428571428,0.2857142857142857,0.0,0.0,0.0892857142857142,0.0892857142857142,0.0535714285714285,0.0,0.0178571428571428,0.4464285714285714,0.333,59.67,72.39,6.67,0.25,4.55,0.056,901.0,178.0
9rXedDBrVKY,True,True,359.0,27,23,2471,14,0,27400,964,Positive,2,-785.29,336.44,57.02,347.63,1.409,0.103,0.399,0.0700564971751412,62.0,56.0,0.9642857142857144,0.8709677419354839,True,0.4258064516129032,0.3709677419354839,0.032258064516129,0.064516129032258,0.2419354838709677,0.0,0.0,0.0483870967741935,0.064516129032258,0.1129032258064516,0.0,0.0,0.4354838709677419,0.176,53.59,44.9,8.53,0.16,3.25,0.16,4674.0,872.0
9siZWzxrJHM,True,True,2067.0,51,45,1689,24,23,13500,235,Neutral,2,-4820.4,1885.76,132.01,1935.96,1.463,0.105,0.214,0.013940139401394,68.0,47.0,0.8297872340425532,0.5735294117647058,True,0.8,1.0,0.0147058823529411,0.0294117647058823,0.2058823529411764,0.0,0.0,0.088235294117647,0.0147058823529411,0.1029411764705882,0.0,0.0,0.5441176470588235,0.617,82.72,131.74,9.63,0.028,6.66,0.133,26227.0,4867.0
9tKDNZOqA6k,True,True,3997.0,87,69,921,1,0,1400,201,Neutral,4,-10970.83,4248.6,206.23,4359.67,1.481,0.116,0.156,0.0035230352303523,39.0,32.0,0.875,0.717948717948718,True,0.8,1.0,0.0512820512820512,0.0,0.3076923076923077,0.0,0.0,0.0256410256410256,0.0256410256410256,0.0256410256410256,0.0,0.0,0.5641025641025641,0.616,69.21,77.27,9.33,0.011,4.64,0.121,59852.0,11027.0
9tt-HuJRIIQ,True,True,205.0,246,152,3492,31,2,75200,1684,Positive,14,70.78,7.89,10.03,10.28,1.391,0.08,0.455,0.0114678899082568,5.0,5.0,1.0,1.0,True,0.56,0.6,0.0,0.0,0.0,0.0,0.2,0.0,0.0,0.0,0.0,0.0,0.8,0.083,18.71,12.37,6.33,0.081,3.09,0.185,2292.0,441.0
9ul6iIbCPQI,True,True,686.0,54,43,170,2,0,12500,530,Neutral,3,-1621.51,651.32,103.22,669.86,1.72,0.185,0.301,0.0255344418052256,43.0,23.0,0.7391304347826086,0.3953488372093023,True,0.6697674418604651,0.6744186046511628,0.0,0.0,0.1395348837209302,0.0,0.0232558139534883,0.0465116279069767,0.1860465116279069,0.0,0.0,0.0,0.6046511627906976,6.75,427.75,318.35,13.75,0.348,5.1,0.069,10426.0,1681.0
9uvt4Bhd8Uo,True,True,283.0,58,46,3203,32,3,21200,805,Neutral,3,-791.07,339.98,47.01,350.51,1.346,0.068,0.356,0.0606741573033707,54.0,51.0,0.9411764705882352,0.8888888888888888,True,0.4740740740740741,0.4074074074074074,0.0185185185185185,0.1296296296296296,0.1851851851851851,0.0,0.0,0.0185185185185185,0.1666666666666666,0.1296296296296296,0.0,0.0,0.3518518518518518,0.107,32.54,31.53,6.82,0.088,3.29,0.173,4525.0,884.0
9vNijBQhcFE,True,True,240.0,114,74,1062,7,0,145000,1134,Neutral,5,46.05,11.82,13.52,13.53,1.66,0.165,0.43,0.0068027210884353,4.0,4.0,1.0,1.0,True,0.5,0.5,0.0,0.0,0.25,0.0,0.0,0.0,0.25,0.25,0.0,0.0,0.25,0.067,20.17,10.09,6.97,0.069,3.38,0.121,3676.0,594.0
9xBdFS9BOZ8,True,True,2526.0,115,86,3734,28,0,17100,551,Neutral,7,-6793.68,2643.69,162.06,2713.8,1.476,0.114,0.166,0.0068773778167983,47.0,33.0,0.7878787878787878,0.5531914893617021,True,0.8,1.0,0.1063829787234042,0.0212765957446808,0.0212765957446808,0.0,0.3404255319148936,0.0,0.0212765957446808,0.0,0.0,0.0,0.4893617021276595,0.709,89.37,110.72,10.06,0.023,4.87,0.125,37907.0,6801.0
9xc27Rr5fXw,True,True,111.0,90,65,389,4,3,697000,6101,Positive,3,-195.84,109.64,29.92,113.07,1.424,0.079,0.579,0.2097902097902098,60.0,53.0,0.8867924528301887,0.7833333333333333,False,0.1600000000000001,0.2666666666666666,0.0833333333333333,0.25,0.1,0.0,0.0,0.0666666666666666,0.05,0.0666666666666666,0.0,0.0166666666666666,0.3666666666666666,0.6,59.4,46.58,8.4,0.349,3.9,0.138,1567.0,282.0
A-M6wSyw6IY,True,True,34.0,72,53,156,1,0,674,262,Neutral,2,60.84,7.91,10.69,10.2,1.574,0.139,0.653,0.0294117647058823,3.0,3.0,1.0,1.0,True,0.8,1.0,0.0,0.0,0.0,0.0,0.0,0.0,0.0,0.0,0.0,0.0,1.0,0.25,13.12,9.36,4.88,0.188,2.79,0.171,562.0,102.0
A0Q0XmmoMlo,True,True,265.0,25,23,1408963,8303,454,10400,247,Neutral,2,-717.1,309.54,53.26,319.44,1.443,0.097,0.368,0.0665829145728643,53.0,38.0,0.6578947368421053,0.4716981132075472,True,0.4000000000000001,0.3396226415094339,0.0,0.0377358490566037,0.3396226415094339,0.0,0.0,0.0943396226415094,0.1132075471698113,0.0188679245283018,0.0,0.0,0.3962264150943396,0.571,115.86,127.44,10.29,0.266,5.14,0.118,4274.0,795.0
A6NgXuT5r4w,True,True,255.0,555,260,284,3,0,53500,1701,Negative,35,-657.39,289.04,43.12,298.56,1.325,0.066,0.325,0.0697986577181208,52.0,42.0,0.8809523809523809,0.7115384615384616,True,0.4923076923076923,0.4230769230769231,0.0384615384615384,0.0384615384615384,0.0961538461538461,0.0,0.0,0.0,0.0,0.0576923076923076,0.0,0.0384615384615384,0.7307692307692307,0.471,45.06,53.1,7.47,0.119,3.94,0.195,3766.0,744.0
A6ms95Ru9ys,True,True,263.0,32,27,2566,3,0,60900,808,Neutral,1,-605.54,266.65,54.23,275.94,1.444,0.118,0.371,0.148471615720524,102.0,67.0,0.8805970149253731,0.5784313725490197,True,0.3098039215686274,0.3529411764705882,0.2254901960784313,0.0294117647058823,0.1372549019607843,0.0,0.0,0.0196078431372549,0.088235294117647,0.0,0.0,0.0,0.5,1.833,115.33,78.46,11.83,0.285,4.19,0.123,3632.0,686.0
ABm8iW5eWC8,True,True,76.0,45,41,46361,131,0,697000,6101,Neutral,4,-73.84,62.07,28.03,66.39,1.458,0.123,0.581,0.232258064516129,36.0,26.0,0.8846153846153846,0.6388888888888888,False,0.1222222222222222,0.25,0.0,0.1111111111111111,0.6111111111111112,0.0,0.1388888888888889,0.0,0.0,0.0277777777777777,0.0,0.0,0.1111111111111111,1.0,52.67,48.81,6.67,0.333,4.04,0.07,851.0,157.0
AC3Wn6bRu-w,True,True,38.0,75,56,326295,8,8,13500,857,Neutral,3,45.11,9.58,11.93,10.87,1.786,0.226,0.881,0.0114942528735632,1.0,1.0,1.0,1.0,True,0.8,1.0,0.0,0.0,0.0,0.0,0.0,0.0,0.0,0.0,0.0,0.0,1.0,0.0,10.88,4.58,5.5,0.115,2.5,0.046,563.0,86.0
ACP-hdH06qo,True,True,145.0,85,67,631,1,0,9140,1878,Neutral,6,-214.52,118.95,28.68,124.49,1.321,0.066,0.492,0.1493506493506493,46.0,37.0,0.8378378378378378,0.6739130434782609,False,0.1826086956521739,0.2608695652173913,0.2391304347826087,0.0434782608695652,0.1521739130434782,0.0,0.0,0.0434782608695652,0.0,0.1304347826086956,0.0,0.0,0.391304347826087,0.25,38.88,28.61,7.5,0.165,3.41,0.183,1576.0,307.0
AD2RtJPAhIU,True,True,126.0,39,34,7480,14,1,88900,1346,Neutral,2,-223.13,118.66,36.44,123.61,1.495,0.114,0.502,0.1456953642384106,44.0,24.0,0.6666666666666666,0.3636363636363636,True,0.3545454545454545,0.3863636363636363,0.0,0.0,0.0909090909090909,0.0,0.0,0.0,0.0,0.0681818181818181,0.0,0.0,0.8409090909090909,2.0,157.5,126.57,12.5,0.769,4.16,0.133,1646.0,301.0
AEraZlRsee8,True,True,298.0,344,208,7805,76,3,75200,1684,Neutral,17,76.97,6.26,10.65,8.91,1.355,0.077,0.393,0.0043478260869565,3.0,3.0,1.0,1.0,True,0.6666666666666667,0.6666666666666666,0.0,0.0,0.0,0.0,0.0,0.0,0.0,0.0,0.0,0.0,1.0,0.089,12.86,10.8,4.71,0.031,3.05,0.186,3653.0,686.0
AGAXmrt7AUI,True,True,495.0,54,44,7977,32,1,3880,230,Neutral,2,-1609.98,654.68,67.51,673.82,1.343,0.076,0.266,0.0395513577331759,67.0,51.0,0.8627450980392157,0.6567164179104478,True,0.7402985074626867,0.8507462686567164,0.044776119402985,0.0149253731343283,0.208955223880597,0.0,0.0,0.0,0.044776119402985,0.0746268656716417,0.0,0.0149253731343283,0.5970149253731343,0.3,58.7,50.02,9.23,0.062,4.24,0.166,8753.0,1688.0
AIb8ZO36zc0,True,True,184.0,72,60,6293,23,2,26800,915,Neutral,4,-344.81,168.92,36.44,175.69,1.326,0.079,0.464,0.1389521640091116,61.0,53.0,0.9056603773584906,0.7868852459016393,True,0.2098360655737705,0.3278688524590163,0.0163934426229508,0.2622950819672131,0.1147540983606557,0.0,0.0,0.0327868852459016,0.0655737704918032,0.1147540983606557,0.0,0.0,0.3934426229508196,0.3,23.0,22.9,5.5,0.063,3.03,0.202,2251.0,436.0
AInty1Lqt38,True,True,1103.0,115,85,327,4,0,46000,861,Very Positive,5,-2772.21,1097.76,100.58,1127.07,1.512,0.104,0.234,0.015828350334154,45.0,20.0,0.6,0.2666666666666666,True,0.8,1.0,0.0444444444444444,0.0222222222222222,0.5111111111111111,0.0,0.0,0.0,0.0,0.0666666666666666,0.0,0.0,0.3555555555555555,9.6,583.8,369.57,21.0,0.278,8.89,0.118,16278.0,2835.0
AMkNYaXhhvU,True,True,53.0,11,11,8117,27,2,12600,950,Neutral,1,-41.83,49.9,24.5,53.79,1.452,0.113,0.629,0.256,32.0,25.0,0.8,0.625,False,0.0375,0.21875,0.0625,0.09375,0.0625,0.0,0.25,0.03125,0.0,0.0,0.0,0.0625,0.4375,1.0,128.0,0.0,10.0,0.889,4.06,0.094,690.0,124.0
ANkwvm5FTM4,True,True,749.0,100,70,1794,3,0,88900,1346,Neutral,5,-1524.82,617.71,89.2,636.0,1.549,0.144,0.312,0.046875,75.0,57.0,0.8596491228070176,0.6533333333333333,True,0.6773333333333333,0.6933333333333334,0.0133333333333333,0.0266666666666666,0.2,0.0,0.0,0.0666666666666666,0.0666666666666666,0.0133333333333333,0.0,0.0,0.6133333333333333,3.857,231.57,239.84,13.0,0.185,5.32,0.093,8719.0,1599.0
ASKTLgW6qZY,True,True,1906.0,124,91,970,10,0,17100,551,Neutral,7,-5237.92,2047.59,124.58,2102.28,1.395,0.086,0.169,0.0080193957478552,43.0,33.0,0.8181818181818182,0.627906976744186,True,0.8,1.0,0.1627906976744186,0.0,0.3488372093023256,0.0,0.0,0.0930232558139534,0.0232558139534883,0.0232558139534883,0.0,0.0,0.3488372093023256,0.405,49.92,56.1,7.71,0.019,3.97,0.145,28127.0,5321.0
AT7I5CFyKac,True,True,175.0,15,14,2062,4,0,27400,964,Neutral,3,-293.1,141.84,45.88,147.32,1.674,0.159,0.584,0.276056338028169,98.0,79.0,0.8987341772151899,0.7244897959183674,True,0.2448979591836735,0.3775510204081632,0.1020408163265306,0.2653061224489796,0.173469387755102,0.0,0.010204081632653,0.1530612244897959,0.0612244897959183,0.0204081632653061,0.0,0.0,0.2142857142857142,2.0,180.0,251.73,7.5,0.474,6.95,0.064,2189.0,354.0
ATNxBh1zD5k,True,True,4054.0,101,81,402,0,0,1400,201,Neutral,5,-8542.27,3313.64,205.43,3400.91,1.569,0.148,0.172,0.0042814163388104,37.0,31.0,0.8387096774193549,0.7027027027027027,True,0.8,1.0,0.027027027027027,0.0,0.2162162162162162,0.0,0.0,0.027027027027027,0.1081081081081081,0.0,0.0,0.0,0.6216216216216216,1.393,144.48,180.31,12.13,0.028,5.16,0.099,48551.0,8620.0
AUMTTZ5aVIQ,True,True,280.0,202,142,154535,540,0,45300,2832,Neutral,11,75.47,6.01,11.07,8.2,1.394,0.083,0.393,0.0084745762711864,6.0,6.0,1.0,1.0,True,0.6666666666666667,0.6666666666666666,0.0,0.0,0.1666666666666666,0.0,0.0,0.0,0.0,0.0,0.0,0.0,0.8333333333333334,0.036,13.25,8.99,5.11,0.037,2.81,0.13,3820.0,714.0
AWy8tBh8hkw,True,True,788.0,11,11,37,2,0,15600,1174,Neutral,1,-1724.34,696.22,79.77,715.93,1.459,0.101,0.268,0.0374243258117776,68.0,46.0,0.7608695652173914,0.5147058823529411,True,0.6823529411764706,0.7058823529411765,0.0294117647058823,0.0147058823529411,0.1323529411764706,0.0,0.0,0.1323529411764706,0.0588235294117647,0.0588235294117647,0.0,0.0,0.5735294117647058,0.649,50.43,52.77,8.03,0.043,3.78,0.161,9851.0,1793.0
AZamWR7goMA,True,True,1269.0,15,15,2034,5,0,1400,201,Neutral,1,-3102.34,1220.57,147.43,1254.08,1.707,0.205,0.217,0.0163882760794201,52.0,43.0,0.9069767441860463,0.75,True,0.8,1.0,0.0384615384615384,0.0192307692307692,0.2307692307692307,0.0,0.0,0.0,0.0961538461538461,0.0384615384615384,0.0,0.0,0.5769230769230769,4.273,294.09,448.84,15.0,0.203,9.66,0.09,19369.0,3168.0
A_H2aJwNq4c,True,True,167.0,51,37,5176,37,6,35300,1846,Neutral,3,-390.7,185.76,36.44,192.61,1.364,0.072,0.463,0.1213991769547325,59.0,51.0,0.9019607843137256,0.7796610169491526,False,0.1355932203389831,0.288135593220339,0.0,0.0677966101694915,0.1186440677966101,0.0,0.0,0.0847457627118644,0.0338983050847457,0.2033898305084746,0.0,0.0,0.4915254237288136,0.067,33.33,45.79,5.73,0.122,3.9,0.17,2463.0,484.0
AaOZzqkbtN0,True,True,39.0,92,69,17535,14,0,55000,668,Neutral,5,83.22,4.94,8.84,7.98,1.303,0.076,0.655,0.0578512396694214,7.0,6.0,0.8333333333333334,0.7142857142857143,True,0.4000000000000001,0.4285714285714285,0.0,0.1428571428571428,0.2857142857142857,0.0,0.0,0.0,0.0,0.1428571428571428,0.0,0.0,0.4285714285714285,0.222,14.0,6.12,5.33,0.28,3.08,0.143,629.0,120.0
AcWWxJWVtIs,True,True,26.0,79,60,499,9,0,98900,2838,Neutral,3,9.09,24.66,22.92,29.03,1.725,0.235,0.725,0.18,9.0,9.0,1.0,1.0,True,0.2222222222222223,0.3333333333333333,0.0,0.0,0.2222222222222222,0.0,0.0,0.0,0.3333333333333333,0.1111111111111111,0.0,0.0,0.3333333333333333,1.0,51.0,0.0,10.0,0.5,2.69,0.078,320.0,51.0
Ac_3V40qLrA,True,True,90.0,256,160,8,1,0,21200,1769,Neutral,10,72.71,6.49,9.28,8.22,1.422,0.085,0.508,0.0271317829457364,7.0,6.0,0.8333333333333334,0.7142857142857143,True,0.4000000000000001,0.4285714285714285,0.1428571428571428,0.0,0.4285714285714285,0.0,0.0,0.1428571428571428,0.1428571428571428,0.0,0.0,0.0,0.1428571428571428,0.105,14.0,9.23,5.68,0.146,2.89,0.184,1460.0,258.0
AdoCD7D70C4,True,True,241.0,30,27,879,10,1,12500,530,Neutral,3,-582.72,258.25,48.47,266.82,1.426,0.096,0.446,0.1445427728613569,98.0,85.0,0.8941176470588236,0.7755102040816326,True,0.2816326530612245,0.3163265306122449,0.010204081632653,0.1020408163265306,0.1326530612244898,0.0,0.0306122448979591,0.010204081632653,0.0714285714285714,0.0816326530612244,0.0,0.0,0.5612244897959183,0.158,36.37,38.57,6.95,0.079,3.38,0.149,3593.0,672.0
AduzVx9An_U,True,True,3271.0,62,43,189,2,0,216000,5950,Neutral,1,-9238.82,3582.21,195.93,3675.83,1.524,0.124,0.151,0.0098723038952677,92.0,88.0,0.9545454545454546,0.9130434782608696,True,0.8,1.0,0.0543478260869565,0.0,0.2391304347826087,0.0,0.0108695652173913,0.0,0.0869565217391304,0.0217391304347826,0.0,0.0108695652173913,0.5760869565217391,0.637,70.4,80.62,8.99,0.013,4.15,0.126,52095.0,9294.0
AfjuqWeBpQo,True,True,96.0,58,42,7661,67,4,13500,235,Neutral,3,61.33,7.19,11.21,8.0,1.6,0.2,1.0,0.1,1.0,1.0,1.0,1.0,True,0.8,1.0,0.0,0.0,1.0,0.0,0.0,0.0,0.0,0.0,0.0,0.0,0.0,1.0,10.0,0.0,5.0,0.0,1.8,0.0,63.0,10.0
AfxIr59erBA,True,True,195.0,124,88,794,5,7,1630,242,Neutral,4,61.33,7.19,11.21,8.0,1.6,0.2,1.0,0.1,1.0,1.0,1.0,1.0,True,0.8,1.0,0.0,0.0,1.0,0.0,0.0,0.0,0.0,0.0,0.0,0.0,0.0,1.0,10.0,0.0,5.0,0.0,1.8,0.0,63.0,10.0
AgCrbjrKu3Y,True,True,161.0,121,86,1343,12,0,135000,2612,Neutral,5,-328.17,160.39,38.81,166.24,1.429,0.096,0.52,0.1610576923076923,67.0,60.0,0.8833333333333333,0.7910447761194029,True,0.2626865671641791,0.3432835820895522,0.0597014925373134,0.1044776119402985,0.1044776119402985,0.0,0.0,0.0597014925373134,0.0895522388059701,0.1194029850746268,0.0,0.044776119402985,0.417910447761194,0.167,70.67,81.93,6.83,0.266,6.89,0.132,2194.0,409.0
AgQRJyImzB0,True,True,214.0,100,74,4356,45,0,113000,553,Neutral,5,-491.56,223.67,44.32,231.34,1.405,0.091,0.42,0.1153184165232358,67.0,60.0,0.95,0.8507462686567164,True,0.3402985074626865,0.3283582089552239,0.1343283582089552,0.0149253731343283,0.1791044776119403,0.0,0.0,0.044776119402985,0.0895522388059701,0.0597014925373134,0.0,0.0298507462686567,0.4477611940298507,0.571,84.86,39.31,10.86,0.288,3.47,0.158,3055.0,576.0
AhN5Z5pfWW4,True,True,35.0,50,40,4521,33,1,98900,2838,Neutral,3,-21.6,36.4,22.92,37.83,1.728,0.148,0.728,0.2804878048780488,23.0,20.0,0.9,0.782608695652174,False,0.1391304347826087,0.2608695652173913,0.0,0.1304347826086956,0.0434782608695652,0.0,0.0,0.1739130434782608,0.0,0.1739130434782608,0.0,0.0434782608695652,0.4347826086956521,0.0,83.0,0.0,14.0,0.667,2.51,0.048,480.0,82.0
AjIy9AzhbxE,True,True,190.0,66,55,463,2,0,63500,1955,Neutral,4,68.68,8.81,10.6,11.09,1.385,0.083,0.44,0.0359281437125748,18.0,16.0,0.875,0.7777777777777778,True,0.5555555555555556,0.6111111111111112,0.0,0.2222222222222222,0.1111111111111111,0.0,0.0,0.0555555555555555,0.2777777777777778,0.0,0.0,0.0555555555555555,0.2777777777777778,0.172,17.72,13.27,5.45,0.101,3.1,0.173,2641.0,502.0
AkxVxcwk89g,True,True,226.0,100,69,1004,6,0,1220000,11882,Neutral,6,-536.77,239.17,48.83,247.02,1.495,0.105,0.327,0.058252427184466,36.0,17.0,0.5294117647058824,0.25,True,0.288888888888889,0.3333333333333333,0.3333333333333333,0.0,0.1111111111111111,0.0,0.0,0.0277777777777777,0.0277777777777777,0.0555555555555555,0.0,0.0,0.4444444444444444,0.286,90.14,104.41,12.14,0.179,4.67,0.122,3417.0,618.0
AkyLroIAhIc,True,True,5168.0,124,90,149,3,0,3640,696,Neutral,2,-11812.93,4569.77,237.77,4688.72,1.597,0.144,0.153,0.0056659619450317,67.0,53.0,0.7924528301886793,0.6268656716417911,True,0.8,1.0,0.1044776119402985,0.0298507462686567,0.1641791044776119,0.0,0.0,0.0,0.0298507462686567,0.0895522388059701,0.0,0.0,0.582089552238806,1.163,130.7,201.27,12.62,0.023,5.38,0.108,68549.0,11802.0
Al48yiqiS24,True,True,124.0,109,79,490,5,1,53500,1701,Neutral,6,-179.96,106.43,28.68,111.94,1.285,0.073,0.438,0.1590106007067137,45.0,39.0,0.8461538461538461,0.7333333333333333,True,0.2222222222222223,0.3777777777777777,0.0,0.1333333333333333,0.0222222222222222,0.0,0.0,0.0,0.0666666666666666,0.2444444444444444,0.0,0.0222222222222222,0.5111111111111111,0.143,21.0,17.74,5.71,0.19,2.83,0.218,1368.0,280.0
Al4HeG0SEOY,True,True,40.0,35,31,791,0,0,878,241,Neutral,2,70.75,5.83,9.1,8.37,1.491,0.111,0.611,0.1531531531531531,17.0,15.0,0.8666666666666667,0.7647058823529411,True,0.3529411764705883,0.4117647058823529,0.0588235294117647,0.1176470588235294,0.1764705882352941,0.0,0.0588235294117647,0.0588235294117647,0.2352941176470588,0.0,0.0,0.0,0.2941176470588235,0.083,9.33,5.65,4.75,0.111,2.37,0.17,575.0,111.0
Ao3xoPbT7mY,True,True,2093.0,202,102,264,6,0,14700,1456,Neutral,5,74.6,6.61,25.08,8.67,1.382,0.081,0.228,0.0018079913216416,10.0,2.0,0.0,0.0,True,0.8,1.0,0.8,0.0,0.0,0.0,0.0,0.0,0.0,0.0,0.0,0.0,0.2,0.107,15.05,9.82,5.49,0.005,3.08,0.169,29240.0,5507.0
Aoq1eFlWD5I,True,True,268.0,152,98,1476,4,0,53500,1701,Neutral,9,69.98,7.92,10.28,10.02,1.404,0.085,0.447,0.017921146953405,10.0,10.0,1.0,1.0,True,0.72,0.8,0.3,0.0,0.0,0.0,0.0,0.0,0.0,0.0,0.0,0.3,0.4,0.097,18.19,9.44,5.97,0.065,3.43,0.156,2969.0,529.0
AqwJCeemxdg,True,True,111.0,50,38,1425,9,3,34900,832,Neutral,3,-134.12,76.44,40.15,79.42,1.883,0.235,0.575,0.2722222222222222,49.0,28.0,0.8571428571428571,0.4897959183673469,False,0.1387755102040817,0.2857142857142857,0.1020408163265306,0.0,0.1020408163265306,0.0,0.0,0.1632653061224489,0.1632653061224489,0.1224489795918367,0.0,0.0,0.3469387755102041,0.25,47.0,91.33,5.75,0.208,5.01,0.027,1277.0,184.0
ArD4wIAZtxI,True,True,142.0,36,34,19274,135,0,16500,578,Positive,3,-316.85,157.07,33.89,162.89,1.379,0.072,0.479,0.145679012345679,59.0,51.0,0.8627450980392157,0.7457627118644068,True,0.1491525423728814,0.3220338983050847,0.0338983050847457,0.1186440677966101,0.1694915254237288,0.0,0.0169491525423728,0.0169491525423728,0.0677966101694915,0.0338983050847457,0.0,0.0847457627118644,0.4576271186440678,0.0,34.75,46.11,6.83,0.246,3.18,0.17,2032.0,404.0
Atra4d44WIo,True,True,2045.0,132,91,83,2,0,674,262,Neutral,5,66.23,7.95,26.59,10.27,1.472,0.115,0.269,0.0074140642552235,33.0,18.0,0.6666666666666666,0.3636363636363636,True,0.8,1.0,0.2121212121212121,0.0,0.0909090909090909,0.0,0.0,0.1515151515151515,0.1212121212121212,0.0,0.0,0.0,0.4242424242424242,0.107,15.74,11.1,5.71,0.008,3.1,0.157,24872.0,4443.0
AumWr7lU0mM,True,True,146.0,30,29,2109,10,0,1220000,11882,Neutral,1,-412.62,189.06,50.24,195.69,1.611,0.143,0.359,0.1950207468879668,94.0,38.0,0.6578947368421053,0.2659574468085106,False,0.2042553191489362,0.2659574468085106,0.0212765957446808,0.0,0.3297872340425531,0.0,0.0,0.1914893617021276,0.0212765957446808,0.0212765957446808,0.0,0.0,0.4148936170212766,0.667,163.67,188.62,11.0,0.8,6.49,0.09,2764.0,482.0
AvoDNblvFMQ,True,True,4550.0,92,57,415,4,0,45300,2832,Neutral,4,-11531.21,4465.14,190.7,4581.66,1.423,0.094,0.131,0.0060518240709171,71.0,54.0,0.9074074074074074,0.6901408450704225,True,0.8,1.0,0.0,0.0140845070422535,0.2676056338028169,0.0,0.0,0.0140845070422535,0.0140845070422535,0.028169014084507,0.0,0.0140845070422535,0.647887323943662,0.197,50.24,54.3,7.46,0.007,3.95,0.131,60736.0,11649.0
AwXputSuVeo,True,True,1808.0,175,111,5192,55,15,46000,861,Very Positive,8,-4415.55,1731.41,111.37,1777.59,1.405,0.081,0.2,0.0168813860506441,76.0,62.0,0.8709677419354839,0.7105263157894737,True,0.8,1.0,0.2236842105263158,0.1184210526315789,0.0263157894736842,0.0,0.0131578947368421,0.0789473684210526,0.0526315789473684,0.0526315789473684,0.0,0.0,0.4342105263157895,0.293,39.76,49.4,6.48,0.016,4.33,0.147,23492.0,4461.0
AxaM-imfTZQ,True,True,973.0,36,30,2705,39,0,1220000,11882,Neutral,1,-2341.24,930.33,110.46,956.07,1.601,0.149,0.268,0.0285241835469202,69.0,58.0,0.8275862068965517,0.6956521739130435,True,0.8,1.0,0.0579710144927536,0.0579710144927536,0.1304347826086956,0.0,0.2028985507246377,0.0289855072463768,0.072463768115942,0.0434782608695652,0.0,0.0,0.4057971014492754,0.583,69.14,75.2,9.39,0.05,3.79,0.123,14069.0,2411.0
B0kl43FJ-Z0,True,True,164.0,52,42,19,0,0,5490,571,Neutral,3,68.49,7.15,10.93,9.47,1.469,0.112,0.441,0.034,17.0,12.0,0.75,0.5294117647058824,True,0.4235294117647059,0.4117647058823529,0.4117647058823529,0.0588235294117647,0.0,0.0,0.0,0.0588235294117647,0.0,0.0,0.0,0.0,0.4705882352941176,0.026,13.66,11.75,5.32,0.056,2.96,0.164,2801.0,503.0
B1WItwQ54MY,True,True,175.0,72,49,67,1,0,10100,1158,Neutral,3,61.33,7.19,11.21,8.0,1.6,0.2,1.0,0.1,1.0,1.0,1.0,1.0,True,0.8,1.0,0.0,0.0,1.0,0.0,0.0,0.0,0.0,0.0,0.0,0.0,0.0,1.0,10.0,0.0,5.0,0.0,1.8,0.0,63.0,10.0
B1hXPL7pgvs,True,True,2881.0,179,130,1370,24,0,1220000,11882,Neutral,7,69.71,7.15,33.45,9.68,1.446,0.109,0.144,0.0006350819255683,5.0,5.0,1.0,1.0,True,0.8,1.0,0.0,0.0,0.0,0.0,0.0,0.0,0.0,0.0,0.0,0.0,1.0,0.118,15.08,8.94,5.64,0.003,3.09,0.133,43893.0,7838.0
B4b5hfFtVnk,True,True,91.0,52,45,129,0,0,135000,2612,Neutral,2,55.21,11.1,12.69,13.05,1.525,0.126,0.534,0.0269058295964125,6.0,6.0,1.0,1.0,True,0.6000000000000001,0.6666666666666666,0.0,0.0,0.1666666666666666,0.0,0.0,0.0,0.3333333333333333,0.0,0.0,0.0,0.5,0.1,22.4,11.68,8.4,0.14,3.03,0.107,1255.0,223.0
B4nUAUbPEE8,True,False,175.0,0,0,3370,23,0,21200,1769,,0,-417.52,192.98,46.26,200.02,1.513,0.117,0.376,0.1622718052738336,80.0,54.0,0.7962962962962963,0.5375,False,0.09,0.25,0.0,0.125,0.325,0.0,0.225,0.05,0.0,0.0375,0.0,0.0,0.2375,3.0,496.0,0.0,23.0,0.969,3.63,0.141,2776.0,493.0
B5V1u1hw-So,True,True,137.0,52,46,5046,56,16,45400,902,Neutral,4,-260.09,132.51,41.02,138.03,1.512,0.132,0.551,0.136094674556213,46.0,41.0,0.902439024390244,0.8043478260869565,False,0.1304347826086958,0.2826086956521739,0.0,0.0652173913043478,0.2391304347826087,0.0,0.0217391304347826,0.0652173913043478,0.1304347826086956,0.0217391304347826,0.0,0.0652173913043478,0.391304347826087,2.0,173.0,168.29,14.0,0.526,6.17,0.09,1921.0,338.0
B5kMgmK0bnw,True,True,422.0,35,34,1198016,0,0,24400,946,Neutral,3,-945.27,398.01,63.04,410.85,1.405,0.108,0.345,0.0342465753424657,35.0,30.0,0.9,0.7714285714285715,True,0.6285714285714286,0.6285714285714286,0.0285714285714285,0.1142857142857142,0.2,0.0,0.0,0.0,0.0571428571428571,0.0285714285714285,0.0,0.0285714285714285,0.5428571428571428,0.286,74.71,103.56,8.36,0.14,4.94,0.157,5306.0,1022.0
B5xKbNVn3Rc,True,True,107.0,27,27,207,1,1,15600,1174,Very Positive,1,-171.73,102.55,28.03,107.94,1.319,0.072,0.475,0.1368821292775665,36.0,27.0,0.8518518518518519,0.6388888888888888,True,0.2444444444444444,0.3611111111111111,0.0277777777777777,0.0,0.3611111111111111,0.0,0.0,0.0277777777777777,0.1388888888888889,0.1388888888888889,0.0,0.0,0.3055555555555556,0.0,38.14,35.31,7.14,0.233,4.07,0.195,1347.0,263.0
B9O_ZSr5BNM,True,True,75.0,56,43,874,9,0,12800,692,Neutral,5,54.96,14.79,14.55,19.12,1.351,0.108,0.541,0.036036036036036,4.0,4.0,1.0,1.0,True,0.7,0.75,0.0,0.0,0.25,0.0,0.0,0.0,0.0,0.0,0.0,0.5,0.25,0.0,39.0,7.21,7.0,0.389,3.81,0.137,593.0,111.0
B9RjImfEWAo,True,True,61.0,105,80,106,1,0,7550,2528,Neutral,8,82.67,5.13,9.47,8.4,1.303,0.09,0.556,0.0441988950276243,8.0,8.0,1.0,1.0,True,0.5,0.5,0.0,0.0,0.0,0.0,0.0,0.0,0.375,0.0,0.0,0.0,0.625,0.077,14.15,8.45,6.0,0.108,2.8,0.179,924.0,181.0
BBEZZ1mOJKY,True,False,57.0,0,0,83,5,0,18300,1549,,0,-85.84,65.23,28.68,68.87,1.528,0.124,0.59,0.1419753086419753,23.0,22.0,0.9545454545454546,0.9130434782608696,True,0.3478260869565217,0.4347826086956521,0.0,0.0,0.3478260869565217,0.0,0.0,0.0434782608695652,0.1304347826086956,0.0434782608695652,0.0,0.0434782608695652,0.391304347826087,0.333,57.0,37.47,9.33,0.529,3.21,0.105,940.0,162.0
BG6rRen2Mi0,True,True,372.0,54,43,1638,6,0,216000,5950,Neutral,3,46.38,13.4,14.36,14.97,1.577,0.132,0.385,0.0011337868480725,1.0,1.0,1.0,1.0,True,0.8,1.0,0.0,0.0,0.0,0.0,0.0,0.0,1.0,0.0,0.0,0.0,0.0,0.545,26.88,17.13,7.67,0.054,3.21,0.104,5213.0,882.0
BGz7jrZEslA,True,True,5882.0,55,47,418,5,1,477000,4732,Neutral,3,-15949.87,6162.36,239.5,6322.63,1.451,0.108,0.146,0.0024989067283063,40.0,31.0,0.7419354838709677,0.575,True,0.8,1.0,0.0,0.075,0.0,0.0,0.025,0.0,0.175,0.1,0.0,0.0,0.625,0.302,58.58,86.76,8.15,0.007,4.59,0.145,86457.0,15906.0
BI5cMK2tySM,True,True,265.0,44,37,325,4,0,15600,1174,Neutral,2,-676.92,295.24,47.01,304.65,1.388,0.078,0.403,0.0727272727272727,56.0,41.0,0.8292682926829268,0.6071428571428571,True,0.4499999999999999,0.4107142857142857,0.0,0.0,0.1607142857142857,0.0,0.0,0.0,0.0357142857142857,0.0714285714285714,0.0,0.0,0.7321428571428571,0.6,158.0,292.27,10.2,0.217,7.14,0.151,4065.0,763.0
BMeObD_AmPo,True,True,91.0,105,80,493,8,0,7550,2528,Neutral,8,82.36,5.34,8.84,8.04,1.299,0.07,0.557,0.0517928286852589,13.0,13.0,1.0,1.0,True,0.5230769230769232,0.6153846153846154,0.1538461538461538,0.0769230769230769,0.0,0.0,0.0,0.0,0.2307692307692307,0.0,0.0,0.0,0.5384615384615384,0.059,15.24,8.4,6.12,0.079,2.92,0.193,1282.0,249.0
BNxyk6BTd3w,True,True,54.0,49,42,3631,45,0,1220000,11882,Neutral,3,49.38,10.74,11.21,10.61,1.65,0.114,0.634,0.08130081300813,10.0,8.0,0.875,0.7,True,0.3600000000000001,0.5,0.0,0.0,0.0,0.0,0.3,0.7,0.0,0.0,0.0,0.0,0.0,0.286,17.71,6.05,6.57,0.143,3.24,0.024,784.0,123.0
BO65FLleG-U,True,True,5121.0,166,115,600,3,0,1400,201,Neutral,8,-12331.11,4769.24,245.97,4893.56,1.579,0.148,0.159,0.0030674846625766,38.0,31.0,0.8064516129032258,0.6578947368421053,True,0.8,1.0,0.0,0.0263157894736842,0.2894736842105263,0.0,0.0,0.0,0.0526315789473684,0.0526315789473684,0.0,0.0,0.5789473684210527,0.495,58.6,84.38,8.01,0.009,4.52,0.119,71419.0,12346.0
BQ9G_YSbxcM,True,True,60.0,80,66,839,8,0,17400,646,Neutral,5,-67.96,54.29,32.81,58.36,1.724,0.213,0.732,0.1732283464566929,22.0,22.0,1.0,1.0,False,0.1636363636363635,0.2727272727272727,0.0,0.0909090909090909,0.3181818181818182,0.0,0.0,0.1363636363636363,0.0454545454545454,0.0,0.0,0.0,0.4090909090909091,0.0,128.0,0.0,13.0,0.889,4.09,0.141,760.0,127.0
BTNQIROSPjY,True,True,84.0,268,157,179,0,0,47600,2491,Neutral,5,39.83,15.41,16.11,18.85,1.602,0.167,0.538,0.1283422459893048,24.0,21.0,0.8571428571428571,0.75,False,0.2166666666666667,0.2916666666666667,0.0833333333333333,0.0,0.3333333333333333,0.0,0.0,0.125,0.0416666666666666,0.0,0.0,0.0,0.4166666666666667,0.167,31.5,15.32,8.5,0.293,3.77,0.106,1153.0,187.0
BUERgWp34o4,True,True,4084.0,22,21,510,3,0,98900,2838,Neutral,1,-11107.45,4302.19,188.51,4414.42,1.429,0.095,0.144,0.0070788530465949,79.0,66.0,0.8939393939393939,0.7468354430379747,True,0.8,1.0,0.0379746835443038,0.0126582278481012,0.1392405063291139,0.0,0.0379746835443038,0.0126582278481012,0.050632911392405,0.2151898734177215,0.0,0.0,0.4936708860759494,0.388,51.3,56.46,7.91,0.009,4.0,0.141,59979.0,11090.0
BUWo33X6iRw,True,True,173.0,65,55,1064,4,0,216000,5950,Neutral,2,-400.02,186.06,45.11,192.39,1.522,0.115,0.42,0.0960334029227557,46.0,36.0,0.8333333333333334,0.6521739130434783,True,0.2869565217391305,0.391304347826087,0.0,0.0,0.4565217391304347,0.0,0.0217391304347826,0.0217391304347826,0.0,0.217391304347826,0.0,0.0,0.2826086956521739,0.167,81.0,71.83,11.5,0.312,5.23,0.128,2662.0,477.0
BWzLIXx50Jo,True,True,194.0,135,100,949,14,0,12500,530,Neutral,5,-124.43,81.17,31.12,84.94,1.474,0.118,0.467,0.144927536231884,60.0,54.0,0.9629629629629628,0.8666666666666667,True,0.2533333333333334,0.3333333333333333,0.1166666666666666,0.05,0.05,0.0,0.0,0.1,0.1,0.1166666666666666,0.0,0.0,0.4666666666666667,0.417,35.58,56.2,6.58,0.245,4.3,0.169,2247.0,415.0
BXwyANaoHms,True,True,133.0,77,63,1073,7,1,41000,831,Neutral,4,61.33,7.19,11.21,8.0,1.6,0.2,1.0,0.1,1.0,1.0,1.0,1.0,True,0.8,1.0,0.0,0.0,1.0,0.0,0.0,0.0,0.0,0.0,0.0,0.0,0.0,1.0,10.0,0.0,5.0,0.0,1.8,0.0,63.0,10.0
BYDzDjSGBy0,True,True,224.0,77,60,107,0,0,13500,719,Very Negative,5,-360.53,176.08,34.94,183.41,1.272,0.068,0.371,0.0679824561403508,31.0,23.0,0.782608695652174,0.5806451612903226,False,0.1161290322580645,0.2903225806451613,0.0,0.032258064516129,0.2580645161290322,0.0,0.0,0.0967741935483871,0.1935483870967742,0.0967741935483871,0.0,0.0,0.3225806451612903,0.077,35.38,28.38,7.38,0.129,3.68,0.209,2226.0,451.0
BanIGqOoEi0,True,True,502.0,30,27,4620,36,5,569000,3032,Neutral,2,-922.78,385.18,74.25,397.28,1.607,0.158,0.396,0.0933062880324543,92.0,78.0,0.8589743589743589,0.7282608695652174,True,0.4565217391304348,0.4239130434782608,0.0869565217391304,0.1630434782608695,0.3478260869565217,0.0,0.0108695652173913,0.0543478260869565,0.1304347826086956,0.0652173913043478,0.0,0.0,0.1413043478260869,4.333,332.67,327.1,11.0,0.367,9.59,0.116,5852.0,988.0
BdXFpm5GEVs,True,False,37.0,0,0,435810,7009,0,22200,1782,,0,-18.79,42.46,20.27,45.79,1.383,0.084,0.589,0.1759259259259259,19.0,17.0,0.9411764705882352,0.8421052631578947,True,0.1473684210526316,0.3157894736842105,0.0,0.1052631578947368,0.0,0.0,0.0,0.4210526315789473,0.0,0.0,0.0,0.0,0.4736842105263157,0.0,55.0,43.84,9.0,0.455,5.33,0.127,527.0,107.0
BeH0DTnx3kE,True,True,143.0,86,59,1705,35,0,1220000,11882,Neutral,3,61.96,9.81,11.51,12.28,1.462,0.103,0.459,0.0214285714285714,9.0,8.0,0.875,0.7777777777777778,True,0.4888888888888889,0.5555555555555556,0.2222222222222222,0.1111111111111111,0.4444444444444444,0.0,0.0,0.0,0.1111111111111111,0.0,0.0,0.0,0.1111111111111111,0.15,21.65,12.54,7.65,0.085,3.15,0.12,2342.0,418.0
BfLtqOL3hxw,True,True,146.0,86,72,681,6,1,9140,1878,Neutral,4,-184.41,104.81,31.69,109.47,1.445,0.094,0.521,0.048689138576779,13.0,12.0,0.9166666666666666,0.8461538461538461,True,0.4615384615384617,0.4615384615384615,0.0,0.0,0.1538461538461538,0.0,0.0,0.0,0.0,0.0769230769230769,0.0,0.0,0.7692307692307693,0.5,135.0,4.24,13.0,0.656,3.57,0.144,1420.0,266.0
BgAHWZpX9z8,True,True,2688.0,51,46,600,5,0,952,151,Neutral,3,-6855.68,2667.25,166.92,2737.86,1.489,0.12,0.159,0.0067606444188722,47.0,29.0,0.7586206896551724,0.4680851063829787,True,0.8,1.0,0.0851063829787234,0.0,0.0851063829787234,0.0,0.0,0.0,0.0,0.1489361702127659,0.0,0.0,0.6808510638297872,0.699,77.14,80.66,8.95,0.018,4.82,0.125,37556.0,6929.0
BiGv2f9L5Fs,True,True,699.0,89,65,746,12,0,7550,2528,Positive,7,46.61,11.13,21.04,13.22,1.683,0.169,0.278,0.0,0.0,0.0,0.0,0.0,False,0.0,0.0,0.0,0.0,0.0,0.0,0.0,0.0,0.0,0.0,0.0,0.0,0.0,0.071,18.04,8.96,6.34,0.021,2.96,0.148,11039.0,1754.0
Bm20QPadcYY,True,True,1810.0,34,28,1654,26,2,14600,3587,Neutral,2,-5875.37,2293.26,123.5,2354.21,1.36,0.076,0.182,0.0134861766689143,80.0,69.0,0.927536231884058,0.8,True,0.8,1.0,0.05,0.2125,0.0875,0.0,0.0125,0.0375,0.05,0.0625,0.0,0.025,0.4625,0.157,34.1,39.46,6.68,0.011,3.53,0.162,30463.0,5903.0
Bow5eOa8Jcg,True,True,169.0,16,16,490,3,0,98900,2838,Neutral,2,-334.86,162.07,36.93,166.83,1.472,0.085,0.496,0.3260340632603406,134.0,102.0,0.7843137254901961,0.5970149253731343,False,0.1850746268656717,0.2835820895522388,0.0,0.0373134328358208,0.5522388059701493,0.0,0.0373134328358208,0.0,0.0,0.0820895522388059,0.0,0.0,0.291044776119403,1.0,412.0,0.0,14.0,0.9,11.39,0.041,2393.0,412.0
BqLnHsi6Qgo,True,True,290.0,34,28,934,5,1,15400,728,Positive,2,-634.4,276.14,56.41,284.85,1.521,0.124,0.493,0.1432584269662921,102.0,85.0,0.8941176470588236,0.7450980392156863,True,0.3568627450980393,0.3725490196078431,0.0294117647058823,0.0294117647058823,0.3235294117647059,0.0,0.0294117647058823,0.088235294117647,0.0686274509803921,0.0588235294117647,0.0,0.0098039215686274,0.3627450980392157,0.889,80.44,71.08,10.56,0.136,3.75,0.122,3970.0,711.0
Br2kK9zRJvs,True,True,31.0,31,27,365,2,0,16000,397,Neutral,2,14.42,28.89,19.29,32.34,1.423,0.113,0.718,0.2535211267605634,18.0,18.0,1.0,1.0,True,0.3777777777777777,0.4444444444444444,0.0555555555555555,0.0,0.1111111111111111,0.0,0.0,0.1111111111111111,0.1111111111111111,0.1111111111111111,0.0,0.0,0.5,0.0,75.0,0.0,14.0,0.8,5.31,0.107,400.0,72.0
BsFn6tNQEo4,True,True,641.0,24,24,2172,16,4,56400,1114,Neutral,1,50.12,12.19,21.13,14.67,1.566,0.144,0.244,0.0109108159392789,23.0,15.0,0.8666666666666667,0.5652173913043478,True,0.8,1.0,0.0,0.0,0.0434782608695652,0.0,0.0,0.0,0.0434782608695652,0.3478260869565217,0.0,0.0,0.5652173913043478,0.247,24.12,13.08,7.33,0.022,3.3,0.102,11977.0,2110.0
Budd2Zal5yo,True,True,658.0,22,20,1430,18,4,10700,653,Neutral,1,-1540.6,623.89,86.31,641.95,1.543,0.133,0.273,0.0534161490683229,86.0,55.0,0.7636363636363637,0.4883720930232558,True,0.6930232558139535,0.7325581395348837,0.127906976744186,0.0465116279069767,0.3255813953488372,0.0,0.0465116279069767,0.0465116279069767,0.0697674418604651,0.0348837209302325,0.0,0.0,0.3023255813953488,0.636,149.36,208.07,11.18,0.191,6.1,0.127,9164.0,1603.0
BxIWsry7M5E,True,True,294.0,48,44,3650,68,1,13900,447,Neutral,2,76.39,5.15,10.93,7.21,1.419,0.101,0.458,0.0350262697022767,20.0,18.0,0.8888888888888888,0.8,True,0.52,0.6,0.1,0.1,0.15,0.0,0.05,0.35,0.0,0.05,0.0,0.0,0.2,0.067,9.82,6.78,4.13,0.037,2.78,0.16,3126.0,563.0
C-oGFBRT2hg,True,True,151.0,264,179,43045,211,34,53700,936,Neutral,20,61.33,7.19,11.21,8.0,1.6,0.2,1.0,0.1,1.0,1.0,1.0,1.0,True,0.8,1.0,0.0,0.0,1.0,0.0,0.0,0.0,0.0,0.0,0.0,0.0,0.0,1.0,10.0,0.0,5.0,0.0,1.8,0.0,63.0,10.0
C0jGfS0IeUY,True,True,517.0,30,30,1245,14,0,1220000,11882,Neutral,2,-1195.78,491.57,74.48,505.87,1.534,0.124,0.31,0.0530007794232268,68.0,41.0,0.8292682926829268,0.5,True,0.6411764705882352,0.6029411764705882,0.0588235294117647,0.0147058823529411,0.2352941176470588,0.0,0.0,0.2205882352941176,0.088235294117647,0.1617647058823529,0.0,0.0,0.2205882352941176,0.957,56.65,75.11,8.17,0.078,3.86,0.104,7289.0,1279.0
C0z6CudidMU,True,True,565.0,30,30,5692,41,2,56400,1114,Neutral,2,58.07,9.83,17.24,11.8,1.533,0.127,0.292,0.0163043478260869,24.0,19.0,0.7894736842105263,0.625,True,0.6833333333333333,0.7083333333333334,0.0416666666666666,0.0416666666666666,0.5416666666666666,0.0,0.0,0.0,0.0,0.0833333333333333,0.0,0.0,0.2916666666666667,0.091,19.61,9.23,6.96,0.027,2.97,0.091,8841.0,1459.0
C1ccsAGhXnk,True,True,368.0,160,107,517,4,0,12600,950,Very Positive,6,-799.44,340.15,63.04,350.91,1.493,0.127,0.42,0.1013667425968109,89.0,78.0,0.8974358974358975,0.7865168539325843,True,0.4539325842696629,0.3932584269662921,0.0898876404494382,0.2022471910112359,0.1235955056179775,0.0,0.0112359550561797,0.0112359550561797,0.1011235955056179,0.0337078651685393,0.0,0.0,0.4269662921348314,1.0,149.0,205.43,10.67,0.357,5.99,0.154,4896.0,874.0
C1l6Ir3-ZpY,True,True,16.0,40,34,1350,0,0,239000,4402,Negative,2,43.18,17.92,15.9,21.85,1.419,0.116,0.791,0.2558139534883721,11.0,10.0,0.9,0.8181818181818182,False,0.1818181818181818,0.2727272727272727,0.0,0.0,0.0,0.0,0.0,0.0,0.0,0.0,0.0,0.0,1.0,0.333,15.33,11.02,5.33,0.167,2.26,0.174,234.0,43.0
C3wIiVF_k-I,True,True,121.0,65,57,19601,148,32,45400,902,Neutral,3,61.33,7.19,11.21,8.0,1.6,0.2,1.0,0.1,1.0,1.0,1.0,1.0,True,0.8,1.0,0.0,0.0,1.0,0.0,0.0,0.0,0.0,0.0,0.0,0.0,0.0,1.0,10.0,0.0,5.0,0.0,1.8,0.0,63.0,10.0
C4dTWec3gU0,True,True,203.0,87,71,2005,23,9,34900,832,Neutral,4,-312.34,155.7,34.94,161.91,1.362,0.078,0.467,0.0906801007556675,36.0,30.0,0.9,0.75,True,0.4000000000000001,0.4722222222222222,0.1666666666666666,0.2222222222222222,0.0277777777777777,0.0,0.0,0.0555555555555555,0.0,0.0555555555555555,0.0,0.0,0.4722222222222222,0.545,37.36,45.85,7.27,0.12,3.86,0.173,2069.0,401.0
C5SHt_nZ4aQ,True,True,182.0,108,79,313,4,1,98900,2838,Neutral,5,-313.91,148.96,45.5,153.08,1.716,0.149,0.468,0.1524064171122994,57.0,39.0,0.8205128205128205,0.5614035087719298,True,0.2526315789473685,0.3333333333333333,0.1228070175438596,0.0350877192982456,0.3859649122807017,0.0,0.0701754385964912,0.0,0.0,0.0,0.0,0.0,0.3859649122807017,5.0,384.0,0.0,32.0,0.952,4.3,0.06,2364.0,375.0
C62YxOnLe8A,True,True,302.0,138,89,1513,13,2,216000,5950,Neutral,5,57.35,10.2,13.92,12.86,1.528,0.131,0.395,0.0217654171704957,18.0,17.0,0.9411764705882352,0.8888888888888888,True,0.4444444444444444,0.3888888888888889,0.1666666666666666,0.0,0.1111111111111111,0.0,0.1111111111111111,0.0555555555555555,0.0,0.0,0.0,0.0,0.5555555555555556,0.058,16.71,15.45,5.63,0.033,3.35,0.137,4595.0,834.0
C9eH-xmTB8g,True,True,419.0,73,59,1185,6,1,98900,2838,Neutral,3,-1011.85,421.95,69.01,434.92,1.484,0.123,0.379,0.0763636363636363,84.0,61.0,0.819672131147541,0.5952380952380952,True,0.6190476190476191,0.6071428571428571,0.0,0.0238095238095238,0.369047619047619,0.0,0.0,0.2619047619047619,0.0238095238095238,0.0,0.0,0.0,0.3214285714285714,10.5,555.5,784.18,9.0,0.492,8.61,0.077,5930.0,1102.0
CAnqxepSuZQ,True,True,136.0,112,88,674,11,4,952,151,Positive,8,-153.03,95.47,22.92,99.63,1.314,0.049,0.531,0.2096774193548387,52.0,49.0,0.9387755102040816,0.8846153846153846,True,0.2692307692307694,0.3269230769230769,0.0576923076923076,0.0384615384615384,0.0961538461538461,0.0,0.0,0.0384615384615384,0.0576923076923076,0.1346153846153846,0.0,0.0769230769230769,0.5,0.333,28.22,17.63,6.33,0.2,3.31,0.197,1217.0,247.0
CCvq2YLkSSs,True,True,19.0,82,69,20224,139,0,55000,668,Positive,7,95.03,1.64,5.68,3.85,1.242,0.03,0.879,0.0294117647058823,1.0,1.0,1.0,1.0,True,0.8,1.0,0.0,0.0,1.0,0.0,0.0,0.0,0.0,0.0,0.0,0.0,0.0,0.2,8.0,2.24,4.0,0.0,2.36,0.125,174.0,34.0
CDU6aVcZ-EE,True,True,383.0,212,123,1552,15,1,21200,805,Neutral,13,-714.43,309.41,50.58,319.28,1.399,0.087,0.355,0.0795454545454545,63.0,40.0,0.725,0.4603174603174603,True,0.4380952380952381,0.4126984126984127,0.0317460317460317,0.0,0.0158730158730158,0.0,0.0,0.0,0.0,0.0,0.0,0.0,0.9523809523809524,0.4,81.1,110.96,8.0,0.12,4.99,0.16,4142.0,793.0
CGCJ-9khUi8,True,True,4280.0,388,222,1177,12,2,14700,1456,Neutral,26,-11524.65,4462.23,208.79,4578.93,1.441,0.113,0.151,0.0043226419987896,50.0,47.0,0.9361702127659576,0.88,True,0.8,1.0,0.18,0.02,0.04,0.0,0.02,0.0,0.02,0.0,0.0,0.0,0.72,0.397,52.75,54.36,8.62,0.008,3.84,0.118,62074.0,11524.0
CI64AjXkq-w,True,True,49.0,81,71,187,3,0,1100,430,Neutral,3,-22.64,39.27,27.37,44.63,1.609,0.196,0.576,0.1739130434782608,16.0,15.0,0.9333333333333332,0.875,True,0.1500000000000001,0.3125,0.1875,0.1875,0.375,0.0,0.0,0.0,0.0,0.0625,0.0,0.0,0.1875,0.0,93.0,0.0,14.0,0.875,3.63,0.065,528.0,93.0
CKgEvOIT0j0,True,True,91.0,119,84,207,0,0,3900,286,Positive,5,-219.32,119.87,29.92,124.88,1.366,0.072,0.471,0.1372549019607843,42.0,35.0,0.8571428571428571,0.7142857142857143,False,0.2285714285714286,0.2857142857142857,0.0714285714285714,0.0952380952380952,0.0952380952380952,0.0,0.0238095238095238,0.0476190476190476,0.119047619047619,0.1666666666666666,0.0,0.0,0.3809523809523809,0.75,78.5,62.57,14.25,0.435,3.56,0.182,1563.0,306.0
CKuDzOPcX9k,True,True,320.0,36,33,167654,770,0,1220000,11882,Neutral,3,-801.58,340.45,59.1,350.49,1.518,0.111,0.396,0.1264236902050114,111.0,78.0,0.8717948717948718,0.6126126126126126,True,0.4612612612612612,0.4234234234234234,0.2252252252252252,0.081081081081081,0.1711711711711711,0.0,0.072072072072072,0.018018018018018,0.018018018018018,0.063063063063063,0.0,0.0,0.3513513513513513,0.75,223.5,236.48,12.5,0.417,6.76,0.126,4941.0,874.0
CN05CDyEf-o,True,True,104.0,154,100,995,5,8,42900,959,Neutral,6,-156.66,96.97,24.5,101.53,1.309,0.056,0.478,0.16,40.0,32.0,0.875,0.7,True,0.1400000000000001,0.3,0.05,0.05,0.25,0.0,0.025,0.225,0.025,0.05,0.0,0.0,0.325,0.222,28.11,33.71,5.11,0.18,3.79,0.194,1241.0,244.0
CNNDf8mfm5U,True,True,144.0,10,10,252,3,0,1260,81,Neutral,1,15.31,18.44,18.15,21.16,1.91,0.235,0.435,0.0579268292682926,19.0,10.0,0.7,0.3684210526315789,True,0.4421052631578948,0.4210526315789473,0.0,0.0526315789473684,0.0,0.0,0.0526315789473684,0.0,0.0526315789473684,0.1052631578947368,0.0,0.0,0.7368421052631579,0.0,27.33,11.38,6.75,0.042,4.29,0.0,2030.0,328.0
COgIvTpH8gA,True,True,437.0,76,54,2450,15,1,75200,1684,Neutral,2,-1064.99,442.53,64.66,455.65,1.476,0.103,0.314,0.0877963125548726,100.0,67.0,0.7910447761194029,0.53,True,0.6120000000000001,0.53,0.02,0.01,0.08,0.0,0.0,0.0,0.0,0.05,0.0,0.0,0.84,0.3,117.7,90.18,12.6,0.163,4.28,0.129,6105.0,1138.0
COpe6DZjy8M,True,True,86.0,33,29,134,2,0,50000,1839,Neutral,2,-168.14,96.09,36.44,101.12,1.565,0.142,0.494,0.0376569037656903,9.0,9.0,1.0,1.0,True,0.2222222222222223,0.3333333333333333,0.1111111111111111,0.0,0.1111111111111111,0.0,0.0,0.0,0.0,0.2222222222222222,0.0,0.1111111111111111,0.4444444444444444,0.5,123.0,172.53,10.0,0.472,4.3,0.122,1359.0,240.0
COyT0aiMew8,True,True,852.0,149,102,1241,4,1,47600,2491,Neutral,6,-2219.05,888.94,75.16,913.97,1.332,0.07,0.272,0.0336933045356371,78.0,69.0,0.9130434782608696,0.8076923076923077,True,0.8,1.0,0.0641025641025641,0.0897435897435897,0.0512820512820512,0.0,0.0,0.0,0.1153846153846153,0.0512820512820512,0.0,0.0128205128205128,0.6153846153846154,0.232,42.62,53.11,6.93,0.041,3.89,0.186,11620.0,2293.0
CR_CUgLV8M8,True,True,107.0,26,26,684,3,0,42900,959,Neutral,2,-171.97,100.84,33.36,106.46,1.406,0.109,0.492,0.13671875,35.0,31.0,0.8709677419354839,0.7714285714285715,True,0.1828571428571428,0.3142857142857143,0.0285714285714285,0.0285714285714285,0.1142857142857142,0.0,0.0285714285714285,0.2,0.0571428571428571,0.0,0.0,0.0,0.5428571428571428,0.125,33.25,29.97,7.12,0.179,3.38,0.158,1285.0,256.0
CRa4fj0BEPY,True,True,1291.0,5,5,670,0,0,12500,1337,Neutral,1,61.33,7.19,11.21,8.0,1.6,0.2,1.0,0.1,1.0,1.0,1.0,1.0,True,0.8,1.0,0.0,0.0,1.0,0.0,0.0,0.0,0.0,0.0,0.0,0.0,0.0,1.0,10.0,0.0,5.0,0.0,1.8,0.0,63.0,10.0
CTt1UBx_HRI,True,True,432.0,789,335,2749,5,2,53500,1701,Negative,50,-1209.42,500.43,57.02,515.17,1.36,0.069,0.324,0.0284834488067744,37.0,31.0,0.8387096774193549,0.7027027027027027,True,0.6810810810810812,0.7027027027027027,0.0,0.2162162162162162,0.081081081081081,0.0,0.0,0.0,0.054054054054054,0.027027027027027,0.0,0.0,0.6216216216216216,0.667,88.6,52.7,11.93,0.113,3.88,0.179,6621.0,1291.0
CU10NW_Trts,True,True,150.0,41,35,1210,20,0,17400,646,Neutral,2,83.35,4.59,8.15,6.9,1.317,0.065,0.466,0.0149812734082397,4.0,4.0,1.0,1.0,True,0.7,0.75,0.0,0.0,0.0,0.0,0.0,0.0,0.25,0.0,0.0,0.5,0.25,0.045,12.45,6.31,4.77,0.083,2.76,0.204,1364.0,264.0
CUUq7fLMruM,True,True,91.0,99,79,232637,1562,97,5090,389,Neutral,5,50.92,9.98,11.46,10.7,1.659,0.138,0.691,0.0,0.0,0.0,0.0,0.0,False,0.0,0.0,0.0,0.0,0.0,0.0,0.0,0.0,0.0,0.0,0.0,0.0,0.0,0.125,16.5,5.37,6.38,0.27,2.79,0.091,930.0,127.0
CVZBa7yBuh4,True,True,159.0,81,61,188,0,0,36000,6286,Neutral,5,-321.65,159.73,34.94,166.24,1.34,0.076,0.445,0.0987951807228915,41.0,36.0,0.9166666666666666,0.8048780487804879,True,0.3609756097560976,0.4878048780487805,0.073170731707317,0.073170731707317,0.1707317073170731,0.0,0.0,0.048780487804878,0.073170731707317,0.0,0.0,0.0,0.5609756097560976,0.125,53.38,85.85,7.12,0.166,4.93,0.166,2088.0,413.0
CXdGE_YffMc,True,True,442.0,49,43,5218,76,5,13900,447,Neutral,2,75.82,6.93,12.57,9.27,1.344,0.07,0.333,0.0033305578684429,4.0,4.0,1.0,1.0,True,0.6000000000000001,0.5,0.0,0.0,0.0,0.0,0.25,0.0,0.25,0.0,0.0,0.0,0.5,0.026,16.19,14.35,5.47,0.022,3.25,0.174,6312.0,1194.0
CYRwlUJwqKQ,True,True,129.0,58,49,1239,10,0,5390,505,Positive,3,97.72,1.21,5.77,3.67,1.213,0.034,0.59,0.0,0.0,0.0,0.0,0.0,False,0.0,0.0,0.0,0.0,0.0,0.0,0.0,0.0,0.0,0.0,0.0,0.0,0.0,0.0,6.55,3.28,3.38,0.06,2.25,0.221,938.0,179.0
Ca353BNz0xU,True,True,231.0,668,303,3814,28,2,16500,1455,Negative,59,84.57,4.27,9.12,6.16,1.31,0.056,0.415,0.0184254606365159,11.0,9.0,0.7777777777777778,0.6363636363636364,True,0.5818181818181818,0.6363636363636364,0.0,0.7272727272727273,0.0,0.0,0.0,0.0,0.0,0.0909090909090909,0.0,0.0,0.1818181818181818,0.077,12.0,7.22,4.46,0.037,2.93,0.21,3117.0,593.0
CaPxqmkBDEg,True,True,136.0,48,37,1967,6,0,50000,1839,Neutral,3,69.17,7.26,9.44,8.8,1.451,0.083,0.469,0.0173267326732673,7.0,7.0,1.0,1.0,True,0.5142857142857142,0.4285714285714285,0.0,0.0,0.2857142857142857,0.0,0.0,0.1428571428571428,0.0,0.0,0.0,0.0,0.5714285714285714,0.037,15.3,9.92,5.67,0.06,3.16,0.128,2233.0,402.0
Cbdza83BpoI,True,True,3422.0,45,38,260,2,0,1400,201,Neutral,2,-8232.44,3193.91,202.91,3277.8,1.602,0.149,0.177,0.0055328361799374,46.0,29.0,0.7931034482758621,0.5,True,0.8,1.0,0.0217391304347826,0.0,0.0652173913043478,0.0,0.0,0.0217391304347826,0.0,0.0,0.0,0.0,0.8913043478260869,0.628,98.81,121.81,10.17,0.022,4.78,0.111,47580.0,8303.0
CbhEVSrmZMk,True,True,26.0,85,69,1261022,1012,36,697000,6101,Neutral,2,61.33,7.19,11.21,8.0,1.6,0.2,1.0,0.1,1.0,1.0,1.0,1.0,True,0.8,1.0,0.0,0.0,1.0,0.0,0.0,0.0,0.0,0.0,0.0,0.0,0.0,1.0,10.0,0.0,5.0,0.0,1.8,0.0,63.0,10.0
Cel78LhQ04w,True,True,2620.0,37,33,344,4,0,3640,696,Neutral,1,-6318.6,2462.16,144.22,2527.51,1.428,0.097,0.182,0.0122257053291536,78.0,47.0,0.8723404255319149,0.5256410256410257,True,0.8,1.0,0.3333333333333333,0.0641025641025641,0.0641025641025641,0.0,0.0,0.0384615384615384,0.0128205128205128,0.0,0.0,0.0,0.4871794871794871,0.396,59.47,55.07,9.29,0.017,3.78,0.136,33918.0,6336.0
ChUHSuyWguo,True,True,180.0,77,62,28164,216,39,216000,5950,Neutral,3,80.29,5.18,9.12,7.59,1.345,0.073,0.438,0.0260303687635574,12.0,10.0,0.9,0.75,False,0.1,0.25,0.0,0.0,0.0,0.0,0.0,0.25,0.0833333333333333,0.0,0.0,0.0833333333333333,0.5833333333333334,0.074,9.19,6.5,4.06,0.034,2.69,0.194,2367.0,470.0
CjKCYRCuGqE,True,True,1832.0,77,56,162,1,0,674,262,Neutral,3,-4316.32,1688.51,158.11,1733.73,1.635,0.17,0.287,0.0107502287282708,47.0,39.0,0.8461538461538461,0.7021276595744681,True,0.8,1.0,0.0638297872340425,0.0212765957446808,0.2127659574468085,0.0,0.0,0.0425531914893617,0.0425531914893617,0.0425531914893617,0.0,0.0,0.574468085106383,1.762,210.67,212.44,14.48,0.069,5.61,0.106,26039.0,4371.0
Ckfj5KiviHk,True,True,41.0,22,22,519,4,0,46900,1152,Neutral,1,-35.92,50.81,19.29,54.84,1.298,0.061,0.611,0.1755725190839694,23.0,20.0,0.85,0.7391304347826086,True,0.2086956521739131,0.3043478260869565,0.0434782608695652,0.1304347826086956,0.0869565217391304,0.0,0.0,0.0,0.0,0.1304347826086956,0.0,0.0,0.6086956521739131,0.2,27.6,32.07,6.6,0.292,2.93,0.152,653.0,131.0
Cl56BYuRczw,True,True,64.0,204,134,712,4,0,74500,586,Neutral,9,30.68,17.05,17.97,20.38,1.692,0.208,0.608,0.0692307692307692,9.0,6.0,0.8333333333333334,0.5555555555555556,True,0.5777777777777777,0.5555555555555556,0.2222222222222222,0.1111111111111111,0.1111111111111111,0.0,0.0,0.4444444444444444,0.1111111111111111,0.0,0.0,0.0,0.0,0.25,32.5,21.52,7.75,0.407,3.49,0.131,772.0,131.0
CnJRnAiMkZY,True,True,122.0,40,39,36381,138,0,11900,866,Neutral,2,-212.37,111.69,45.88,118.31,1.632,0.202,0.57,0.2410071942446043,67.0,54.0,0.8518518518518519,0.6865671641791045,False,0.1611940298507463,0.2835820895522388,0.0298507462686567,0.0298507462686567,0.373134328358209,0.0,0.0,0.1791044776119403,0.0,0.0149253731343283,0.0,0.0,0.373134328358209,0.5,141.0,192.33,7.5,0.458,4.54,0.05,1632.0,278.0
Cp59BCMVHHc,True,True,283.0,122,80,772588,4447,167,697000,6101,Neutral,5,46.52,11.3,15.16,14.04,1.676,0.182,0.398,0.0244233378561736,18.0,9.0,0.8888888888888888,0.4444444444444444,True,0.4444444444444444,0.3888888888888889,0.0,0.0555555555555555,0.2222222222222222,0.0,0.0,0.6111111111111112,0.0,0.0,0.0,0.0,0.1111111111111111,0.175,18.7,10.13,6.12,0.047,3.03,0.088,4381.0,734.0
Cq4ZFKQ_19o,True,True,195.0,31,31,634,4,1,12600,950,Positive,2,-396.74,187.35,35.95,193.29,1.4,0.069,0.471,0.0826446280991735,40.0,35.0,0.9142857142857144,0.8,True,0.4299999999999999,0.5,0.1,0.075,0.125,0.0,0.025,0.05,0.0,0.1,0.0,0.0,0.525,0.429,71.29,72.54,9.57,0.213,3.86,0.15,2594.0,484.0
CqeNdL_qJEg,True,True,2355.0,47,42,4044,55,3,952,151,Neutral,3,-7293.18,2835.59,166.52,2910.56,1.478,0.113,0.143,0.0068853786958282,51.0,37.0,0.8378378378378378,0.6078431372549019,True,0.8,1.0,0.1764705882352941,0.0,0.2156862745098039,0.0,0.0784313725490196,0.0196078431372549,0.0588235294117647,0.2156862745098039,0.0,0.0,0.2352941176470588,0.235,39.24,46.63,6.7,0.009,3.73,0.138,40502.0,7360.0
CsI4-jt4Azw,True,True,201.0,242,129,420,0,0,36100,2341,Neutral,9,-437.05,191.97,65.97,198.63,1.924,0.255,0.511,0.1748971193415638,85.0,62.0,0.8709677419354839,0.6352941176470588,False,0.1647058823529412,0.2705882352941176,0.0,0.1411764705882353,0.2588235294117647,0.0,0.0352941176470588,0.1058823529411764,0.0705882352941176,0.1764705882352941,0.0,0.0,0.2117647058823529,2.333,164.0,139.87,10.33,0.517,7.24,0.051,3222.0,486.0
Cw5L0dNvzOU,True,True,489.0,17,17,1597,16,3,3730,707,Neutral,1,67.28,7.47,16.36,9.85,1.476,0.114,0.264,0.0021037868162692,3.0,3.0,1.0,1.0,True,0.6666666666666667,0.6666666666666666,0.0,0.3333333333333333,0.0,0.0,0.0,0.0,0.0,0.0,0.0,0.0,0.6666666666666666,0.265,14.85,6.16,5.47,0.019,2.85,0.146,8004.0,1412.0
CxlvqzrVpAk,True,True,733.0,50,45,389,4,0,50000,1839,Neutral,2,-2112.75,843.31,98.21,866.27,1.563,0.129,0.271,0.0274097761534947,60.0,46.0,0.8260869565217391,0.6333333333333333,True,0.7866666666666666,0.9666666666666668,0.35,0.1166666666666666,0.1333333333333333,0.0,0.0,0.0166666666666666,0.1166666666666666,0.0166666666666666,0.0,0.0,0.25,0.688,69.62,76.67,10.31,0.057,3.6,0.114,12444.0,2187.0
CyS8ECTMQN4,True,True,94.0,12,12,628,0,0,1940,404,Neutral,1,-149.26,90.72,29.92,94.18,1.474,0.096,0.548,0.1091703056768559,25.0,20.0,0.85,0.68,False,0.1919999999999999,0.28,0.0,0.0,0.2,0.0,0.0,0.0,0.0,0.12,0.0,0.0,0.68,0.667,39.83,55.68,6.83,0.204,4.11,0.142,1275.0,230.0
CzFZ_7TeBuA,True,True,4071.0,14,12,278,4,0,674,262,Very Positive,2,-9151.27,3546.4,232.28,3639.84,1.629,0.177,0.2,0.0092180891443444,85.0,61.0,0.819672131147541,0.5882352941176471,True,0.8,1.0,0.1294117647058823,0.0,0.2,0.0,0.0117647058823529,0.0,0.1176470588235294,0.0,0.0,0.0,0.5411764705882353,0.569,53.86,60.02,7.79,0.011,4.25,0.108,52779.0,9187.0
CzthkYMLaFk,True,True,81.0,59,49,1199,11,0,144000,1700,Neutral,3,61.33,7.19,11.21,8.0,1.6,0.2,1.0,0.1,1.0,1.0,1.0,1.0,True,0.8,1.0,0.0,0.0,1.0,0.0,0.0,0.0,0.0,0.0,0.0,0.0,0.0,1.0,10.0,0.0,5.0,0.0,1.8,0.0,63.0,10.0
D08UtN4KUqM,True,True,3362.0,123,96,275,3,0,24900,211,Neutral,5,-7412.08,2879.75,185.13,2955.48,1.552,0.138,0.178,0.0054900910551687,41.0,36.0,0.9166666666666666,0.8048780487804879,True,0.8,1.0,0.0,0.048780487804878,0.2195121951219512,0.0,0.048780487804878,0.0,0.1463414634146341,0.0,0.0,0.0,0.5365853658536586,0.48,60.37,87.76,8.76,0.013,4.34,0.116,41479.0,7431.0
D0RxVf_AkMM,True,True,295.0,206,127,215961,1671,724,477000,4732,Neutral,23,47.03,10.67,12.46,11.78,1.697,0.152,0.43,0.0380952380952381,20.0,13.0,0.6153846153846154,0.4,True,0.52,0.55,0.15,0.0,0.05,0.0,0.0,0.0,0.0,0.0,0.0,0.0,0.8,0.091,16.36,7.96,6.0,0.043,3.28,0.069,3263.0,537.0
D1UiscY-c9w,True,True,3322.0,138,107,226,3,0,24900,211,Neutral,7,-7417.01,2881.43,189.03,2957.46,1.562,0.143,0.168,0.0124867162592986,94.0,70.0,0.8428571428571429,0.6276595744680851,True,0.8,1.0,0.1276595744680851,0.0319148936170212,0.2659574468085106,0.0,0.0,0.0,0.1382978723404255,0.0744680851063829,0.0,0.0,0.3617021276595745,0.84,102.12,96.09,10.95,0.026,4.96,0.083,41720.0,7523.0
D1kDysDeGNc,True,True,112.0,49,40,355,3,0,16500,1455,Neutral,4,-201.93,110.49,35.95,115.52,1.496,0.119,0.507,0.0638297872340425,18.0,16.0,0.875,0.7777777777777778,True,0.2444444444444444,0.3333333333333333,0.1111111111111111,0.0,0.2777777777777778,0.0,0.0,0.0,0.0555555555555555,0.3333333333333333,0.0,0.0555555555555555,0.1666666666666666,0.5,144.0,158.39,15.0,0.464,5.89,0.115,1512.0,281.0
D2amWNJM3Qc,True,True,3267.0,316,219,173,12,0,1220000,11882,Neutral,5,69.19,9.76,31.0,12.28,1.33,0.067,0.123,0.0022342208154905,24.0,19.0,0.8421052631578947,0.6666666666666666,True,0.8,1.0,0.0,0.0833333333333333,0.3333333333333333,0.0,0.0,0.0,0.0833333333333333,0.125,0.0,0.0,0.375,0.055,20.02,28.52,5.48,0.004,3.55,0.162,55777.0,10649.0
D4s1_X7UubY,True,True,150.0,53,49,3434,22,0,113000,553,Neutral,3,-87.9,69.74,22.08,73.45,1.348,0.062,0.624,0.2369942196531791,41.0,34.0,0.8529411764705882,0.7073170731707317,False,0.1463414634146342,0.2926829268292683,0.0,0.024390243902439,0.073170731707317,0.0,0.0,0.0,0.0,0.1951219512195122,0.0,0.048780487804878,0.6585365853658537,0.167,30.5,25.7,6.33,0.152,3.84,0.115,925.0,180.0
D5ERVbRA6OE,True,True,4207.0,86,59,896,3,0,24900,211,Neutral,2,-9735.03,3771.66,215.96,3870.04,1.583,0.144,0.17,0.0076667002925451,76.0,59.0,0.7966101694915254,0.618421052631579,True,0.8,1.0,0.0,0.0,0.3421052631578947,0.0,0.0,0.0,0.0657894736842105,0.0263157894736842,0.0,0.0,0.5657894736842105,0.981,96.01,103.35,10.25,0.017,4.99,0.103,56765.0,9906.0
D8NFBRebBv0,True,True,2161.0,485,277,672,6,1,14600,3587,Neutral,25,-6734.42,2624.0,126.98,2693.67,1.328,0.07,0.173,0.0096774193548387,66.0,50.0,0.8,0.6060606060606061,True,0.8,1.0,0.0151515151515151,0.0606060606060606,0.1363636363636363,0.0,0.0606060606060606,0.0,0.0757575757575757,0.2272727272727272,0.0,0.0,0.4242424242424242,0.162,28.44,34.53,5.73,0.008,3.46,0.185,34756.0,6780.0
DA-WQ8nMO7E,True,True,251.0,394,200,2102,12,0,1220000,11882,Neutral,17,-541.72,238.62,60.54,247.17,1.614,0.167,0.36,0.1386138613861386,84.0,37.0,0.7297297297297297,0.3214285714285714,False,0.2428571428571428,0.2738095238095238,0.3452380952380952,0.1904761904761904,0.2261904761904762,0.0,0.0,0.0357142857142857,0.0,0.0357142857142857,0.0,0.0,0.1666666666666666,2.0,203.33,116.41,16.33,0.423,4.57,0.084,3486.0,605.0
DAeC0xpGCW0,True,True,31.0,65,50,2272,18,0,11500,201,Neutral,4,6.25,29.03,22.08,32.17,1.567,0.164,0.836,0.1857142857142857,13.0,12.0,0.9166666666666666,0.8461538461538461,True,0.4923076923076923,0.5384615384615384,0.0769230769230769,0.1538461538461538,0.0,0.0,0.0,0.0,0.2307692307692307,0.1538461538461538,0.0,0.0,0.3846153846153846,0.0,36.0,28.28,8.0,0.333,3.32,0.083,403.0,71.0
DH7ALsYX_JQ,True,True,3720.0,157,113,661,13,0,24900,211,Neutral,7,-10149.66,3932.34,202.34,4034.99,1.517,0.121,0.156,0.0071323888617489,73.0,59.0,0.864406779661017,0.6986301369863014,True,0.8,1.0,0.0,0.0,0.2876712328767123,0.0,0.0136986301369863,0.0684931506849315,0.1095890410958904,0.0547945205479452,0.0,0.0,0.4657534246575342,0.745,66.71,72.85,9.58,0.011,4.3,0.125,56914.0,10180.0
DLX_QpDoUD4,True,True,3841.0,62,48,4475,17,0,1400,201,Neutral,2,-10122.53,3923.09,197.7,4026.09,1.46,0.115,0.156,0.0071477528639968,73.0,64.0,0.90625,0.7945205479452054,True,0.8,1.0,0.0136986301369863,0.0,0.2602739726027397,0.0,0.0,0.0,0.136986301369863,0.0273972602739726,0.0,0.0136986301369863,0.547945205479452,0.384,55.48,74.04,7.61,0.009,4.57,0.141,54899.0,10167.0
DOu9IuNkObw,True,True,132.0,181,121,1599,32,0,1220000,11882,Neutral,8,-306.88,149.47,41.45,154.34,1.561,0.12,0.487,0.1148825065274151,44.0,29.0,0.7931034482758621,0.5227272727272727,False,0.2545454545454546,0.2954545454545454,0.0227272727272727,0.0,0.0909090909090909,0.0,0.0,0.1363636363636363,0.0227272727272727,0.0454545454545454,0.0,0.0,0.6818181818181818,2.0,395.0,0.0,15.0,0.963,6.61,0.076,2157.0,383.0
DQi4FlIiq-I,True,False,225.0,0,0,1838,9,2,1350,298,,0,-537.1,237.23,58.22,245.6,1.595,0.155,0.41,0.1256198347107438,76.0,57.0,0.8421052631578947,0.631578947368421,True,0.3157894736842106,0.3421052631578947,0.0789473684210526,0.0921052631578947,0.4078947368421052,0.0,0.0,0.0789473684210526,0.0263157894736842,0.0131578947368421,0.0,0.0,0.3026315789473684,5.0,614.0,0.0,15.0,0.978,6.16,0.099,3463.0,604.0
DTP8wlQS0Y8,True,True,188.0,209,122,667,7,0,11700,1438,Neutral,10,76.19,5.92,9.81,8.01,1.386,0.078,0.416,0.007532956685499,4.0,3.0,0.6666666666666666,0.5,True,0.5,0.5,0.25,0.0,0.5,0.0,0.0,0.0,0.0,0.0,0.0,0.0,0.25,0.079,14.18,8.06,5.39,0.064,3.14,0.165,2840.0,532.0
DTz1gqtnMb8,True,True,72.0,23,22,1358,5,0,53500,1701,Neutral,1,-180.83,103.57,33.89,109.07,1.439,0.111,0.496,0.0916030534351145,24.0,20.0,0.9,0.75,True,0.3333333333333335,0.4166666666666667,0.125,0.0416666666666666,0.0833333333333333,0.0,0.0,0.0,0.1666666666666666,0.0833333333333333,0.0,0.0,0.5,0.429,38.29,25.26,7.71,0.209,3.05,0.172,1447.0,262.0
DXOEeZAVtvw,True,True,224.0,44,40,25111,80,0,1220000,11882,Neutral,3,-486.64,224.23,33.89,232.28,1.286,0.05,0.382,0.1215753424657534,71.0,60.0,0.8666666666666667,0.7323943661971831,False,0.2591549295774649,0.2957746478873239,0.0,0.056338028169014,0.2253521126760563,0.0,0.0140845070422535,0.028169014084507,0.028169014084507,0.2112676056338028,0.0,0.0422535211267605,0.3943661971830985,0.125,19.0,18.29,5.03,0.073,2.7,0.173,2914.0,582.0
DXnCwKr4xD8,True,True,83.0,27,25,17223,132,6,697000,6101,Neutral,1,50.92,9.98,11.46,10.7,1.659,0.138,0.691,0.0,0.0,0.0,0.0,0.0,False,0.0,0.0,0.0,0.0,0.0,0.0,0.0,0.0,0.0,0.0,0.0,0.0,0.0,0.125,16.5,5.37,6.5,0.27,2.79,0.091,930.0,127.0
DZcIPQH3KGw,True,True,97.0,110,82,308,5,1,46000,861,Very Positive,4,-177.53,96.65,41.02,100.84,1.712,0.186,0.525,0.1386554621848739,33.0,24.0,0.8333333333333334,0.6060606060606061,False,0.0848484848484849,0.2424242424242424,0.0,0.0303030303030303,0.6666666666666666,0.0,0.0303030303030303,0.0,0.0,0.0606060606060606,0.0,0.0,0.2121212121212121,6.0,241.0,0.0,21.0,0.944,3.33,0.087,1447.0,237.0
DZpNjWfMioY,True,True,65.0,107,81,313,14,2,697000,6101,Neutral,6,15.91,27.19,15.9,27.85,1.477,0.077,0.738,0.3174603174603174,20.0,18.0,0.8888888888888888,0.8,True,0.1999999999999999,0.3,0.0,0.1,0.0,0.0,0.0,0.0,0.0,0.05,0.0,0.0,0.85,0.0,13.8,13.1,4.4,0.222,2.57,0.159,345.0,65.0
DcgXXxLHyCE,True,True,195.0,149,102,265,4,1,46000,861,Neutral,7,-480.61,219.41,38.81,226.29,1.407,0.07,0.346,0.0888099467140319,50.0,24.0,0.4583333333333333,0.22,True,0.304,0.32,0.02,0.1,0.18,0.0,0.0,0.0,0.1,0.0,0.0,0.0,0.6,3.4,116.4,122.78,10.8,0.375,4.92,0.124,3035.0,560.0
DdI4nRCs_bo,True,True,290.0,28,25,2562,36,6,13900,447,Negative,2,66.16,7.98,11.92,11.09,1.472,0.131,0.444,0.0238970588235294,13.0,12.0,0.9166666666666666,0.8461538461538461,True,0.4615384615384617,0.4615384615384615,0.0769230769230769,0.0,0.0,0.0,0.0,0.3846153846153846,0.0769230769230769,0.0,0.0,0.0,0.4615384615384615,0.114,15.89,7.8,5.74,0.052,2.92,0.151,2960.0,541.0
DeYUSwMprD0,True,True,47.0,44,39,1550,21,0,1220000,11882,Neutral,3,61.33,7.19,11.21,8.0,1.6,0.2,1.0,0.1,1.0,1.0,1.0,1.0,True,0.8,1.0,0.0,0.0,1.0,0.0,0.0,0.0,0.0,0.0,0.0,0.0,0.0,1.0,10.0,0.0,5.0,0.0,1.8,0.0,63.0,10.0
DehY-Be783M,True,True,175.0,11,11,512,2,0,1940,404,Neutral,1,45.4,15.6,14.55,18.26,1.489,0.115,0.446,0.028235294117647,12.0,12.0,1.0,1.0,True,0.5,0.5,0.0,0.0,0.3333333333333333,0.0,0.0,0.0833333333333333,0.0,0.0833333333333333,0.0,0.0,0.5,0.167,36.33,15.69,7.67,0.132,3.2,0.117,2365.0,423.0
DgBYYFwd42A,True,False,4075.0,0,0,649,11,0,674,262,,0,-5102.87,1991.49,163.85,2044.76,1.598,0.155,0.187,0.0049180327868852,51.0,42.0,0.8571428571428571,0.7058823529411765,True,0.8,1.0,0.0980392156862745,0.0980392156862745,0.1372549019607843,0.0,0.0,0.0392156862745098,0.0980392156862745,0.0392156862745098,0.0,0.0,0.4901960784313725,1.114,151.39,149.5,10.94,0.027,5.59,0.086,59594.0,10339.0
DgJMRaz3xrM,True,True,667.0,4,4,5599,40,0,88900,1346,Neutral,1,-1526.74,617.73,88.44,635.5,1.583,0.141,0.31,0.0460199004975124,74.0,45.0,0.8222222222222222,0.5,True,0.6054054054054054,0.5135135135135135,0.0405405405405405,0.054054054054054,0.2972972972972973,0.0,0.0,0.0135135135135135,0.0135135135135135,0.081081081081081,0.0,0.0,0.5,3.143,232.14,204.92,11.29,0.243,6.11,0.074,9128.0,1602.0
DgoVKIkCKEQ,True,True,117.0,96,76,1122,6,0,135000,2612,Neutral,4,66.43,8.88,9.89,10.58,1.424,0.071,0.508,0.0302013422818791,9.0,9.0,1.0,1.0,True,0.4888888888888889,0.5555555555555556,0.0,0.1111111111111111,0.1111111111111111,0.0,0.0,0.0,0.0,0.1111111111111111,0.0,0.0,0.6666666666666666,0.267,20.4,7.45,6.87,0.094,2.91,0.127,1635.0,296.0
Dh4AuC-syLU,True,True,189.0,34,31,1165,4,0,12500,530,Neutral,2,-375.35,176.91,42.71,182.68,1.507,0.107,0.493,0.1947483588621444,89.0,68.0,0.8235294117647058,0.6292134831460674,False,0.1438202247191011,0.2696629213483146,0.1348314606741573,0.0561797752808988,0.2584269662921348,0.0,0.0,0.0337078651685393,0.0898876404494382,0.1685393258426966,0.0,0.0,0.2584269662921348,1.0,155.33,187.65,12.0,0.735,5.43,0.09,2609.0,456.0
DhIssYBngVo,True,True,126.0,34,30,440,5,0,939,79,Neutral,3,-32.19,48.31,17.12,50.83,1.35,0.049,0.618,0.1694915254237288,20.0,19.0,0.9473684210526316,0.9,True,0.3400000000000001,0.35,0.0,0.2,0.0,0.0,0.0,0.0,0.0,0.05,0.0,0.15,0.6,0.2,25.6,21.69,6.4,0.316,2.47,0.18,596.0,124.0
Dj1SzImT_yI,True,True,66.0,11,11,1134,3,1,12600,950,Neutral,1,-92.39,68.63,28.03,72.38,1.485,0.111,0.591,0.2485549132947976,43.0,40.0,0.975,0.9069767441860463,False,0.1488372093023255,0.2790697674418604,0.1860465116279069,0.0,0.2325581395348837,0.0,0.1395348837209302,0.0,0.0,0.0930232558139534,0.0,0.0,0.3488372093023256,2.5,87.5,21.92,12.0,0.667,3.51,0.08,955.0,173.0
DjTC8drkMEE,True,True,2270.0,25,25,4759,55,2,569000,3032,Neutral,2,-2380.7,944.65,116.09,970.81,1.641,0.162,0.212,0.0154064463815122,76.0,48.0,0.7916666666666666,0.5,True,0.8,1.0,0.0131578947368421,0.0,0.0789473684210526,0.0,0.2894736842105263,0.0263157894736842,0.1710526315789473,0.0263157894736842,0.0,0.0,0.3947368421052631,7.889,557.11,605.44,14.78,0.234,13.42,0.094,29632.0,4928.0
DjYv6s6ePWY,True,True,3295.0,210,137,202,1,0,14700,1456,Neutral,16,-4295.79,1685.15,118.59,1730.44,1.417,0.095,0.148,0.0056237805577872,49.0,31.0,0.8387096774193549,0.5306122448979592,True,0.8,1.0,0.4285714285714285,0.0,0.2040816326530612,0.0,0.0,0.0204081632653061,0.0204081632653061,0.0204081632653061,0.0,0.0,0.3061224489795918,0.289,39.29,58.39,7.02,0.008,3.78,0.146,46982.0,8678.0
DjkmLsl3K8A,True,True,1983.0,307,166,1954,33,0,1220000,11882,Neutral,16,-5636.8,2200.61,135.64,2259.3,1.407,0.095,0.169,0.0121521662557238,69.0,41.0,0.7317073170731707,0.4347826086956521,True,0.8,1.0,0.0,0.0579710144927536,0.217391304347826,0.0,0.0144927536231884,0.2608695652173913,0.0434782608695652,0.0144927536231884,0.0,0.0,0.391304347826087,0.419,55.27,52.61,7.95,0.016,3.96,0.154,30191.0,5657.0
DknR5EMqE2w,True,True,214.0,90,61,385,4,1,216000,5950,Neutral,3,-511.41,232.4,41.02,240.42,1.351,0.074,0.4,0.0913621262458471,55.0,49.0,0.8775510204081632,0.7818181818181819,True,0.4218181818181818,0.509090909090909,0.0181818181818181,0.2181818181818181,0.1454545454545454,0.0,0.0181818181818181,0.0727272727272727,0.0363636363636363,0.0545454545454545,0.0,0.0545454545454545,0.3818181818181818,0.136,28.36,22.83,6.27,0.088,3.02,0.189,3023.0,600.0
DkpesT4gUBI,True,True,311.0,77,54,148265,1091,123,477000,4732,Neutral,3,73.3,6.73,11.67,8.78,1.4,0.084,0.392,0.0110974106041923,9.0,8.0,0.875,0.7777777777777778,True,0.6222222222222222,0.5555555555555556,0.2222222222222222,0.0,0.0,0.0,0.0,0.0,0.0,0.1111111111111111,0.0,0.0,0.6666666666666666,0.053,11.83,13.95,4.36,0.03,3.2,0.143,4501.0,844.0
Dt96d97_I7w,True,True,60.0,114,85,203,0,0,24400,946,Positive,8,-45.73,54.91,21.19,59.05,1.282,0.07,0.592,0.1142857142857142,16.0,16.0,1.0,1.0,True,0.3249999999999999,0.3125,0.0,0.0,0.0,0.0,0.0,0.0,0.125,0.125,0.0,0.0625,0.6875,0.333,25.0,12.73,6.67,0.257,3.1,0.24,685.0,142.0
DtF1UrjollI,True,True,198.0,85,68,161,1,0,7800,361,Very Positive,5,74.24,6.69,10.05,9.01,1.384,0.08,0.439,0.018018018018018,10.0,8.0,0.75,0.6,True,0.4399999999999999,0.5,0.1,0.1,0.2,0.0,0.0,0.1,0.1,0.0,0.0,0.0,0.4,0.026,15.08,10.36,5.68,0.052,2.89,0.162,2919.0,552.0
DtwtTDHkDdY,True,False,226.0,0,0,862,7,0,15600,1174,,0,-494.45,223.08,48.11,231.1,1.487,0.109,0.407,0.0959860383944153,55.0,43.0,0.8604651162790697,0.6727272727272727,True,0.3127272727272727,0.4,0.0363636363636363,0.0545454545454545,0.4363636363636363,0.0,0.0,0.0181818181818181,0.0363636363636363,0.0363636363636363,0.0,0.0,0.3818181818181818,0.75,144.75,147.78,14.5,0.48,4.33,0.098,3077.0,574.0
Dx5_e7qdJjE,True,True,1513.0,155,105,3141,64,0,17100,551,Neutral,6,38.57,13.69,30.98,16.32,1.709,0.197,0.24,0.0040431266846361,15.0,14.0,0.9285714285714286,0.8666666666666667,True,0.8,1.0,0.0666666666666666,0.0666666666666666,0.0666666666666666,0.0,0.0666666666666666,0.1333333333333333,0.0,0.0,0.0,0.0,0.6,0.295,24.12,15.47,7.45,0.016,3.26,0.065,22764.0,3712.0
E-wOxOakE8A,True,True,231.0,28,22,549,3,0,42900,959,Neutral,3,-554.24,245.34,53.58,253.44,1.522,0.125,0.448,0.0682539682539682,43.0,30.0,0.8333333333333334,0.5813953488372093,True,0.4465116279069767,0.4651162790697674,0.0,0.0465116279069767,0.0930232558139534,0.0,0.0232558139534883,0.0465116279069767,0.0465116279069767,0.0232558139534883,0.0,0.0465116279069767,0.6744186046511628,9.0,638.0,0.0,20.0,0.976,7.93,0.097,3492.0,627.0
E0Am_KGBdUg,True,True,127.0,148,109,90714,562,31,244000,700,Neutral,9,69.39,7.94,10.54,10.49,1.414,0.096,0.468,0.042042042042042,14.0,7.0,0.7142857142857143,0.3571428571428571,False,0.2571428571428571,0.2857142857142857,0.6428571428571429,0.2857142857142857,0.0,0.0,0.0,0.0,0.0,0.0,0.0,0.0,0.0714285714285714,0.091,15.41,7.79,5.91,0.075,2.73,0.133,1868.0,337.0
E0GWYsusrbc,True,True,234.0,12,12,142,3,0,477000,4732,Neutral,1,-454.81,200.91,60.83,207.04,1.822,0.204,0.454,0.1148514851485148,58.0,46.0,0.8913043478260869,0.7068965517241379,True,0.3586206896551724,0.396551724137931,0.0,0.0517241379310344,0.4482758620689655,0.0,0.0,0.0,0.0344827586206896,0.0172413793103448,0.0,0.0,0.4482758620689655,0.5,130.75,184.77,11.75,0.346,5.73,0.073,3217.0,505.0
E2WnbXOS4VI,True,True,169.0,600,285,2756,0,0,32300,2855,Very Positive,36,62.11,8.13,11.14,10.11,1.54,0.138,0.47,0.0073349633251833,3.0,2.0,0.5,0.3333333333333333,True,0.6666666666666667,0.6666666666666666,0.0,0.0,0.6666666666666666,0.0,0.0,0.0,0.0,0.0,0.0,0.0,0.3333333333333333,0.136,19.18,9.94,7.09,0.081,3.16,0.135,2370.0,407.0
E7roMzDCeAU,True,True,135.0,233,126,2043,12,0,55000,668,Neutral,13,77.31,7.09,8.68,8.98,1.308,0.051,0.473,0.0328358208955223,11.0,10.0,0.9,0.8181818181818182,True,0.5818181818181818,0.7272727272727273,0.0,0.0,0.2727272727272727,0.0,0.0,0.0,0.0,0.0,0.0,0.0,0.7272727272727273,0.227,16.64,15.06,5.36,0.114,3.28,0.158,1744.0,336.0
E9Dnyym6a94,True,True,82.0,145,92,1278,10,0,1220000,11882,Neutral,5,65.89,7.9,11.86,11.36,1.481,0.151,0.535,0.2157894736842105,41.0,30.0,0.9666666666666668,0.7073170731707317,False,0.0585365853658537,0.2195121951219512,0.073170731707317,0.073170731707317,0.1707317073170731,0.0,0.0,0.048780487804878,0.0,0.073170731707317,0.0,0.0,0.5609756097560976,0.083,16.17,12.79,5.75,0.132,3.14,0.149,1046.0,190.0
EBJrZIi6tsU,True,True,363.0,188,130,1238,7,0,1220000,11882,Positive,13,-1167.73,482.94,66.74,497.37,1.431,0.1,0.266,0.0274636510500807,34.0,25.0,0.88,0.6470588235294118,True,0.6000000000000001,0.5,0.0,0.0588235294117647,0.4117647058823529,0.0,0.0,0.0,0.0588235294117647,0.0588235294117647,0.0,0.0,0.4117647058823529,0.111,141.89,199.47,13.0,0.358,5.15,0.16,6838.0,1238.0
EDG2OaGYiso,True,False,273.0,0,0,1017,6,0,5390,505,,0,-679.71,291.65,61.95,300.2,1.613,0.143,0.355,0.0806451612903225,60.0,32.0,0.625,0.3333333333333333,True,0.4133333333333333,0.3666666666666666,0.0,0.0,0.0833333333333333,0.0,0.0,0.0,0.0,0.0,0.0,0.0166666666666666,0.9,2.0,750.0,0.0,19.0,0.979,7.08,0.089,4343.0,743.0
EE2NAv4VsbI,True,True,78.0,154,96,2619,14,0,35300,1846,Neutral,6,44.83,13.04,13.93,14.66,1.624,0.147,0.565,0.1034482758620689,18.0,14.0,0.7142857142857143,0.5555555555555556,True,0.4888888888888889,0.4444444444444444,0.0,0.0,0.1111111111111111,0.0,0.0,0.0,0.2222222222222222,0.1111111111111111,0.0,0.0,0.5555555555555556,0.143,26.14,13.27,7.14,0.2,3.37,0.115,1059.0,174.0
EFpLTuvsvW8,True,True,3436.0,43,37,1174,9,1,98900,2838,Neutral,1,-10056.75,3898.02,184.59,4000.0,1.451,0.101,0.135,0.0062911628821389,64.0,47.0,0.8297872340425532,0.609375,True,0.8,1.0,0.0,0.0,0.203125,0.0,0.0,0.015625,0.0,0.046875,0.0,0.0,0.734375,0.521,73.3,96.04,8.72,0.011,4.69,0.114,54454.0,10124.0
EIItnkDehow,True,True,1048.0,136,89,11497,71,2,27400,964,Neutral,9,-2671.96,1059.18,107.06,1088.49,1.515,0.122,0.272,0.0380673499267935,104.0,83.0,0.9036144578313252,0.7211538461538461,True,0.8,1.0,0.0961538461538461,0.25,0.1634615384615384,0.0,0.0096153846153846,0.1346153846153846,0.0576923076923076,0.0096153846153846,0.0,0.0,0.2788461538461538,3.818,253.82,483.47,11.45,0.114,10.29,0.115,15636.0,2726.0
EK7Fq2gkFrQ,True,True,221.0,34,32,4838,35,6,27400,964,Neutral,1,-208.18,108.38,44.72,113.02,1.714,0.199,0.508,0.3223443223443223,88.0,49.0,0.7346938775510204,0.4090909090909091,False,0.2363636363636363,0.2954545454545454,0.1477272727272727,0.0113636363636363,0.1818181818181818,0.0,0.0568181818181818,0.0909090909090909,0.0227272727272727,0.034090909090909,0.0,0.0,0.4545454545454545,5.0,274.0,0.0,16.0,0.889,4.62,0.062,1618.0,273.0
EQi6UZiM1gs,True,True,120.0,88,63,3818,41,5,135000,2612,Negative,4,-227.8,122.54,35.95,128.39,1.394,0.106,0.513,0.1640378548895899,52.0,41.0,0.8048780487804879,0.6346153846153846,False,0.1538461538461539,0.25,0.0384615384615384,0.1538461538461538,0.0961538461538461,0.0,0.0,0.0192307692307692,0.0576923076923076,0.0576923076923076,0.0,0.0192307692307692,0.5576923076923077,0.143,46.29,64.55,6.43,0.281,3.97,0.173,1636.0,317.0
ERz9My_l8XM,True,True,2233.0,302,214,74,0,0,3640,696,Neutral,11,-5455.55,2127.39,164.0,2183.82,1.58,0.146,0.208,0.0112870926633897,62.0,48.0,0.8541666666666666,0.6612903225806451,True,0.8,1.0,0.1290322580645161,0.0,0.064516129032258,0.0,0.0,0.0161290322580645,0.0806451612903225,0.0,0.0,0.0,0.7096774193548387,0.655,102.78,135.21,10.8,0.033,4.65,0.128,30974.0,5489.0
EbsM1jhu1Qo,True,True,150.0,71,57,4558,23,0,216000,5950,Neutral,5,50.92,9.98,11.46,10.7,1.659,0.138,0.691,0.0,0.0,0.0,0.0,0.0,False,0.0,0.0,0.0,0.0,0.0,0.0,0.0,0.0,0.0,0.0,0.0,0.0,0.0,0.125,16.5,5.37,6.38,0.27,2.79,0.091,930.0,127.0
EcBsjSBS_1Q,True,True,508.0,33,30,2163,11,3,22200,1782,Neutral,3,-1235.35,508.77,71.2,523.87,1.438,0.109,0.305,0.036015325670498,47.0,33.0,0.8181818181818182,0.574468085106383,True,0.6468085106382979,0.6170212765957447,0.0,0.0,0.1063829787234042,0.0,0.0,0.2340425531914893,0.3404255319148936,0.0,0.0,0.0,0.3191489361702128,4.2,263.6,279.1,11.6,0.267,6.52,0.118,7088.0,1305.0
EdMLyJZ-FRM,True,True,1005.0,33,30,986,2,0,569000,3032,Neutral,2,-2470.88,982.2,99.4,1009.26,1.501,0.113,0.289,0.0258620689655172,66.0,50.0,0.84,0.6363636363636364,True,0.8,1.0,0.1363636363636363,0.1818181818181818,0.1666666666666666,0.0,0.0151515151515151,0.0909090909090909,0.0151515151515151,0.0454545454545454,0.0,0.0,0.3484848484848485,1.179,93.07,102.66,9.79,0.076,4.31,0.112,14276.0,2544.0
Eed4BxANPls,True,True,3362.0,69,54,499,7,0,1100,430,Neutral,3,-7671.99,2979.1,195.08,3057.44,1.576,0.148,0.216,0.0062079668908432,48.0,39.0,0.8461538461538461,0.6875,True,0.8,1.0,0.0208333333333333,0.0,0.2291666666666666,0.0,0.0,0.0,0.0625,0.0416666666666666,0.0,0.0,0.6458333333333334,0.746,68.79,67.18,9.52,0.016,4.27,0.108,44341.0,7723.0
EefMQdwxuKg,True,True,54.0,78,59,1616,9,0,1220000,11882,Neutral,5,-31.07,43.68,25.25,47.71,1.552,0.143,0.657,0.0952380952380952,10.0,10.0,1.0,1.0,True,0.6000000000000001,0.6,0.0,0.1,0.4,0.0,0.0,0.0,0.1,0.1,0.0,0.0,0.3,0.0,26.75,26.81,7.25,0.353,2.73,0.121,606.0,106.0
Eeo6m0Gzicw,True,True,1743.0,41,33,1488,5,0,10700,653,Neutral,3,-5189.4,2028.16,129.07,2082.08,1.434,0.094,0.17,0.0116456662848415,61.0,43.0,0.9069767441860463,0.639344262295082,True,0.8,1.0,0.0327868852459016,0.0,0.4098360655737705,0.0,0.0,0.0327868852459016,0.0163934426229508,0.0,0.0,0.0,0.5081967213114754,0.449,50.19,84.49,7.63,0.018,4.14,0.158,27988.0,5220.0
EgVeZX8rZdc,True,True,204.0,25,21,5272,32,0,50000,1839,Neutral,2,-360.7,170.89,42.29,176.97,1.525,0.109,0.37,0.1379310344827586,60.0,50.0,0.84,0.7,False,0.1400000000000001,0.2666666666666666,0.0,0.0,0.1833333333333333,0.0,0.0,0.0,0.1,0.0166666666666666,0.0,0.0,0.7,1.0,145.67,47.54,13.0,0.452,3.57,0.149,2513.0,435.0
EgxvU6XrHtI,True,True,402.0,42,36,1508,12,0,1220000,11882,Neutral,1,-991.46,411.65,74.71,424.07,1.603,0.15,0.352,0.056390977443609,60.0,54.0,0.925925925925926,0.8333333333333334,True,0.6266666666666667,0.5666666666666667,0.1666666666666666,0.0,0.1666666666666666,0.0,0.0,0.0,0.1,0.0166666666666666,0.0,0.0,0.55,0.632,57.68,68.13,9.11,0.088,4.2,0.12,6212.0,1059.0
EhvjWs0v8D0,True,False,60.0,0,0,488,9,0,55000,668,,0,-44.77,51.55,19.29,53.46,1.426,0.062,0.597,0.1846153846153846,24.0,22.0,0.9090909090909092,0.8333333333333334,True,0.2166666666666667,0.3333333333333333,0.0,0.0,0.2083333333333333,0.0,0.0,0.125,0.0416666666666666,0.0416666666666666,0.0,0.0,0.5833333333333334,0.0,132.0,0.0,11.0,0.909,3.65,0.129,707.0,130.0
EkX4pNVMCBE,True,True,4038.0,104,86,839,2,0,1100,430,Neutral,3,-8012.77,3109.61,207.67,3191.64,1.597,0.161,0.185,0.0089153046062407,72.0,57.0,0.912280701754386,0.7222222222222222,True,0.8,1.0,0.0,0.0,0.2361111111111111,0.0,0.0,0.0138888888888888,0.0694444444444444,0.0138888888888888,0.0,0.0,0.6666666666666666,0.872,87.35,138.11,8.72,0.021,5.14,0.095,45926.0,8071.0
EowoMYY8VY4,True,False,153.0,0,0,919,7,1,23900,1354,,0,-376.3,180.02,41.87,187.91,1.374,0.1,0.354,0.0926724137931034,43.0,35.0,0.8571428571428571,0.6976744186046512,True,0.3348837209302326,0.4186046511627907,0.0697674418604651,0.0,0.0930232558139534,0.0,0.0,0.0,0.1627906976744186,0.0,0.0,0.0,0.6744186046511628,0.083,39.75,52.85,7.17,0.118,6.05,0.197,2280.0,462.0
Es0RNKAb5xQ,True,True,50.0,17,17,1420,10,1,46100,596,Neutral,2,61.33,7.19,11.21,8.0,1.6,0.2,1.0,0.1,1.0,1.0,1.0,1.0,True,0.8,1.0,0.0,0.0,1.0,0.0,0.0,0.0,0.0,0.0,0.0,0.0,0.0,1.0,10.0,0.0,5.0,0.0,1.8,0.0,63.0,10.0
EupkJjsrV0s,True,True,132.0,39,34,972,8,0,12600,950,Neutral,2,-193.1,107.52,37.41,113.57,1.476,0.133,0.476,0.1397058823529411,38.0,32.0,0.8125,0.6842105263157895,False,0.1473684210526316,0.2631578947368421,0.131578947368421,0.1052631578947368,0.2368421052631578,0.0,0.0,0.0,0.0,0.0526315789473684,0.0,0.0,0.4736842105263157,1.0,136.5,62.93,13.0,0.568,3.39,0.114,1470.0,271.0
Ewcgp-iYiUc,True,True,1247.0,4,4,317,7,0,477000,4732,Neutral,1,49.75,10.19,26.57,11.99,1.67,0.164,0.247,0.0044628626075868,14.0,11.0,0.7272727272727273,0.5714285714285714,True,0.8,1.0,0.5714285714285714,0.0,0.0,0.0,0.0714285714285714,0.0714285714285714,0.0714285714285714,0.0,0.0,0.0,0.2142857142857142,0.347,16.31,9.09,6.14,0.009,2.93,0.073,19203.0,3137.0
EwkaRBKOmtY,True,True,113.0,42,30,1554,15,3,100000,1450,Neutral,2,-244.43,125.36,41.02,130.44,1.567,0.14,0.497,0.0666666666666666,21.0,18.0,0.8888888888888888,0.7619047619047619,True,0.3238095238095237,0.3809523809523809,0.0952380952380952,0.0952380952380952,0.2857142857142857,0.0,0.0,0.0476190476190476,0.1428571428571428,0.0,0.0,0.0,0.3333333333333333,0.0,79.25,55.44,12.75,0.415,4.09,0.091,1769.0,314.0
Ewq5GelNV1E,True,True,163.0,80,57,24491,82,18,477000,4732,Neutral,14,53.12,10.71,12.75,12.94,1.582,0.145,0.438,0.0114613180515759,4.0,2.0,0.5,0.25,True,0.5,0.5,0.25,0.0,0.0,0.0,0.0,0.75,0.0,0.0,0.0,0.0,0.0,0.105,18.95,11.7,6.63,0.07,3.44,0.103,2073.0,356.0
Ex1Nl6ECB1M,True,True,372.0,193,134,2064,29,6,21200,1769,Neutral,7,-736.58,319.71,45.5,330.15,1.313,0.067,0.367,0.0697115384615384,58.0,55.0,0.9454545454545454,0.896551724137931,True,0.4551724137931034,0.4137931034482758,0.0689655172413793,0.0862068965517241,0.0862068965517241,0.0,0.0172413793103448,0.0172413793103448,0.1206896551724138,0.0862068965517241,0.0,0.0172413793103448,0.5,0.069,29.52,36.84,6.52,0.063,3.59,0.147,4082.0,829.0
EyErv_J7goQ,True,True,161.0,109,84,149,1,0,15400,480,Neutral,6,-399.01,182.44,52.93,188.93,1.678,0.166,0.449,0.2359307359307359,109.0,81.0,0.8888888888888888,0.6605504587155964,False,0.110091743119266,0.2477064220183486,0.0091743119266055,0.1559633027522936,0.1651376146788991,0.0,0.3669724770642202,0.036697247706422,0.0275229357798165,0.0091743119266055,0.0,0.0,0.2293577981651376,9.0,474.0,0.0,20.0,0.964,5.41,0.101,2826.0,462.0
EyHrj68ar2Q,True,True,1316.0,86,58,845,9,0,53500,1701,Neutral,2,-2675.45,1063.89,88.82,1093.63,1.352,0.083,0.215,0.0300967395198853,84.0,72.0,0.9027777777777778,0.7738095238095238,True,0.8,1.0,0.0238095238095238,0.0714285714285714,0.2023809523809523,0.0,0.0,0.0119047619047619,0.119047619047619,0.0714285714285714,0.0,0.0238095238095238,0.4761904761904761,0.182,23.83,30.59,5.68,0.013,3.55,0.17,14071.0,2765.0
Eydrd2P_iGY,True,True,775.0,97,69,760,4,0,25800,453,Neutral,4,58.23,9.42,18.14,10.77,1.55,0.117,0.279,0.0044543429844097,8.0,5.0,0.6,0.375,True,0.8,1.0,0.125,0.0,0.125,0.0,0.0,0.0,0.0,0.0,0.0,0.0,0.75,0.204,17.54,7.73,6.43,0.018,2.99,0.105,10862.0,1792.0
EzKwIzujckE,True,True,132.0,24,23,4307,53,8,697000,6101,Neutral,2,-299.71,151.45,34.94,157.78,1.332,0.08,0.469,0.1319796954314721,52.0,45.0,0.8888888888888888,0.7692307692307693,False,0.1999999999999999,0.2884615384615384,0.0576923076923076,0.1153846153846153,0.173076923076923,0.0,0.0384615384615384,0.0192307692307692,0.0192307692307692,0.2307692307692307,0.0,0.0,0.3461538461538461,0.154,30.77,26.73,6.92,0.11,3.02,0.203,1969.0,392.0
F-8lzH8N4JI,True,True,61.0,91,73,267,0,1,20300,1285,Neutral,6,-101.54,72.64,29.31,76.76,1.462,0.115,0.505,0.0939226519337016,17.0,16.0,0.9375,0.8823529411764706,True,0.3058823529411765,0.3529411764705882,0.0,0.0,0.1176470588235294,0.0,0.0,0.0,0.4705882352941176,0.0,0.0,0.0,0.4117647058823529,1.0,184.0,0.0,19.0,0.875,6.26,0.141,974.0,182.0
F2xW1HO-g7k,True,True,1984.0,106,80,738,8,2,15400,480,Neutral,5,-5455.05,2130.55,132.01,2187.4,1.418,0.093,0.161,0.0097861544037694,54.0,42.0,0.8333333333333334,0.6481481481481481,True,0.8,1.0,0.0185185185185185,0.0185185185185185,0.3148148148148148,0.0,0.0,0.037037037037037,0.074074074074074,0.0925925925925925,0.0,0.0,0.4444444444444444,0.323,43.79,50.04,7.28,0.013,4.05,0.139,29485.0,5485.0
F82fV_Hif-0,True,True,1132.0,115,87,8786,434,9,3210,503,Very Positive,5,-2695.75,1069.71,96.3,1098.83,1.448,0.097,0.263,0.0238181162035366,66.0,60.0,0.9,0.8181818181818182,True,0.8,1.0,0.0606060606060606,0.1515151515151515,0.106060606060606,0.0,0.0,0.0,0.1515151515151515,0.1666666666666666,0.0,0.0,0.3636363636363636,0.4,63.67,60.03,9.56,0.038,4.29,0.143,14982.0,2767.0
F8DuTf4RdC0,True,True,4356.0,16,15,114,1,0,14700,1456,Neutral,1,-5056.93,1973.04,166.97,2025.4,1.637,0.163,0.192,0.0073858114674441,76.0,56.0,0.8392857142857143,0.618421052631579,True,0.8,1.0,0.5131578947368421,0.0394736842105263,0.0263157894736842,0.0,0.0,0.0131578947368421,0.0526315789473684,0.0526315789473684,0.0,0.0,0.3026315789473684,1.402,128.06,186.55,11.2,0.021,5.62,0.078,60350.0,10282.0
FB3oCPTz-us,True,True,280.0,334,200,4586,28,4,569000,3032,Neutral,14,-644.53,283.77,47.38,293.66,1.341,0.083,0.37,0.0685483870967741,51.0,45.0,0.8888888888888888,0.7843137254901961,True,0.5333333333333334,0.4509803921568627,0.0,0.1176470588235294,0.0784313725490196,0.0,0.0,0.0,0.1568627450980392,0.0980392156862745,0.0,0.0196078431372549,0.5294117647058824,0.136,35.32,41.69,6.41,0.085,3.61,0.189,3731.0,736.0
FBIMwQLYvaE,True,True,215.0,319,179,2630,16,3,12500,530,Negative,21,-484.82,221.99,40.15,229.81,1.361,0.074,0.428,0.1059027777777777,61.0,55.0,0.9272727272727272,0.8360655737704918,True,0.2622950819672132,0.3114754098360656,0.0655737704918032,0.0491803278688524,0.0983606557377049,0.0,0.0,0.0327868852459016,0.1639344262295081,0.0327868852459016,0.0,0.0,0.5573770491803278,0.154,45.38,41.43,8.15,0.114,3.72,0.185,2951.0,573.0
FBuuj_1uQD8,True,True,90.0,63,55,538,11,1,15600,1174,Neutral,3,61.33,7.19,11.21,8.0,1.6,0.2,1.0,0.1,1.0,1.0,1.0,1.0,True,0.8,1.0,0.0,0.0,1.0,0.0,0.0,0.0,0.0,0.0,0.0,0.0,0.0,1.0,10.0,0.0,5.0,0.0,1.8,0.0,63.0,10.0
FFpWVG1nRLQ,True,True,5519.0,29,25,106,0,0,939,79,Neutral,2,-13597.55,5255.92,259.06,5392.64,1.576,0.149,0.159,0.0023946012626079,33.0,26.0,0.8076923076923077,0.6363636363636364,True,0.8,1.0,0.0,0.0,0.1515151515151515,0.0,0.0,0.0,0.1515151515151515,0.0,0.0,0.0,0.696969696969697,0.792,83.88,96.16,9.9,0.012,4.62,0.107,78192.0,13745.0
FH7aHDHnkjU,True,True,295.0,292,170,27644,318,64,75200,1684,Negative,13,72.55,7.28,12.4,9.67,1.388,0.093,0.405,0.0274914089347079,24.0,20.0,0.9,0.75,True,0.75,0.875,0.25,0.125,0.0833333333333333,0.0,0.0,0.0,0.0,0.0,0.0,0.0416666666666666,0.5,0.093,16.69,11.81,5.57,0.035,3.09,0.159,4624.0,871.0
FIYJEMZN8D8,True,True,532.0,64,46,5073,33,6,75200,1684,Neutral,2,-1407.19,573.73,75.39,589.92,1.49,0.109,0.292,0.0412999322951929,61.0,29.0,0.7586206896551724,0.360655737704918,True,0.7213114754098362,0.8032786885245902,0.0491803278688524,0.0655737704918032,0.1147540983606557,0.0,0.0,0.2622950819672131,0.0163934426229508,0.1311475409836065,0.0,0.0,0.360655737704918,0.615,58.38,61.82,8.65,0.059,4.04,0.099,8080.0,1474.0
FKLSOqm8c6k,True,True,162.0,57,48,541,7,1,53500,1701,Negative,4,-315.68,157.16,39.26,163.88,1.353,0.1,0.445,0.0979899497487437,39.0,33.0,0.8787878787878788,0.7435897435897436,True,0.2358974358974359,0.3076923076923077,0.0,0.1282051282051282,0.3076923076923077,0.0,0.0256410256410256,0.0,0.0769230769230769,0.0256410256410256,0.0,0.0,0.4358974358974359,0.333,45.78,22.35,9.22,0.188,3.42,0.163,2136.0,402.0
FMhbhFhRN2s,True,True,247.0,13,13,118,2,0,56400,1114,Neutral,1,-599.54,266.06,44.32,275.1,1.361,0.076,0.392,0.0886627906976744,61.0,48.0,0.8541666666666666,0.6721311475409836,True,0.3934426229508196,0.4098360655737705,0.0327868852459016,0.0,0.2131147540983606,0.0,0.0,0.0,0.2622950819672131,0.0327868852459016,0.0,0.0,0.4590163934426229,1.222,78.44,56.0,9.44,0.199,4.1,0.163,3548.0,689.0
FNiBW4khGGs,True,True,160.0,73,61,573,6,1,135000,2612,Neutral,4,-351.16,170.55,37.41,176.88,1.365,0.083,0.456,0.1328828828828828,59.0,48.0,0.8125,0.6610169491525424,True,0.1898305084745764,0.3050847457627119,0.0338983050847457,0.0338983050847457,0.0338983050847457,0.0,0.0,0.0,0.0338983050847457,0.1525423728813559,0.0,0.0169491525423728,0.6949152542372882,0.167,38.5,36.52,7.83,0.146,3.86,0.195,2255.0,442.0
FO7gVvl38Fw,True,True,3861.0,89,69,90,5,0,46000,861,Very Positive,4,70.47,7.49,34.16,9.79,1.416,0.096,0.137,0.0012805463664496,12.0,12.0,1.0,1.0,True,0.8,1.0,0.0,0.0,0.1666666666666666,0.0,0.0,0.0,0.0833333333333333,0.0,0.0,0.0,0.75,0.107,15.87,11.95,5.23,0.003,3.2,0.15,50570.0,9363.0
FOe0sdZY9pw,True,True,2084.0,29,26,21577,158,14,46900,1152,Neutral,1,-5325.51,2080.18,144.34,2136.02,1.447,0.115,0.185,0.0037119524870081,20.0,18.0,0.8888888888888888,0.8,True,0.8,1.0,0.7,0.0,0.0,0.0,0.0,0.0,0.0,0.0,0.0,0.05,0.25,0.529,79.7,84.08,10.21,0.024,5.14,0.15,29144.0,5368.0
FOywT4FXV-Y,True,True,312.0,77,64,808,7,0,1220000,11882,Neutral,5,-809.79,343.09,63.04,353.64,1.543,0.126,0.353,0.0689265536723163,61.0,43.0,0.7674418604651163,0.5409836065573771,True,0.478688524590164,0.4590163934426229,0.1967213114754098,0.1475409836065573,0.360655737704918,0.0,0.0,0.0163934426229508,0.0327868852459016,0.0491803278688524,0.0,0.0,0.1967213114754098,1.0,451.0,516.19,17.5,0.938,7.99,0.098,5040.0,877.0
FRHJ_0YX1M8,True,True,98.0,28,26,1290,10,1,35300,1846,Neutral,2,-151.32,84.8,40.59,88.69,1.798,0.212,0.68,0.1707317073170731,35.0,32.0,0.9375,0.8571428571428571,False,0.217142857142857,0.2857142857142857,0.0,0.0,0.1142857142857142,0.0,0.0,0.0,0.1714285714285714,0.0285714285714285,0.0,0.0571428571428571,0.6285714285714286,0.25,52.25,56.44,7.75,0.3,3.79,0.077,1297.0,207.0
FR_uU3_WiPc,True,True,334.0,50,42,1285,7,2,13800,709,Neutral,3,-864.52,367.86,51.27,379.56,1.362,0.075,0.364,0.0733752620545073,70.0,61.0,0.8852459016393442,0.7714285714285715,True,0.5542857142857143,0.5,0.0428571428571428,0.0857142857142857,0.1571428571428571,0.0,0.0,0.0714285714285714,0.0428571428571428,0.0571428571428571,0.0,0.0,0.5428571428571428,0.571,70.64,90.36,7.57,0.19,5.44,0.163,4845.0,948.0
FW5BLDCxtdg,True,True,84.0,47,37,1442,5,0,16500,1455,Neutral,4,-160.74,93.56,37.41,98.52,1.549,0.155,0.545,0.111587982832618,26.0,25.0,0.96,0.9230769230769232,True,0.4615384615384617,0.5,0.0769230769230769,0.0,0.1923076923076923,0.0,0.0384615384615384,0.0384615384615384,0.2307692307692307,0.0384615384615384,0.0,0.0,0.3846153846153846,0.5,118.0,159.81,8.5,0.895,4.11,0.14,1289.0,233.0
FX81RhxachU,True,True,69.0,189,128,2141,41,0,1220000,11882,Neutral,9,-120.73,78.79,29.31,82.28,1.52,0.107,0.566,0.1878172588832487,37.0,26.0,0.7307692307692307,0.5135135135135135,False,0.1729729729729729,0.2702702702702703,0.1351351351351351,0.1891891891891892,0.2972972972972973,0.0,0.0,0.1351351351351351,0.081081081081081,0.054054054054054,0.0,0.0,0.1081081081081081,3.0,200.0,0.0,17.0,0.952,4.68,0.12,1109.0,196.0
FaLTTq6LKWM,True,True,285.0,57,49,49811,698,0,17100,551,Positive,4,-469.78,209.21,62.77,217.7,1.699,0.208,0.429,0.0956848030018761,51.0,38.0,0.868421052631579,0.6470588235294118,True,0.4549019607843136,0.4901960784313725,0.392156862745098,0.0,0.1176470588235294,0.0,0.0196078431372549,0.0784313725490196,0.0196078431372549,0.0980392156862745,0.0,0.0,0.2745098039215686,1.2,109.4,145.13,9.2,0.398,6.14,0.086,3212.0,535.0
FbCumsphfIs,True,True,925.0,103,78,2882,20,0,45300,2832,Neutral,3,60.27,8.82,21.64,10.79,1.541,0.125,0.27,0.0054602184087363,14.0,6.0,0.6666666666666666,0.2857142857142857,True,0.8,1.0,0.0,0.0,0.0,0.0,0.0,0.0,0.0,0.0,0.0,0.0,1.0,0.39,16.39,7.36,6.04,0.011,2.88,0.081,14935.0,2564.0
Fc41BZQTh-A,True,True,146.0,36,31,757,5,0,10700,653,Neutral,2,74.9,6.57,9.52,8.97,1.378,0.083,0.508,0.046979865771812,21.0,20.0,0.95,0.9047619047619048,True,0.3428571428571429,0.3333333333333333,0.0,0.0,0.0952380952380952,0.0,0.0,0.0,0.0476190476190476,0.1428571428571428,0.0,0.0,0.7142857142857143,0.0,16.54,10.25,6.07,0.056,2.98,0.125,2359.0,447.0
Fc6ByVtSS_4,True,True,50.0,5,5,256,1,0,13600,1174,Neutral,1,-16.08,39.85,18.24,42.06,1.459,0.071,0.633,0.0918367346938775,9.0,7.0,0.8571428571428571,0.6666666666666666,True,0.5777777777777777,0.5555555555555556,0.0,0.1111111111111111,0.3333333333333333,0.0,0.0,0.0,0.1111111111111111,0.0,0.0,0.0,0.4444444444444444,2.0,100.0,0.0,8.0,0.875,3.47,0.18,539.0,98.0
FhJc0aNd_-4,True,True,3936.0,175,121,1481,17,2,1100,430,Neutral,10,-7525.12,2924.08,179.49,3001.54,1.508,0.127,0.172,0.0085470085470085,65.0,54.0,0.8888888888888888,0.7384615384615385,True,0.8,1.0,0.4307692307692308,0.0,0.0923076923076923,0.0,0.0,0.0153846153846153,0.123076923076923,0.0,0.0,0.0,0.3384615384615385,0.158,46.79,62.5,7.28,0.01,3.88,0.112,41390.0,7596.0
FllFoTFmyPg,True,True,580.0,28,26,801,6,0,42900,959,Neutral,2,61.33,7.19,11.21,8.0,1.6,0.2,1.0,0.1,1.0,1.0,1.0,1.0,True,0.8,1.0,0.0,0.0,1.0,0.0,0.0,0.0,0.0,0.0,0.0,0.0,0.0,1.0,10.0,0.0,5.0,0.0,1.8,0.0,63.0,10.0
FmGlGi7BCiE,True,True,398.0,113,78,546,0,0,12500,530,Neutral,6,-1150.65,478.33,56.72,492.94,1.337,0.072,0.27,0.0346494762288477,43.0,27.0,0.8518518518518519,0.5348837209302325,True,0.6418604651162791,0.6046511627906976,0.0232558139534883,0.0,0.2790697674418604,0.0,0.0,0.0,0.0697674418604651,0.0,0.0,0.0,0.627906976744186,0.381,60.38,44.32,9.29,0.086,4.31,0.151,6302.0,1232.0
Fswo4AeJIhs,True,True,627.0,209,122,8522,80,2,226000,1254,Neutral,10,68.06,8.01,15.02,9.85,1.435,0.087,0.342,0.0131926121372031,20.0,15.0,0.6666666666666666,0.5,True,0.72,0.8,0.1,0.45,0.05,0.0,0.0,0.05,0.0,0.0,0.0,0.0,0.35,0.1,14.57,9.94,5.07,0.019,3.03,0.13,8459.0,1532.0
FuFAutN7yvU,True,True,149.0,250,168,229,4,0,44000,2439,Very Positive,13,-313.16,156.31,33.36,162.4,1.347,0.07,0.472,0.1149144254278728,47.0,45.0,0.9555555555555556,0.9148936170212766,True,0.2297872340425533,0.3404255319148936,0.0638297872340425,0.0425531914893617,0.0851063829787234,0.0,0.0212765957446808,0.0212765957446808,0.0,0.2340425531914893,0.0,0.0,0.5319148936170213,0.4,82.8,88.78,10.6,0.3,4.04,0.169,2059.0,404.0
FutbHS0BzuU,True,True,366.0,37,34,1161,12,1,15600,1174,Positive,3,61.33,7.19,11.21,8.0,1.6,0.2,1.0,0.1,1.0,1.0,1.0,1.0,True,0.8,1.0,0.0,0.0,1.0,0.0,0.0,0.0,0.0,0.0,0.0,0.0,0.0,1.0,10.0,0.0,5.0,0.0,1.8,0.0,63.0,10.0
Fwd32Xa3uwc,True,True,172.0,288,153,241233,525,97,569000,3032,Neutral,11,55.28,12.28,13.02,14.59,1.466,0.111,0.523,0.01,3.0,2.0,0.5,0.3333333333333333,True,0.4000000000000001,0.3333333333333333,0.0,0.0,0.0,0.0,0.0,0.0,0.0,0.0,0.0,0.0,1.0,0.182,27.91,15.58,7.55,0.133,3.76,0.104,1656.0,299.0
FySIVTsfjvs,True,True,2731.0,136,107,157,1,0,24900,211,Neutral,5,-7599.97,2954.4,162.78,3032.33,1.433,0.103,0.162,0.0058267512624627,45.0,35.0,0.8,0.6222222222222222,True,0.8,1.0,0.0222222222222222,0.0222222222222222,0.1555555555555555,0.0,0.0,0.0,0.1111111111111111,0.0444444444444444,0.0,0.0,0.6444444444444445,0.286,40.33,57.87,6.63,0.008,4.15,0.115,40786.0,7681.0
FzsrvkMBNv0,True,True,196.0,334,212,493,1,0,135000,2612,Neutral,19,-447.36,206.33,43.52,213.9,1.422,0.095,0.496,0.1700554528650646,92.0,68.0,0.8382352941176471,0.6195652173913043,True,0.2956521739130435,0.3369565217391304,0.0869565217391304,0.0326086956521739,0.1630434782608695,0.0,0.0,0.1413043478260869,0.0760869565217391,0.1413043478260869,0.0,0.0,0.358695652173913,0.417,46.83,70.19,6.25,0.096,4.48,0.123,2883.0,537.0
G-LgFZmwMIY,True,True,325.0,38,34,2424,35,2,15600,1174,Very Negative,2,-768.76,332.15,47.38,343.19,1.31,0.07,0.36,0.0757575757575757,65.0,54.0,0.8703703703703703,0.7230769230769231,True,0.4738461538461538,0.4153846153846154,0.0769230769230769,0.0923076923076923,0.123076923076923,0.0,0.0,0.0769230769230769,0.0153846153846153,0.0923076923076923,0.0,0.0307692307692307,0.4923076923076923,0.217,39.13,34.52,7.39,0.074,3.22,0.191,4291.0,857.0
G3CwpSpvlJM,True,True,121.0,78,59,775,0,0,24400,946,Neutral,5,78.68,6.04,8.46,8.01,1.333,0.057,0.503,0.0371428571428571,13.0,13.0,1.0,1.0,True,0.276923076923077,0.3846153846153846,0.1538461538461538,0.0769230769230769,0.0,0.0,0.0,0.0,0.0,0.0769230769230769,0.0,0.0,0.6923076923076923,0.029,10.89,10.71,3.89,0.064,3.05,0.163,1911.0,371.0
G44-ul_xF4Y,True,True,299.0,108,83,178,1,0,45300,2832,Neutral,6,62.17,9.45,13.4,12.11,1.475,0.115,0.336,0.0047281323877068,4.0,4.0,1.0,1.0,True,0.6000000000000001,0.5,0.0,0.0,0.25,0.0,0.0,0.25,0.0,0.0,0.0,0.0,0.5,0.349,19.79,7.59,6.47,0.043,2.99,0.102,4642.0,847.0
G55tlheAfAg,True,True,311.0,77,60,564,0,0,1220000,11882,Neutral,2,-648.81,280.39,60.26,289.07,1.584,0.141,0.387,0.0917941585535466,66.0,48.0,0.8333333333333334,0.6060606060606061,True,0.4606060606060607,0.4393939393939394,0.0909090909090909,0.0757575757575757,0.1212121212121212,0.0,0.0,0.0454545454545454,0.0303030303030303,0.0606060606060606,0.0,0.0,0.5757575757575758,1.286,105.71,75.82,10.43,0.243,4.55,0.128,4119.0,716.0
G5S3DQiqjGo,True,True,231.0,23,20,1502,7,0,21200,1769,Neutral,1,-642.08,281.93,51.94,291.95,1.384,0.101,0.336,0.1069958847736625,78.0,47.0,0.7446808510638298,0.4487179487179487,True,0.4000000000000001,0.3846153846153846,0.141025641025641,0.0769230769230769,0.282051282051282,0.0,0.0,0.1923076923076923,0.0256410256410256,0.0128205128205128,0.0,0.0,0.2692307692307692,2.6,150.2,66.34,14.0,0.299,4.95,0.109,3812.0,724.0
G6kllCOE2CU,True,True,8455.0,207,143,915,14,1,15400,480,Neutral,8,-20514.79,7913.27,329.86,8118.4,1.6,0.161,0.132,0.0022209347238315,46.0,36.0,0.8611111111111112,0.6739130434782609,True,0.8,1.0,0.1521739130434782,0.0,0.0434782608695652,0.0,0.0217391304347826,0.0,0.0434782608695652,0.0217391304347826,0.0,0.0,0.717391304347826,0.789,87.27,157.46,8.69,0.007,5.82,0.1,119001.0,20653.0
G8xkRNuzVWs,True,True,212.0,218,134,2590,8,0,45300,2832,Neutral,9,-411.81,189.7,52.6,197.19,1.566,0.157,0.443,0.1360824742268041,66.0,46.0,0.8043478260869565,0.5606060606060606,False,0.1090909090909091,0.2575757575757575,0.0,0.2121212121212121,0.4242424242424242,0.0,0.0,0.0606060606060606,0.0909090909090909,0.0303030303030303,0.0,0.0151515151515151,0.1666666666666666,10.0,491.0,0.0,25.0,0.963,6.81,0.096,2836.0,486.0
G9g-vU3MdKs,True,True,151.0,64,56,1441,10,0,5390,505,Positive,4,-302.43,151.34,37.88,158.03,1.389,0.096,0.482,0.1333333333333333,52.0,44.0,0.9318181818181818,0.7884615384615384,False,0.1153846153846154,0.25,0.0192307692307692,0.0769230769230769,0.2115384615384615,0.0,0.0192307692307692,0.1153846153846153,0.0384615384615384,0.1153846153846153,0.0,0.0384615384615384,0.3653846153846153,1.5,99.75,66.77,8.75,0.378,4.51,0.175,1982.0,388.0
GCGtrnUBqOU,True,False,26.0,0,0,972,27,1,16000,397,,0,19.56,30.16,15.9,33.12,1.266,0.063,0.62,0.1785714285714285,15.0,15.0,1.0,1.0,False,0.1066666666666666,0.2666666666666666,0.0666666666666666,0.2,0.0666666666666666,0.0,0.0,0.0,0.0,0.1333333333333333,0.0,0.0,0.5333333333333333,0.0,30.0,14.0,5.67,0.522,2.62,0.189,417.0,83.0
GEQ29IUz13I,True,True,379.0,49,42,153,2,0,674,262,Neutral,3,61.33,7.19,11.21,8.0,1.6,0.2,1.0,0.1,1.0,1.0,1.0,1.0,True,0.8,1.0,0.0,0.0,1.0,0.0,0.0,0.0,0.0,0.0,0.0,0.0,0.0,1.0,10.0,0.0,5.0,0.0,1.8,0.0,63.0,10.0
GEjafPoCahU,True,True,61.0,121,93,7743,25,7,46000,861,Neutral,9,-59.82,53.9,28.68,56.92,1.592,0.154,0.538,0.1729323308270676,23.0,18.0,0.8888888888888888,0.6956521739130435,True,0.2086956521739131,0.3043478260869565,0.1304347826086956,0.0,0.1739130434782608,0.0,0.0,0.0,0.0434782608695652,0.1304347826086956,0.0,0.0,0.5217391304347826,0.0,136.0,0.0,11.0,0.5,6.79,0.11,747.0,133.0
GHyF9JuWE6Q,True,True,3480.0,139,90,283,3,0,674,262,Neutral,4,-5302.84,2071.06,145.2,2126.6,1.467,0.117,0.162,0.0065972867496747,71.0,62.0,0.8870967741935484,0.7746478873239436,True,0.8,1.0,0.056338028169014,0.0422535211267605,0.1549295774647887,0.0,0.0,0.0,0.1971830985915492,0.056338028169014,0.0,0.0,0.4929577464788732,0.529,58.32,102.91,7.53,0.01,5.02,0.129,57493.0,10721.0
GI1xcZpgacQ,True,True,4031.0,18,17,283,1,0,24900,211,Neutral,1,-4775.96,1867.27,152.54,1917.76,1.532,0.143,0.167,0.0060259421918088,59.0,40.0,0.825,0.559322033898305,True,0.8,1.0,0.0338983050847457,0.0,0.3728813559322034,0.0,0.0,0.0169491525423728,0.0,0.0,0.0,0.0,0.576271186440678,0.507,70.45,72.68,8.87,0.012,4.34,0.113,54304.0,9781.0
GJ_g6aDAx9k,True,True,55.0,116,81,14727,68,3,6380,827,Neutral,8,-40.07,50.65,19.29,53.39,1.383,0.062,0.547,0.2325581395348837,30.0,23.0,0.8260869565217391,0.6333333333333333,False,0.1066666666666666,0.2666666666666666,0.1333333333333333,0.0,0.2666666666666666,0.0,0.0333333333333333,0.0,0.0333333333333333,0.1333333333333333,0.0,0.0,0.4,0.0,133.0,0.0,13.0,0.909,5.67,0.128,679.0,129.0
GKKqS0yfCaY,True,True,3214.0,135,103,371,3,0,24900,211,Neutral,2,-8118.3,3152.4,183.6,3235.48,1.489,0.124,0.177,0.0058744339738098,48.0,42.0,0.8571428571428571,0.75,True,0.8,1.0,0.0,0.0,0.0833333333333333,0.0,0.0208333333333333,0.0208333333333333,0.125,0.0416666666666666,0.0,0.0,0.7083333333333334,0.208,40.2,63.18,6.72,0.008,4.21,0.128,44039.0,8137.0
GLGKMbJL0zY,True,True,56.0,20,16,788,6,0,18300,1549,Positive,1,-58.66,54.98,26.68,59.04,1.519,0.126,0.622,0.0962962962962963,13.0,13.0,1.0,1.0,True,0.2153846153846155,0.3076923076923077,0.0,0.0,0.1538461538461538,0.0,0.1538461538461538,0.0769230769230769,0.1538461538461538,0.1538461538461538,0.0,0.0,0.3076923076923077,0.5,68.5,50.2,9.0,0.444,3.99,0.124,738.0,136.0
GLdj-jF2o30,True,True,136.0,71,53,149,2,0,477000,4732,Neutral,4,-245.62,126.02,38.34,130.96,1.557,0.12,0.5,0.1396825396825396,44.0,36.0,0.8888888888888888,0.7272727272727273,False,0.090909090909091,0.25,0.2727272727272727,0.0227272727272727,0.1818181818181818,0.0,0.0,0.0,0.0454545454545454,0.0227272727272727,0.0,0.0,0.4545454545454545,1.0,107.0,74.48,14.67,0.4,4.06,0.103,1788.0,316.0
GM6xoBoJl3I,True,True,200.0,57,44,1649,13,2,1940,404,Neutral,1,61.93,8.58,11.79,10.34,1.521,0.114,0.399,0.0256,16.0,12.0,0.8333333333333334,0.625,True,0.4750000000000001,0.4375,0.1875,0.0,0.1875,0.0,0.0,0.0,0.0,0.0625,0.0,0.0,0.5625,0.026,16.97,10.3,6.05,0.06,2.99,0.134,3545.0,625.0
GM8hdzbqt38,True,True,199.0,83,62,1479,5,0,16500,1455,Neutral,6,-348.72,169.47,36.93,175.88,1.372,0.081,0.503,0.1143497757847533,51.0,47.0,0.9148936170212766,0.8431372549019608,True,0.1647058823529412,0.3137254901960784,0.0196078431372549,0.2352941176470588,0.1176470588235294,0.0,0.0,0.0,0.0392156862745098,0.0392156862745098,0.0,0.0,0.5490196078431373,0.4,45.8,39.9,7.6,0.147,3.87,0.175,2274.0,441.0
GMYhl28dBfk,True,True,60.0,119,84,110874,852,0,1220000,11882,Neutral,7,-95.79,72.33,21.19,74.9,1.37,0.054,0.625,0.2594594594594595,48.0,42.0,0.9047619047619048,0.7916666666666666,True,0.2250000000000001,0.3125,0.0208333333333333,0.0208333333333333,0.1666666666666666,0.0,0.0,0.0,0.0416666666666666,0.0833333333333333,0.0,0.0416666666666666,0.625,1.0,193.0,0.0,10.0,0.889,5.51,0.114,1034.0,185.0
GMkXQdu_QCg,True,True,162.0,25,24,2982,11,0,53500,1701,Neutral,1,-269.52,139.29,34.42,145.43,1.36,0.084,0.458,0.0758426966292134,27.0,22.0,0.8181818181818182,0.6666666666666666,True,0.3555555555555556,0.3703703703703703,0.037037037037037,0.1111111111111111,0.3703703703703703,0.0,0.0,0.0,0.074074074074074,0.1111111111111111,0.0,0.0,0.2962962962962963,0.111,41.56,49.47,7.22,0.161,3.51,0.187,1850.0,354.0
GUcpQMuxskY,True,True,168.0,6,6,2465,55,0,1220000,11882,Neutral,1,-256.93,134.55,31.12,139.93,1.355,0.07,0.453,0.1379310344827586,48.0,42.0,0.9523809523809524,0.8333333333333334,True,0.2416666666666667,0.3125,0.0208333333333333,0.0208333333333333,0.2083333333333333,0.0,0.0,0.0,0.0208333333333333,0.0833333333333333,0.0,0.0416666666666666,0.6041666666666666,0.333,59.67,64.08,8.5,0.318,3.45,0.193,1848.0,344.0
GVMLtd8qlhk,True,True,190.0,49,43,962,7,2,53500,1701,Neutral,3,-289.7,146.33,33.89,151.77,1.394,0.078,0.488,0.1152815013404825,43.0,31.0,0.7096774193548387,0.5116279069767442,False,0.1767441860465117,0.2790697674418604,0.0,0.0465116279069767,0.0697674418604651,0.0,0.0,0.0,0.0,0.1162790697674418,0.0,0.0,0.7674418604651163,0.2,39.0,53.95,5.9,0.147,3.86,0.187,1994.0,376.0
GXyEZXJCoYc,True,True,1387.0,160,105,475,4,0,216000,5950,Neutral,10,55.53,10.93,27.41,13.52,1.527,0.142,0.207,0.0002587991718426,1.0,1.0,1.0,1.0,True,0.8,1.0,0.0,0.0,0.0,0.0,0.0,0.0,0.0,0.0,0.0,0.0,1.0,0.122,21.71,13.16,6.42,0.012,3.36,0.153,22253.0,3854.0
GYW_SJI7ZM8,True,True,346.0,35,32,716508,4962,511,477000,4732,Neutral,2,46.71,10.77,12.04,10.92,1.698,0.129,0.376,0.0627240143369175,35.0,18.0,0.8333333333333334,0.4285714285714285,True,0.32,0.3428571428571428,0.2857142857142857,0.1428571428571428,0.0285714285714285,0.0,0.0,0.3428571428571428,0.0,0.0571428571428571,0.0,0.0,0.1428571428571428,0.057,16.46,6.93,7.0,0.051,3.3,0.04,3535.0,570.0
GYXxJVqAX1k,True,True,235.0,53,40,116,1,0,477000,4732,Neutral,4,61.33,7.19,11.21,8.0,1.6,0.2,1.0,0.1,1.0,1.0,1.0,1.0,True,0.8,1.0,0.0,0.0,1.0,0.0,0.0,0.0,0.0,0.0,0.0,0.0,0.0,1.0,10.0,0.0,5.0,0.0,1.8,0.0,63.0,10.0
G_AS3u-FihA,True,True,141.0,77,51,840,6,0,697000,6101,Neutral,2,-387.61,183.09,44.72,190.18,1.436,0.114,0.448,0.1276595744680851,60.0,51.0,0.8235294117647058,0.7,True,0.32,0.3666666666666666,0.05,0.0833333333333333,0.05,0.0,0.0166666666666666,0.0,0.0,0.0333333333333333,0.0,0.0,0.7666666666666667,0.714,68.71,74.31,8.71,0.226,4.88,0.133,2578.0,469.0
GeMEopvNJUM,True,True,264.0,49,41,2473,40,8,10700,653,Positive,3,-369.88,176.15,41.87,182.06,1.442,0.103,0.491,0.1929824561403508,88.0,74.0,0.8783783783783784,0.7386363636363636,False,0.0454545454545454,0.2159090909090909,0.0681818181818181,0.125,0.2045454545454545,0.0,0.0113636363636363,0.034090909090909,0.1022727272727272,0.0909090909090909,0.0,0.0,0.3636363636363636,0.385,35.92,45.38,6.23,0.11,4.03,0.169,2408.0,457.0
GevbIiKImIs,True,True,59.0,150,103,460,0,0,16600,1353,Neutral,3,-17.14,40.74,19.29,42.38,1.436,0.079,0.614,0.145631067961165,15.0,13.0,0.8461538461538461,0.7333333333333333,False,0.0,0.2,0.0,0.0,0.2,0.0,0.0,0.0,0.0,0.0,0.0,0.0,0.8,3.0,107.0,0.0,9.0,0.833,5.22,0.14,544.0,101.0
GjwguQgnCK0,True,True,3712.0,229,159,378,4,0,24900,211,Neutral,4,-10861.45,4208.25,188.68,4318.61,1.4,0.098,0.129,0.0032063026749725,35.0,26.0,0.7692307692307693,0.5714285714285714,True,0.8,1.0,0.0,0.0,0.1428571428571428,0.0,0.0,0.0,0.0857142857142857,0.0,0.0,0.0,0.7714285714285715,0.127,33.85,46.31,6.64,0.006,3.6,0.168,56977.0,10829.0
Gl1fRdQ4Xg0,True,True,1054.0,45,41,452,8,1,56400,1114,Neutral,3,63.42,8.96,20.43,10.76,1.476,0.098,0.217,0.0007067137809187,2.0,2.0,1.0,1.0,True,0.8,1.0,0.0,0.0,0.5,0.0,0.0,0.0,0.0,0.0,0.0,0.0,0.5,0.131,18.39,11.53,6.01,0.011,3.16,0.138,15782.0,2811.0
GlxsdzjtFcU,True,True,4541.0,91,71,363,10,0,24900,211,Neutral,4,-10995.66,4256.54,225.05,4367.58,1.559,0.138,0.157,0.0072835176692743,81.0,66.0,0.8484848484848485,0.691358024691358,True,0.8,1.0,0.1111111111111111,0.0123456790123456,0.382716049382716,0.0,0.0,0.0246913580246913,0.074074074074074,0.0123456790123456,0.0,0.0,0.382716049382716,0.754,82.46,104.15,8.96,0.012,5.23,0.111,62752.0,11100.0
GmogW5O95-I,True,True,176.0,35,33,560,4,0,477000,4732,Neutral,2,-405.66,181.39,61.95,188.06,1.853,0.236,0.445,0.203023758099352,94.0,65.0,0.7692307692307693,0.5319148936170213,False,0.0765957446808511,0.2234042553191489,0.2234042553191489,0.0,0.2446808510638297,0.0,0.0,0.0425531914893617,0.0212765957446808,0.1702127659574468,0.0,0.0,0.2978723404255319,2.0,233.0,183.85,17.5,0.81,4.85,0.067,2936.0,463.0
GnNi7_OkCUQ,True,True,61.0,40,35,303,9,1,11500,201,Neutral,2,-89.93,64.81,31.69,67.64,1.624,0.159,0.688,0.2371794871794871,37.0,33.0,0.9090909090909092,0.8108108108108109,False,0.118918918918919,0.2702702702702703,0.0,0.1621621621621621,0.2972972972972973,0.0,0.0,0.0,0.027027027027027,0.1351351351351351,0.0,0.0,0.3783783783783784,0.167,28.0,24.71,6.17,0.147,3.04,0.149,937.0,157.0
Gr_VvPglwiw,True,True,125.0,102,75,47095,190,0,1220000,11882,Neutral,5,44.09,13.4,14.33,15.84,1.62,0.152,0.483,0.0242424242424242,8.0,3.0,0.6666666666666666,0.25,True,0.4499999999999999,0.5,0.0,0.0,0.25,0.0,0.0,0.75,0.0,0.0,0.0,0.0,0.0,0.154,25.62,12.01,8.46,0.131,3.14,0.081,1919.0,329.0
GtiPkAuoaTc,True,True,34.0,11,11,543,3,9,12600,950,Neutral,1,-3.2,31.1,22.92,34.29,1.643,0.171,0.743,0.2142857142857142,15.0,13.0,0.9230769230769232,0.8,False,0.1600000000000001,0.2666666666666666,0.0,0.0666666666666666,0.1333333333333333,0.0,0.3333333333333333,0.0,0.0,0.0666666666666666,0.0,0.0,0.4,0.0,71.0,0.0,10.0,0.857,2.8,0.099,399.0,70.0
GuC9g07ibOA,True,True,628.0,29,23,34,0,0,15600,1174,Neutral,2,-1825.4,735.41,81.46,756.01,1.442,0.1,0.279,0.0446663163426169,85.0,43.0,0.7674418604651163,0.388235294117647,True,0.72,0.8,0.2352941176470588,0.0235294117647058,0.188235294117647,0.0,0.0,0.1529411764705882,0.0,0.0470588235294117,0.0,0.0,0.3529411764705882,0.357,46.86,67.17,8.26,0.036,4.23,0.131,10190.0,1901.0
GuccJGtgbaM,True,True,16.0,18,17,29695,1,0,16000,397,Positive,3,39.33,13.98,14.55,14.8,1.68,0.16,0.96,0.36,9.0,9.0,1.0,1.0,True,0.3111111111111111,0.4444444444444444,0.0,0.0,0.2222222222222222,0.0,0.0,0.0,0.1111111111111111,0.3333333333333333,0.0,0.0,0.3333333333333333,0.0,14.0,18.38,4.0,0.25,2.45,0.036,178.0,26.0
GuwgWLB7EfI,True,True,96.0,142,92,208,1,0,113000,553,Neutral,7,-165.07,95.91,33.89,100.33,1.517,0.121,0.55,0.1506276150627615,36.0,28.0,0.8928571428571429,0.6944444444444444,True,0.2666666666666666,0.3333333333333333,0.3888888888888889,0.0,0.1111111111111111,0.0,0.0,0.0277777777777777,0.0555555555555555,0.0,0.0,0.0,0.4166666666666667,0.0,121.5,7.78,14.0,0.548,3.68,0.119,1312.0,240.0
H-AQlFdTbpE,True,True,86.0,24,24,1858,18,6,569000,3032,Neutral,2,-58.11,52.42,28.03,54.8,1.632,0.152,0.584,0.1300813008130081,16.0,10.0,0.7,0.4375,True,0.4000000000000001,0.4375,0.0,0.0,0.3125,0.0,0.0,0.1875,0.0625,0.0,0.0,0.0,0.4375,0.0,62.5,86.97,6.5,0.4,3.43,0.112,764.0,125.0
H-fWQ_z4UWw,True,False,4939.0,0,0,944,1,0,25800,453,,0,61.33,7.19,11.21,8.0,1.6,0.2,1.0,0.1,1.0,1.0,1.0,1.0,True,0.8,1.0,0.0,0.0,1.0,0.0,0.0,0.0,0.0,0.0,0.0,0.0,0.0,1.0,10.0,0.0,5.0,0.0,1.8,0.0,63.0,10.0
H-fZPKSscbY,True,True,197.0,114,86,325,9,1,14700,1456,Neutral,5,47.35,12.11,13.97,14.25,1.622,0.164,0.528,0.0317460317460317,14.0,10.0,0.9,0.6428571428571429,True,0.4000000000000001,0.5,0.3571428571428571,0.0,0.0,0.0,0.0,0.0,0.0,0.0,0.0,0.0,0.6428571428571429,0.1,22.7,9.67,8.0,0.084,3.04,0.128,2646.0,442.0
H3AbJfkCc3E,True,True,141.0,45,37,1837,18,2,952,151,Neutral,3,61.33,7.19,11.21,8.0,1.6,0.2,1.0,0.1,1.0,1.0,1.0,1.0,True,0.8,1.0,0.0,0.0,1.0,0.0,0.0,0.0,0.0,0.0,0.0,0.0,0.0,1.0,10.0,0.0,5.0,0.0,1.8,0.0,63.0,10.0
H5aM9a60eLM,True,True,689.0,395,179,127,3,0,32000,911,Neutral,20,-743.36,319.16,54.54,329.19,1.466,0.1,0.264,0.0562003665241295,92.0,52.0,0.7692307692307693,0.4347826086956521,True,0.682608695652174,0.7065217391304348,0.0978260869565217,0.0108695652173913,0.1847826086956521,0.0,0.0,0.0,0.0543478260869565,0.0434782608695652,0.0,0.0,0.6086956521739131,0.385,64.23,51.92,9.73,0.079,3.66,0.114,8754.0,1634.0
HABnUjObdV0,True,True,140.0,60,51,1267,18,0,16500,578,Neutral,5,-142.35,88.26,29.31,92.22,1.464,0.095,0.581,0.2062780269058296,46.0,42.0,0.9047619047619048,0.8260869565217391,True,0.1652173913043477,0.3260869565217391,0.0,0.0434782608695652,0.1739130434782608,0.0,0.0,0.0,0.0652173913043478,0.0869565217391304,0.0,0.0434782608695652,0.5869565217391305,0.667,38.17,55.5,5.67,0.394,4.42,0.162,1180.0,226.0
HBeaaPlf3RA,True,True,217.0,40,29,1054,7,0,46100,596,Negative,2,-394.35,185.77,36.44,191.82,1.431,0.072,0.412,0.106694560669456,51.0,34.0,0.7058823529411765,0.4705882352941176,False,0.188235294117647,0.2941176470588235,0.0,0.0588235294117647,0.5294117647058824,0.0,0.0196078431372549,0.0,0.0588235294117647,0.0784313725490196,0.0,0.0,0.2549019607843137,0.333,161.67,185.63,10.0,0.588,5.98,0.128,2657.0,475.0
HDzvaqdeqNA,True,True,16.0,5,5,333,1,0,12500,1337,Neutral,1,61.33,7.19,11.21,8.0,1.6,0.2,1.0,0.1,1.0,1.0,1.0,1.0,True,0.8,1.0,0.0,0.0,1.0,0.0,0.0,0.0,0.0,0.0,0.0,0.0,0.0,1.0,10.0,0.0,5.0,0.0,1.8,0.0,63.0,10.0
HFA-BERo0a0,True,True,51.0,153,96,4036,24,2,46000,861,Very Positive,7,-45.21,45.9,29.31,50.32,1.708,0.198,0.632,0.1759259259259259,19.0,15.0,0.8,0.631578947368421,True,0.2526315789473685,0.3157894736842105,0.0,0.0526315789473684,0.1052631578947368,0.0,0.4736842105263157,0.0,0.0526315789473684,0.0,0.0,0.0,0.3157894736842105,0.0,110.0,0.0,18.0,0.875,3.04,0.145,651.0,107.0
HGeInTptfyU,True,True,2075.0,170,121,13007,111,0,45300,2832,Neutral,9,52.82,10.3,33.38,12.68,1.607,0.161,0.238,0.0026565464895635,14.0,13.0,0.9230769230769232,0.8571428571428571,True,0.8,1.0,0.0,0.0,0.0,0.0,0.0,0.3571428571428571,0.0,0.0714285714285714,0.0,0.0,0.5714285714285714,0.336,17.95,7.94,6.28,0.007,2.95,0.098,31748.0,5261.0
HH-bwzLwUwo,True,True,3737.0,126,102,1017,4,0,24900,211,Neutral,4,-9717.46,3765.98,205.02,3864.38,1.531,0.129,0.153,0.0039093825180433,39.0,30.0,0.7666666666666667,0.5897435897435898,True,0.8,1.0,0.0,0.0,0.1282051282051282,0.0,0.0,0.0,0.1282051282051282,0.0,0.0,0.0,0.7435897435897436,0.472,56.88,93.09,8.37,0.009,4.6,0.113,55485.0,9941.0
HHEkAReLt0A,True,True,306.0,30,24,1233,8,0,27400,964,Neutral,2,-581.86,255.65,56.41,264.47,1.536,0.134,0.381,0.1036585365853658,68.0,46.0,0.8260869565217391,0.5588235294117647,True,0.3647058823529412,0.3529411764705882,0.1470588235294117,0.0588235294117647,0.3529411764705882,0.0,0.0,0.1617647058823529,0.0147058823529411,0.0,0.0,0.0,0.2647058823529412,7.0,671.0,0.0,27.0,0.981,5.24,0.13,3835.0,656.0
HJCRWBLEWAM,True,True,304.0,26,23,5877,75,3,22200,1782,Neutral,2,-659.35,284.84,63.32,294.9,1.564,0.154,0.436,0.1152263374485596,84.0,67.0,0.8656716417910447,0.6904761904761905,True,0.4095238095238096,0.3452380952380952,0.0,0.0357142857142857,0.1428571428571428,0.0,0.0714285714285714,0.1428571428571428,0.1071428571428571,0.0238095238095238,0.0,0.0,0.4761904761904761,12.0,738.0,0.0,41.0,0.981,6.74,0.108,4262.0,729.0
HKTeAOiByLw,True,True,121.0,290,193,301205,1272,60,244000,700,Neutral,14,53.53,9.68,12.93,12.22,1.624,0.188,0.528,0.0868055555555555,25.0,15.0,0.6666666666666666,0.4,True,0.3680000000000001,0.4,0.0,0.0,0.16,0.0,0.0,0.32,0.04,0.0,0.0,0.0,0.48,0.105,15.53,7.63,5.68,0.1,3.28,0.051,1742.0,290.0
HLF1xHP1LkE,True,True,123.0,67,57,2123,22,3,13800,709,Neutral,4,-227.25,122.47,35.45,128.26,1.388,0.103,0.436,0.1656050955414012,52.0,47.0,0.9148936170212766,0.8269230769230769,True,0.276923076923077,0.3269230769230769,0.0192307692307692,0.0576923076923076,0.1153846153846153,0.0,0.0,0.0192307692307692,0.0769230769230769,0.1153846153846153,0.0,0.0384615384615384,0.5576923076923077,0.083,26.67,14.88,7.08,0.152,2.69,0.231,1603.0,313.0
HLYe_UsgtVQ,True,True,3521.0,256,165,160,5,1,3640,696,Neutral,7,-7466.96,2901.81,172.4,2978.13,1.504,0.118,0.204,0.0070600772612228,53.0,27.0,0.6666666666666666,0.3396226415094339,True,0.8,1.0,0.2830188679245283,0.0377358490566037,0.0566037735849056,0.0,0.0,0.0188679245283018,0.0,0.0188679245283018,0.0,0.0,0.5849056603773585,0.602,87.11,119.3,9.16,0.018,5.16,0.118,41310.0,7493.0
HPfjbZ1qjF0,True,True,3527.0,131,53,11918,127,0,45300,2832,Neutral,5,-8993.83,3487.42,210.37,3579.15,1.556,0.147,0.15,0.0055865921787709,51.0,43.0,0.9069767441860463,0.7647058823529411,True,0.8,1.0,0.0,0.0588235294117647,0.2156862745098039,0.0,0.0,0.0588235294117647,0.1372549019607843,0.0196078431372549,0.0,0.0,0.5098039215686274,0.793,101.25,161.43,8.84,0.016,5.93,0.127,51335.0,9089.0
HS7-ZbgyLNE,True,True,112.0,51,36,464,3,0,100000,1450,Neutral,2,-243.42,125.47,41.87,130.83,1.543,0.146,0.486,0.109717868338558,35.0,27.0,0.8148148148148148,0.6285714285714286,True,0.1714285714285714,0.3142857142857143,0.0,0.0857142857142857,0.3142857142857143,0.0,0.0,0.1428571428571428,0.1142857142857142,0.0285714285714285,0.0,0.0,0.3142857142857143,0.4,66.8,72.59,9.2,0.292,3.24,0.174,1758.0,317.0
HTGtbOJwpvE,True,True,1082.0,220,142,4194,47,0,1220000,11882,Neutral,10,-3088.62,1220.15,118.1,1254.26,1.473,0.13,0.202,0.025812619502868,81.0,47.0,0.7021276595744681,0.4074074074074074,True,0.8,1.0,0.0,0.0123456790123456,0.2592592592592592,0.0,0.0,0.0987654320987654,0.0617283950617283,0.0123456790123456,0.0,0.0,0.5555555555555556,0.356,54.36,51.64,8.92,0.034,3.65,0.124,16936.0,3132.0
HTOrcXnOvQM,True,True,441.0,53,42,236,0,0,98900,2838,Neutral,3,-793.21,333.82,77.39,344.86,1.683,0.2,0.362,0.0649350649350649,55.0,41.0,0.902439024390244,0.6727272727272727,True,0.5454545454545454,0.4727272727272727,0.0181818181818181,0.0727272727272727,0.3090909090909091,0.0,0.0,0.0727272727272727,0.0545454545454545,0.0181818181818181,0.0,0.0,0.4545454545454545,29.0,858.0,0.0,28.0,0.977,6.01,0.023,5111.0,849.0
HW-rRaTRpNc,True,True,108.0,318,164,352,5,0,135000,2612,Neutral,9,-241.35,124.43,40.59,129.54,1.554,0.138,0.538,0.1356466876971608,43.0,32.0,0.8125,0.6046511627906976,True,0.2604651162790699,0.3488372093023256,0.0,0.1162790697674418,0.0697674418604651,0.0,0.0,0.0232558139534883,0.0930232558139534,0.0465116279069767,0.0,0.0,0.6511627906976745,0.0,53.83,71.13,7.33,0.568,3.2,0.087,1798.0,314.0
HXs-cf8MmxE,True,True,46.0,42,35,558,6,0,5490,571,Neutral,3,61.49,7.79,9.89,8.84,1.568,0.112,0.736,0.0977443609022556,13.0,11.0,0.8181818181818182,0.6923076923076923,True,0.2153846153846155,0.3076923076923077,0.0,0.0769230769230769,0.1538461538461538,0.0,0.0,0.1538461538461538,0.0,0.0,0.0,0.0,0.6153846153846154,0.0,12.27,7.62,4.64,0.121,3.53,0.126,840.0,135.0
HYWmYJNg5Jw,True,True,261.0,30,19,18769061,121597,5067,569000,3032,Neutral,1,50.92,9.98,11.46,10.7,1.659,0.138,0.691,0.0078125,1.0,1.0,1.0,1.0,True,0.8,1.0,0.0,0.0,0.0,0.0,0.0,0.0,0.0,0.0,0.0,0.0,1.0,0.125,16.5,5.37,6.38,0.27,2.79,0.091,930.0,127.0
Hc80DpVlVYY,True,True,131.0,80,74,973,7,0,45400,902,Neutral,5,-262.87,133.4,39.71,137.85,1.521,0.122,0.53,0.1486880466472303,51.0,45.0,0.9555555555555556,0.8431372549019608,True,0.2666666666666666,0.3529411764705882,0.0784313725490196,0.0,0.3529411764705882,0.0,0.0196078431372549,0.0,0.0196078431372549,0.1568627450980392,0.0,0.0588235294117647,0.3137254901960784,1.667,119.0,78.08,15.0,0.453,3.52,0.129,2014.0,344.0
He5CK7WuP5g,True,True,486.0,74,55,163,2,0,674,262,Neutral,3,-1271.94,523.07,73.56,539.06,1.427,0.114,0.308,0.0424107142857142,57.0,40.0,0.75,0.5263157894736842,True,0.6596491228070176,0.6491228070175439,0.2631578947368421,0.0,0.0175438596491228,0.0,0.0,0.0,0.0701754385964912,0.0175438596491228,0.0,0.0,0.631578947368421,0.25,31.43,23.45,6.82,0.044,3.27,0.159,7046.0,1340.0
HfKHpFF48X8,True,True,171.0,47,42,2052,33,0,1220000,11882,Neutral,2,-349.6,164.62,46.26,169.46,1.622,0.138,0.499,0.145933014354067,61.0,52.0,0.9230769230769232,0.7868852459016393,True,0.2032786885245903,0.3114754098360656,0.180327868852459,0.0491803278688524,0.081967213114754,0.0,0.0163934426229508,0.0655737704918032,0.0163934426229508,0.081967213114754,0.0,0.0,0.5081967213114754,3.0,212.5,299.11,13.0,0.476,4.63,0.078,2486.0,419.0
HggDQUjOnDQ,True,True,3551.0,38,32,394,8,0,14600,3587,Neutral,3,-10499.28,4069.55,165.01,4175.81,1.379,0.077,0.141,0.0073737946681792,78.0,69.0,0.8840579710144928,0.782051282051282,True,0.8,1.0,0.0128205128205128,0.1025641025641025,0.0769230769230769,0.0,0.0128205128205128,0.0128205128205128,0.141025641025641,0.1282051282051282,0.0,0.0384615384615384,0.4743589743589743,0.249,34.81,45.96,6.47,0.006,3.7,0.141,55519.0,10526.0
Hjnd67MKhy0,True,True,182.0,53,40,624,4,0,477000,4732,Neutral,4,-365.91,169.38,50.24,175.06,1.695,0.161,0.416,0.1314553990610328,56.0,42.0,0.8095238095238095,0.6071428571428571,True,0.2214285714285715,0.3214285714285714,0.0178571428571428,0.0,0.6607142857142857,0.0,0.0,0.0178571428571428,0.0357142857142857,0.0178571428571428,0.0,0.0,0.25,8.0,429.0,0.0,19.0,0.947,7.79,0.112,2666.0,426.0
HlzfMdkhhUc,True,True,139.0,34,33,1305,33,0,144000,1700,Neutral,2,-39.31,50.29,22.92,53.63,1.386,0.094,0.669,0.1615384615384615,21.0,17.0,0.8823529411764706,0.7142857142857143,True,0.2857142857142858,0.3333333333333333,0.0,0.1904761904761904,0.0,0.0,0.0,0.0,0.1428571428571428,0.0,0.0,0.1904761904761904,0.4761904761904761,0.2,27.4,36.04,6.0,0.357,3.48,0.219,682.0,127.0
Hn5TItBcsLI,True,True,1587.0,39,34,1670,6,0,226000,1254,Neutral,2,66.72,8.23,26.87,10.57,1.45,0.106,0.196,0.002417892403788,12.0,8.0,0.75,0.5,True,0.8,1.0,0.0833333333333333,0.1666666666666666,0.0833333333333333,0.0,0.0,0.4166666666666667,0.0,0.0,0.0,0.0,0.25,0.094,14.84,11.25,5.01,0.005,3.41,0.101,27738.0,4921.0
Hni-1dESzQc,True,True,431.0,16,16,167,2,0,98900,2838,Neutral,1,-854.48,359.75,69.26,371.42,1.567,0.146,0.349,0.0943193997856377,88.0,56.0,0.7857142857142857,0.5,True,0.5136363636363637,0.4318181818181818,0.034090909090909,0.0795454545454545,0.1590909090909091,0.0,0.4090909090909091,0.0227272727272727,0.0227272727272727,0.0568181818181818,0.0,0.0227272727272727,0.1931818181818181,0.8,191.2,177.43,11.6,0.347,5.53,0.135,5552.0,933.0
Hohycb5N2uQ,True,True,129.0,60,54,442,1,0,15400,728,Neutral,3,-254.77,131.77,39.26,137.19,1.449,0.12,0.494,0.0748502994011976,25.0,20.0,0.75,0.6,False,0.064,0.24,0.04,0.04,0.32,0.0,0.08,0.04,0.08,0.08,0.0,0.0,0.32,0.5,173.5,43.13,14.0,0.7,5.07,0.127,1827.0,335.0
HpZWaKoSMsI,True,True,3513.0,65,52,1474,12,1,98900,2838,Neutral,2,-9557.11,3706.1,177.81,3803.03,1.448,0.098,0.144,0.0070781721661288,68.0,62.0,0.935483870967742,0.8529411764705882,True,0.8,1.0,0.0147058823529411,0.0147058823529411,0.1029411764705882,0.0,0.1617647058823529,0.0,0.0294117647058823,0.0441176470588235,0.0,0.0,0.6323529411764706,0.416,57.13,68.54,8.65,0.011,4.29,0.134,51976.0,9580.0
Hpx8xSyeQAY,True,True,601.0,87,67,2233,3,0,17400,646,Neutral,3,-1459.75,597.46,61.11,615.1,1.319,0.067,0.286,0.0281150159744408,44.0,38.0,0.868421052631579,0.75,True,0.7363636363636363,0.8409090909090909,0.1136363636363636,0.0454545454545454,0.1590909090909091,0.0,0.0,0.0681818181818181,0.0681818181818181,0.0227272727272727,0.0,0.0,0.5227272727272727,0.271,33.54,38.24,6.29,0.036,3.47,0.185,7751.0,1553.0
Hq5lLITW1L4,True,True,44.0,43,38,65,1,0,674,262,Neutral,3,-44.93,42.63,31.69,46.66,1.86,0.269,0.72,0.1397849462365591,13.0,13.0,1.0,1.0,True,0.2153846153846155,0.3076923076923077,0.0,0.0,0.1538461538461538,0.0,0.0,0.0,0.0769230769230769,0.0,0.0,0.0,0.7692307692307693,0.0,49.0,49.5,10.0,0.5,2.74,0.092,603.0,93.0
HsCqqnIvlz0,True,True,458.0,19,17,10887,158,21,13900,447,Very Negative,3,74.66,6.0,14.02,8.49,1.41,0.1,0.339,0.0072398190045248,8.0,7.0,0.8571428571428571,0.75,True,0.6500000000000001,0.625,0.0,0.375,0.0,0.0,0.0,0.125,0.0,0.0,0.0,0.0,0.5,0.044,12.51,7.38,5.14,0.018,2.85,0.178,5849.0,1102.0
Hxu-Pc5GStA,True,False,675.0,0,0,2996,10,0,98900,2838,,0,-1969.79,786.6,112.27,809.28,1.649,0.182,0.276,0.0409068506653523,83.0,60.0,0.8166666666666667,0.5903614457831325,True,0.7421686746987952,0.8554216867469879,0.144578313253012,0.0240963855421686,0.1204819277108433,0.0,0.036144578313253,0.0,0.0,0.0481927710843373,0.0,0.0,0.6265060240963856,15.0,679.33,450.61,24.0,0.642,6.92,0.042,11813.0,2027.0
HySh85IZS5E,True,True,148.0,88,59,5720,32,0,1220000,11882,Neutral,4,-319.97,155.77,43.93,162.17,1.5,0.129,0.431,0.1769041769041769,72.0,48.0,0.8333333333333334,0.5555555555555556,True,0.2055555555555555,0.3194444444444444,0.25,0.0138888888888888,0.1527777777777778,0.0,0.0,0.0,0.0277777777777777,0.1666666666666666,0.0,0.0,0.3888888888888889,0.0,207.5,170.41,15.5,0.588,7.48,0.113,2251.0,402.0
Hysa1PU7iLQ,True,False,28.0,0,0,124239,2222,18,16000,397,,0,-20.83,36.54,25.25,38.17,1.707,0.183,0.78,0.3855421686746988,32.0,32.0,1.0,1.0,False,0.1875,0.28125,0.09375,0.25,0.125,0.0,0.0,0.0625,0.0625,0.0625,0.0,0.0,0.34375,0.0,43.0,33.94,7.5,0.375,3.01,0.07,520.0,83.0
I12PMiX5h3E,True,True,14.0,43,35,5092401,7279,0,1220000,11882,Neutral,3,61.33,7.19,11.21,8.0,1.6,0.2,1.0,0.1,1.0,1.0,1.0,1.0,True,0.8,1.0,0.0,0.0,1.0,0.0,0.0,0.0,0.0,0.0,0.0,0.0,0.0,1.0,10.0,0.0,5.0,0.0,1.8,0.0,63.0,10.0
I6ypRSWyeXc,True,True,140.0,71,59,1606118,3049,126,697000,6101,Neutral,4,61.33,7.19,11.21,8.0,1.6,0.2,1.0,0.1,1.0,1.0,1.0,1.0,True,0.8,1.0,0.0,0.0,1.0,0.0,0.0,0.0,0.0,0.0,0.0,0.0,0.0,1.0,10.0,0.0,5.0,0.0,1.8,0.0,63.0,10.0
ID5sB7uCa3A,True,False,163.0,0,0,1338,6,1,14700,1456,,0,-233.84,124.38,33.89,129.18,1.418,0.092,0.481,0.1419753086419753,46.0,39.0,0.8717948717948718,0.7391304347826086,True,0.1913043478260869,0.3478260869565217,0.0434782608695652,0.0652173913043478,0.217391304347826,0.0,0.0,0.0,0.108695652173913,0.0652173913043478,0.0,0.0,0.5,0.75,41.25,35.98,7.75,0.329,3.26,0.203,1692.0,321.0
IE-xepGLVt8,True,True,269.0,20,18,1844194,18346,0,1220000,11882,Neutral,1,-496.7,225.88,41.02,233.3,1.393,0.076,0.482,0.1128205128205128,66.0,61.0,0.9508196721311476,0.8787878787878788,True,0.3272727272727274,0.3333333333333333,0.0,0.1969696969696969,0.1363636363636363,0.0,0.0,0.0303030303030303,0.0303030303030303,0.0303030303030303,0.0,0.0,0.5757575757575758,0.3,61.8,69.46,8.9,0.176,4.02,0.149,3091.0,581.0
IFLM_lpiS70,True,True,3454.0,41,38,442,2,0,1100,430,Neutral,3,-7165.68,2786.01,180.41,2859.97,1.506,0.135,0.159,0.0094235033259423,68.0,58.0,0.896551724137931,0.7647058823529411,True,0.8,1.0,0.0,0.0147058823529411,0.3382352941176471,0.0,0.0,0.0147058823529411,0.1029411764705882,0.1029411764705882,0.0,0.0,0.4264705882352941,0.879,74.05,113.54,8.63,0.016,5.05,0.097,39288.0,7207.0
IJW1nCE7-t0,True,True,83.0,103,80,545,4,0,45300,2832,Neutral,6,47.01,13.59,14.96,16.03,1.557,0.155,0.515,0.0309278350515463,6.0,3.0,0.3333333333333333,0.1666666666666666,True,0.3333333333333335,0.3333333333333333,0.0,0.0,0.3333333333333333,0.0,0.0,0.6666666666666666,0.0,0.0,0.0,0.0,0.0,0.375,24.5,18.89,6.38,0.174,3.09,0.128,1168.0,195.0
INg0mUbL-KM,True,True,6252.0,66,46,103,1,0,14700,1456,Neutral,3,-16701.93,6449.85,265.73,6617.2,1.522,0.128,0.133,0.0047607712449416,80.0,62.0,0.8225806451612904,0.6375,True,0.8,1.0,0.1625,0.025,0.0875,0.0,0.0375,0.0625,0.1125,0.0375,0.0,0.0125,0.4625,0.449,54.58,79.92,7.89,0.006,4.35,0.118,93298.0,16765.0
IOzOnoaWpUc,True,True,131.0,153,108,4661,100,0,1220000,11882,Neutral,8,-300.84,149.38,41.45,155.29,1.454,0.119,0.509,0.1588541666666666,61.0,51.0,0.8235294117647058,0.6885245901639344,False,0.1704918032786886,0.2622950819672131,0.0655737704918032,0.0655737704918032,0.0983606557377049,0.0,0.0163934426229508,0.0327868852459016,0.0655737704918032,0.081967213114754,0.0,0.0491803278688524,0.5245901639344263,1.2,79.4,78.97,9.8,0.371,3.66,0.146,2079.0,384.0
IRAogUCB6Xs,True,True,391.0,49,44,742,10,0,674,262,Neutral,3,61.33,7.19,11.21,8.0,1.6,0.2,1.0,0.1,1.0,1.0,1.0,1.0,True,0.8,1.0,0.0,0.0,1.0,0.0,0.0,0.0,0.0,0.0,0.0,0.0,0.0,1.0,10.0,0.0,5.0,0.0,1.8,0.0,63.0,10.0
IVEWHlxrf5c,True,True,38.0,44,42,2056,7,0,16500,578,Neutral,2,15.94,26.19,18.24,28.33,1.525,0.115,0.77,0.2131147540983606,13.0,13.0,1.0,1.0,True,0.3076923076923077,0.3846153846153846,0.0769230769230769,0.0,0.0769230769230769,0.0,0.0,0.0,0.0769230769230769,0.0,0.0,0.3076923076923077,0.4615384615384615,0.0,61.0,0.0,13.0,0.5,2.9,0.049,340.0,61.0
IZY8JJVtZZI,True,True,675.0,3,3,706,7,1,21200,805,Neutral,1,-1994.06,801.17,83.31,824.27,1.396,0.096,0.254,0.0342333654773384,71.0,56.0,0.875,0.6901408450704225,True,0.7661971830985916,0.9154929577464788,0.028169014084507,0.0140845070422535,0.3661971830985915,0.0,0.0,0.0,0.0140845070422535,0.1408450704225352,0.0,0.0,0.4366197183098591,1.312,132.19,90.15,12.25,0.094,4.9,0.147,11030.0,2072.0
Icfpi6Qaq-4,True,True,114.0,67,54,149,3,0,5390,505,Neutral,3,69.5,7.4,9.96,9.26,1.438,0.093,0.491,0.0736196319018405,24.0,21.0,0.9047619047619048,0.7916666666666666,True,0.3333333333333335,0.375,0.125,0.0416666666666666,0.0,0.0,0.0,0.0833333333333333,0.1666666666666666,0.0416666666666666,0.0,0.0,0.5416666666666666,0.042,13.88,9.56,5.67,0.061,2.64,0.144,1702.0,326.0
IcllEPIKJww,True,True,45.0,54,50,3473,17,0,216000,5950,Neutral,5,17.34,23.26,19.29,25.6,1.64,0.16,0.82,0.2,10.0,10.0,1.0,1.0,True,0.28,0.4,0.0,0.0,0.5,0.0,0.0,0.3,0.0,0.0,0.0,0.0,0.2,0.0,52.0,0.0,12.0,0.8,2.8,0.115,306.0,50.0
Idfgrq18WWY,True,True,39.0,98,72,653,2,0,60900,808,Positive,5,61.33,7.19,11.21,8.0,1.6,0.2,1.0,0.1,1.0,1.0,1.0,1.0,True,0.8,1.0,0.0,0.0,1.0,0.0,0.0,0.0,0.0,0.0,0.0,0.0,0.0,1.0,10.0,0.0,5.0,0.0,1.8,0.0,63.0,10.0
Ig_M3CQMcRM,True,True,595.0,14,14,1240,5,1,16500,1455,Neutral,1,-1650.63,670.04,65.19,689.27,1.356,0.069,0.24,0.0201845444059976,35.0,23.0,0.782608695652174,0.5142857142857142,True,0.7428571428571429,0.8571428571428571,0.0285714285714285,0.0285714285714285,0.3142857142857143,0.0,0.0285714285714285,0.0285714285714285,0.0857142857142857,0.0285714285714285,0.0,0.0,0.4571428571428571,0.071,63.93,69.47,8.36,0.064,3.76,0.132,8977.0,1730.0
IgvyQDh83F8,True,True,370.0,11,11,1877,6,0,98900,2838,Neutral,1,-1029.55,429.39,62.22,442.26,1.453,0.098,0.3,0.0398550724637681,44.0,31.0,0.7741935483870968,0.5454545454545454,True,0.6090909090909091,0.5227272727272727,0.0909090909090909,0.1818181818181818,0.0681818181818181,0.0,0.0,0.1818181818181818,0.0454545454545454,0.0,0.0,0.0,0.4318181818181818,21.0,1128.0,0.0,21.0,0.99,7.31,0.146,5966.0,1101.0
IhspMb22a8Y,True,True,403.0,80,70,19751,164,20,20300,1285,Neutral,6,35.41,21.88,15.02,24.43,1.371,0.079,0.369,0.0616686819830713,51.0,41.0,0.926829268292683,0.7450980392156863,True,0.5725490196078431,0.5294117647058824,0.1176470588235294,0.0196078431372549,0.0980392156862745,0.0,0.0,0.0784313725490196,0.0588235294117647,0.0196078431372549,0.0,0.0,0.6078431372549019,0.474,45.58,43.74,9.47,0.117,3.72,0.147,4308.0,824.0
Iiahn13BpYc,True,True,128.0,40,40,1314,2,1,216000,5950,Neutral,2,56.26,8.72,11.79,11.34,1.62,0.173,0.481,0.0449438202247191,12.0,8.0,0.5,0.3333333333333333,False,0.1666666666666667,0.25,0.0,0.0,0.8333333333333334,0.0,0.0,0.1666666666666666,0.0,0.0,0.0,0.0,0.0,0.1,13.5,6.3,5.35,0.106,2.94,0.107,1642.0,272.0
IkBMQ2QTmfc,True,True,560.0,26,26,5073,58,3,56400,1114,Neutral,2,60.77,8.89,19.65,11.26,1.528,0.135,0.268,0.0085151676423629,16.0,15.0,0.9333333333333332,0.875,True,0.75,0.875,0.0,0.25,0.0,0.0,0.4375,0.0,0.0,0.0,0.0,0.0,0.3125,0.333,16.92,7.86,6.01,0.02,2.87,0.112,11053.0,1876.0
Ikub1olZUTw,True,True,163.0,148,103,998,23,0,1220000,11882,Negative,9,77.59,5.57,8.55,7.43,1.376,0.067,0.505,0.0267639902676399,11.0,11.0,1.0,1.0,True,0.4727272727272726,0.4545454545454545,0.3636363636363636,0.0,0.0909090909090909,0.0,0.0,0.0,0.0,0.0,0.0,0.0,0.5454545454545454,0.031,13.25,8.0,5.0,0.049,2.97,0.116,2271.0,409.0
IlhqEf8EOCg,True,True,640.0,21,20,50496,477,0,13500,719,Neutral,1,-1350.7,553.18,71.44,569.19,1.434,0.101,0.36,0.0608154803040774,88.0,82.0,0.926829268292683,0.8636363636363636,True,0.6363636363636365,0.5909090909090909,0.0227272727272727,0.125,0.2045454545454545,0.0,0.0227272727272727,0.0227272727272727,0.0113636363636363,0.034090909090909,0.0,0.0113636363636363,0.5454545454545454,8.5,733.5,888.83,17.5,0.914,17.03,0.083,7904.0,1444.0
Im2IF0AjmM0,True,True,297.0,31,25,2124,2,2,88900,1346,Neutral,2,-632.97,275.69,54.86,284.57,1.516,0.117,0.361,0.1563380281690141,111.0,54.0,0.7962962962962963,0.3873873873873873,True,0.3747747747747747,0.3693693693693693,0.0,0.036036036036036,0.072072072072072,0.0,0.0,0.036036036036036,0.027027027027027,0.1261261261261261,0.0,0.0,0.7027027027027027,1.75,181.25,119.23,15.25,0.527,7.01,0.126,3890.0,710.0
InILJ1v28_o,True,True,580.0,172,123,7653,34,7,477000,4732,Neutral,7,-1236.87,507.49,73.33,522.02,1.528,0.117,0.276,0.0570776255707762,75.0,39.0,0.7948717948717948,0.4133333333333333,True,0.6613333333333333,0.6533333333333333,0.1733333333333333,0.0133333333333333,0.08,0.0,0.0,0.0266666666666666,0.0,0.0533333333333333,0.0,0.0,0.6533333333333333,7.0,331.0,276.7,21.25,0.333,4.34,0.079,7455.0,1314.0
IocohcK9fNU,True,True,42.0,16,16,4315,10,4,216000,5950,Neutral,1,-28.57,42.58,22.92,44.72,1.559,0.118,0.667,0.087378640776699,9.0,7.0,0.7142857142857143,0.5555555555555556,True,0.4000000000000001,0.4444444444444444,0.1111111111111111,0.0,0.1111111111111111,0.0,0.1111111111111111,0.2222222222222222,0.0,0.0,0.0,0.0,0.4444444444444444,0.0,51.5,34.65,9.0,0.462,3.24,0.087,574.0,102.0
IpT4OGpGLJs,True,True,522.0,84,67,343,2,0,674,262,Neutral,5,-1323.56,542.19,72.63,558.24,1.461,0.107,0.293,0.045,63.0,56.0,0.875,0.7777777777777778,True,0.6476190476190478,0.6190476190476191,0.0793650793650793,0.0,0.1587301587301587,0.0,0.0,0.0317460317460317,0.0634920634920634,0.0317460317460317,0.0,0.0,0.6349206349206349,0.654,55.27,64.15,8.04,0.078,4.38,0.164,7622.0,1397.0
IqRI-xmfaEI,True,True,46.0,84,63,447,5,0,98900,2838,Neutral,4,-27.99,39.27,27.37,41.44,1.708,0.202,0.82,0.1333333333333333,12.0,12.0,1.0,1.0,True,0.2333333333333334,0.3333333333333333,0.0833333333333333,0.0833333333333333,0.1666666666666666,0.0,0.25,0.0,0.0,0.0833333333333333,0.0,0.0,0.3333333333333333,3.0,93.0,0.0,10.0,0.75,3.76,0.097,570.0,91.0
IqtDaTv8g3Q,True,True,77.0,55,47,14077,109,0,170000,3304,Positive,4,61.33,7.19,11.21,8.0,1.6,0.2,1.0,0.1,1.0,1.0,1.0,1.0,True,0.8,1.0,0.0,0.0,1.0,0.0,0.0,0.0,0.0,0.0,0.0,0.0,0.0,1.0,10.0,0.0,5.0,0.0,1.8,0.0,63.0,10.0
IrgOE0B8xIw,True,True,119.0,172,107,2167,15,2,135000,2612,Neutral,4,-61.84,55.67,26.68,59.4,1.544,0.125,0.699,0.28125,36.0,36.0,1.0,1.0,True,0.1999999999999999,0.3333333333333333,0.0277777777777777,0.0555555555555555,0.25,0.0,0.0,0.0833333333333333,0.1111111111111111,0.0833333333333333,0.0,0.0277777777777777,0.3611111111111111,0.286,20.29,41.42,4.43,0.133,3.6,0.099,774.0,137.0
IsQP8BzeCzQ,True,True,103.0,24,22,78,0,0,1220000,11882,Neutral,2,-255.65,134.62,29.31,140.2,1.328,0.061,0.47,0.1637931034482758,57.0,52.0,0.9230769230769232,0.8421052631578947,True,0.3087719298245615,0.4035087719298245,0.0175438596491228,0.0350877192982456,0.1052631578947368,0.0,0.0,0.0,0.0175438596491228,0.0526315789473684,0.0,0.0526315789473684,0.7192982456140351,0.091,32.82,31.72,6.64,0.156,3.17,0.194,1756.0,344.0
ItXLYLMrw4Y,True,True,52.0,16,16,463910,939,320,697000,6101,Neutral,1,-61.76,55.16,28.03,59.27,1.567,0.142,0.634,0.2941176470588235,40.0,30.0,0.7333333333333333,0.55,False,0.07,0.225,0.0,0.25,0.175,0.0,0.05,0.175,0.025,0.0,0.0,0.025,0.3,1.0,136.0,0.0,14.0,0.941,5.12,0.096,774.0,136.0
IyE3lphxhTg,True,True,135.0,126,86,2245,21,0,144000,1700,Neutral,5,61.33,7.19,11.21,8.0,1.6,0.2,1.0,0.1,1.0,1.0,1.0,1.0,True,0.8,1.0,0.0,0.0,1.0,0.0,0.0,0.0,0.0,0.0,0.0,0.0,0.0,1.0,10.0,0.0,5.0,0.0,1.8,0.0,63.0,10.0
Iz2pHV22w78,True,True,148.0,235,159,180,1,0,13500,719,Neutral,12,-246.66,132.63,24.5,138.2,1.257,0.041,0.43,0.1339031339031339,47.0,44.0,0.9318181818181818,0.8723404255319149,False,0.1446808510638297,0.2765957446808511,0.0212765957446808,0.1702127659574468,0.1063829787234042,0.0,0.0,0.0212765957446808,0.0851063829787234,0.0425531914893617,0.0,0.0212765957446808,0.5319148936170213,0.182,16.68,16.66,4.5,0.087,2.87,0.218,1652.0,348.0
IzFlvWDNWK8,True,True,113.0,37,33,5171,47,0,1220000,11882,Neutral,3,-187.06,107.42,30.53,112.37,1.369,0.084,0.54,0.1920289855072463,53.0,48.0,0.8958333333333334,0.8113207547169812,True,0.1886792452830188,0.3396226415094339,0.1132075471698113,0.1509433962264151,0.1132075471698113,0.0,0.0377358490566037,0.0566037735849056,0.0943396226415094,0.0754716981132075,0.0,0.0188679245283018,0.3396226415094339,0.75,71.0,15.81,9.0,0.394,4.28,0.173,1422.0,275.0
J-xE3C7KSpY,True,False,140.0,0,0,1698,6,0,1350,298,,0,-270.89,135.01,42.71,140.17,1.592,0.142,0.488,0.1246290801186943,42.0,34.0,0.8235294117647058,0.6666666666666666,True,0.3619047619047619,0.4285714285714285,0.0,0.0,0.4285714285714285,0.0,0.0238095238095238,0.0,0.0714285714285714,0.0,0.0,0.0,0.4761904761904761,1.5,171.5,241.12,15.0,0.474,4.55,0.128,1984.0,338.0
J0MfQRQTUWU,True,True,58.0,68,57,20616,321,12,697000,6101,Neutral,5,0.29,32.85,22.08,37.17,1.494,0.139,0.797,0.2962962962962963,24.0,22.0,0.9090909090909092,0.8333333333333334,False,0.1166666666666667,0.2916666666666667,0.0,0.0416666666666666,0.3333333333333333,0.0,0.0,0.0416666666666666,0.0416666666666666,0.125,0.0,0.0,0.4166666666666667,0.0,42.0,19.8,7.5,0.444,4.41,0.119,461.0,80.0
J1KR5xxJh1c,True,True,3196.0,126,77,844,12,0,1220000,11882,Neutral,7,68.3,7.04,34.33,9.53,1.478,0.121,0.151,0.0004013377926421,3.0,3.0,1.0,1.0,True,0.8,1.0,0.0,0.0,0.0,0.0,0.0,0.0,0.0,0.0,0.0,0.0,1.0,0.137,13.6,10.5,5.24,0.003,3.04,0.147,42154.0,7444.0
J1j7i2TF7sc,True,True,83.0,49,45,2972,0,0,24400,946,Negative,3,89.98,2.46,6.35,4.11,1.297,0.045,0.632,0.0127388535031847,2.0,2.0,1.0,1.0,True,0.6000000000000001,0.5,0.0,0.0,0.5,0.0,0.0,0.0,0.0,0.5,0.0,0.0,0.0,0.087,7.0,8.57,3.43,0.056,2.53,0.161,831.0,169.0
J2tIgKLkf38,True,True,2879.0,91,72,89,2,0,18200,671,Neutral,3,-8064.28,3131.45,187.45,3214.09,1.498,0.13,0.194,0.0078163165608207,64.0,54.0,0.8703703703703703,0.734375,True,0.8,1.0,0.015625,0.109375,0.0,0.0,0.0,0.0,0.0625,0.15625,0.0,0.015625,0.640625,0.463,52.4,65.81,7.78,0.014,4.17,0.124,44370.0,8155.0
J4XP-uOl67M,True,True,34.0,317,188,640,3,0,11700,1438,Neutral,12,0.43,30.59,21.19,33.14,1.6,0.143,0.643,0.2714285714285714,19.0,17.0,0.8823529411764706,0.7894736842105263,False,0.1894736842105264,0.2631578947368421,0.0,0.0,0.2631578947368421,0.0,0.0,0.1578947368421052,0.0526315789473684,0.0,0.0,0.0,0.5263157894736842,0.667,24.67,26.1,6.33,0.4,3.46,0.122,389.0,70.0
JDNV3vxfPOA,True,True,3949.0,61,48,924,15,0,98900,2838,Neutral,3,-11237.43,4351.62,201.6,4465.38,1.453,0.108,0.136,0.0055081734186211,62.0,38.0,0.7105263157894737,0.4354838709677419,True,0.8,1.0,0.0,0.0,0.1612903225806451,0.0,0.032258064516129,0.0,0.0161290322580645,0.0,0.0,0.0,0.7903225806451613,0.374,53.89,71.96,8.25,0.007,4.4,0.141,60644.0,11218.0
JDjzkIC_y2c,True,True,3705.0,87,66,558,3,0,45300,2832,Neutral,3,-9496.04,3681.19,196.44,3777.48,1.518,0.121,0.181,0.0077784691972619,75.0,61.0,0.8524590163934426,0.6933333333333334,True,0.8,1.0,0.0533333333333333,0.0,0.3066666666666666,0.0,0.0266666666666666,0.0,0.0533333333333333,0.0,0.0,0.0133333333333333,0.5466666666666666,0.451,56.73,86.61,7.59,0.01,5.06,0.126,52966.0,9585.0
JIXkf_i3kG0,True,True,613.0,176,130,117596,1874,72,697000,6101,Neutral,7,-1387.73,570.02,55.8,586.82,1.308,0.058,0.2,0.0392422192151556,58.0,41.0,0.8048780487804879,0.5689655172413793,True,0.6413793103448275,0.603448275862069,0.0,0.1896551724137931,0.2758620689655172,0.0,0.0,0.0344827586206896,0.0344827586206896,0.1034482758620689,0.0,0.0689655172413793,0.293103448275862,0.0,110.93,96.2,12.0,0.158,4.97,0.13,7515.0,1472.0
JNjH39gHIww,True,True,2140.0,20,20,2333,6,0,569000,3032,Neutral,2,-3915.83,1534.52,145.15,1575.49,1.641,0.157,0.257,0.0212503088707684,86.0,75.0,0.9066666666666666,0.7906976744186046,True,0.8,1.0,0.0232558139534883,0.2674418604651162,0.1511627906976744,0.0,0.0116279069767441,0.0348837209302325,0.1860465116279069,0.0348837209302325,0.0,0.0,0.2906976744186046,5.818,371.18,337.32,16.27,0.182,7.79,0.095,24005.0,4049.0
JQuaHLnQgyg,True,True,99.0,41,31,1358,4,0,16500,1455,Neutral,3,61.33,7.19,11.21,8.0,1.6,0.2,1.0,0.1,1.0,1.0,1.0,1.0,True,0.8,1.0,0.0,0.0,1.0,0.0,0.0,0.0,0.0,0.0,0.0,0.0,0.0,1.0,10.0,0.0,5.0,0.0,1.8,0.0,63.0,10.0
JS0-opsKPPw,True,True,232.0,57,49,798,9,0,22200,1782,Positive,3,71.08,6.84,10.72,9.01,1.436,0.102,0.441,0.0227703984819734,12.0,12.0,1.0,1.0,True,0.6333333333333333,0.6666666666666666,0.25,0.0,0.1666666666666666,0.0,0.0,0.0833333333333333,0.0,0.0,0.0,0.0,0.5,0.111,14.92,7.83,5.64,0.047,3.13,0.153,2928.0,526.0
JU-8g2x799s,True,True,243.0,29,25,630,6,0,56400,1114,Neutral,1,-559.64,247.58,49.89,255.22,1.514,0.107,0.429,0.0917721518987341,58.0,40.0,0.8,0.5517241379310345,True,0.3241379310344827,0.3275862068965517,0.0172413793103448,0.0344827586206896,0.2413793103448276,0.0,0.0,0.0,0.0517241379310344,0.0344827586206896,0.0,0.0,0.6206896551724138,0.667,72.33,60.89,10.89,0.165,3.17,0.126,3614.0,633.0
JUx30vdQXeE,True,True,204.0,47,37,4616,30,0,1220000,11882,Neutral,2,-577.23,254.5,49.89,262.82,1.505,0.104,0.393,0.101669195751138,67.0,44.0,0.8181818181818182,0.5373134328358209,True,0.3462686567164179,0.3582089552238806,0.0149253731343283,0.0,0.2985074626865671,0.0,0.0,0.0298507462686567,0.0746268656716417,0.0149253731343283,0.0,0.0,0.5671641791044776,0.286,95.86,130.74,9.0,0.416,5.44,0.118,3652.0,654.0
JW3JyccEXRI,True,True,138.0,34,30,1694,9,2,16600,1353,Neutral,1,-267.03,133.73,44.72,139.13,1.582,0.158,0.573,0.208695652173913,72.0,62.0,0.9032258064516128,0.7777777777777778,False,0.1500000000000001,0.2916666666666667,0.0416666666666666,0.0694444444444444,0.125,0.0,0.0694444444444444,0.0694444444444444,0.0416666666666666,0.0555555555555555,0.0,0.0,0.5277777777777778,1.75,88.5,146.54,11.25,0.247,3.74,0.09,1978.0,345.0
JW4lIySlfPo,True,True,3709.0,26,23,467,6,1,98900,2838,Neutral,1,-10063.71,3901.47,179.02,4003.6,1.413,0.095,0.143,0.0053370231271002,54.0,34.0,0.8529411764705882,0.5370370370370371,True,0.8,1.0,0.0185185185185185,0.0,0.1111111111111111,0.0,0.0,0.0,0.0,0.0185185185185185,0.0,0.0,0.8518518518518519,0.398,48.55,48.41,8.06,0.009,3.79,0.148,53789.0,10071.0
JXFNPGefVWQ,True,True,245.0,90,69,19641,107,0,50000,1839,Neutral,5,-409.47,192.1,46.64,200.0,1.406,0.118,0.42,0.0841683366733467,42.0,38.0,0.9473684210526316,0.8571428571428571,True,0.2761904761904763,0.3571428571428571,0.0238095238095238,0.0476190476190476,0.3333333333333333,0.0,0.0238095238095238,0.0,0.0714285714285714,0.1904761904761904,0.0,0.0,0.3095238095238095,0.5,84.67,49.64,10.17,0.229,3.77,0.167,2608.0,498.0
JY8Dp1pKx1U,True,True,61.0,21,21,66,0,0,50000,1839,Neutral,2,-1.26,39.52,13.02,42.76,1.2,0.029,0.619,0.284313725490196,29.0,24.0,0.7916666666666666,0.6551724137931034,True,0.2068965517241379,0.3448275862068966,0.0,0.0689655172413793,0.0344827586206896,0.0,0.0,0.0,0.0344827586206896,0.1379310344827586,0.0,0.0344827586206896,0.6896551724137931,0.25,27.0,21.51,7.0,0.36,3.29,0.231,501.0,105.0
JZAwgkuh6A4,True,True,668.0,69,58,142,4,0,16500,578,Neutral,3,-1703.86,689.14,78.05,708.82,1.421,0.098,0.277,0.029808773903262,53.0,38.0,0.8421052631578947,0.6037735849056604,True,0.7245283018867925,0.8113207547169812,0.0943396226415094,0.0377358490566037,0.1509433962264151,0.0,0.0,0.1132075471698113,0.0754716981132075,0.0566037735849056,0.0,0.0,0.4716981132075472,0.588,54.0,54.91,8.85,0.062,4.12,0.15,9268.0,1769.0
J_YdKK4dS3U,True,False,919.0,0,0,184,3,1,21200,1769,,0,61.33,7.19,11.21,8.0,1.6,0.2,1.0,0.1,1.0,1.0,1.0,1.0,True,0.8,1.0,0.0,0.0,1.0,0.0,0.0,0.0,0.0,0.0,0.0,0.0,0.0,1.0,10.0,0.0,5.0,0.0,1.8,0.0,63.0,10.0
Ja3qDHvAXnU,True,True,3724.0,186,137,265,3,0,674,262,Neutral,6,53.68,11.95,40.24,15.01,1.512,0.146,0.15,0.0014789533560864,13.0,12.0,0.9166666666666666,0.8461538461538461,True,0.8,1.0,0.1538461538461538,0.1538461538461538,0.0,0.0,0.0,0.1538461538461538,0.0769230769230769,0.0,0.0,0.0,0.4615384615384615,0.268,23.33,19.86,6.47,0.005,3.47,0.101,48297.0,8779.0
JcfKoev76EQ,True,True,57.0,62,52,3528,17,0,952,151,Neutral,3,50.92,9.98,11.46,10.7,1.659,0.138,0.691,0.0,0.0,0.0,0.0,0.0,False,0.0,0.0,0.0,0.0,0.0,0.0,0.0,0.0,0.0,0.0,0.0,0.0,0.0,0.125,16.5,5.37,6.38,0.27,2.79,0.091,930.0,127.0
JeyxWy-Q3z8,True,True,263.0,77,60,8596,83,12,477000,4732,Neutral,4,73.43,6.09,12.16,7.97,1.429,0.101,0.38,0.024,18.0,15.0,0.8666666666666667,0.7222222222222222,True,0.4666666666666668,0.4444444444444444,0.2222222222222222,0.1111111111111111,0.2222222222222222,0.0,0.1111111111111111,0.1111111111111111,0.0555555555555555,0.0,0.0,0.0555555555555555,0.1111111111111111,0.109,12.41,8.0,4.48,0.028,3.11,0.159,4126.0,749.0
JgNVhHRw3tc,True,True,330.0,40,40,90175,322,53,216000,5950,Neutral,2,63.69,7.72,13.66,9.82,1.53,0.138,0.39,0.0201342281879194,15.0,12.0,0.8333333333333334,0.6666666666666666,True,0.5333333333333334,0.5333333333333333,0.0,0.0,0.4,0.0,0.0666666666666666,0.5333333333333333,0.0,0.0,0.0,0.0,0.0,0.364,13.69,6.01,5.16,0.032,2.82,0.104,4372.0,747.0
Jh8nd9AmR6E,True,True,2231.0,97,78,1113,14,4,3210,503,Very Positive,4,-3453.4,1363.69,90.52,1401.18,1.309,0.067,0.212,0.0282485875706214,100.0,64.0,0.890625,0.57,True,0.8,1.0,0.05,0.04,0.06,0.0,0.01,0.01,0.04,0.21,0.0,0.02,0.56,0.194,25.36,33.13,5.26,0.013,3.5,0.187,17362.0,3513.0
JhM_wiko16I,True,False,130.0,0,0,1531,13,1,14700,1456,,0,-255.96,133.43,29.31,138.24,1.391,0.062,0.488,0.2028571428571428,71.0,58.0,0.9482758620689656,0.7746478873239436,False,0.1070422535211268,0.2394366197183098,0.0845070422535211,0.1126760563380281,0.2112676056338028,0.0,0.0,0.0,0.0704225352112676,0.0140845070422535,0.0,0.0,0.5070422535211268,0.875,44.88,47.86,7.75,0.305,3.26,0.148,1823.0,347.0
Ji7TURuEBaE,True,True,390.0,39,33,6947,34,0,1220000,11882,Neutral,1,-903.19,379.47,61.11,390.65,1.519,0.107,0.291,0.0824847250509165,81.0,52.0,0.75,0.4814814814814814,True,0.4987654320987655,0.419753086419753,0.0493827160493827,0.0123456790123456,0.2592592592592592,0.0,0.0123456790123456,0.0,0.0123456790123456,0.1111111111111111,0.0,0.0123456790123456,0.5308641975308642,0.5,168.0,159.78,12.67,0.339,5.1,0.107,5371.0,977.0
JoAceYLK6g8,True,True,367.0,61,51,2435,33,0,1220000,11882,Neutral,4,-862.91,362.92,69.01,374.14,1.571,0.144,0.401,0.0818083961248654,76.0,51.0,0.8431372549019608,0.5657894736842105,True,0.468421052631579,0.3947368421052631,0.1578947368421052,0.0394736842105263,0.3947368421052631,0.0,0.0,0.1578947368421052,0.0131578947368421,0.0131578947368421,0.0,0.0,0.2236842105263158,1.75,235.25,216.14,13.5,0.287,7.24,0.087,5350.0,929.0
JoRdbd-BjmA,True,True,61.0,38,34,846,1,0,50000,1839,Negative,3,61.33,7.19,11.21,8.0,1.6,0.2,1.0,0.1,1.0,1.0,1.0,1.0,True,0.8,1.0,0.0,0.0,1.0,0.0,0.0,0.0,0.0,0.0,0.0,0.0,0.0,1.0,10.0,0.0,5.0,0.0,1.8,0.0,63.0,10.0
JpGgw7nONM0,True,True,157.0,40,36,3290,8,2,477000,4732,Neutral,2,59.18,11.0,10.76,12.38,1.456,0.074,0.364,0.0177514792899408,6.0,3.0,0.6666666666666666,0.3333333333333333,True,0.6000000000000001,0.6666666666666666,0.1666666666666666,0.0,0.1666666666666666,0.0,0.0,0.6666666666666666,0.0,0.0,0.0,0.0,0.0,0.0,24.79,14.33,8.86,0.111,3.48,0.098,1870.0,340.0
JpK-Dm9Nfvs,True,True,3859.0,54,43,1509,26,0,17100,551,Neutral,4,-10072.05,3904.62,184.41,4007.23,1.415,0.101,0.141,0.0035523978685612,36.0,31.0,0.8709677419354839,0.75,True,0.8,1.0,0.0555555555555555,0.0,0.0555555555555555,0.0,0.0,0.0,0.1111111111111111,0.0,0.0,0.0,0.7777777777777778,0.44,44.95,45.94,7.53,0.008,3.98,0.134,53941.0,10096.0
JtHDbQ4vHyM,True,True,3302.0,81,64,4448,33,6,477000,4732,Neutral,4,-8929.02,3465.21,170.46,3556.23,1.426,0.097,0.137,0.0062056737588652,56.0,45.0,0.8666666666666667,0.6964285714285714,True,0.8,1.0,0.0892857142857142,0.0535714285714285,0.2678571428571428,0.0,0.0,0.0,0.0535714285714285,0.0714285714285714,0.0,0.0,0.4642857142857143,0.359,50.79,56.41,7.3,0.009,3.97,0.127,46933.0,8987.0
Jx8mwpje-J4,True,True,114.0,43,36,3875,8,1,1220000,11882,Neutral,2,-185.77,100.78,41.45,105.65,1.665,0.181,0.552,0.132,33.0,28.0,0.9285714285714286,0.7878787878787878,False,0.1696969696969696,0.2727272727272727,0.1515151515151515,0.0606060606060606,0.1212121212121212,0.0,0.0,0.1818181818181818,0.0606060606060606,0.2121212121212121,0.0,0.0,0.2121212121212121,4.0,258.0,0.0,20.0,0.958,5.43,0.081,1497.0,250.0
Jxb8RVrgjQo,True,True,273.0,196,118,1390931,0,0,251000,1949,Neutral,10,-315.77,152.2,47.75,157.41,1.594,0.16,0.385,0.1989528795811518,76.0,53.0,0.7924528301886793,0.5526315789473685,False,0.1368421052631578,0.2631578947368421,0.0,0.0131578947368421,0.2763157894736842,0.0,0.0,0.4473684210526316,0.0394736842105263,0.0263157894736842,0.0,0.0,0.1973684210526315,21.0,386.0,0.0,13.0,0.8,7.76,0.008,2173.0,382.0
JxgcABT3jVM,True,True,3342.0,28,26,656,9,2,98900,2838,Neutral,1,-4402.03,1724.81,129.97,1771.1,1.473,0.112,0.161,0.0086062367273946,77.0,70.0,0.9142857142857144,0.8311688311688312,True,0.8,1.0,0.0259740259740259,0.0,0.2857142857142857,0.0,0.0129870129870129,0.0259740259740259,0.0129870129870129,0.1818181818181818,0.0,0.0,0.4545454545454545,0.465,64.06,78.29,8.59,0.013,4.83,0.135,48998.0,8899.0
Jz2dTdXJeqw,True,True,246.0,40,30,92,1,0,13800,709,Neutral,3,-611.7,268.75,48.11,276.92,1.457,0.091,0.381,0.1291727140783744,89.0,57.0,0.7719298245614035,0.4943820224719101,True,0.3370786516853932,0.3370786516853932,0.0674157303370786,0.0898876404494382,0.3146067415730337,0.0,0.0,0.0,0.1123595505617977,0.0786516853932584,0.0,0.0,0.3370786516853932,1.4,141.2,140.65,12.4,0.251,4.28,0.098,3932.0,688.0
Jze4rxbhAjo,True,False,131.0,0,0,450,7,0,569000,3032,,0,-166.7,93.15,39.26,97.16,1.68,0.175,0.636,0.1238938053097345,28.0,28.0,1.0,1.0,True,0.2428571428571428,0.3214285714285714,0.1071428571428571,0.0,0.25,0.0,0.0,0.0,0.0357142857142857,0.0357142857142857,0.0,0.0,0.5714285714285714,0.5,119.0,147.08,13.0,0.483,3.75,0.105,1393.0,229.0
K-FJBb_kHnU,True,True,1189.0,144,104,206,4,0,17100,551,Neutral,8,-3651.21,1437.24,106.59,1475.97,1.428,0.089,0.222,0.0083109919571045,31.0,21.0,0.8095238095238095,0.5483870967741935,True,0.8,1.0,0.1935483870967742,0.0,0.3870967741935484,0.0,0.0,0.032258064516129,0.1612903225806451,0.032258064516129,0.0,0.0,0.1935483870967742,0.417,45.9,67.76,7.18,0.021,4.58,0.155,20099.0,3700.0
K-eWKuRYTqI,True,True,399.0,84,62,268,0,0,50000,1839,Neutral,4,-706.13,299.81,67.0,308.61,1.709,0.165,0.38,0.0968586387434555,74.0,57.0,0.8771929824561403,0.6756756756756757,True,0.4378378378378378,0.4189189189189189,0.0,0.0,0.4324324324324324,0.0,0.0,0.081081081081081,0.054054054054054,0.0,0.0,0.0,0.4324324324324324,1.25,195.25,63.48,14.0,0.366,5.5,0.093,4885.0,770.0
K5IsxDcxM14,True,True,2067.0,68,55,186299,1761,162,15400,480,Neutral,2,-5394.52,2106.45,136.49,2162.32,1.459,0.101,0.209,0.0130972145360634,71.0,32.0,0.59375,0.2676056338028169,True,0.8,1.0,0.3661971830985915,0.1830985915492957,0.0140845070422535,0.0,0.0,0.1126760563380281,0.0,0.0,0.0,0.0,0.323943661971831,1.078,86.06,95.01,9.3,0.026,5.12,0.108,28932.0,5413.0
K69DQUq-HGo,True,True,62.0,73,59,275,5,0,27400,964,Neutral,3,-19.61,39.59,23.73,42.63,1.537,0.137,0.705,0.2708333333333333,26.0,25.0,0.96,0.9230769230769232,True,0.1692307692307693,0.3461538461538461,0.0,0.0769230769230769,0.0769230769230769,0.0,0.0,0.0,0.0,0.0769230769230769,0.0,0.0,0.7692307692307693,0.5,48.5,60.1,7.5,0.75,4.13,0.186,530.0,96.0
KFerP18ONoA,True,True,1017.0,28,27,566,5,2,569000,3032,Neutral,2,-2769.31,1097.11,105.16,1127.26,1.49,0.114,0.238,0.0216859041622945,62.0,51.0,0.8823529411764706,0.7258064516129032,True,0.8,1.0,0.0,0.0161290322580645,0.1774193548387097,0.0,0.0,0.0,0.0806451612903225,0.2419354838709677,0.0,0.0161290322580645,0.4677419354838709,0.667,80.97,69.64,9.56,0.064,4.28,0.102,15734.0,2856.0
KIvYlZ_HaEA,True,True,3565.0,201,128,178,3,0,674,262,Neutral,9,53.81,11.49,40.17,14.06,1.532,0.141,0.187,0.0013156452143405,12.0,11.0,0.9090909090909092,0.8333333333333334,True,0.8,1.0,0.0,0.0,0.0,0.0,0.0,0.25,0.1666666666666666,0.0,0.0,0.0,0.5833333333333334,0.209,22.68,17.93,6.5,0.005,3.41,0.097,50985.0,9105.0
KKywuYBJN_k,True,True,148.0,108,88,456,5,1,135000,2612,Neutral,4,55.37,12.14,13.24,14.95,1.471,0.118,0.411,0.0248138957816377,10.0,9.0,0.8888888888888888,0.8,True,0.4399999999999999,0.4,0.0,0.0,0.4,0.0,0.0,0.0,0.4,0.0,0.0,0.0,0.2,0.0,21.74,15.14,6.11,0.134,3.39,0.191,2178.0,401.0
KLWMelePHsk,True,True,161.0,30,29,114,0,0,2850,474,Neutral,2,64.56,9.16,10.18,10.89,1.445,0.077,0.434,0.0262582056892779,12.0,7.0,0.7142857142857143,0.4166666666666667,True,0.3333333333333335,0.4166666666666667,0.1666666666666666,0.0,0.5,0.0,0.0,0.0,0.1666666666666666,0.0,0.0,0.0,0.1666666666666666,0.042,19.54,16.25,6.83,0.084,3.32,0.113,2573.0,469.0
KNXNGrgRrjk,True,True,214.0,117,81,12102,120,4,477000,4732,Neutral,5,44.58,12.08,13.97,14.9,1.675,0.178,0.43,0.0215264187866927,11.0,7.0,0.5714285714285714,0.3636363636363636,True,0.4363636363636365,0.3636363636363636,0.0,0.0,0.0909090909090909,0.0,0.0,0.7272727272727273,0.0,0.0,0.0,0.0,0.1818181818181818,0.077,20.12,11.14,7.19,0.077,3.2,0.115,3017.0,512.0
KNfAkgnIcH4,True,True,84.0,266,136,612,1,0,16500,1455,Positive,19,76.89,6.9,9.04,9.14,1.325,0.061,0.472,0.0242914979757085,6.0,5.0,0.8,0.6666666666666666,True,0.5333333333333334,0.5,0.0,0.0,0.1666666666666666,0.0,0.0,0.3333333333333333,0.0,0.0,0.0,0.0,0.5,0.071,17.93,11.05,5.64,0.144,3.42,0.199,1277.0,247.0
KO5rysVqEiA,True,True,95.0,38,32,1876,5,0,16500,1455,Neutral,3,-230.35,122.4,36.93,128.26,1.448,0.113,0.49,0.1741935483870967,54.0,45.0,0.8444444444444444,0.7037037037037037,True,0.288888888888889,0.4259259259259259,0.0925925925925925,0.0925925925925925,0.1296296296296296,0.0,0.0,0.0555555555555555,0.0925925925925925,0.037037037037037,0.0,0.0,0.5,0.222,36.11,36.88,7.11,0.268,3.59,0.166,1636.0,311.0
KOcQZO-f4GU,True,True,216.0,116,86,747,10,1,98900,2838,Neutral,4,-491.56,223.67,45.11,231.27,1.405,0.095,0.415,0.1178509532062391,68.0,60.0,0.9333333333333332,0.8235294117647058,True,0.2941176470588236,0.3235294117647059,0.0588235294117647,0.0441176470588235,0.1764705882352941,0.0,0.0588235294117647,0.0441176470588235,0.0147058823529411,0.1029411764705882,0.0,0.0,0.5,0.154,46.0,44.68,8.46,0.14,3.2,0.154,3037.0,577.0
KPDmx9BwEAs,True,True,104.0,69,53,6227,88,0,45800,539,Neutral,4,-223.17,116.43,39.71,121.1,1.603,0.141,0.479,0.1530612244897959,45.0,24.0,0.7083333333333334,0.3777777777777777,True,0.1511111111111112,0.3111111111111111,0.0666666666666666,0.0888888888888888,0.3111111111111111,0.0,0.0,0.1777777777777777,0.0,0.0444444444444444,0.0,0.0,0.3111111111111111,3.0,297.0,0.0,30.0,0.95,4.91,0.064,1706.0,293.0
KQ54mmxUBXQ,True,True,7183.0,67,47,185,0,0,14700,1456,Neutral,3,-22242.83,8579.86,284.16,8801.77,1.474,0.11,0.109,0.0037223069333572,83.0,58.0,0.8103448275862069,0.5662650602409639,True,0.8,1.0,0.0602409638554216,0.0,0.1686746987951807,0.0,0.0481927710843373,0.0120481927710843,0.0,0.0843373493975903,0.0,0.0,0.6265060240963856,0.484,68.63,86.52,9.04,0.006,4.65,0.125,123499.0,22211.0
KQQpWs5HEEc,True,True,179.0,51,46,1976,6,0,50000,1839,Neutral,3,-505.96,229.16,42.71,236.87,1.407,0.082,0.381,0.0694915254237288,41.0,38.0,0.9210526315789472,0.8536585365853658,True,0.2926829268292683,0.3414634146341463,0.0,0.024390243902439,0.2195121951219512,0.0,0.0,0.0975609756097561,0.0,0.1219512195121951,0.0,0.0,0.5365853658536586,0.8,119.0,114.49,10.4,0.352,5.33,0.128,3101.0,589.0
KWnhR3pzZQg,True,True,6067.0,34,28,149,0,0,14700,1456,Neutral,3,-15999.44,6180.95,255.66,6342.0,1.473,0.123,0.128,0.0021887311612782,35.0,31.0,0.935483870967742,0.8285714285714286,True,0.8,1.0,0.1142857142857142,0.0,0.0571428571428571,0.0,0.0285714285714285,0.0,0.2285714285714285,0.0,0.0,0.0,0.5714285714285714,0.434,51.39,73.95,7.65,0.005,4.29,0.134,86590.0,15929.0
KXWmRTzmkno,True,True,243.0,73,57,2391,3,0,477000,4732,Neutral,4,61.33,7.19,11.21,8.0,1.6,0.2,1.0,0.1,1.0,1.0,1.0,1.0,True,0.8,1.0,0.0,0.0,1.0,0.0,0.0,0.0,0.0,0.0,0.0,0.0,0.0,1.0,10.0,0.0,5.0,0.0,1.8,0.0,63.0,10.0
KY_vd_UwVGc,True,True,61.0,60,52,9670,17,0,55000,668,Neutral,5,75.47,7.59,9.73,10.09,1.318,0.068,0.597,0.1104972375690607,20.0,20.0,1.0,1.0,False,0.1400000000000001,0.25,0.0,0.15,0.1,0.0,0.0,0.0,0.0,0.05,0.0,0.25,0.45,0.0,20.56,7.78,5.89,0.115,3.24,0.162,872.0,177.0
KYlWIGUYqro,True,True,549.0,69,53,976,6,1,3880,230,Neutral,4,-1362.97,559.12,65.71,575.62,1.375,0.084,0.292,0.0472222222222222,68.0,57.0,0.8596491228070176,0.7205882352941176,True,0.6352941176470588,0.5882352941176471,0.0441176470588235,0.0147058823529411,0.1323529411764706,0.0,0.0,0.0735294117647058,0.1029411764705882,0.0441176470588235,0.0,0.0,0.5882352941176471,0.161,26.79,28.37,5.82,0.029,3.5,0.149,7518.0,1434.0
K_bgiqredAI,True,True,186.0,68,59,591,1,0,10700,653,Very Positive,6,-396.83,188.35,33.36,194.63,1.353,0.058,0.494,0.185336048879837,91.0,75.0,0.88,0.7252747252747253,True,0.2461538461538461,0.3516483516483517,0.0109890109890109,0.0109890109890109,0.1868131868131868,0.0,0.0,0.0,0.0439560439560439,0.0439560439560439,0.0,0.0219780219780219,0.6813186813186813,0.1,50.3,49.55,8.7,0.162,3.48,0.103,2567.0,489.0
KbgNpLZ-VIc,True,True,58.0,315,190,838,5,1,74500,586,Neutral,13,55.2,10.03,10.41,10.53,1.576,0.09,0.667,0.0342465753424657,5.0,5.0,1.0,1.0,True,0.48,0.4,0.0,0.0,0.0,0.0,0.0,0.0,0.0,0.2,0.0,0.0,0.8,0.222,16.89,9.18,5.33,0.194,3.35,0.125,845.0,146.0
KcfMNgIn8hU,True,True,1401.0,50,39,2401,39,1,569000,3032,Neutral,1,-3514.41,1383.38,121.32,1421.15,1.491,0.121,0.238,0.0201657458563535,73.0,55.0,0.8181818181818182,0.6164383561643836,True,0.8,1.0,0.1643835616438356,0.0136986301369863,0.1780821917808219,0.0,0.0,0.0136986301369863,0.0136986301369863,0.136986301369863,0.0,0.0136986301369863,0.4657534246575342,0.284,39.16,51.99,6.55,0.023,4.21,0.12,19514.0,3605.0
KdthH0rGjsE,True,True,1920.0,331,184,1494,25,0,1220000,11882,Neutral,15,-5120.84,2000.71,132.01,2053.27,1.487,0.099,0.174,0.0113987635239567,59.0,37.0,0.7567567567567568,0.4745762711864407,True,0.8,1.0,0.0508474576271186,0.0,0.288135593220339,0.0,0.0,0.0508474576271186,0.1186440677966101,0.1525423728813559,0.0,0.0,0.3389830508474576,0.731,78.55,94.35,9.63,0.027,4.79,0.133,28440.0,5170.0
Kdvm8L9U57E,True,True,122.0,14,13,500,3,0,569000,3032,Neutral,2,-290.13,145.64,38.81,151.68,1.435,0.105,0.53,0.1777188328912466,67.0,59.0,0.9152542372881356,0.8059701492537313,False,0.2328358208955223,0.2985074626865671,0.0,0.0298507462686567,0.1044776119402985,0.0,0.0149253731343283,0.044776119402985,0.044776119402985,0.0746268656716417,0.0,0.0,0.6865671641791045,1.0,96.5,57.63,11.25,0.385,3.96,0.101,1977.0,376.0
Ke-PedBEhpk,True,True,318.0,32,29,1945,12,0,22200,1782,Neutral,3,-669.05,288.43,64.12,298.59,1.571,0.156,0.433,0.1100543478260869,81.0,60.0,0.8166666666666667,0.6049382716049383,True,0.4148148148148149,0.345679012345679,0.0,0.037037037037037,0.1481481481481481,0.0,0.074074074074074,0.1481481481481481,0.074074074074074,0.0246913580246913,0.0,0.0,0.4938271604938271,14.0,743.0,0.0,28.0,0.982,14.49,0.11,4301.0,736.0
KfL_n-QvZwI,True,True,340.0,34,28,13608,0,0,60900,808,Neutral,1,-809.79,344.08,62.5,355.09,1.495,0.123,0.458,0.0723163841807909,64.0,59.0,0.9661016949152542,0.890625,True,0.45625,0.390625,0.0,0.0,0.140625,0.0,0.0,0.0,0.015625,0.0,0.0,0.0,0.84375,0.455,82.09,126.75,9.55,0.121,4.84,0.125,4901.0,883.0
KlNi7pml2cY,True,True,3517.0,113,63,719,4,0,1100,430,Neutral,4,-7011.59,2725.76,182.51,2797.66,1.557,0.141,0.207,0.0043508771929824,31.0,24.0,0.8333333333333334,0.6451612903225806,True,0.8,1.0,0.0,0.0,0.1612903225806451,0.0,0.032258064516129,0.0,0.0,0.064516129032258,0.0,0.0,0.7419354838709677,0.44,57.68,87.1,7.61,0.012,4.97,0.11,39678.0,7105.0
KmQ1gKpNkoQ,True,True,2558.0,26,19,5272,32,0,10700,653,Neutral,1,-7835.14,3045.08,150.23,3125.04,1.417,0.085,0.139,0.0097295931261056,77.0,53.0,0.8679245283018868,0.5974025974025974,True,0.8,1.0,0.0,0.0129870129870129,0.3766233766233766,0.0,0.0,0.0129870129870129,0.0259740259740259,0.0,0.0,0.0,0.5714285714285714,0.409,92.4,97.18,10.27,0.021,4.35,0.146,41929.0,7864.0
Kr3YhFavSlk,True,True,3582.0,27,26,1336,8,2,15400,480,Neutral,1,-9575.29,3712.86,173.84,3809.63,1.458,0.094,0.148,0.0041442188147534,40.0,33.0,0.8484848484848485,0.7,True,0.8,1.0,0.05,0.0,0.0,0.0,0.0,0.0,0.1,0.075,0.0,0.0,0.775,0.597,70.68,96.38,8.96,0.012,4.27,0.139,51576.0,9617.0
Kriob0nAuyU,True,True,318.0,53,45,2851845,26567,958,56400,1114,Very Positive,4,50.92,9.98,11.46,10.7,1.659,0.138,0.691,0.0,0.0,0.0,0.0,0.0,False,0.0,0.0,0.0,0.0,0.0,0.0,0.0,0.0,0.0,0.0,0.0,0.0,0.0,0.125,16.5,5.37,6.38,0.27,2.79,0.091,930.0,127.0
KsAf-tMmpyg,True,True,150.0,47,39,125429,245,21,12500,530,Neutral,3,-339.66,163.98,44.32,170.82,1.469,0.125,0.5,0.1888111888111888,81.0,69.0,0.8695652173913043,0.7407407407407407,False,0.108641975308642,0.2592592592592592,0.0123456790123456,0.0864197530864197,0.1358024691358024,0.0,0.0123456790123456,0.0123456790123456,0.0864197530864197,0.0,0.0,0.037037037037037,0.6172839506172839,2.0,219.0,220.62,14.5,0.85,5.28,0.116,2325.0,422.0
KtnenSnI-TA,True,True,77.0,65,62,50,0,0,45400,902,Neutral,4,-120.9,80.8,27.37,84.93,1.426,0.088,0.603,0.1609756097560975,33.0,29.0,0.896551724137931,0.7878787878787878,True,0.2666666666666666,0.3636363636363636,0.0303030303030303,0.303030303030303,0.2121212121212121,0.0,0.0606060606060606,0.0606060606060606,0.0606060606060606,0.0,0.0,0.0,0.2727272727272727,0.0,215.0,0.0,21.0,0.944,3.37,0.163,1136.0,205.0
KvJtFDyf-p4,True,True,918.0,29,26,549,2,0,1220000,11882,Neutral,1,-2111.43,843.37,97.52,866.59,1.536,0.127,0.247,0.0238641578705828,52.0,32.0,0.65625,0.4038461538461538,True,0.7923076923076924,0.9807692307692308,0.0384615384615384,0.0192307692307692,0.3846153846153846,0.0,0.0,0.0769230769230769,0.0961538461538461,0.0,0.0,0.0,0.3846153846153846,0.32,89.2,90.25,10.28,0.057,4.35,0.13,12336.0,2166.0
Kx5LKh8m6FE,True,True,61.0,37,31,161,2,0,12600,950,Neutral,1,-100.15,72.44,27.37,75.88,1.445,0.099,0.577,0.1666666666666666,31.0,27.0,0.8888888888888888,0.7741935483870968,False,0.1548387096774193,0.2580645161290322,0.0,0.0,0.1935483870967742,0.0,0.0,0.0,0.2580645161290322,0.0967741935483871,0.0,0.0,0.4516129032258064,1.0,50.0,44.03,7.0,0.273,3.3,0.1,1098.0,185.0
KyhnIuouFeQ,True,True,288.0,38,30,1025,5,0,47600,2491,Neutral,2,-622.54,272.25,56.11,281.59,1.489,0.124,0.408,0.096590909090909,68.0,52.0,0.8076923076923077,0.6176470588235294,True,0.3647058823529412,0.3529411764705882,0.1029411764705882,0.0735294117647058,0.2941176470588235,0.0,0.0147058823529411,0.0441176470588235,0.0,0.0,0.0,0.0294117647058823,0.4411764705882353,4.5,365.0,379.01,14.5,0.847,6.63,0.13,3921.0,700.0
L-7NqjKqqb8,True,True,258.0,70,45,167,0,0,10700,653,Neutral,3,-618.49,272.18,46.26,281.11,1.417,0.082,0.374,0.0873925501432664,61.0,56.0,0.9107142857142856,0.8360655737704918,True,0.4131147540983606,0.3934426229508196,0.0983606557377049,0.081967213114754,0.1147540983606557,0.0,0.0,0.0491803278688524,0.0491803278688524,0.1475409836065573,0.0,0.0,0.4590163934426229,0.0,31.65,24.87,6.61,0.078,2.93,0.152,3689.0,697.0
L-rg9cjtczE,True,True,202.0,55,42,1728,11,0,32000,911,Neutral,3,42.72,15.58,14.65,17.09,1.54,0.122,0.426,0.0279441117764471,14.0,12.0,0.8333333333333334,0.7142857142857143,True,0.5714285714285714,0.5,0.0714285714285714,0.0,0.1428571428571428,0.0,0.0,0.0,0.0,0.0,0.0,0.0,0.7857142857142857,0.312,31.5,18.34,9.56,0.108,3.21,0.121,2915.0,493.0
L0ES-Z0Tjr0,True,True,1126.0,19,18,1415,16,1,216000,5950,Neutral,2,-2858.57,1129.93,126.58,1161.76,1.561,0.162,0.219,0.0064912880081995,19.0,14.0,0.9285714285714286,0.6842105263157895,True,0.8,1.0,0.0,0.0,0.3157894736842105,0.0,0.0526315789473684,0.0,0.0,0.1052631578947368,0.0,0.0,0.5263157894736842,10.667,989.33,997.12,21.67,0.378,7.47,0.118,16732.0,2926.0
L12Pkx92_jI,True,True,403.0,39,35,554,5,0,13800,709,Neutral,2,-902.12,378.32,69.75,390.02,1.555,0.141,0.377,0.0692864529472595,67.0,49.0,0.8163265306122449,0.5970149253731343,True,0.4597014925373135,0.3880597014925373,0.0149253731343283,0.1194029850746268,0.208955223880597,0.0,0.2835820895522388,0.0597014925373134,0.0597014925373134,0.044776119402985,0.0,0.0149253731343283,0.1940298507462686,3.0,328.0,372.18,12.33,0.343,7.67,0.118,5735.0,970.0
L17XqtwyoxQ,True,True,39.0,68,54,197,10,0,17100,551,Neutral,5,-11.95,34.06,26.68,37.03,1.662,0.221,0.61,0.1428571428571428,11.0,8.0,0.625,0.4545454545454545,True,0.4363636363636365,0.4545454545454545,0.3636363636363636,0.3636363636363636,0.1818181818181818,0.0,0.0,0.0,0.0,0.0,0.0,0.0,0.0909090909090909,0.0,79.0,0.0,13.0,0.8,4.07,0.127,464.0,78.0
L2ygtcDElwY,True,True,196.0,134,89,5993,29,0,145000,1134,Neutral,7,55.04,9.6,11.86,11.77,1.6,0.144,0.497,0.0290697674418604,10.0,9.0,0.8888888888888888,0.8,True,0.24,0.3,0.0,0.1,0.4,0.0,0.0,0.1,0.0,0.0,0.0,0.0,0.4,0.524,16.48,5.43,5.52,0.066,2.87,0.058,2036.0,343.0
L3Bby-OLOvg,True,True,68.0,40,32,2293,17,0,697000,6101,Neutral,3,61.33,7.19,11.21,8.0,1.6,0.2,1.0,0.1,1.0,1.0,1.0,1.0,True,0.8,1.0,0.0,0.0,1.0,0.0,0.0,0.0,0.0,0.0,0.0,0.0,0.0,1.0,10.0,0.0,5.0,0.0,1.8,0.0,63.0,10.0
L3X6TRZb_Fw,True,True,74.0,256,160,10,2,0,21200,1769,Neutral,10,59.72,8.68,10.86,10.23,1.558,0.122,0.613,0.0109890109890109,2.0,2.0,1.0,1.0,True,0.6000000000000001,0.5,0.0,0.0,0.0,0.0,0.0,0.5,0.0,0.0,0.0,0.0,0.5,0.083,15.75,12.31,5.92,0.131,3.61,0.153,1078.0,181.0
L4xV-OqEKpA,True,True,3434.0,61,54,186,3,1,16000,397,Neutral,4,69.79,7.56,35.75,9.96,1.425,0.097,0.13,0.0004878048780487,5.0,5.0,1.0,1.0,True,0.8,1.0,0.0,0.0,0.2,0.0,0.0,0.0,0.2,0.0,0.0,0.0,0.6,0.083,16.24,14.08,5.23,0.003,3.28,0.138,54855.0,10195.0
L6SWwPQCHGo,True,True,100.0,89,60,237,2,0,135000,2612,Neutral,3,41.28,12.07,13.52,14.05,1.736,0.18,0.485,0.0622406639004149,15.0,12.0,0.9166666666666666,0.7333333333333333,False,0.1600000000000001,0.2666666666666666,0.0666666666666666,0.0,0.2666666666666666,0.0,0.0,0.2,0.0,0.0,0.0,0.0,0.4666666666666667,0.077,18.85,7.01,7.54,0.113,3.01,0.078,1539.0,241.0
L7OEN8JqJMc,True,True,67.0,126,92,183295,1123,131,46000,861,Neutral,9,-81.66,63.4,24.5,64.45,1.538,0.09,0.628,0.282051282051282,44.0,37.0,0.8378378378378378,0.7045454545454546,False,0.1545454545454545,0.2727272727272727,0.0,0.1136363636363636,0.3181818181818182,0.0,0.0,0.0681818181818181,0.0,0.2272727272727272,0.0,0.0,0.2727272727272727,2.0,158.0,0.0,13.0,0.875,4.85,0.038,948.0,157.0
L93yQnr7u3c,True,True,346.0,38,31,1201,5,0,12500,530,Neutral,3,-389.35,184.7,40.59,191.7,1.39,0.091,0.363,0.0778008298755186,75.0,60.0,0.8333333333333334,0.6666666666666666,True,0.4693333333333334,0.4133333333333333,0.0,0.2,0.3733333333333333,0.0,0.08,0.0,0.0,0.12,0.0,0.0266666666666666,0.2,0.286,70.71,123.11,7.36,0.114,8.92,0.172,5113.0,951.0
L9urG01PmmA,True,True,66.0,44,40,91,1,0,3260,925,Neutral,4,37.02,13.91,15.38,16.2,1.726,0.197,0.675,0.0254237288135593,3.0,1.0,0.0,0.0,True,0.6666666666666667,0.6666666666666666,0.0,0.0,0.0,0.0,0.0,1.0,0.0,0.0,0.0,0.0,0.0,0.0,24.0,15.48,7.2,0.214,3.69,0.117,779.0,119.0
LAK2p11AE3I,True,True,79.0,252,143,558,2,0,16500,1455,Very Positive,20,84.99,4.43,8.03,6.94,1.294,0.061,0.515,0.0042372881355932,1.0,1.0,1.0,1.0,True,0.8,1.0,0.0,0.0,0.0,0.0,0.0,0.0,0.0,0.0,0.0,0.0,1.0,0.048,11.95,10.42,4.52,0.075,2.99,0.195,1191.0,232.0
LHMeXXTFIuM,True,True,59.0,42,38,292,13,0,17100,551,Neutral,4,-88.54,61.63,35.95,66.28,1.752,0.228,0.641,0.1241379310344827,18.0,17.0,0.9411764705882352,0.8888888888888888,False,0.1999999999999999,0.2777777777777778,0.4444444444444444,0.0,0.0555555555555555,0.0,0.0,0.0,0.0,0.0555555555555555,0.0,0.0,0.4444444444444444,2.0,146.0,0.0,19.0,0.917,3.09,0.103,876.0,145.0
LJjkHywUjfc,True,True,319.0,257,144,3819,11,0,12500,530,Neutral,19,-694.51,303.41,45.11,313.26,1.32,0.069,0.391,0.0978398983481575,77.0,66.0,0.8787878787878788,0.7532467532467533,True,0.4883116883116882,0.4155844155844156,0.0909090909090909,0.0,0.1818181818181818,0.0,0.0129870129870129,0.0129870129870129,0.0259740259740259,0.0779220779220779,0.0,0.0259740259740259,0.5714285714285714,0.258,25.87,27.02,5.71,0.062,3.15,0.192,3958.0,784.0
LKy88G9VD34,True,True,104.0,183,114,1125,11,0,113000,553,Neutral,11,80.09,5.07,8.28,7.09,1.354,0.068,0.568,0.0761421319796954,15.0,15.0,1.0,1.0,True,0.4533333333333333,0.4,0.0666666666666666,0.0,0.0,0.0,0.0,0.0,0.2666666666666666,0.0,0.0,0.0,0.6666666666666666,0.111,11.22,8.34,4.33,0.057,2.7,0.188,1014.0,193.0
LOI4-izIfAE,True,True,226.0,40,38,433,2,1,10700,653,Neutral,2,-454.0,209.24,41.87,216.52,1.404,0.086,0.463,0.0605504587155963,33.0,28.0,0.8928571428571429,0.7575757575757576,True,0.2666666666666666,0.3636363636363636,0.0,0.1212121212121212,0.1212121212121212,0.0,0.0,0.0606060606060606,0.1515151515151515,0.0606060606060606,0.0,0.0,0.4848484848484848,0.538,43.31,36.9,9.46,0.115,3.46,0.174,2910.0,538.0
LQjcIW_p2Oc,True,True,201.0,66,53,998,8,1,3900,286,Neutral,2,-370.76,175.03,47.01,182.08,1.512,0.133,0.402,0.1851015801354401,82.0,50.0,0.8,0.4878048780487805,False,0.1073170731707318,0.2682926829268293,0.048780487804878,0.1097560975609756,0.1829268292682926,0.0,0.0,0.0,0.1463414634146341,0.0609756097560975,0.0,0.024390243902439,0.4268292682926829,0.667,151.67,133.8,13.67,0.582,6.78,0.132,2453.0,443.0
LSlzbi2jOG8,True,True,205.0,41,36,250,1,0,1630,242,Neutral,3,-456.22,210.3,39.71,217.33,1.395,0.076,0.415,0.0972477064220183,53.0,48.0,0.9375,0.8490566037735849,True,0.3018867924528303,0.3584905660377358,0.0377358490566037,0.0,0.1320754716981132,0.0,0.0,0.0,0.0377358490566037,0.1320754716981132,0.0,0.0,0.660377358490566,0.8,112.6,74.7,13.4,0.275,3.93,0.13,2863.0,542.0
LUM8-vDH-kI,True,True,7283.0,61,47,12107,83,0,24900,211,Neutral,4,-16275.07,6285.23,271.87,6448.27,1.552,0.137,0.15,0.0017739172987521,29.0,23.0,0.782608695652174,0.6206896551724138,True,0.8,1.0,0.0344827586206896,0.0,0.1379310344827586,0.0,0.0,0.0,0.0,0.0,0.0,0.0,0.8275862068965517,0.727,70.3,103.29,8.75,0.008,4.86,0.123,91938.0,16305.0
LV5QOgGamZo,True,True,209.0,184,113,57,0,0,36100,2341,Neutral,7,-316.83,145.15,57.02,150.49,1.955,0.252,0.456,0.1945205479452054,71.0,51.0,0.8431372549019608,0.6056338028169014,False,0.1408450704225352,0.2816901408450704,0.1549295774647887,0.0140845070422535,0.4507042253521127,0.0,0.0,0.0,0.0422535211267605,0.2253521126760563,0.0,0.0,0.1126760563380281,1.0,369.0,0.0,23.0,0.962,5.32,0.07,2421.0,367.0
LVD_89gRUpA,True,True,91.0,124,92,304,2,0,46000,861,Neutral,6,-176.35,100.21,35.45,104.86,1.518,0.127,0.518,0.1349206349206349,34.0,22.0,0.8636363636363636,0.5588235294117647,False,0.2235294117647059,0.2941176470588235,0.0,0.0,0.5882352941176471,0.0,0.0,0.1176470588235294,0.0294117647058823,0.0,0.0,0.0,0.2647058823529412,3.0,256.0,0.0,15.0,0.944,6.0,0.113,1429.0,252.0
LW8xpMrucOk,True,True,360.0,34,27,46347,293,39,23900,1354,Neutral,3,-915.49,383.67,69.26,395.63,1.545,0.137,0.386,0.0464177598385469,46.0,33.0,0.8181818181818182,0.5869565217391305,True,0.4434782608695653,0.391304347826087,0.0,0.0,0.3043478260869565,0.0,0.0652173913043478,0.0,0.0869565217391304,0.0,0.0,0.0,0.5434782608695652,7.667,334.33,378.61,14.33,0.8,9.7,0.117,5652.0,991.0
LWGCqj5_-14,True,True,3451.0,44,38,1173,11,0,1400,201,Neutral,3,-8102.55,3144.24,207.51,3227.07,1.591,0.159,0.211,0.0042802983979454,35.0,33.0,0.9393939393939394,0.8857142857142857,True,0.8,1.0,0.0,0.0,0.0571428571428571,0.0,0.0,0.0571428571428571,0.1142857142857142,0.0,0.0,0.0,0.7714285714285715,0.67,72.77,94.98,9.79,0.014,5.1,0.141,46528.0,8146.0
LXBPENzeXvc,True,True,28.0,53,52,214,2,1,1100,430,Neutral,2,21.49,25.42,15.9,27.68,1.459,0.082,0.656,0.1016949152542373,6.0,5.0,0.8,0.6666666666666666,True,0.3333333333333335,0.3333333333333333,0.1666666666666666,0.0,0.0,0.0,0.0,0.5,0.0,0.0,0.0,0.0,0.3333333333333333,0.0,20.33,33.49,5.33,0.286,2.65,0.066,337.0,61.0
LXQiFqHUP1Q,True,True,141.0,115,80,635,4,0,144000,1700,Neutral,5,61.33,7.19,11.21,8.0,1.6,0.2,1.0,0.1,1.0,1.0,1.0,1.0,True,0.8,1.0,0.0,0.0,1.0,0.0,0.0,0.0,0.0,0.0,0.0,0.0,0.0,1.0,10.0,0.0,5.0,0.0,1.8,0.0,63.0,10.0
LZH5EQAfBVY,True,True,3425.0,74,56,282,3,0,45300,2832,Neutral,4,63.48,9.88,36.28,12.21,1.43,0.098,0.13,0.0027495970418128,29.0,24.0,0.9166666666666666,0.7586206896551724,True,0.8,1.0,0.0344827586206896,0.0,0.2068965517241379,0.0,0.0,0.1034482758620689,0.1724137931034483,0.0,0.0,0.0,0.4827586206896552,0.13,21.06,15.92,6.17,0.004,3.27,0.137,57004.0,10491.0
L_OmHZfmP6E,True,True,4374.0,91,64,271,2,0,75200,1684,Neutral,3,-11301.98,4373.79,234.62,4487.7,1.581,0.147,0.144,0.0055166374781085,63.0,47.0,0.8297872340425532,0.6190476190476191,True,0.8,1.0,0.0158730158730158,0.0,0.1428571428571428,0.0,0.0317460317460317,0.0,0.0952380952380952,0.0634920634920634,0.0,0.0,0.6507936507936508,1.556,118.63,127.52,11.53,0.019,4.52,0.111,66177.0,11392.0
L_dCXo8a3Z0,True,True,132.0,29,28,27428,207,6,1940,404,Neutral,2,39.97,19.65,14.07,22.31,1.394,0.076,0.443,0.0687285223367697,20.0,18.0,0.8888888888888888,0.8,True,0.1999999999999999,0.3,0.0,0.05,0.3,0.0,0.0,0.0,0.0,0.05,0.0,0.0,0.6,0.333,49.5,27.03,9.67,0.338,3.73,0.131,1555.0,290.0
LbUCLSRKiS4,True,True,232.0,191,125,49639,344,25,697000,6101,Neutral,13,56.32,9.54,12.52,12.47,1.579,0.157,0.419,0.025,13.0,11.0,0.9090909090909092,0.7692307692307693,True,0.4923076923076923,0.4615384615384615,0.0,0.0,0.4615384615384615,0.0,0.0,0.3076923076923077,0.0,0.0,0.0,0.0,0.2307692307692307,0.29,16.9,9.63,5.48,0.061,3.11,0.065,3074.0,519.0
LcBaW2csTjo,True,True,454.0,56,47,1130,2,0,3530,329,Neutral,2,-1311.55,534.8,83.92,550.31,1.595,0.147,0.332,0.0487982520029133,67.0,43.0,0.7441860465116279,0.4776119402985074,True,0.6089552238805971,0.5223880597014925,0.044776119402985,0.0,0.1343283582089552,0.0,0.0,0.0,0.0,0.0597014925373134,0.0,0.0,0.7611940298507462,9.0,462.67,217.96,18.67,0.415,7.49,0.114,8066.0,1373.0
LcmOfyetmdQ,True,True,860.0,117,84,1209,16,0,1220000,11882,Neutral,6,50.55,11.97,21.67,14.29,1.569,0.143,0.286,0.0103370786516853,23.0,14.0,0.7857142857142857,0.4782608695652174,True,0.8,1.0,0.391304347826087,0.0,0.0,0.0,0.0,0.4347826086956521,0.0,0.0,0.0,0.0,0.1739130434782608,0.204,23.14,16.27,6.73,0.022,3.53,0.113,13037.0,2234.0
LenqxLARhmU,True,True,103.0,30,28,1398,7,0,16500,1455,Neutral,3,-233.97,121.91,40.59,127.5,1.539,0.141,0.51,0.1209150326797385,37.0,28.0,0.8928571428571429,0.6756756756756757,True,0.3027027027027027,0.4324324324324324,0.0,0.027027027027027,0.4864864864864865,0.0,0.0,0.1081081081081081,0.081081081081081,0.027027027027027,0.0,0.0,0.2702702702702703,0.0,103.0,68.99,12.33,0.531,4.23,0.139,1739.0,306.0
LhcB_CNrDAs,True,True,172.0,30,27,626,9,0,5490,571,Neutral,1,52.41,11.29,12.6,13.07,1.567,0.128,0.444,0.0407239819004524,18.0,16.0,0.9375,0.8333333333333334,True,0.3777777777777777,0.4444444444444444,0.1111111111111111,0.2222222222222222,0.0555555555555555,0.0,0.0555555555555555,0.4444444444444444,0.0,0.0,0.0,0.0,0.1111111111111111,0.286,21.24,11.87,6.9,0.065,3.18,0.072,2618.0,442.0
Lk-w_0EHJWM,True,True,63.0,31,27,390,3,0,15600,1174,Neutral,3,-57.56,50.85,27.37,52.98,1.697,0.151,0.655,0.1583333333333333,19.0,17.0,0.9411764705882352,0.8421052631578947,True,0.2105263157894736,0.3157894736842105,0.0,0.0,0.3157894736842105,0.0,0.0,0.0,0.0526315789473684,0.0,0.0,0.0,0.631578947368421,0.0,64.0,89.1,8.0,0.444,3.47,0.109,775.0,122.0
LmZp4qBz7iM,True,True,1644.0,4,4,632,8,0,60900,808,Neutral,1,-4374.78,1712.56,147.76,1759.0,1.559,0.146,0.193,0.017732884399551,79.0,48.0,0.7916666666666666,0.4810126582278481,True,0.8,1.0,0.0379746835443038,0.1139240506329113,0.1392405063291139,0.0,0.4430379746835443,0.0379746835443038,0.0379746835443038,0.0,0.0,0.0,0.189873417721519,7.125,568.25,483.4,16.62,0.261,9.04,0.118,25908.0,4454.0
LoXsufqM_F8,True,True,768.0,64,52,13751,78,6,569000,3032,Neutral,6,-1954.26,786.67,71.2,808.68,1.358,0.07,0.249,0.02297165200391,47.0,39.0,0.9230769230769232,0.7659574468085106,True,0.7829787234042553,0.9574468085106383,0.0425531914893617,0.0,0.0,0.0,0.0,0.0,0.0425531914893617,0.0212765957446808,0.0,0.0638297872340425,0.8297872340425532,0.265,42.88,35.75,8.24,0.04,3.35,0.161,10334.0,2025.0
LojsVeF3Oh8,True,True,214.0,61,53,719,7,0,21200,805,Neutral,3,-411.06,184.87,56.72,190.0,1.785,0.191,0.53,0.2051282051282051,96.0,76.0,0.868421052631579,0.6875,False,0.1625000000000001,0.28125,0.0104166666666666,0.0,0.3020833333333333,0.0,0.03125,0.0625,0.0208333333333333,0.0416666666666666,0.0,0.0,0.53125,2.5,237.0,302.64,12.0,0.857,8.13,0.061,3030.0,470.0
Lp1eghw7_7Q,True,True,431.0,49,41,2262,26,3,22200,1782,Neutral,1,-1257.38,521.28,48.47,537.27,1.243,0.047,0.303,0.056245434623813,77.0,70.0,0.9,0.8181818181818182,True,0.6233766233766234,0.5584415584415584,0.0519480519480519,0.0649350649350649,0.0389610389610389,0.0,0.0129870129870129,0.0,0.0779220779220779,0.0259740259740259,0.0,0.1038961038961039,0.6233766233766234,0.015,21.74,20.31,5.06,0.03,2.9,0.215,6498.0,1354.0
LpiytTB4ZG4,True,True,843.0,63,41,92,0,0,6800,1417,Neutral,5,60.54,8.95,22.02,12.12,1.53,0.149,0.224,0.0053595355069227,12.0,11.0,0.9090909090909092,0.8333333333333334,True,0.8,1.0,0.0,0.0,0.0,0.0,0.25,0.0,0.1666666666666666,0.0,0.0,0.0,0.5833333333333334,0.288,17.14,9.92,6.12,0.014,3.14,0.099,13515.0,2250.0
Lq2taGJseak,True,True,111.0,58,52,206,3,0,135000,2612,Neutral,3,32.29,17.26,16.59,19.27,1.653,0.162,0.497,0.0258899676375404,8.0,8.0,1.0,1.0,True,0.6500000000000001,0.625,0.0,0.0,0.5,0.0,0.0,0.0,0.0,0.0,0.0,0.0,0.5,0.111,34.89,21.75,8.44,0.145,3.42,0.121,1823.0,309.0
LsYFZiJM94E,True,True,993.0,21,19,403,5,1,216000,5950,Neutral,2,56.51,11.18,19.29,13.11,1.497,0.114,0.235,0.0118035882908404,25.0,19.0,0.6842105263157895,0.52,True,0.8,1.0,0.04,0.48,0.04,0.0,0.0,0.4,0.0,0.0,0.0,0.0,0.04,0.283,23.45,12.41,7.21,0.021,3.26,0.116,12048.0,2116.0
LtUx9edYcK0,True,True,3013.0,77,59,8222,90,2,477000,4732,Neutral,4,47.01,11.56,35.71,13.45,1.655,0.156,0.175,0.0017396805313933,11.0,9.0,0.8888888888888888,0.7272727272727273,True,0.8,1.0,0.6363636363636364,0.0,0.0,0.0,0.0,0.1818181818181818,0.0,0.0,0.0,0.0,0.1818181818181818,0.208,19.06,13.23,6.52,0.006,3.28,0.104,37819.0,6346.0
LuYT9cqvlLU,True,True,107.0,91,67,2627,10,0,113000,553,Neutral,6,-170.42,98.64,31.12,102.59,1.484,0.097,0.56,0.1343873517786561,34.0,31.0,0.935483870967742,0.8529411764705882,True,0.2823529411764707,0.3823529411764705,0.088235294117647,0.1176470588235294,0.2352941176470588,0.0,0.0,0.0,0.088235294117647,0.0,0.0,0.0,0.4705882352941176,0.4,53.0,48.25,8.6,0.232,3.53,0.147,1366.0,251.0
LvR1RxAeb5E,True,True,344.0,83,59,88,0,0,13500,719,Neutral,6,55.25,9.01,15.56,11.69,1.625,0.167,0.367,0.0070093457943925,6.0,6.0,1.0,1.0,True,0.8,1.0,0.0,0.0,0.0,0.0,0.1666666666666666,0.0,0.0,0.1666666666666666,0.0,0.0,0.6666666666666666,0.145,14.03,5.47,5.32,0.03,2.73,0.132,5145.0,854.0
LwRaOcBxkpc,True,True,61.0,39,32,176,1,0,6800,1417,Neutral,2,-91.85,67.56,27.37,70.63,1.527,0.108,0.527,0.1011904761904761,17.0,15.0,0.9333333333333332,0.8235294117647058,True,0.2352941176470588,0.3529411764705882,0.0,0.0588235294117647,0.4117647058823529,0.0,0.0,0.0,0.0,0.0588235294117647,0.0,0.0,0.4705882352941176,0.5,86.5,23.33,12.0,0.541,3.13,0.225,960.0,168.0
LwpWRxF4qIs,True,True,3552.0,205,140,300,3,0,24900,211,Neutral,7,50.38,12.68,36.97,15.13,1.538,0.136,0.167,0.0027572377490913,22.0,22.0,1.0,1.0,True,0.8,1.0,0.0454545454545454,0.1363636363636363,0.3636363636363636,0.0,0.0,0.0,0.1363636363636363,0.0,0.0,0.0,0.3181818181818182,0.218,23.16,19.71,6.25,0.007,3.57,0.101,43804.0,7950.0
LxgD4qSV8x8,True,True,211.0,77,62,786,7,0,34900,832,Neutral,5,-452.63,210.29,38.81,217.9,1.328,0.072,0.442,0.088235294117647,48.0,44.0,0.9318181818181818,0.8541666666666666,True,0.3500000000000001,0.375,0.0416666666666666,0.1875,0.1666666666666666,0.0,0.0,0.0,0.125,0.0625,0.0,0.0,0.4166666666666667,0.375,35.06,42.38,6.44,0.124,3.96,0.187,2724.0,543.0
M2xBfIJ91PE,True,True,260.0,65,54,1258,19,1,56400,1114,Neutral,3,-496.8,223.16,53.26,230.99,1.527,0.136,0.431,0.1169284467713787,67.0,44.0,0.8409090909090909,0.5522388059701493,False,0.2507462686567165,0.2835820895522388,0.0597014925373134,0.0149253731343283,0.3134328358208955,0.0,0.0,0.1343283582089552,0.0746268656716417,0.1044776119402985,0.0,0.0,0.2985074626865671,2.5,150.25,166.56,10.5,0.374,6.75,0.143,3320.0,576.0
M35LQVSiSAc,True,True,185.0,82,69,674,19,0,1220000,11882,Positive,3,76.14,5.71,10.2,8.1,1.396,0.091,0.442,0.0173076923076923,9.0,7.0,0.8571428571428571,0.6666666666666666,True,0.4000000000000001,0.4444444444444444,0.0,0.0,0.1111111111111111,0.0,0.0,0.0,0.0,0.0,0.0,0.0,0.8888888888888888,0.024,12.76,8.49,5.19,0.047,2.83,0.149,2851.0,513.0
M3KyTmE1o3w,True,True,359.0,23,21,412,6,0,98900,2838,Neutral,2,-662.35,282.52,66.23,290.02,1.732,0.171,0.414,0.1191135734072022,86.0,59.0,0.847457627118644,0.5813953488372093,True,0.4046511627906977,0.3604651162790697,0.0232558139534883,0.0465116279069767,0.2558139534883721,0.0,0.0116279069767441,0.0232558139534883,0.0232558139534883,0.0930232558139534,0.0,0.0,0.5232558139534884,1.667,243.67,419.45,8.33,0.482,8.62,0.096,4576.0,724.0
M3RcLg9z3yY,True,True,3846.0,131,106,184,0,0,24900,211,Neutral,5,-8397.87,3260.21,179.3,3345.99,1.47,0.114,0.174,0.0064766839378238,55.0,44.0,0.8636363636363636,0.6909090909090909,True,0.8,1.0,0.0,0.0363636363636363,0.1818181818181818,0.0,0.0363636363636363,0.0,0.1636363636363636,0.0363636363636363,0.0,0.0,0.5454545454545454,0.604,77.62,101.44,8.87,0.016,4.31,0.102,45238.0,8454.0
M6UHqLtybjw,True,True,63.0,94,74,2450,21,0,1220000,11882,Negative,5,61.33,7.19,11.21,8.0,1.6,0.2,1.0,0.1,1.0,1.0,1.0,1.0,True,0.8,1.0,0.0,0.0,1.0,0.0,0.0,0.0,0.0,0.0,0.0,0.0,0.0,1.0,10.0,0.0,5.0,0.0,1.8,0.0,63.0,10.0
M7-FQ9W3K90,True,True,348.0,12,12,963,17,4,15600,1174,Neutral,1,81.18,5.41,10.72,8.02,1.317,0.073,0.379,0.0160427807486631,12.0,12.0,1.0,1.0,True,0.7666666666666666,0.9166666666666666,0.0833333333333333,0.0833333333333333,0.0,0.0,0.0,0.0,0.0833333333333333,0.0,0.0,0.0833333333333333,0.6666666666666666,0.161,13.57,8.43,5.09,0.03,3.0,0.158,3858.0,739.0
M8MJONzbuTA,True,True,107.0,37,35,4117,21,0,1220000,11882,Neutral,3,-195.24,107.07,33.89,110.93,1.537,0.108,0.534,0.104089219330855,28.0,22.0,0.9545454545454546,0.75,False,0.1,0.25,0.0,0.0,0.25,0.0,0.0,0.0,0.1071428571428571,0.1071428571428571,0.0,0.0357142857142857,0.5,1.0,276.0,0.0,19.0,0.969,5.18,0.167,1535.0,269.0
M8vbbBJOMN0,True,True,243.0,23,22,77515,310,18,13500,857,Neutral,2,35.61,8.79,3.13,0.8,2.0,0.0,1.0,2.0,4.0,4.0,1.0,1.0,True,0.5,0.5,0.0,0.0,0.0,0.0,0.0,0.0,0.0,0.0,0.0,0.0,1.0,0.0,2.0,0.0,2.0,0.0,1.33,0.0,14.0,2.0
MBKPrbzDPHQ,True,True,1060.0,43,34,2126,17,0,98900,2838,Neutral,2,-2907.97,1149.99,117.67,1181.64,1.509,0.137,0.227,0.0151362260343087,45.0,36.0,0.8611111111111112,0.6888888888888889,True,0.8,1.0,0.0444444444444444,0.0,0.2,0.0,0.0,0.0444444444444444,0.2222222222222222,0.0222222222222222,0.0,0.0444444444444444,0.4222222222222222,8.75,375.62,385.3,14.38,0.266,11.36,0.11,16694.0,2972.0
MCYI-CNecy4,True,True,176.0,35,26,568,10,0,4340,290,Negative,3,61.33,7.19,11.21,8.0,1.6,0.2,1.0,0.1,1.0,1.0,1.0,1.0,True,0.8,1.0,0.0,0.0,1.0,0.0,0.0,0.0,0.0,0.0,0.0,0.0,0.0,1.0,10.0,0.0,5.0,0.0,1.8,0.0,63.0,10.0
MFy3IcBckKs,True,True,234.0,104,75,303,2,0,16600,1353,Neutral,5,71.26,7.08,11.34,9.19,1.421,0.095,0.392,0.0315315315315315,21.0,16.0,0.8125,0.6190476190476191,True,0.6476190476190478,0.7142857142857143,0.0476190476190476,0.4285714285714285,0.1428571428571428,0.0,0.0,0.238095238095238,0.0476190476190476,0.0,0.0,0.0,0.0952380952380952,0.149,14.28,11.47,5.19,0.034,3.24,0.149,3548.0,670.0
MNg3rM5HWoY,True,True,30.0,52,47,572,4,1,674,262,Positive,4,12.59,24.92,21.19,27.53,1.648,0.185,0.833,0.25,14.0,14.0,1.0,1.0,True,0.3714285714285714,0.4285714285714285,0.0714285714285714,0.0,0.0714285714285714,0.0,0.0,0.0714285714285714,0.2857142857142857,0.2142857142857142,0.0,0.0,0.2857142857142857,0.0,21.0,20.22,8.0,0.25,3.31,0.095,345.0,56.0
MOdmXje8BIc,True,True,264.0,11,11,1924,11,1,98900,2838,Neutral,1,-774.93,331.76,59.39,342.91,1.443,0.115,0.371,0.0834312573443008,71.0,63.0,0.9047619047619048,0.8028169014084507,True,0.4281690140845071,0.3661971830985915,0.0140845070422535,0.0,0.2676056338028169,0.0,0.0704225352112676,0.0,0.0422535211267605,0.0,0.0,0.056338028169014,0.5492957746478874,1.143,124.71,98.93,12.43,0.319,4.24,0.183,4580.0,849.0
MX6prLdUAZo,True,True,232.0,204,135,1574,12,2,121000,1041,Neutral,8,-265.48,139.22,28.03,144.88,1.288,0.053,0.472,0.1565934065934066,57.0,48.0,0.8958333333333334,0.7543859649122807,True,0.1894736842105264,0.3333333333333333,0.1052631578947368,0.0175438596491228,0.1929824561403508,0.0,0.0,0.0175438596491228,0.0526315789473684,0.1228070175438596,0.0,0.0,0.4912280701754385,0.231,29.46,38.39,5.77,0.11,4.08,0.219,1779.0,360.0
MYoqyu4Aq1k,True,True,209.0,21,20,345,4,0,56400,1114,Neutral,1,-445.98,205.39,39.26,211.8,1.442,0.076,0.428,0.1316793893129771,69.0,53.0,0.8867924528301887,0.6811594202898551,True,0.1913043478260869,0.3043478260869565,0.072463768115942,0.217391304347826,0.2463768115942029,0.0,0.0,0.0869565217391304,0.1159420289855072,0.0579710144927536,0.0,0.0,0.2028985507246377,0.1,53.8,50.64,8.1,0.195,3.81,0.165,2773.0,527.0
McEpJ7Dm1Rw,True,True,215.0,40,40,1233,6,0,216000,5950,Neutral,2,40.35,12.12,14.99,15.83,1.751,0.238,0.436,0.0,0.0,0.0,0.0,0.0,False,0.0,0.0,0.0,0.0,0.0,0.0,0.0,0.0,0.0,0.0,0.0,0.0,0.0,0.143,16.96,8.03,6.14,0.063,2.78,0.141,3056.0,474.0
MdCJ7L1Hfmo,True,False,4700.0,0,0,392,2,0,569000,3032,,0,-12354.53,4780.21,234.62,4905.6,1.484,0.134,0.15,0.0082784118308953,103.0,92.0,0.9130434782608696,0.8155339805825242,True,0.8,1.0,0.1067961165048543,0.233009708737864,0.0776699029126213,0.0,0.087378640776699,0.0,0.0,0.0485436893203883,0.0,0.0,0.4466019417475728,0.354,48.69,52.73,7.52,0.008,4.1,0.135,67482.0,12373.0
MdCkEOEsWkY,True,True,200.0,52,42,5314,32,0,88900,1346,Neutral,3,-416.09,194.76,37.88,201.46,1.4,0.074,0.457,0.0721442885771543,36.0,31.0,0.935483870967742,0.8055555555555556,True,0.3111111111111111,0.3888888888888889,0.0,0.0277777777777777,0.1944444444444444,0.0,0.0,0.0,0.1111111111111111,0.0277777777777777,0.0,0.0277777777777777,0.6111111111111112,1.0,103.6,90.4,12.8,0.244,3.96,0.172,2759.0,499.0
MeNyXo8EqPA,True,True,2214.0,5,5,494,0,0,13600,1174,Neutral,1,61.33,7.19,11.21,8.0,1.6,0.2,1.0,0.1,1.0,1.0,1.0,1.0,True,0.8,1.0,0.0,0.0,1.0,0.0,0.0,0.0,0.0,0.0,0.0,0.0,0.0,1.0,10.0,0.0,5.0,0.0,1.8,0.0,63.0,10.0
MeSYFx7ends,True,True,142.0,85,73,760,6,0,45400,902,Neutral,5,-255.27,130.85,41.87,137.21,1.503,0.139,0.539,0.18562874251497,62.0,49.0,0.8979591836734694,0.7096774193548387,False,0.1612903225806452,0.2903225806451613,0.0,0.2580645161290322,0.2741935483870967,0.0,0.0806451612903225,0.0483870967741935,0.064516129032258,0.032258064516129,0.0,0.0,0.2419354838709677,2.0,172.0,239.0,9.5,0.926,4.4,0.113,1927.0,336.0
Meb8L-r4opY,True,True,145.0,77,60,460,5,0,5490,571,Neutral,6,67.9,6.68,10.05,7.89,1.503,0.111,0.386,0.0,0.0,0.0,0.0,0.0,False,0.0,0.0,0.0,0.0,0.0,0.0,0.0,0.0,0.0,0.0,0.0,0.0,0.0,0.118,12.32,6.13,5.26,0.052,3.04,0.141,2377.0,399.0
MeiTjOOP-gA,True,True,618.0,73,57,3018,34,4,21200,805,Neutral,6,-1193.45,491.0,76.51,505.54,1.519,0.132,0.336,0.0503485670023237,65.0,58.0,0.8793103448275862,0.7846153846153846,True,0.6707692307692308,0.676923076923077,0.0461538461538461,0.0153846153846153,0.1846153846153846,0.0,0.0,0.0,0.1384615384615384,0.0923076923076923,0.0,0.0,0.5230769230769231,0.174,56.7,57.4,8.39,0.083,4.94,0.127,7042.0,1283.0
MhXkknPC_vc,True,True,1669.0,50,41,56643,325,27,25800,453,Neutral,2,-4731.04,1850.69,132.01,1899.92,1.499,0.107,0.197,0.0136011717932621,65.0,43.0,0.8372093023255814,0.5538461538461539,True,0.8,1.0,0.0153846153846153,0.0307692307692307,0.5384615384615384,0.0,0.0,0.0153846153846153,0.0,0.0461538461538461,0.0,0.0,0.3538461538461538,1.156,152.94,215.48,10.0,0.065,4.88,0.14,27644.0,4762.0
Mk9bCyhLx5w,True,True,52.0,25,24,9129,63,6,477000,4732,Neutral,3,46.18,10.64,12.34,12.39,1.714,0.169,0.714,0.1298701298701298,10.0,6.0,0.5,0.3,True,0.1600000000000001,0.3,0.0,0.0,0.1,0.0,0.2,0.6,0.0,0.0,0.0,0.0,0.1,0.4,15.8,4.21,6.8,0.19,2.96,0.063,494.0,77.0
MkKp-y5BJUQ,True,False,249.0,0,0,3572,7,0,98900,2838,,0,-545.26,239.61,58.22,247.09,1.631,0.154,0.474,0.1225490196078431,75.0,59.0,0.9152542372881356,0.72,True,0.3306666666666666,0.3333333333333333,0.0533333333333333,0.2533333333333333,0.1733333333333333,0.0,0.0,0.12,0.0266666666666666,0.0266666666666666,0.0,0.0,0.3466666666666667,4.0,313.0,438.41,15.0,0.962,8.95,0.081,3668.0,611.0
MlqpG3kNSL8,True,True,2031.0,62,49,462,3,0,14600,3587,Neutral,3,76.31,6.1,25.74,8.49,1.374,0.084,0.188,0.00141193081539,8.0,8.0,1.0,1.0,True,0.8,1.0,0.0,0.0,0.125,0.0,0.0,0.0,0.0,0.0,0.0,0.0,0.875,0.058,12.05,13.04,4.48,0.004,3.16,0.162,30660.0,5807.0
MmOc_I2Jyvk,True,True,179.0,116,94,26355,110,5,12500,530,Neutral,9,-328.08,160.13,40.15,166.63,1.44,0.103,0.462,0.1589242053789731,65.0,45.0,0.7333333333333333,0.5076923076923077,False,0.1476923076923078,0.2769230769230769,0.0153846153846153,0.2,0.123076923076923,0.0,0.1384615384615384,0.0,0.0153846153846153,0.0153846153846153,0.0,0.0,0.4923076923076923,1.0,139.0,194.43,11.67,0.862,7.03,0.115,2298.0,409.0
Mntqfw1i-uY,True,True,134.0,73,56,17695,134,0,46900,1152,Neutral,5,-207.48,111.01,34.42,114.41,1.574,0.108,0.578,0.1590106007067137,45.0,37.0,0.8378378378378378,0.6888888888888889,False,0.2044444444444444,0.2888888888888888,0.1333333333333333,0.0444444444444444,0.1777777777777777,0.0,0.0444444444444444,0.1333333333333333,0.0,0.0444444444444444,0.0,0.0,0.4222222222222222,1.667,95.67,62.74,9.67,0.56,4.52,0.105,1597.0,284.0
MqObiZJFosc,True,True,197.0,115,89,122,4,1,15400,480,Neutral,6,-571.73,251.25,55.17,259.01,1.56,0.13,0.391,0.1619937694704049,104.0,66.0,0.7727272727272727,0.4903846153846153,True,0.3961538461538463,0.3846153846153846,0.1538461538461538,0.0192307692307692,0.1346153846153846,0.0,0.0096153846153846,0.2019230769230769,0.0288461538461538,0.0192307692307692,0.0,0.0,0.4326923076923077,3.25,163.0,198.23,11.75,0.438,6.06,0.071,3599.0,640.0
MqzkuanJjRw,True,True,361.0,167,109,18691,106,3,145000,1134,Neutral,8,56.38,9.64,12.8,11.03,1.574,0.129,0.404,0.0102790014684287,7.0,5.0,0.6,0.4285714285714285,True,0.6285714285714286,0.7142857142857143,0.0,0.1428571428571428,0.2857142857142857,0.0,0.0,0.2857142857142857,0.0,0.0,0.0,0.0,0.2857142857142857,0.615,17.95,7.1,5.9,0.044,3.43,0.057,4041.0,664.0
Msd2axIsOwo,True,True,121.0,66,53,1666,12,3,697000,6101,Neutral,2,-286.63,141.68,44.72,147.46,1.562,0.149,0.522,0.1532033426183844,55.0,48.0,0.875,0.7636363636363637,False,0.0654545454545454,0.2545454545454545,0.0363636363636363,0.0727272727272727,0.2909090909090909,0.0,0.0181818181818181,0.0,0.1636363636363636,0.0727272727272727,0.0,0.0,0.3454545454545454,1.5,90.0,92.52,7.5,0.34,4.76,0.15,1923.0,358.0
Mu72saPZV6U,True,True,1109.0,42,36,402,0,0,27100,1786,Neutral,1,-2537.11,1008.33,103.06,1036.43,1.468,0.119,0.238,0.033487297921478,87.0,61.0,0.8852459016393442,0.6206896551724138,True,0.8,1.0,0.1264367816091954,0.0804597701149425,0.0459770114942528,0.0,0.0,0.0,0.0689655172413793,0.2413793103448276,0.0,0.0,0.4367816091954023,0.356,58.47,54.2,10.16,0.044,3.62,0.14,14002.0,2595.0
Mx6V-iaAB38,True,True,1045.0,4,4,1374,8,0,60900,808,Neutral,1,-2788.12,1105.69,98.21,1136.29,1.424,0.098,0.224,0.0149409312022237,43.0,39.0,0.9230769230769232,0.8372093023255814,True,0.8,1.0,0.0,0.1395348837209302,0.1162790697674418,0.0,0.0,0.0,0.0232558139534883,0.0465116279069767,0.0,0.0,0.6744186046511628,0.929,105.75,99.48,9.86,0.065,4.45,0.166,15507.0,2866.0
N-eKjFN-Clg,True,True,137.0,65,55,837,3,0,1220000,11882,Negative,5,-286.04,143.58,34.42,148.68,1.459,0.082,0.519,0.1622340425531915,61.0,53.0,0.9245283018867924,0.8032786885245902,False,0.1704918032786886,0.2786885245901639,0.1147540983606557,0.0491803278688524,0.2131147540983606,0.0,0.0163934426229508,0.0327868852459016,0.0327868852459016,0.1475409836065573,0.0,0.0163934426229508,0.3770491803278688,0.5,191.5,183.14,13.5,0.485,5.47,0.089,2062.0,373.0
N1swXNqhP8A,True,True,102.0,44,40,1039,11,1,34900,832,Neutral,3,-169.75,99.04,32.81,102.88,1.452,0.108,0.488,0.1209677419354838,30.0,25.0,0.88,0.7333333333333333,True,0.28,0.3666666666666666,0.0,0.0666666666666666,0.3666666666666666,0.0,0.0,0.0333333333333333,0.0,0.0666666666666666,0.0,0.0333333333333333,0.4333333333333333,0.4,50.6,61.0,8.4,0.358,4.44,0.178,1349.0,250.0
N7kj0sfe6og,True,True,164.0,174,106,957,5,0,1220000,11882,Neutral,8,-397.47,185.46,44.32,192.0,1.504,0.111,0.406,0.1864406779661017,88.0,56.0,0.8035714285714286,0.5113636363636364,False,0.1090909090909091,0.25,0.0113636363636363,0.0113636363636363,0.2613636363636363,0.0,0.0,0.0,0.0568181818181818,0.0227272727272727,0.0,0.0,0.6363636363636364,1.333,159.67,247.11,13.67,0.33,4.18,0.14,2551.0,472.0
N9FEXFBbPtU,True,True,88.0,232,142,646,5,0,60900,808,Neutral,12,-123.03,80.35,31.69,84.58,1.488,0.124,0.607,0.099009900990099,20.0,20.0,1.0,1.0,False,0.1400000000000001,0.25,0.0,0.2,0.05,0.0,0.0,0.0,0.05,0.05,0.0,0.0,0.65,0.667,68.33,52.0,10.33,0.342,4.14,0.185,1108.0,201.0
NGfWLmppEsQ,True,True,112.0,81,62,16365,128,0,1220000,11882,Neutral,5,-137.15,82.82,34.94,86.72,1.631,0.153,0.581,0.1804878048780487,37.0,32.0,0.875,0.7567567567567568,False,0.2054054054054055,0.2972972972972973,0.1891891891891892,0.3513513513513513,0.1621621621621621,0.0,0.0,0.054054054054054,0.0,0.081081081081081,0.0,0.0,0.1621621621621621,1.0,207.0,0.0,20.0,0.95,6.07,0.092,1183.0,205.0
NGr8q36Cmj8,True,True,3489.0,19,18,290,2,0,45300,2832,Neutral,1,-9896.4,3836.65,181.78,3937.03,1.439,0.099,0.138,0.0050791753809381,51.0,46.0,0.9130434782608696,0.8235294117647058,True,0.8,1.0,0.0588235294117647,0.0196078431372549,0.3529411764705882,0.0,0.0,0.0196078431372549,0.1176470588235294,0.0,0.0,0.0,0.4313725490196078,0.354,56.85,72.03,8.42,0.009,4.47,0.14,54145.0,9979.0
NHpvynUquvc,True,True,327.0,43,38,3495,50,4,13900,447,Neutral,2,84.26,3.96,9.81,6.1,1.33,0.061,0.396,0.0294550810014727,20.0,18.0,0.9444444444444444,0.85,True,0.54,0.55,0.0,0.1,0.1,0.0,0.1,0.15,0.0,0.05,0.0,0.05,0.45,0.014,10.2,8.78,4.37,0.023,2.87,0.185,3554.0,689.0
NJKGAbSZr_s,True,True,121.0,241,160,493,1,0,44000,2439,Neutral,11,-208.99,112.47,38.81,117.76,1.532,0.138,0.504,0.1161971830985915,33.0,26.0,0.8846153846153846,0.696969696969697,True,0.2424242424242424,0.303030303030303,0.0,0.0,0.1818181818181818,0.0,0.0,0.1515151515151515,0.1212121212121212,0.0,0.0,0.0606060606060606,0.4848484848484848,0.0,72.5,71.47,9.5,0.789,3.39,0.117,1580.0,283.0
NTCIbyoCQ6Q,True,True,65.0,40,33,112,3,0,11700,1438,Positive,3,83.11,2.04,3.13,0.6,1.444,0.0,0.222,0.0,0.0,0.0,0.0,0.0,False,0.0,0.0,0.0,0.0,0.0,0.0,0.0,0.0,0.0,0.0,0.0,0.0,0.0,0.0,1.5,0.55,2.0,0.0,1.56,0.0,61.0,9.0
NUHVS0BYyFw,True,True,31.0,92,68,792,3,0,3900,286,Neutral,4,8.36,30.97,19.29,34.08,1.434,0.105,0.724,0.3376623376623376,26.0,23.0,0.8695652173913043,0.7692307692307693,True,0.1999999999999999,0.3461538461538461,0.0384615384615384,0.0384615384615384,0.1153846153846153,0.0,0.0,0.0384615384615384,0.1538461538461538,0.0769230769230769,0.0,0.0,0.5384615384615384,0.0,26.33,43.88,4.33,0.25,2.72,0.177,405.0,78.0
NUdOOHy1p8w,True,True,35.0,76,58,19083,562,4,28500,750,Neutral,4,61.33,7.19,11.21,8.0,1.6,0.2,1.0,0.1,1.0,1.0,1.0,1.0,True,0.8,1.0,0.0,0.0,1.0,0.0,0.0,0.0,0.0,0.0,0.0,0.0,0.0,1.0,10.0,0.0,5.0,0.0,1.8,0.0,63.0,10.0
NUvVPjmSASI,True,True,3424.0,48,43,633,9,1,477000,4732,Neutral,4,74.16,6.33,33.59,8.61,1.403,0.087,0.118,0.0009018939773524,9.0,6.0,0.8333333333333334,0.5555555555555556,True,0.8,1.0,0.1111111111111111,0.0,0.0,0.0,0.0,0.0,0.0,0.2222222222222222,0.0,0.0,0.6666666666666666,0.064,14.31,10.03,5.44,0.003,3.01,0.147,53900.0,9904.0
NV5Lh1QsoQE,True,True,225.0,52,43,1456,6,0,88900,1346,Neutral,3,-421.67,192.56,53.26,199.61,1.61,0.159,0.447,0.1502057613168724,73.0,45.0,0.8444444444444444,0.5205479452054794,False,0.1315068493150686,0.2602739726027397,0.1506849315068493,0.0,0.2602739726027397,0.0,0.0273972602739726,0.2054794520547945,0.0136986301369863,0.0,0.0,0.0,0.3424657534246575,5.5,249.0,24.04,24.0,0.603,4.88,0.1,2765.0,486.0
NXSx9i6Og0E,True,True,160.0,46,38,7526,43,0,16500,1455,Neutral,2,-361.1,171.69,43.12,177.95,1.494,0.113,0.494,0.1189931350114416,52.0,40.0,0.875,0.6730769230769231,True,0.3076923076923077,0.3653846153846153,0.0384615384615384,0.0192307692307692,0.1923076923076923,0.0,0.0,0.1538461538461538,0.0192307692307692,0.1153846153846153,0.0,0.0,0.4615384615384615,0.5,111.25,102.08,10.25,0.392,5.54,0.135,2405.0,436.0
NYtHV6TABlE,True,True,46148.0,68,54,1006,5,0,75200,1684,Neutral,4,-1035.02,430.15,71.92,443.58,1.518,0.132,0.38,0.0532490974729241,59.0,51.0,0.8823529411764706,0.7627118644067796,True,0.5694915254237289,0.5423728813559322,0.135593220338983,0.0847457627118644,0.2033898305084746,0.0,0.0,0.0169491525423728,0.1525423728813559,0.0338983050847457,0.0,0.0169491525423728,0.3559322033898305,0.6,113.3,83.21,13.2,0.166,4.58,0.132,6176.0,1108.0
N_cr5hZrGBQ,True,True,147.0,143,121,423,3,0,44000,2439,Positive,8,-277.78,143.92,30.53,150.05,1.289,0.062,0.473,0.2287234042553191,86.0,77.0,0.8831168831168831,0.7906976744186046,False,0.0744186046511627,0.2325581395348837,0.0232558139534883,0.1744186046511628,0.0232558139534883,0.0,0.0232558139534883,0.0,0.0581395348837209,0.0930232558139534,0.0,0.0581395348837209,0.5465116279069767,0.154,29.85,28.86,6.77,0.101,3.19,0.214,1772.0,371.0
NbACs_Zcwg4,True,True,159.0,89,73,3045,19,4,477000,4732,Neutral,8,61.63,9.08,10.54,9.96,1.503,0.095,0.464,0.0178041543026706,6.0,5.0,0.8,0.6666666666666666,True,0.5333333333333334,0.5,0.0,0.0,0.1666666666666666,0.0,0.0,0.0,0.0,0.0,0.0,0.0,0.8333333333333334,0.316,18.16,9.73,6.74,0.088,3.11,0.122,1966.0,339.0
Nd8nv1E1qhI,True,False,35.0,0,0,430,14,1,46000,861,,0,-5.07,33.59,21.19,34.13,1.557,0.127,0.633,0.0769230769230769,6.0,5.0,0.8,0.6666666666666666,True,0.4000000000000001,0.5,0.0,0.0,0.1666666666666666,0.0,0.0,0.0,0.0,0.0,0.0,0.0,0.8333333333333334,0.0,27.67,24.13,6.67,0.333,2.79,0.145,462.0,79.0
NehoHiO3zf0,True,True,48.0,125,99,521,6,0,20300,1285,Neutral,8,19.54,32.64,11.21,36.05,1.146,0.022,0.652,0.247191011235955,22.0,20.0,0.95,0.8636363636363636,True,0.2545454545454546,0.3636363636363636,0.0,0.0454545454545454,0.0454545454545454,0.0,0.0,0.0,0.0,0.0454545454545454,0.0,0.2727272727272727,0.5909090909090909,0.0,16.67,13.5,5.0,0.205,2.74,0.21,421.0,88.0
NeqmyJ_TK2U,True,True,281.0,401,188,3415,34,0,5390,505,Neutral,7,-478.61,214.91,50.24,221.91,1.587,0.125,0.398,0.1724770642201835,94.0,51.0,0.6862745098039216,0.3723404255319149,False,0.1957446808510639,0.2659574468085106,0.0,0.0425531914893617,0.1489361702127659,0.0,0.0,0.0,0.0106382978723404,0.0531914893617021,0.0,0.0,0.7446808510638298,0.4,109.8,115.8,11.4,0.32,4.57,0.111,3109.0,545.0
NiWllGlVeSk,True,True,303.0,43,38,2503,15,2,569000,3032,Neutral,3,-686.53,293.35,67.0,302.57,1.658,0.168,0.457,0.0723860589812332,54.0,49.0,0.8979591836734694,0.8148148148148148,True,0.4370370370370371,0.3703703703703703,0.0555555555555555,0.037037037037037,0.3148148148148148,0.0,0.0,0.037037037037037,0.1296296296296296,0.037037037037037,0.0,0.0,0.3888888888888889,2.667,252.33,228.6,12.33,0.376,6.5,0.122,4359.0,747.0
NjGBk1DSv5Q,True,True,359.0,121,94,8539,70,7,74500,586,Neutral,4,72.27,6.85,12.63,9.13,1.414,0.097,0.38,0.0196531791907514,17.0,15.0,0.8666666666666667,0.7647058823529411,True,0.6352941176470588,0.6470588235294118,0.0588235294117647,0.0,0.0588235294117647,0.0,0.0,0.1176470588235294,0.0588235294117647,0.0,0.0,0.0,0.7058823529411765,0.111,14.03,10.77,5.43,0.028,2.98,0.167,4703.0,875.0
Nlt5PBrowKE,True,True,202.0,133,88,2492,0,0,24400,946,Neutral,7,72.5,7.26,10.59,9.93,1.389,0.103,0.465,0.0066225165562913,3.0,3.0,1.0,1.0,True,0.8,1.0,0.0,0.0,0.0,0.0,0.0,0.0,0.0,0.0,0.0,0.0,1.0,0.036,16.61,11.81,5.96,0.054,3.13,0.133,2401.0,462.0
No2aS0LElMI,True,False,275.0,0,0,36320,241,43,15600,1174,,0,-581.16,259.28,41.02,267.83,1.348,0.066,0.38,0.0549777117384844,37.0,29.0,0.896551724137931,0.7027027027027027,True,0.3783783783783785,0.3783783783783784,0.081081081081081,0.0,0.1351351351351351,0.0,0.0,0.027027027027027,0.081081081081081,0.0,0.0,0.1351351351351351,0.5405405405405406,0.571,51.71,69.57,7.86,0.122,4.61,0.204,3589.0,665.0
NoL_BvJCROQ,True,True,167.0,90,69,141,5,0,14600,3587,Neutral,7,-335.02,163.83,37.88,169.59,1.39,0.089,0.488,0.1623529411764706,69.0,63.0,0.9047619047619048,0.8260869565217391,True,0.1333333333333333,0.3043478260869565,0.0144927536231884,0.1304347826086956,0.1159420289855072,0.0,0.0,0.0434782608695652,0.144927536231884,0.072463768115942,0.0,0.0,0.4782608695652174,0.286,62.43,52.71,8.71,0.27,3.73,0.151,2260.0,421.0
NqJHlaNWfOA,True,True,217.0,538,293,2569,20,0,251000,1949,Positive,30,-442.43,200.92,51.27,207.53,1.592,0.14,0.495,0.1126213592233009,58.0,49.0,0.8775510204081632,0.7413793103448276,False,0.2206896551724138,0.293103448275862,0.0689655172413793,0.0172413793103448,0.2068965517241379,0.0,0.0172413793103448,0.0517241379310344,0.1034482758620689,0.0517241379310344,0.0,0.0,0.4827586206896552,1.667,176.0,183.09,11.33,0.343,4.87,0.117,3006.0,509.0
Ns8SHmyVMwU,True,True,249.0,45,38,231606,3309,69,135000,2612,Neutral,2,-604.92,266.56,49.54,275.59,1.437,0.097,0.404,0.1564327485380117,107.0,83.0,0.8795180722891566,0.6822429906542056,True,0.3289719626168224,0.3364485981308411,0.0747663551401869,0.1121495327102803,0.2803738317757009,0.0,0.102803738317757,0.0467289719626168,0.0,0.0467289719626168,0.0,0.0186915887850467,0.3177570093457944,2.0,692.0,0.0,20.0,0.971,6.38,0.101,3715.0,684.0
O--OeL5ux7o,True,False,108.0,0,0,370,5,0,15600,1174,,0,-185.4,103.46,37.41,109.01,1.529,0.139,0.502,0.1312741312741312,34.0,25.0,0.88,0.6470588235294118,True,0.3647058823529412,0.3235294117647059,0.2647058823529412,0.0,0.3235294117647059,0.0,0.0,0.0294117647058823,0.0,0.0,0.0,0.0,0.3823529411764705,0.0,88.0,118.53,10.0,0.458,3.79,0.136,1464.0,260.0
O0CxSNd1zPs,True,True,1591.0,37,35,3118,21,3,569000,3032,Neutral,2,-4730.59,1850.38,147.2,1900.38,1.505,0.134,0.203,0.0104959868285655,51.0,48.0,0.9583333333333334,0.9019607843137256,True,0.8,1.0,0.2352941176470588,0.0784313725490196,0.2352941176470588,0.0,0.0,0.0,0.0196078431372549,0.1372549019607843,0.0,0.0,0.2941176470588235,0.305,61.21,72.6,8.65,0.02,4.65,0.128,26783.0,4843.0
O1eVLFX1CCc,True,True,1366.0,4,4,511,4,0,60900,808,Neutral,1,-3774.25,1481.98,137.95,1522.05,1.551,0.147,0.225,0.0262405819693426,101.0,64.0,0.703125,0.4455445544554455,True,0.8,1.0,0.0099009900990099,0.0495049504950495,0.5643564356435643,0.0,0.0693069306930693,0.0099009900990099,0.0099009900990099,0.1485148514851485,0.0,0.0,0.1386138613861386,1.96,158.76,230.57,11.84,0.071,7.22,0.113,22561.0,3848.0
O298tg7_GQs,True,True,3551.0,138,103,199,1,0,24900,211,Neutral,4,-9108.91,3532.29,204.86,3625.19,1.525,0.138,0.165,0.0039228506047728,36.0,32.0,0.90625,0.8055555555555556,True,0.8,1.0,0.0277777777777777,0.0,0.1944444444444444,0.0,0.0,0.0,0.1388888888888889,0.0,0.0,0.0,0.6388888888888888,0.531,72.48,104.95,8.95,0.012,5.1,0.121,51687.0,9146.0
O3lBpOQW-uA,True,True,168.0,70,50,12527,87,9,477000,4732,Neutral,4,68.5,7.01,9.97,8.81,1.476,0.104,0.493,0.0335731414868105,14.0,14.0,1.0,1.0,True,0.5142857142857142,0.5714285714285714,0.0,0.0714285714285714,0.0714285714285714,0.0,0.0,0.2142857142857142,0.0714285714285714,0.0,0.0,0.0,0.5714285714285714,0.121,13.3,9.15,4.64,0.052,2.87,0.109,2333.0,425.0
O4hNpHv_tLg,True,True,59.0,387,225,1713,12,1,74500,586,Neutral,19,66.57,7.43,11.21,11.08,1.491,0.144,0.629,0.0643274853801169,11.0,11.0,1.0,1.0,True,0.5818181818181818,0.7272727272727273,0.0,0.0,0.0909090909090909,0.0,0.0,0.0,0.0,0.0,0.0,0.0,0.9090909090909092,0.167,15.08,6.26,6.67,0.115,2.94,0.16,962.0,172.0
O9NsmoRrcbw,True,True,301.0,120,76,4312,39,0,16500,578,Neutral,3,-684.71,291.85,67.51,300.61,1.696,0.172,0.44,0.1067567567567567,79.0,56.0,0.8214285714285714,0.5822784810126582,True,0.4455696202531647,0.4177215189873418,0.0759493670886076,0.0379746835443038,0.240506329113924,0.0,0.0126582278481012,0.0,0.0126582278481012,0.0632911392405063,0.0,0.0,0.5569620253164557,11.0,744.0,0.0,22.0,0.976,6.87,0.055,4460.0,739.0
OBBE0-gjYCc,True,True,55.0,29,28,445,1,0,28800,1415,Neutral,1,83.81,5.5,8.0,7.94,1.264,0.046,0.563,0.0056818181818181,1.0,1.0,1.0,1.0,True,0.8,1.0,0.0,0.0,0.0,0.0,0.0,0.0,0.0,0.0,0.0,0.0,1.0,0.083,14.67,7.55,5.42,0.109,3.34,0.21,863.0,168.0
ODQhe0VB5kg,True,True,31.0,14,14,903,3,0,23800,1230,Positive,3,98.74,1.45,6.43,4.85,1.183,0.042,0.676,0.0138888888888888,1.0,1.0,1.0,1.0,True,0.8,1.0,0.0,0.0,0.0,0.0,0.0,0.0,0.0,0.0,0.0,0.0,1.0,0.0,8.44,6.88,3.67,0.136,3.54,0.289,393.0,73.0
ODTpqdM4WL8,True,True,31.0,89,63,509821,8,2,3900,286,Positive,4,24.23,25.78,13.02,26.85,1.391,0.047,0.609,0.0793650793650793,5.0,5.0,1.0,1.0,True,0.56,0.6,0.0,0.0,0.0,0.0,0.0,0.2,0.6,0.2,0.0,0.0,0.0,0.0,66.0,0.0,12.0,0.833,4.13,0.182,363.0,64.0
OH-z58O9UYk,True,True,466.0,22,22,3574,6,0,1220000,11882,Neutral,2,-1021.15,421.76,76.06,433.37,1.666,0.152,0.342,0.0659851301115241,71.0,52.0,0.8269230769230769,0.6056338028169014,True,0.619718309859155,0.5492957746478874,0.2535211267605634,0.1408450704225352,0.1830985915492957,0.0,0.0,0.056338028169014,0.0845070422535211,0.0,0.0,0.0,0.2816901408450704,5.0,273.25,270.5,15.0,0.431,5.46,0.076,6447.0,1073.0
OIabcrqiNC0,True,True,641.0,95,76,28859,454,0,24900,211,Neutral,4,-1736.56,701.9,73.33,721.58,1.412,0.084,0.258,0.0207650273224043,38.0,25.0,0.8,0.5263157894736842,True,0.736842105263158,0.8421052631578947,0.131578947368421,0.0263157894736842,0.131578947368421,0.0,0.0,0.0,0.0263157894736842,0.1578947368421052,0.0,0.0,0.5263157894736842,0.474,50.08,83.57,7.71,0.057,4.35,0.149,9644.0,1815.0
OLJ3THbhYUM,True,True,305.0,249,175,172,3,1,53700,936,Neutral,23,61.33,7.19,11.21,8.0,1.6,0.2,1.0,0.1,1.0,1.0,1.0,1.0,True,0.8,1.0,0.0,0.0,1.0,0.0,0.0,0.0,0.0,0.0,0.0,0.0,0.0,1.0,10.0,0.0,5.0,0.0,1.8,0.0,63.0,10.0
OLKfH44FVk0,True,True,193.0,39,37,12852,119,69,191000,1170,Neutral,2,-459.42,211.99,36.93,218.79,1.373,0.065,0.511,0.147005444646098,81.0,65.0,0.7692307692307693,0.6172839506172839,True,0.2617283950617284,0.3703703703703703,0.1234567901234567,0.037037037037037,0.0987654320987654,0.0,0.0987654320987654,0.0246913580246913,0.037037037037037,0.0987654320987654,0.0,0.0,0.4814814814814814,0.538,43.62,64.17,5.23,0.104,4.09,0.102,2967.0,547.0
OQ9rpMXsZrU,True,False,216.0,0,0,1411,5,0,1350,298,,0,-542.43,241.7,48.47,249.51,1.478,0.102,0.395,0.1187800963081862,74.0,58.0,0.8103448275862069,0.6351351351351351,True,0.3459459459459459,0.4054054054054054,0.0,0.0675675675675675,0.1351351351351351,0.0,0.0135135135135135,0.0,0.027027027027027,0.027027027027027,0.0,0.0,0.7297297297297297,1.6,127.4,169.02,10.4,0.588,4.88,0.107,3388.0,624.0
OR8RpW5Wn34,True,True,57.0,72,60,176,2,0,135000,2612,Neutral,3,72.15,7.64,10.69,10.79,1.378,0.098,0.587,0.0416666666666666,6.0,5.0,0.8,0.6666666666666666,True,0.4000000000000001,0.5,0.0,0.0,0.0,0.0,0.0,0.5,0.0,0.0,0.0,0.0,0.5,0.333,16.56,8.09,5.78,0.13,2.88,0.107,778.0,143.0
ORBEw4FjMhA,True,True,64.0,62,54,529,0,0,24400,946,Neutral,3,81.05,5.03,9.02,7.98,1.338,0.086,0.556,0.0351758793969849,7.0,7.0,1.0,1.0,True,0.5714285714285714,0.5714285714285714,0.0,0.1428571428571428,0.0,0.0,0.0,0.0,0.1428571428571428,0.0,0.0,0.0,0.7142857142857143,0.062,12.88,8.86,5.56,0.082,2.74,0.189,1018.0,199.0
OSo7y4Xhe3E,True,True,31.0,100,66,67926,4,0,1220000,11882,Neutral,4,78.93,4.95,8.84,6.97,1.382,0.092,0.737,0.0263157894736842,2.0,2.0,1.0,1.0,True,0.8,1.0,0.0,0.0,0.0,0.0,0.0,0.0,0.0,0.0,0.0,0.0,1.0,0.125,10.0,4.6,4.62,0.222,2.45,0.225,398.0,76.0
OTKzvngCZ28,True,True,114.0,11,11,3829,15,1,12600,950,Neutral,1,61.33,7.19,11.21,8.0,1.6,0.2,1.0,0.1,1.0,1.0,1.0,1.0,True,0.8,1.0,0.0,0.0,1.0,0.0,0.0,0.0,0.0,0.0,0.0,0.0,0.0,1.0,10.0,0.0,5.0,0.0,1.8,0.0,63.0,10.0
OViAap76xEw,True,False,1146.0,0,0,1169,9,1,21200,805,,0,-3579.5,1408.36,120.48,1446.52,1.492,0.117,0.212,0.018523563061836,68.0,50.0,0.86,0.6323529411764706,True,0.8,1.0,0.1911764705882352,0.0588235294117647,0.1764705882352941,0.0,0.0147058823529411,0.0294117647058823,0.0441176470588235,0.1323529411764706,0.0,0.0,0.3529411764705882,0.436,68.8,51.25,10.16,0.032,4.03,0.133,20613.0,3661.0
OVk4YXwJp98,True,True,385.0,149,104,662496,3057,0,1220000,11882,Neutral,13,56.48,9.12,14.55,9.78,1.597,0.114,0.406,0.0271281571562207,29.0,22.0,0.8181818181818182,0.6206896551724138,True,0.6482758620689655,0.6206896551724138,0.3103448275862069,0.1724137931034483,0.0344827586206896,0.0,0.0,0.1724137931034483,0.0,0.0,0.0,0.0,0.3103448275862069,0.186,15.57,8.06,5.9,0.028,3.04,0.109,6378.0,1067.0
OWcJwXmUhuk,True,True,403.0,557,321,151844,1306,72,74500,586,Neutral,28,50.92,9.98,11.46,10.7,1.659,0.138,0.691,0.0,0.0,0.0,0.0,0.0,False,0.0,0.0,0.0,0.0,0.0,0.0,0.0,0.0,0.0,0.0,0.0,0.0,0.0,0.125,16.5,5.37,6.38,0.27,2.79,0.091,930.0,127.0
OWlBVcOP2kQ,True,True,113.0,223,152,242,7,0,44000,2439,Neutral,11,-166.54,96.86,33.36,101.48,1.498,0.115,0.527,0.1341463414634146,33.0,29.0,0.896551724137931,0.7878787878787878,True,0.2424242424242424,0.3333333333333333,0.0303030303030303,0.0303030303030303,0.1212121212121212,0.0,0.0,0.0,0.1818181818181818,0.1212121212121212,0.0,0.0,0.5151515151515151,0.0,62.25,62.5,8.5,0.439,3.91,0.124,1329.0,245.0
OXZh64zcx5s,True,True,136.0,48,36,757,9,0,42900,959,Neutral,4,-294.56,145.27,44.32,151.65,1.536,0.142,0.437,0.1825613079019073,67.0,51.0,0.8627450980392157,0.6567164179104478,False,0.1432835820895523,0.2835820895522388,0.1940298507462686,0.0149253731343283,0.2686567164179104,0.0,0.0746268656716417,0.0,0.1194029850746268,0.0597014925373134,0.0,0.0,0.2686567164179104,1.0,126.0,80.52,12.33,0.63,5.36,0.127,2109.0,367.0
OY2-Kei2mds,True,True,307.0,73,57,513,5,1,477000,4732,Neutral,4,61.33,7.19,11.21,8.0,1.6,0.2,1.0,0.1,1.0,1.0,1.0,1.0,True,0.8,1.0,0.0,0.0,1.0,0.0,0.0,0.0,0.0,0.0,0.0,0.0,0.0,1.0,10.0,0.0,5.0,0.0,1.8,0.0,63.0,10.0
Oh3S03t9VZ4,True,True,525.0,74,55,419,5,0,113000,553,Neutral,2,-1163.72,481.39,59.39,495.1,1.431,0.079,0.305,0.0821371610845295,103.0,76.0,0.868421052631579,0.6407766990291263,True,0.6252427184466021,0.5631067961165048,0.0194174757281553,0.0,0.1553398058252427,0.0,0.0776699029126213,0.0,0.0,0.0194174757281553,0.0,0.0,0.7281553398058253,0.333,61.05,95.98,7.95,0.07,4.63,0.129,6701.0,1242.0
OiRnjmQUylQ,True,True,223.0,98,74,2382,19,3,34900,832,Neutral,6,-462.36,211.16,51.6,219.12,1.467,0.134,0.456,0.1605839416058394,88.0,64.0,0.8125,0.5909090909090909,True,0.2727272727272727,0.3181818181818182,0.0113636363636363,0.0795454545454545,0.1704545454545454,0.0,0.0113636363636363,0.1704545454545454,0.1136363636363636,0.0795454545454545,0.0,0.0,0.3636363636363636,1.375,70.38,55.76,10.62,0.189,4.78,0.115,2977.0,547.0
Oj5N4H6Y9wg,True,True,139.0,149,108,808,18,0,144000,1700,Neutral,6,50.92,9.98,11.46,10.7,1.659,0.138,0.691,0.0078125,1.0,1.0,1.0,1.0,True,0.8,1.0,0.0,0.0,0.0,0.0,0.0,0.0,0.0,0.0,0.0,0.0,1.0,0.125,16.5,5.37,6.38,0.27,2.79,0.091,930.0,127.0
OkHESl_I2O8,True,True,311.0,16,16,74582,642,106,47600,2491,Neutral,1,-668.85,295.85,34.94,306.27,1.209,0.041,0.327,0.0912596401028277,71.0,59.0,0.8813559322033898,0.7323943661971831,True,0.4225352112676057,0.3661971830985915,0.0,0.0985915492957746,0.2394366197183098,0.0,0.028169014084507,0.0,0.1830985915492957,0.0845070422535211,0.0,0.0422535211267605,0.323943661971831,0.097,25.87,22.63,6.0,0.053,3.0,0.193,3531.0,773.0
Om0U4_PM0Wg,True,True,77.0,37,32,4123,35,0,88900,1346,Neutral,3,-87.59,68.45,25.25,72.21,1.405,0.087,0.601,0.1896551724137931,33.0,29.0,0.8620689655172413,0.7575757575757576,False,0.1696969696969696,0.2727272727272727,0.0,0.0,0.0606060606060606,0.0,0.0,0.0606060606060606,0.0606060606060606,0.0606060606060606,0.0,0.0303030303030303,0.7272727272727273,3.0,177.0,0.0,11.0,0.875,9.27,0.186,891.0,174.0
OqzieBZoqKc,True,True,44.0,104,77,227876,3451,72,697000,6101,Neutral,5,46.94,10.85,13.3,13.47,1.69,0.19,0.68,0.16,16.0,11.0,0.6363636363636364,0.4375,True,0.3,0.3125,0.0,0.1875,0.0,0.0,0.0,0.125,0.0,0.0,0.0,0.0,0.6875,0.167,16.83,7.22,6.5,0.241,2.89,0.109,624.0,101.0
Ov7xYrPNd1U,True,True,190.0,94,71,491,4,0,13500,719,Neutral,6,42.86,11.21,14.41,13.84,1.749,0.212,0.463,0.0036231884057971,2.0,2.0,1.0,1.0,True,0.8,1.0,0.0,0.0,0.0,0.0,0.0,0.0,0.0,0.0,0.0,0.0,1.0,0.143,15.94,6.44,5.94,0.055,2.79,0.118,3550.0,553.0
OvLewvY40hI,True,True,251.0,329,183,6324,65,8,75200,1684,Positive,17,76.43,7.46,10.05,10.29,1.307,0.066,0.406,0.0191176470588235,13.0,13.0,1.0,1.0,True,0.7076923076923078,0.7692307692307693,0.0769230769230769,0.0,0.1538461538461538,0.0,0.0,0.0,0.0769230769230769,0.0,0.0,0.0,0.6923076923076923,0.108,18.7,13.12,5.73,0.058,3.35,0.172,3422.0,681.0
OxxUAx0Xd6o,True,True,200.0,25,21,841,3,0,20300,1285,Neutral,2,54.2,10.59,13.2,13.32,1.568,0.158,0.437,0.0018050541516245,1.0,1.0,1.0,1.0,True,0.8,1.0,0.0,0.0,0.0,0.0,0.0,0.0,1.0,0.0,0.0,0.0,0.0,0.31,19.28,7.14,6.45,0.056,2.97,0.088,3207.0,555.0
P1MfH2QpCxQ,True,True,128.0,73,66,214,2,1,45400,902,Very Positive,7,-265.02,134.44,39.26,140.08,1.51,0.118,0.546,0.1159420289855072,40.0,25.0,0.92,0.575,True,0.2099999999999999,0.3,0.025,0.0,0.2,0.0,0.025,0.25,0.075,0.0,0.0,0.0,0.425,2.5,179.5,28.99,20.5,0.628,3.68,0.134,1997.0,344.0
P2sQ_UkE_38,True,True,395.0,635,304,5021,27,2,53500,1701,Negative,34,-1185.88,493.17,51.27,508.26,1.273,0.056,0.306,0.0491419656786271,63.0,55.0,0.8909090909090909,0.7777777777777778,True,0.6857142857142857,0.7142857142857143,0.0634920634920634,0.0793650793650793,0.0476190476190476,0.0,0.0,0.0158730158730158,0.1428571428571428,0.0,0.0,0.0476190476190476,0.6031746031746031,0.333,62.33,69.32,8.43,0.14,3.61,0.183,6186.0,1281.0
P3CavmnL-Nc,True,True,2504.0,19,18,747,11,0,1400,201,Neutral,1,-7489.48,2911.91,161.03,2988.64,1.435,0.102,0.165,0.0022507612869058,17.0,15.0,0.8666666666666667,0.7647058823529411,True,0.8,1.0,0.0,0.0,0.0588235294117647,0.0,0.0,0.0,0.1764705882352941,0.1176470588235294,0.0,0.0,0.6470588235294118,0.51,53.83,71.86,8.34,0.011,4.06,0.143,40241.0,7514.0
P5yuETMKLq0,True,True,95.0,32,28,938,3,0,569000,3032,Neutral,3,-135.44,81.59,38.81,86.84,1.658,0.196,0.548,0.185929648241206,37.0,30.0,0.8,0.6486486486486487,False,0.1513513513513513,0.2432432432432432,0.054054054054054,0.1081081081081081,0.1891891891891892,0.0,0.0,0.2972972972972973,0.027027027027027,0.027027027027027,0.0,0.0,0.2972972972972973,0.0,200.0,0.0,15.0,0.941,4.96,0.055,1162.0,199.0
P7JVmhcO5PQ,True,True,190.0,38,31,584,8,1,10700,653,Neutral,3,24.38,22.65,18.11,25.16,1.539,0.133,0.454,0.1291866028708134,54.0,33.0,0.8181818181818182,0.5,False,0.2222222222222223,0.2777777777777778,0.2592592592592592,0.0,0.1851851851851851,0.0,0.0,0.1666666666666666,0.0,0.0,0.0,0.0,0.3888888888888889,0.1,42.4,17.98,8.8,0.178,3.76,0.106,2381.0,415.0
P9qRbWTr980,True,True,258.0,156,94,74,0,1,12600,950,Neutral,7,-530.32,233.55,57.32,240.97,1.647,0.153,0.418,0.1187290969899665,71.0,54.0,0.8518518518518519,0.647887323943662,True,0.3098591549295775,0.380281690140845,0.1690140845070422,0.0140845070422535,0.2535211267605634,0.0,0.0,0.0,0.0140845070422535,0.0422535211267605,0.0,0.0,0.5070422535211268,1.0,301.5,424.97,14.5,0.485,5.61,0.08,3625.0,600.0
PBzMMGvy3ME,True,True,564.0,27,26,882,9,0,216000,5950,Neutral,2,-1293.93,528.62,81.46,544.19,1.567,0.139,0.275,0.0647534952170713,88.0,44.0,0.7727272727272727,0.3863636363636363,True,0.6454545454545455,0.6136363636363636,0.0,0.1136363636363636,0.1590909090909091,0.0,0.3409090909090909,0.1136363636363636,0.0113636363636363,0.0113636363636363,0.0,0.0,0.25,2.667,456.67,442.25,14.0,0.69,12.33,0.139,8000.0,1358.0
PEeCzXN24mQ,True,True,166.0,54,41,4294,52,2,477000,4732,Neutral,3,53.57,10.77,13.59,13.51,1.571,0.167,0.481,0.0125,5.0,4.0,0.75,0.6,True,0.32,0.4,0.0,0.0,0.0,0.0,0.0,0.4,0.0,0.0,0.0,0.0,0.6,0.15,20.4,10.79,6.95,0.096,3.23,0.15,2337.0,401.0
PFUB_AU78Lw,True,True,284.0,545,264,1953,5,2,12500,530,Neutral,33,-511.76,231.96,44.72,240.03,1.379,0.089,0.415,0.1182266009852216,72.0,53.0,0.8679245283018868,0.6388888888888888,True,0.4111111111111112,0.4166666666666667,0.0277777777777777,0.0,0.1527777777777778,0.0,0.0,0.1666666666666666,0.0555555555555555,0.0138888888888888,0.0,0.0,0.5833333333333334,0.615,48.38,56.22,7.69,0.173,4.41,0.143,3122.0,607.0
PFrw54njj48,True,True,220.0,102,66,878,0,0,226000,1254,Neutral,4,66.57,7.61,12.57,9.78,1.482,0.117,0.415,0.0056577086280056,4.0,4.0,1.0,1.0,True,0.8,1.0,0.0,0.0,0.75,0.0,0.0,0.0,0.0,0.0,0.0,0.0,0.25,0.148,13.31,7.75,5.19,0.038,3.19,0.089,4052.0,709.0
PGXe0YkNFhc,True,True,2695.0,25,22,581,3,0,952,151,Neutral,2,-7484.2,2912.91,126.05,2990.16,1.288,0.062,0.146,0.0101222558170106,77.0,61.0,0.8032786885245902,0.6363636363636364,True,0.8,1.0,0.0259740259740259,0.1428571428571428,0.0129870129870129,0.0,0.0,0.0,0.0649350649350649,0.0389610389610389,0.0,0.0909090909090909,0.6233766233766234,0.119,28.99,30.12,5.98,0.007,3.51,0.2,36911.0,7518.0
PGcYgfmdAgI,True,True,295.0,111,74,663,5,0,53500,1701,Negative,6,-819.88,353.19,37.88,364.48,1.242,0.041,0.306,0.0495689655172413,46.0,43.0,0.9302325581395348,0.8695652173913043,True,0.4956521739130435,0.4782608695652174,0.0434782608695652,0.1304347826086956,0.2391304347826087,0.0,0.0,0.0,0.0434782608695652,0.0869565217391304,0.0,0.0217391304347826,0.4347826086956521,0.056,26.72,25.41,6.47,0.062,3.1,0.234,4441.0,914.0
PLDHbo9nQGY,True,True,3562.0,112,89,1217,24,0,24900,211,Neutral,2,-7120.22,2767.74,187.89,2841.16,1.545,0.148,0.179,0.0055149593271749,40.0,35.0,0.8857142857142857,0.775,True,0.8,1.0,0.025,0.05,0.1,0.0,0.125,0.0,0.05,0.0,0.0,0.0,0.65,2.238,174.64,260.41,12.95,0.036,6.11,0.081,40781.0,7242.0
PMFdAYHAMh0,True,True,4201.0,90,73,385,4,0,45300,2832,Neutral,4,-12444.19,4817.06,191.39,4943.06,1.369,0.088,0.117,0.0066151271220212,83.0,57.0,0.7894736842105263,0.5421686746987951,True,0.8,1.0,0.0,0.072289156626506,0.253012048192771,0.0,0.0,0.0240963855421686,0.144578313253012,0.0,0.0,0.0,0.5060240963855421,0.183,39.78,40.98,6.91,0.006,3.77,0.153,63970.0,12459.0
POskT8R_3t4,True,True,240.0,57,45,13831,93,0,1220000,11882,Neutral,3,-449.31,206.35,45.88,213.58,1.457,0.107,0.451,0.1079545454545454,57.0,44.0,0.8181818181818182,0.631578947368421,True,0.3087719298245615,0.3333333333333333,0.087719298245614,0.2105263157894736,0.2105263157894736,0.0,0.0175438596491228,0.1228070175438596,0.0526315789473684,0.0526315789473684,0.0,0.0175438596491228,0.2280701754385964,3.0,268.5,375.47,15.5,0.488,5.81,0.115,2899.0,526.0
PPlFZ9m7sRs,True,True,285.0,52,41,1820,10,0,216000,5950,Neutral,3,35.67,15.16,15.53,16.85,1.691,0.17,0.352,0.0135338345864661,9.0,9.0,1.0,1.0,True,0.6666666666666667,0.6666666666666666,0.1111111111111111,0.0,0.4444444444444444,0.0,0.0,0.0,0.1111111111111111,0.0,0.0,0.0,0.3333333333333333,0.583,27.88,18.45,7.42,0.084,3.2,0.111,4205.0,666.0
PQPtiFviAE8,True,True,1046.0,85,70,135,1,0,3640,696,Neutral,2,-1747.78,699.74,110.16,719.33,1.724,0.197,0.351,0.0308370044052863,56.0,49.0,0.9183673469387756,0.8035714285714286,True,0.6928571428571428,0.7321428571428571,0.1428571428571428,0.0357142857142857,0.1428571428571428,0.0,0.0178571428571428,0.0,0.0357142857142857,0.0535714285714285,0.0,0.0,0.5714285714285714,2.2,185.5,215.95,11.6,0.177,6.0,0.081,11019.0,1818.0
PT5cFR296-w,True,True,470.0,156,87,28137,169,50,477000,4732,Neutral,23,45.72,12.54,17.24,15.45,1.631,0.175,0.332,0.0057526366251198,6.0,4.0,0.5,0.3333333333333333,True,0.6666666666666667,0.6666666666666666,0.0,0.0,0.1666666666666666,0.0,0.1666666666666666,0.6666666666666666,0.0,0.0,0.0,0.0,0.0,0.283,23.48,11.23,7.15,0.056,3.64,0.081,6393.0,1053.0
PTPIEyI50Ko,True,True,165.0,42,39,1342,18,1,1630,242,Neutral,4,-303.51,149.25,43.93,155.89,1.509,0.135,0.438,0.0797872340425532,30.0,24.0,0.9166666666666666,0.7333333333333333,True,0.3600000000000001,0.3666666666666666,0.0,0.0,0.3666666666666666,0.0,0.0,0.0,0.0333333333333333,0.0,0.0,0.0333333333333333,0.5666666666666667,4.0,387.0,0.0,15.0,0.964,5.16,0.15,2123.0,378.0
PTUg-OffnHg,True,True,1169.0,76,65,2084,30,11,569000,3032,Neutral,5,-3319.74,1310.52,104.68,1346.62,1.397,0.094,0.208,0.0161717142017053,55.0,32.0,0.625,0.3636363636363636,True,0.8,1.0,0.0,0.0545454545454545,0.1454545454545454,0.0,0.0,0.0363636363636363,0.0,0.0727272727272727,0.0,0.0,0.6909090909090909,0.281,36.7,40.14,6.29,0.02,3.86,0.152,17938.0,3388.0
PTkkfOkCwUY,True,True,174.0,58,52,1823,15,1,12800,692,Negative,5,60.93,11.0,12.02,13.4,1.423,0.096,0.442,0.0346232179226069,17.0,15.0,0.9333333333333332,0.8235294117647058,True,0.3294117647058823,0.4117647058823529,0.0,0.0588235294117647,0.0588235294117647,0.0,0.0,0.0,0.0,0.1176470588235294,0.0,0.0,0.7647058823529411,0.238,24.0,13.27,5.95,0.077,3.26,0.149,2640.0,487.0
PU-rPtYkkRg,True,True,187.0,103,83,1950,29,7,34900,832,Neutral,5,-404.16,189.87,44.72,197.73,1.415,0.11,0.457,0.1948310139165009,98.0,79.0,0.8354430379746836,0.673469387755102,False,0.1183673469387756,0.2755102040816326,0.0612244897959183,0.0408163265306122,0.1836734693877551,0.0,0.0,0.0714285714285714,0.0306122448979591,0.0612244897959183,0.0,0.0918367346938775,0.4591836734693877,0.6,101.2,69.93,10.4,0.25,3.93,0.109,2548.0,502.0
PVIR54vAFAU,True,True,3680.0,60,44,3024,0,0,57500,1308,Neutral,2,-10725.58,4155.27,198.03,4264.17,1.438,0.109,0.154,0.0107846783190777,116.0,80.0,0.8625,0.5948275862068966,True,0.8,1.0,0.0258620689655172,0.0086206896551724,0.1810344827586207,0.0,0.0,0.0172413793103448,0.1896551724137931,0.0258620689655172,0.0,0.0086206896551724,0.5431034482758621,0.478,54.29,74.59,7.84,0.009,4.07,0.141,56922.0,10698.0
PVausUaUOEc,True,True,160.0,63,50,2093,7,2,25800,453,Positive,3,-355.86,172.95,35.45,179.82,1.336,0.072,0.476,0.1759465478841871,79.0,67.0,0.9104477611940298,0.7721518987341772,True,0.2278481012658229,0.3037974683544304,0.0379746835443038,0.050632911392405,0.1265822784810126,0.0,0.0,0.0379746835443038,0.0253164556962025,0.240506329113924,0.0,0.0,0.4810126582278481,0.375,58.38,48.07,8.12,0.167,3.52,0.188,2298.0,450.0
PVdt0exsBwA,True,True,131.0,49,36,56,0,0,36100,2341,Neutral,5,-190.86,95.53,48.47,99.24,2.013,0.281,0.589,0.1864406779661017,44.0,36.0,0.8333333333333334,0.6818181818181818,True,0.2181818181818182,0.3181818181818182,0.0909090909090909,0.0,0.2954545454545454,0.0,0.0,0.0,0.0227272727272727,0.0454545454545454,0.0,0.0,0.5454545454545454,2.0,239.0,0.0,21.0,0.923,6.11,0.033,1605.0,236.0
PY3vS0jF9d4,True,True,168.0,307,169,1631,29,0,251000,1949,Negative,15,-316.32,155.26,37.88,160.95,1.457,0.094,0.485,0.155,62.0,56.0,0.9107142857142856,0.8225806451612904,False,0.1806451612903226,0.2580645161290322,0.0483870967741935,0.0483870967741935,0.1290322580645161,0.0,0.0,0.0161290322580645,0.0483870967741935,0.032258064516129,0.0,0.0161290322580645,0.6612903225806451,0.444,46.11,46.2,7.78,0.171,4.0,0.145,2150.0,399.0
PYpGIl443b4,True,True,140.0,126,87,827,4,0,145000,1134,Neutral,6,53.59,10.1,12.02,11.92,1.603,0.139,0.494,0.012012012012012,4.0,4.0,1.0,1.0,True,0.7,0.75,0.0,0.0,0.25,0.0,0.0,0.0,0.0,0.0,0.0,0.0,0.75,0.095,16.81,11.48,5.57,0.089,3.22,0.11,2050.0,341.0
PcBSh4X2VsE,True,True,3031.0,42,36,1086,0,0,27100,1786,Neutral,1,-6790.82,2642.05,168.21,2711.87,1.503,0.123,0.19,0.0139575457981971,96.0,50.0,0.8,0.4166666666666667,True,0.8,1.0,0.1666666666666666,0.0416666666666666,0.09375,0.0,0.0,0.0,0.0,0.1875,0.0,0.0,0.5104166666666666,0.459,52.9,71.25,8.25,0.012,4.18,0.119,37307.0,6850.0
PcaBYJ8Hxy0,True,True,953.0,61,47,572,10,1,10700,653,Positive,3,-2455.27,978.53,82.29,1005.32,1.389,0.077,0.248,0.0267400707825403,68.0,62.0,0.9032258064516128,0.8235294117647058,True,0.8,1.0,0.0294117647058823,0.1764705882352941,0.2058823529411764,0.0,0.0,0.0,0.0,0.1176470588235294,0.0,0.0294117647058823,0.4411764705882353,0.294,51.1,49.0,9.16,0.034,3.42,0.174,13053.0,2526.0
PdMJ9HYxkck,True,True,187.0,47,39,295769,2688,0,45800,539,Neutral,4,37.83,14.29,15.45,16.7,1.693,0.183,0.53,0.0775193798449612,40.0,23.0,0.8260869565217391,0.475,True,0.27,0.325,0.025,0.175,0.05,0.0,0.525,0.025,0.0,0.025,0.0,0.0,0.175,0.45,26.3,27.48,8.2,0.07,3.33,0.042,3422.0,515.0
PdX4VA2dNMs,True,True,159.0,407,231,608,6,0,251000,1949,Neutral,26,-332.85,156.08,52.6,162.31,1.724,0.193,0.521,0.1336760925449871,52.0,40.0,0.85,0.6538461538461539,True,0.2846153846153847,0.3269230769230769,0.0,0.0961538461538461,0.4038461538461538,0.0,0.0192307692307692,0.0384615384615384,0.173076923076923,0.0192307692307692,0.0,0.0192307692307692,0.2307692307692307,1.5,200.5,273.65,11.0,0.895,5.21,0.12,2454.0,390.0
PeHf-_LFW58,True,True,261.0,52,44,86601,581,120,477000,4732,Neutral,3,68.63,7.76,11.6,9.75,1.437,0.096,0.408,0.0099573257467994,7.0,7.0,1.0,1.0,True,0.7428571428571429,0.8571428571428571,0.5714285714285714,0.0,0.1428571428571428,0.0,0.0,0.0,0.0,0.0,0.0,0.0,0.2857142857142857,0.123,13.51,10.79,4.63,0.03,3.32,0.144,3957.0,723.0
PewFZWf-1OA,True,True,60.0,191,137,18461,328,11,53700,936,Neutral,16,61.33,7.19,11.21,8.0,1.6,0.2,1.0,0.1,1.0,1.0,1.0,1.0,True,0.8,1.0,0.0,0.0,1.0,0.0,0.0,0.0,0.0,0.0,0.0,0.0,0.0,1.0,10.0,0.0,5.0,0.0,1.8,0.0,63.0,10.0
PhVSxGhH92s,True,True,3867.0,135,100,1879,34,0,17100,551,Neutral,9,-10930.97,4233.35,210.6,4344.35,1.478,0.122,0.141,0.0063002191380569,69.0,54.0,0.8333333333333334,0.6521739130434783,True,0.8,1.0,0.0869565217391304,0.0289855072463768,0.144927536231884,0.0,0.0,0.0869565217391304,0.2318840579710145,0.0289855072463768,0.0,0.0,0.391304347826087,0.612,66.04,86.62,9.08,0.01,4.44,0.145,59950.0,10904.0
PnnuV7NCzow,True,True,59.0,30,29,3042,14,2,697000,6101,Neutral,2,45.41,10.55,12.52,12.42,1.733,0.185,0.692,0.1224489795918367,18.0,13.0,0.7692307692307693,0.5555555555555556,True,0.5333333333333334,0.5555555555555556,0.0,0.0555555555555555,0.2777777777777778,0.0,0.0,0.1666666666666666,0.0555555555555555,0.1111111111111111,0.0,0.0,0.3333333333333333,0.2,14.9,7.64,5.6,0.14,2.76,0.047,908.0,148.0
PrE6DnQkjdk,True,True,1679.0,255,142,2588,25,8,17400,646,Neutral,15,72.94,6.66,26.91,9.36,1.41,0.1,0.177,0.0022740193291642,12.0,11.0,0.9090909090909092,0.8333333333333334,True,0.8,1.0,0.3333333333333333,0.0,0.0833333333333333,0.0,0.0,0.3333333333333333,0.0,0.1666666666666666,0.0,0.0,0.0833333333333333,0.082,14.89,9.84,5.59,0.006,3.08,0.148,28653.0,5251.0
PsEu3F5PnBM,True,True,90.0,58,51,522,1,0,88900,1346,Neutral,2,-159.08,95.07,32.81,100.33,1.446,0.113,0.425,0.1694214876033057,41.0,21.0,0.6190476190476191,0.3170731707317073,False,0.126829268292683,0.2682926829268293,0.048780487804878,0.1951219512195122,0.1463414634146341,0.0,0.073170731707317,0.048780487804878,0.048780487804878,0.024390243902439,0.0,0.0,0.4146341463414634,0.333,83.0,14.93,12.0,0.467,3.77,0.116,1275.0,241.0
PxALYSzud2s,True,True,86.0,37,34,137,1,0,443000,2444,Neutral,2,48.67,10.67,12.72,12.79,1.667,0.167,0.575,0.0155440414507772,3.0,2.0,0.5,0.3333333333333333,True,0.4000000000000001,0.3333333333333333,0.0,0.0,0.0,0.0,0.6666666666666666,0.0,0.0,0.0,0.0,0.0,0.3333333333333333,0.091,18.18,8.51,5.73,0.177,3.1,0.115,1299.0,193.0
PybtdiEjJHE,True,True,561.0,5,5,1046,20,1,15400,728,Neutral,1,-1154.54,473.9,82.29,488.3,1.623,0.159,0.323,0.0759902991107518,94.0,72.0,0.8472222222222222,0.648936170212766,True,0.6042553191489362,0.5106382978723404,0.0212765957446808,0.0319148936170212,0.1276595744680851,0.0,0.5319148936170213,0.0,0.0,0.0319148936170212,0.0,0.0,0.2553191489361702,10.5,640.0,803.27,13.5,0.959,8.24,0.097,7542.0,1238.0
Pz-jET3Tgfc,True,True,112.0,24,22,84,1,0,10900,1747,Negative,1,-123.61,84.91,25.98,89.61,1.279,0.073,0.521,0.1704035874439461,38.0,34.0,0.9705882352941176,0.868421052631579,True,0.2315789473684211,0.3157894736842105,0.0263157894736842,0.131578947368421,0.0,0.0,0.0263157894736842,0.0,0.0263157894736842,0.0263157894736842,0.0,0.1842105263157894,0.5789473684210527,0.0,23.2,21.49,5.8,0.099,3.01,0.203,1094.0,217.0
PzI1haY_Q3M,True,True,1271.0,269,186,2946,13,0,44000,2439,Very Positive,12,61.33,7.19,11.21,8.0,1.6,0.2,1.0,0.1,1.0,1.0,1.0,1.0,True,0.8,1.0,0.0,0.0,1.0,0.0,0.0,0.0,0.0,0.0,0.0,0.0,0.0,1.0,10.0,0.0,5.0,0.0,1.8,0.0,63.0,10.0
Q-W704aZFAY,True,True,35.0,55,43,73,1,0,10700,653,Neutral,3,7.25,31.13,14.55,31.98,1.447,0.053,0.711,0.1688311688311688,13.0,11.0,0.9090909090909092,0.7692307692307693,True,0.1538461538461539,0.3076923076923077,0.0,0.0,0.3076923076923077,0.0,0.0,0.0769230769230769,0.0,0.1538461538461538,0.0,0.0,0.4615384615384615,0.5,40.0,55.15,7.5,0.417,3.33,0.062,422.0,77.0
Q-Z8B92DQDI,True,True,263.0,139,97,20499,49,31,12500,530,Neutral,9,-653.89,287.31,42.29,296.47,1.344,0.064,0.376,0.1075268817204301,80.0,68.0,0.8970588235294118,0.7625,True,0.395,0.35,0.0875,0.2,0.0875,0.0,0.0125,0.1125,0.05,0.1,0.0,0.0,0.35,0.286,36.0,49.3,6.1,0.084,3.6,0.183,3806.0,739.0
Q19yW66Ec0c,True,True,74.0,36,32,146,0,0,12500,1337,Neutral,3,61.33,7.19,11.21,8.0,1.6,0.2,1.0,0.1,1.0,1.0,1.0,1.0,True,0.8,1.0,0.0,0.0,1.0,0.0,0.0,0.0,0.0,0.0,0.0,0.0,0.0,1.0,10.0,0.0,5.0,0.0,1.8,0.0,63.0,10.0
Q3NIDPxv1FE,True,True,144.0,86,58,1768,19,1,135000,2612,Neutral,3,48.42,11.73,13.11,13.27,1.62,0.145,0.447,0.0607476635514018,26.0,25.0,0.96,0.9230769230769232,True,0.2615384615384615,0.3846153846153846,0.1153846153846153,0.1538461538461538,0.1153846153846153,0.0,0.0,0.0384615384615384,0.1923076923076923,0.0,0.0,0.0,0.3846153846153846,0.55,21.75,8.4,7.1,0.101,3.22,0.048,2642.0,428.0
Q3pJwDD9xts,True,True,178.0,96,73,767,6,0,22200,1782,Neutral,6,66.9,9.11,10.88,11.37,1.404,0.088,0.482,0.0174563591022443,7.0,6.0,0.8333333333333334,0.7142857142857143,True,0.6285714285714286,0.7142857142857143,0.2857142857142857,0.0,0.0,0.0,0.0,0.2857142857142857,0.0,0.0,0.0,0.0,0.4285714285714285,0.105,21.53,15.22,6.0,0.089,3.49,0.152,2216.0,397.0
Q4vdkCf7Xwg,True,True,840.0,5,5,6418,77,1,15400,728,Neutral,1,-1943.43,778.45,96.3,800.55,1.554,0.134,0.263,0.0340236686390532,69.0,38.0,0.631578947368421,0.3478260869565217,True,0.7826086956521741,0.9565217391304348,0.0434782608695652,0.1159420289855072,0.072463768115942,0.0,0.3768115942028985,0.0289855072463768,0.0,0.0869565217391304,0.0,0.0,0.2753623188405797,12.0,1031.0,216.37,23.5,0.674,8.88,0.121,11866.0,2028.0
Q75-R4EMtZI,True,True,1768.0,180,116,1245,11,2,17400,646,Neutral,22,63.97,8.92,26.38,10.85,1.467,0.102,0.185,0.000605815831987,3.0,3.0,1.0,1.0,True,0.8,1.0,0.0,0.0,0.0,0.0,0.0,0.0,0.0,0.0,0.0,0.0,1.0,0.063,18.83,13.05,6.01,0.008,3.34,0.135,27381.0,4947.0
Q7AmST-zobk,True,True,3551.0,44,37,1226,14,0,60900,808,Neutral,2,-9744.44,3777.2,199.7,3876.4,1.49,0.122,0.14,0.0050983991026817,50.0,41.0,0.8292682926829268,0.68,True,0.8,1.0,0.0,0.12,0.22,0.0,0.0,0.0,0.2,0.0,0.0,0.0,0.46,0.449,74.18,107.35,8.96,0.011,5.03,0.13,53625.0,9768.0
Q7MEYaJRc1c,True,True,51.0,24,22,28908,461,6,7100,269,Neutral,1,-44.57,50.53,24.5,54.48,1.472,0.112,0.696,0.1349206349206349,17.0,17.0,1.0,1.0,False,0.211764705882353,0.2941176470588235,0.0,0.0,0.1764705882352941,0.0,0.0,0.0588235294117647,0.2352941176470588,0.1176470588235294,0.0,0.0,0.4117647058823529,0.25,32.0,26.68,7.25,0.379,2.65,0.141,680.0,126.0
Q88c7drpQrw,True,True,137.0,87,64,1586,13,2,15600,1174,Negative,5,-227.19,124.94,29.31,131.16,1.267,0.065,0.45,0.1585365853658536,52.0,44.0,0.9090909090909092,0.7692307692307693,False,0.0923076923076924,0.2692307692307692,0.0384615384615384,0.2115384615384615,0.173076923076923,0.0,0.0576923076923076,0.0,0.0769230769230769,0.0384615384615384,0.0,0.0384615384615384,0.3653846153846153,0.091,31.09,29.07,6.27,0.102,3.13,0.213,1617.0,330.0
QBUYa64o_4A,True,True,116.0,65,54,5623,40,3,45400,902,Neutral,4,-233.17,116.09,50.24,121.68,1.806,0.24,0.509,0.2077464788732394,59.0,42.0,0.8095238095238095,0.576271186440678,True,0.223728813559322,0.3050847457627119,0.4915254237288136,0.1016949152542373,0.0338983050847457,0.0,0.0169491525423728,0.0677966101694915,0.0,0.0,0.0,0.0338983050847457,0.2542372881355932,5.0,285.0,0.0,20.0,0.938,6.31,0.056,1798.0,283.0
QCe8XZqlGNg,True,True,214.0,149,104,22144,112,14,569000,3032,Neutral,7,50.92,9.98,11.46,10.7,1.659,0.138,0.691,0.0078125,1.0,1.0,1.0,1.0,True,0.8,1.0,0.0,0.0,0.0,0.0,0.0,0.0,0.0,0.0,0.0,0.0,1.0,0.125,16.5,5.37,6.38,0.27,2.78,0.091,930.0,127.0
QFuvgdNZn7w,True,True,197.0,127,99,81671,881,0,1220000,11882,Neutral,6,-438.38,201.1,45.5,207.61,1.508,0.108,0.51,0.1428571428571428,75.0,60.0,0.9166666666666666,0.7333333333333333,False,0.1706666666666667,0.2666666666666666,0.0533333333333333,0.04,0.1866666666666666,0.0,0.0266666666666666,0.0933333333333333,0.04,0.04,0.0,0.04,0.48,2.25,134.5,92.32,18.0,0.379,4.76,0.104,2882.0,523.0
QG52CnLXfG0,True,True,111.0,110,81,734,4,1,697000,6101,Neutral,4,-197.62,110.38,29.92,114.0,1.421,0.079,0.589,0.2125435540069686,61.0,55.0,0.9090909090909092,0.819672131147541,False,0.1639344262295081,0.2622950819672131,0.0983606557377049,0.2295081967213114,0.0983606557377049,0.0,0.0,0.0655737704918032,0.0655737704918032,0.0655737704918032,0.0,0.0163934426229508,0.360655737704918,0.75,74.25,45.77,11.25,0.421,4.55,0.131,1575.0,283.0
QHlhAhx4Ur4,True,True,78.0,325,184,4518,14,1,3900,286,Neutral,14,-138.74,83.29,37.88,88.07,1.637,0.181,0.603,0.1127450980392156,23.0,12.0,0.6666666666666666,0.3478260869565217,True,0.2434782608695653,0.3043478260869565,0.217391304347826,0.0434782608695652,0.0869565217391304,0.0,0.0,0.3043478260869565,0.0869565217391304,0.0,0.0,0.0,0.2608695652173913,1.0,206.0,0.0,18.0,0.917,4.56,0.058,1244.0,204.0
QLX6gfrwXK8,True,True,38.0,144,100,260,1,0,135000,2612,Neutral,3,50.92,9.98,11.46,10.7,1.659,0.138,0.691,0.0078125,1.0,1.0,1.0,1.0,True,0.8,1.0,0.0,0.0,0.0,0.0,0.0,0.0,0.0,0.0,0.0,0.0,1.0,0.125,16.5,5.37,6.38,0.27,2.79,0.091,930.0,127.0
QLdIEi7IGl8,True,True,206.0,19,18,3203,16,0,27400,964,Neutral,3,-457.81,211.02,43.12,219.09,1.39,0.091,0.43,0.0919117647058823,50.0,38.0,0.7894736842105263,0.6,False,0.104,0.24,0.0,0.02,0.18,0.0,0.0,0.0,0.2,0.04,0.0,0.0,0.56,2.167,93.0,108.47,8.0,0.318,5.37,0.143,2861.0,542.0
QLzRT5kWsPE,True,True,60.0,24,21,336,1,1,28500,750,Neutral,1,-94.86,70.21,30.53,74.95,1.455,0.131,0.574,0.1485714285714285,26.0,24.0,0.9166666666666666,0.8461538461538461,True,0.2461538461538461,0.3461538461538461,0.0,0.0,0.2307692307692307,0.0,0.0,0.1153846153846153,0.0769230769230769,0.0769230769230769,0.0,0.0,0.5,0.25,22.88,12.46,8.0,0.2,2.6,0.158,954.0,177.0
QNOM2D-8HTQ,True,True,1379.0,5,5,3649,8,3,12500,1337,Neutral,1,60.03,9.59,26.17,11.57,1.508,0.114,0.211,0.0004646840148698,2.0,2.0,1.0,1.0,True,0.8,1.0,0.0,0.0,0.5,0.0,0.0,0.0,0.0,0.0,0.0,0.0,0.5,0.296,19.18,10.21,6.39,0.008,3.12,0.129,24613.0,4301.0
QNtm5tKDT-s,True,True,262.0,81,64,225,6,0,56400,1114,Neutral,4,69.49,7.08,11.86,9.37,1.454,0.11,0.421,0.0218408736349454,14.0,11.0,0.9090909090909092,0.7142857142857143,True,0.6857142857142857,0.7142857142857143,0.3571428571428571,0.1428571428571428,0.0714285714285714,0.0,0.0714285714285714,0.0,0.1428571428571428,0.0,0.0,0.0,0.2142857142857142,0.125,13.67,9.51,5.25,0.036,2.99,0.197,3586.0,658.0
QOFgIOCS2hE,True,True,85.0,256,160,2,0,0,21200,1769,Neutral,10,70.38,7.72,9.85,9.57,1.406,0.08,0.567,0.0357142857142857,8.0,8.0,1.0,1.0,True,0.55,0.5,0.0,0.0,0.25,0.0,0.0,0.0,0.125,0.0,0.0,0.0,0.625,0.077,17.54,11.23,6.85,0.12,2.98,0.158,1207.0,224.0
QPGH2cP4WGQ,True,True,2086.0,33,28,2222,17,8,569000,3032,Neutral,2,-6591.05,2568.48,133.27,2636.76,1.349,0.079,0.163,0.007916355489171,53.0,43.0,0.813953488372093,0.660377358490566,True,0.8,1.0,0.0754716981132075,0.0,0.2264150943396226,0.0,0.0,0.0,0.0566037735849056,0.1320754716981132,0.0,0.0,0.5094339622641509,0.134,27.28,37.51,5.78,0.006,3.34,0.185,33904.0,6651.0
QPj6e1aqiB0,True,True,211.0,99,69,10492,57,10,477000,4732,Neutral,15,-375.07,174.38,49.89,180.95,1.623,0.153,0.368,0.2374429223744292,104.0,56.0,0.6428571428571429,0.3461538461538461,False,0.123076923076923,0.2596153846153846,0.1923076923076923,0.0192307692307692,0.3365384615384615,0.0,0.0384615384615384,0.0096153846153846,0.0192307692307692,0.0384615384615384,0.0,0.0,0.3461538461538461,0.4,89.8,110.89,9.6,0.279,6.77,0.08,2453.0,442.0
QQK1zR6rUX4,True,True,2762.0,465,261,1584,0,0,128000,2724,Neutral,13,-6892.8,2683.85,142.36,2754.99,1.376,0.086,0.138,0.0141495812879006,98.0,40.0,0.75,0.3061224489795918,True,0.8,1.0,0.0,0.0,0.2244897959183673,0.0,0.0,0.0,0.0510204081632653,0.010204081632653,0.0,0.0,0.7142857142857143,0.496,56.87,66.18,8.05,0.017,4.4,0.119,35492.0,6899.0
QR_xbxJoEFY,True,True,1339.0,30,26,2780,30,2,50000,1839,Neutral,1,-3716.16,1462.7,107.85,1502.39,1.404,0.09,0.2,0.0157521659228143,60.0,42.0,0.7857142857142857,0.55,True,0.8,1.0,0.0,0.0,0.1666666666666666,0.0,0.0,0.0,0.0166666666666666,0.1,0.0,0.0,0.7166666666666667,0.324,57.32,78.84,7.72,0.026,4.5,0.154,20035.0,3790.0
QTXUASOFP4c,True,True,135.0,82,70,97,1,0,45400,902,Neutral,5,-249.69,126.84,39.71,131.59,1.593,0.129,0.53,0.1849529780564263,59.0,48.0,0.8333333333333334,0.6779661016949152,False,0.1694915254237288,0.288135593220339,0.0,0.0338983050847457,0.1525423728813559,0.0,0.0,0.0,0.0847457627118644,0.0677966101694915,0.0,0.0338983050847457,0.6271186440677966,0.667,109.67,27.97,15.0,0.528,3.79,0.125,1847.0,319.0
QXOLqAlW1SM,True,True,175.0,119,92,116,1,0,15400,480,Neutral,6,-341.17,161.96,45.11,166.93,1.595,0.133,0.494,0.1177884615384615,49.0,35.0,0.8857142857142857,0.6326530612244898,False,0.0897959183673469,0.2653061224489796,0.0408163265306122,0.0612244897959183,0.1428571428571428,0.0,0.0,0.1224489795918367,0.0612244897959183,0.1020408163265306,0.0,0.0,0.4693877551020408,2.0,423.0,0.0,16.0,0.96,5.23,0.097,2336.0,416.0
QX_qo-yAEuo,True,True,100.0,91,67,580,5,0,135000,2612,Neutral,3,-225.9,116.31,43.12,121.59,1.66,0.17,0.531,0.1770833333333333,51.0,43.0,0.9302325581395348,0.7843137254901961,True,0.2823529411764707,0.3333333333333333,0.0784313725490196,0.1176470588235294,0.4509803921568627,0.0,0.0784313725490196,0.0784313725490196,0.0,0.0588235294117647,0.0,0.0,0.1372549019607843,3.0,290.0,0.0,18.0,0.968,7.85,0.097,1695.0,288.0
QXalz5kCJKk,True,True,305.0,221,138,2601,28,5,75200,1684,Positive,12,65.68,9.59,12.4,12.41,1.403,0.099,0.415,0.0123762376237623,10.0,10.0,1.0,1.0,True,0.52,0.5,0.1,0.1,0.2,0.0,0.0,0.0,0.1,0.0,0.0,0.0,0.5,0.098,20.1,16.7,6.1,0.042,3.63,0.166,4294.0,809.0
QapEAECWcJY,True,True,1265.0,124,88,124877,1220,248,34900,832,Neutral,5,-2981.72,1182.38,80.83,1214.83,1.313,0.061,0.24,0.0267396907216494,83.0,76.0,0.9210526315789472,0.8433734939759037,True,0.8,1.0,0.0120481927710843,0.1927710843373494,0.144578313253012,0.0,0.0,0.0240963855421686,0.0120481927710843,0.0481927710843373,0.0,0.036144578313253,0.5301204819277109,0.181,38.77,43.19,7.12,0.028,3.62,0.19,15469.0,3082.0
QcCt6FqxHxU,True,True,64.0,9,9,1674,11,2,11500,201,Neutral,1,-107.79,77.48,22.92,81.42,1.343,0.061,0.53,0.1767676767676767,35.0,26.0,0.8076923076923077,0.6,True,0.2285714285714286,0.3142857142857143,0.0,0.0,0.0285714285714285,0.0,0.0,0.0,0.0,0.0,0.0,0.0,0.9714285714285714,2.0,201.0,0.0,18.0,0.955,6.72,0.1,1017.0,198.0
QcQv5RQJQ9k,True,True,127.0,20,20,3467,32,1,477000,4732,Neutral,2,52.47,11.42,12.66,13.36,1.56,0.126,0.495,0.0096774193548387,3.0,3.0,1.0,1.0,True,0.6666666666666667,0.6666666666666666,0.3333333333333333,0.0,0.0,0.0,0.0,0.0,0.0,0.0,0.0,0.0,0.6666666666666666,0.0,22.5,15.27,7.21,0.123,3.34,0.121,1837.0,311.0
Qf7D8p-EAUU,True,True,1698.0,519,312,34,1,0,3640,696,Neutral,20,-3743.5,1468.25,144.22,1507.19,1.643,0.162,0.248,0.0236282488842215,90.0,68.0,0.8529411764705882,0.6444444444444445,True,0.8,1.0,0.2666666666666666,0.0111111111111111,0.1,0.0,0.0111111111111111,0.0222222222222222,0.0222222222222222,0.0333333333333333,0.0,0.0,0.5333333333333333,4.467,256.53,612.98,9.27,0.372,16.13,0.068,22969.0,3816.0
QfDjjQ2f8HU,True,True,1237.0,55,48,13709,95,9,25800,453,Neutral,3,-3336.83,1315.63,113.76,1351.64,1.467,0.111,0.244,0.0184264404796724,63.0,52.0,0.8461538461538461,0.6984126984126984,True,0.8,1.0,0.1269841269841269,0.1428571428571428,0.1269841269841269,0.0,0.3015873015873015,0.0793650793650793,0.0158730158730158,0.0476190476190476,0.0,0.0,0.1587301587301587,3.333,293.58,311.39,15.33,0.182,8.56,0.14,18945.0,3405.0
QfT1CWNRAhs,True,True,197.0,41,34,1344,10,2,50000,1839,Neutral,2,-416.03,190.04,54.54,196.72,1.628,0.169,0.391,0.1799163179916318,86.0,47.0,0.8936170212765957,0.4883720930232558,False,0.1162790697674418,0.2441860465116279,0.0232558139534883,0.0,0.2790697674418604,0.0,0.0,0.0232558139534883,0.0930232558139534,0.0,0.0,0.0,0.5813953488372093,3.5,241.5,340.12,10.0,0.483,5.04,0.062,2889.0,480.0
QfwftqDZ0Cs,True,True,175.0,51,38,191,2,0,21200,805,Neutral,2,-427.39,199.82,41.02,207.06,1.366,0.086,0.452,0.0938697318007662,49.0,40.0,0.825,0.673469387755102,True,0.3020408163265307,0.3877551020408163,0.0,0.0204081632653061,0.0612244897959183,0.0,0.0,0.0,0.0816326530612244,0.1020408163265306,0.0,0.0,0.7346938775510204,0.111,59.33,60.19,9.0,0.211,3.92,0.157,2641.0,515.0
QgZx0cblW6E,True,True,1823.0,8,6,319,2,0,569000,3032,Neutral,1,-4172.26,1635.37,140.0,1679.5,1.528,0.137,0.244,0.0087284736966265,37.0,35.0,0.9714285714285714,0.918918918918919,True,0.8,1.0,0.054054054054054,0.0,0.1891891891891892,0.0,0.0,0.0,0.0,0.1621621621621621,0.0,0.0,0.5945945945945946,0.49,45.04,86.91,6.78,0.014,4.21,0.145,23833.0,4221.0
QijkFzZbKXQ,True,True,563.0,80,62,2554,14,0,1220000,11882,Neutral,4,-1110.08,462.98,53.91,477.09,1.325,0.067,0.318,0.0491257285595337,59.0,52.0,0.903846153846154,0.7966101694915254,True,0.5966101694915256,0.5423728813559322,0.0338983050847457,0.0169491525423728,0.135593220338983,0.0,0.0169491525423728,0.0,0.2203389830508474,0.0847457627118644,0.0,0.0508474576271186,0.4406779661016949,0.222,45.3,59.02,7.41,0.069,3.58,0.168,5958.0,1193.0
QiqQf4m_Quc,True,True,210.0,66,55,3800,19,0,191000,1170,Positive,5,-472.25,220.48,27.37,228.72,1.2,0.032,0.371,0.1428571428571428,83.0,69.0,0.855072463768116,0.7108433734939759,True,0.2891566265060241,0.3132530120481928,0.0602409638554216,0.0843373493975903,0.0843373493975903,0.0,0.0,0.072289156626506,0.0602409638554216,0.0120481927710843,0.0,0.0,0.6265060240963856,0.238,28.52,26.21,5.86,0.09,3.2,0.227,2743.0,572.0
Qj9PWgQhME8,True,True,98.0,29,27,284,0,0,10700,653,Neutral,2,61.33,7.19,11.21,8.0,1.6,0.2,1.0,0.1,1.0,1.0,1.0,1.0,True,0.8,1.0,0.0,0.0,1.0,0.0,0.0,0.0,0.0,0.0,0.0,0.0,0.0,1.0,10.0,0.0,5.0,0.0,1.8,0.0,63.0,10.0
QlxVHNB98zM,True,True,328.0,60,44,41946,81,11,477000,4732,Neutral,4,70.49,7.43,12.1,9.62,1.418,0.098,0.396,0.0091383812010443,7.0,7.0,1.0,1.0,True,0.6857142857142857,0.7142857142857143,0.0,0.1428571428571428,0.4285714285714285,0.0,0.0,0.1428571428571428,0.0,0.0,0.0,0.0,0.2857142857142857,0.157,15.69,9.48,5.59,0.045,3.1,0.147,4191.0,769.0
QmvPGSmuUQg,True,True,4700.0,59,47,1013,7,0,191000,1170,Neutral,3,-10486.06,4062.98,194.14,4169.36,1.45,0.107,0.146,0.005708848715509,60.0,39.0,0.7948717948717948,0.5166666666666667,True,0.8,1.0,0.1166666666666666,0.0,0.2,0.0,0.0666666666666666,0.1,0.0833333333333333,0.0,0.0,0.0,0.4333333333333333,0.363,59.27,78.71,8.3,0.01,4.23,0.145,56666.0,10487.0
QozgxjwrX6c,True,True,3663.0,129,86,250,5,0,2020,191,Neutral,7,-4831.78,1889.46,142.65,1940.02,1.496,0.123,0.156,0.0071913298895978,71.0,50.0,0.68,0.4788732394366197,True,0.8,1.0,0.0140845070422535,0.0,0.1549295774647887,0.0,0.056338028169014,0.0422535211267605,0.0985915492957746,0.0140845070422535,0.0,0.0,0.6197183098591549,0.472,56.92,73.73,8.12,0.009,4.38,0.132,53731.0,9817.0
QpnUrMs9biQ,True,True,139.0,111,89,1652,16,1,697000,6101,Neutral,7,74.5,7.61,10.13,9.63,1.335,0.079,0.458,0.0365535248041775,14.0,14.0,1.0,1.0,True,0.5714285714285714,0.6428571428571429,0.0,0.2142857142857142,0.1428571428571428,0.0,0.0,0.0,0.2142857142857142,0.0,0.0,0.0714285714285714,0.3571428571428571,0.0,19.5,10.85,5.85,0.08,3.33,0.174,1958.0,381.0
QpqHgJNIccc,True,True,170.0,19,19,330,1,0,1220000,11882,Neutral,1,-342.23,169.31,28.68,176.05,1.259,0.046,0.39,0.1550561797752809,69.0,48.0,0.7708333333333334,0.5362318840579711,True,0.1739130434782609,0.3188405797101449,0.1014492753623188,0.0869565217391304,0.0869565217391304,0.0,0.0,0.0144927536231884,0.0144927536231884,0.072463768115942,0.0,0.1014492753623188,0.5217391304347826,0.438,29.25,41.88,5.81,0.109,3.63,0.216,2111.0,438.0
Qu0HUsfzsmc,True,True,289.0,57,48,140960,1097,62,697000,6101,Neutral,2,-779.99,331.97,64.12,342.97,1.527,0.135,0.364,0.0868544600938967,74.0,61.0,0.8688524590163934,0.7162162162162162,True,0.518918918918919,0.4459459459459459,0.0,0.1081081081081081,0.1621621621621621,0.0,0.0135135135135135,0.0,0.027027027027027,0.0405405405405405,0.0,0.027027027027027,0.6216216216216216,1.667,292.67,267.73,14.33,0.667,6.6,0.107,4782.0,851.0
QvNgfCLwmYc,True,True,1305.0,28,26,343,5,1,14600,3587,Neutral,1,-3087.4,1221.97,92.55,1255.39,1.362,0.078,0.231,0.0210493245366006,67.0,54.0,0.8518518518518519,0.6865671641791045,True,0.8,1.0,0.0,0.044776119402985,0.1343283582089552,0.0,0.0,0.0,0.0298507462686567,0.0895522388059701,0.0,0.0,0.7014925373134329,0.338,42.69,49.32,7.14,0.022,3.97,0.169,16221.0,3161.0
QwAk_NS7vsg,True,True,12450.0,189,131,2849,5,0,98800,3649,Neutral,19,-14877.11,5748.78,253.12,5898.3,1.518,0.13,0.117,0.0017669611601933,53.0,40.0,0.8,0.6037735849056604,True,0.8,1.0,0.1320754716981132,0.0943396226415094,0.0754716981132075,0.0,0.0,0.0,0.0,0.1698113207547169,0.0,0.0188679245283018,0.5094339622641509,0.663,68.95,102.15,8.18,0.004,5.07,0.107,163961.0,29918.0
QwTMQQURcoQ,True,True,99.0,24,20,575,3,0,16500,1455,Neutral,2,-109.28,73.96,31.12,77.35,1.541,0.131,0.59,0.1584699453551912,29.0,23.0,0.8695652173913043,0.6896551724137931,False,0.1655172413793104,0.2758620689655172,0.0344827586206896,0.1379310344827586,0.1034482758620689,0.0,0.0,0.2068965517241379,0.0344827586206896,0.0344827586206896,0.0,0.0,0.4482758620689655,2.0,93.0,110.31,10.0,0.882,5.4,0.102,1008.0,183.0
QxVLKER065w,True,True,3670.0,132,103,1858,23,0,24900,211,Neutral,6,-10132.76,3925.51,209.97,4027.96,1.533,0.13,0.164,0.0042759961127308,44.0,38.0,0.8947368421052632,0.7727272727272727,True,0.8,1.0,0.0,0.0,0.1363636363636363,0.0,0.0227272727272727,0.0227272727272727,0.2954545454545454,0.0227272727272727,0.0,0.0,0.5,1.284,74.43,152.9,8.67,0.011,5.95,0.097,57481.0,10245.0
R-8uTWg3W_Q,True,True,231.0,23,22,27886,90,14,15600,1174,Very Positive,1,77.06,5.71,9.89,7.64,1.379,0.072,0.412,0.0135363790186125,8.0,8.0,1.0,1.0,True,0.7,0.75,0.125,0.625,0.0,0.0,0.0,0.0,0.0,0.0,0.0,0.0,0.25,0.14,12.28,9.02,4.74,0.034,2.88,0.168,3153.0,590.0
R0Et_b-xQbo,True,True,108.0,297,173,891,4,0,16500,1455,Positive,18,67.81,8.27,11.05,10.62,1.427,0.107,0.568,0.0456431535269709,11.0,9.0,0.8888888888888888,0.7272727272727273,False,0.1818181818181818,0.2727272727272727,0.0,0.0,0.0,0.0,0.0,0.3636363636363636,0.0909090909090909,0.0,0.0,0.0,0.5454545454545454,0.154,18.85,4.93,6.08,0.103,3.1,0.151,1305.0,238.0
R2Z468hFs_A,True,True,4107.0,85,64,360,0,0,1400,201,Neutral,4,-5746.93,2242.18,142.71,2301.65,1.443,0.104,0.124,0.0043754289636238,51.0,45.0,0.9333333333333332,0.8235294117647058,True,0.8,1.0,0.0392156862745098,0.0196078431372549,0.2156862745098039,0.0,0.0,0.0,0.0,0.0392156862745098,0.0,0.0,0.6862745098039216,0.59,74.62,77.34,9.3,0.013,4.33,0.128,61592.0,11615.0
R6taKRmLw2g,True,True,3489.0,84,67,444,5,0,1100,430,Neutral,4,-6752.24,2625.49,182.88,2694.81,1.586,0.147,0.186,0.0095870206489675,65.0,59.0,0.9152542372881356,0.8307692307692308,True,0.8,1.0,0.0,0.0,0.2153846153846154,0.0,0.0,0.0,0.1538461538461538,0.0923076923076923,0.0,0.0,0.5384615384615384,0.317,56.04,87.53,7.56,0.015,4.53,0.102,39188.0,6776.0
R7LPQeoYK2o,True,True,520.0,53,34,4794,0,0,7800,361,Neutral,3,-1200.24,493.69,70.0,507.68,1.515,0.109,0.316,0.0587314017227877,75.0,64.0,0.890625,0.76,True,0.6346666666666667,0.5866666666666667,0.0666666666666666,0.0133333333333333,0.1466666666666666,0.0,0.0,0.0,0.0266666666666666,0.0933333333333333,0.0,0.0,0.6533333333333333,0.556,48.63,60.69,7.81,0.068,4.57,0.12,7093.0,1276.0
R90c0spsgpw,True,True,31.0,95,71,994,7,0,3900,286,Neutral,4,11.03,25.14,15.9,25.3,1.667,0.093,0.722,0.2407407407407407,13.0,12.0,0.9166666666666666,0.8461538461538461,True,0.2461538461538461,0.3076923076923077,0.0,0.0769230769230769,0.1538461538461538,0.0,0.0,0.2307692307692307,0.0769230769230769,0.0769230769230769,0.0,0.0,0.3846153846153846,0.0,55.0,0.0,10.0,0.857,3.26,0.055,350.0,54.0
R9_egq0pplg,True,True,84.0,113,77,78130,0,0,7550,2528,Positive,5,-129.69,85.51,27.37,89.77,1.362,0.083,0.532,0.2307692307692307,51.0,45.0,0.8888888888888888,0.7843137254901961,True,0.2039215686274509,0.3137254901960784,0.0196078431372549,0.0392156862745098,0.0980392156862745,0.0,0.0,0.0196078431372549,0.0,0.1176470588235294,0.0,0.0196078431372549,0.6862745098039216,0.0,20.36,17.47,5.55,0.115,2.91,0.183,1085.0,221.0
REO7QameDRM,True,True,181.0,68,50,12708,69,20,477000,4732,Neutral,4,52.89,10.92,12.11,12.37,1.577,0.122,0.462,0.0307692307692307,12.0,5.0,0.6,0.25,True,0.4333333333333333,0.4166666666666667,0.0,0.0,0.0833333333333333,0.0,0.0,0.5833333333333334,0.0833333333333333,0.0,0.0,0.0,0.25,0.263,20.89,13.48,6.89,0.093,3.17,0.118,2361.0,391.0
RGhu0jmi64I,True,True,68.0,60,52,4407,6,0,55000,668,Neutral,5,87.05,3.45,8.14,6.7,1.303,0.082,0.516,0.1603053435114503,21.0,18.0,0.9444444444444444,0.8095238095238095,True,0.2857142857142858,0.3333333333333333,0.0,0.2857142857142857,0.1428571428571428,0.0,0.0,0.0476190476190476,0.0,0.2857142857142857,0.0,0.0,0.238095238095238,0.133,9.0,4.04,4.2,0.083,2.27,0.207,635.0,130.0
RGu-4oON4LE,True,True,33.0,58,44,1006,1,0,3900,286,Neutral,2,59.88,6.65,8.84,8.51,1.653,0.143,0.857,0.0816326530612244,4.0,4.0,1.0,1.0,True,0.5,0.5,0.0,0.0,0.25,0.0,0.0,0.0,0.0,0.0,0.0,0.0,0.75,0.0,13.75,7.63,4.75,0.143,3.02,0.109,301.0,49.0
RKO_yn2GXK4,True,True,381.0,18,17,2802,3,0,1220000,11882,Neutral,2,-873.9,370.41,61.11,382.47,1.413,0.109,0.354,0.0502092050209205,48.0,38.0,0.868421052631579,0.6875,True,0.5333333333333334,0.4791666666666667,0.1458333333333333,0.0416666666666666,0.25,0.0,0.0,0.0416666666666666,0.0416666666666666,0.0625,0.0,0.0,0.4166666666666667,0.385,74.23,68.37,11.38,0.146,4.04,0.15,4952.0,954.0
RLz_PVzRb8o,True,True,3512.0,121,88,3475,28,0,17100,551,Neutral,4,-9755.54,3781.72,197.87,3881.04,1.478,0.12,0.149,0.0076429226536227,75.0,52.0,0.7692307692307693,0.5333333333333333,True,0.8,1.0,0.0133333333333333,0.0,0.1866666666666666,0.0,0.0,0.1333333333333333,0.24,0.0133333333333333,0.0,0.0,0.4133333333333333,0.632,76.22,105.05,9.11,0.012,4.85,0.131,54615.0,9787.0
RN5DPqzFUr8,True,True,593.0,50,44,1424,4,0,53500,1701,Neutral,3,-1247.33,511.44,78.27,526.72,1.532,0.133,0.321,0.0535444947209653,71.0,42.0,0.9047619047619048,0.5352112676056338,True,0.6253521126760564,0.5633802816901409,0.0704225352112676,0.0140845070422535,0.1971830985915492,0.0,0.0,0.0422535211267605,0.0985915492957746,0.028169014084507,0.0,0.0140845070422535,0.5352112676056338,1.182,122.82,79.2,14.18,0.166,4.59,0.113,7181.0,1323.0
RNwmNoxMl7k,True,True,140.0,109,84,1363,4,0,44000,2439,Positive,5,-311.96,153.41,41.87,160.33,1.465,0.118,0.491,0.1291139240506329,51.0,39.0,0.8205128205128205,0.6274509803921569,True,0.1725490196078432,0.3137254901960784,0.0588235294117647,0.0588235294117647,0.2745098039215686,0.0,0.0196078431372549,0.0,0.0196078431372549,0.0784313725490196,0.0,0.0,0.4901960784313725,0.25,103.0,116.18,9.0,0.299,6.36,0.129,2164.0,394.0
ROstH3irbws,True,True,986.0,63,45,1420,22,1,15600,1174,Neutral,2,-1919.0,769.83,94.53,791.59,1.517,0.13,0.327,0.0276520864756158,55.0,45.0,0.8666666666666667,0.7090909090909091,True,0.7636363636363637,0.9090909090909092,0.0545454545454545,0.0,0.2,0.0,0.0181818181818181,0.0545454545454545,0.0363636363636363,0.0363636363636363,0.0,0.0181818181818181,0.5818181818181818,0.583,85.0,78.17,11.75,0.069,4.23,0.139,11207.0,1989.0
RP7clFVsYsk,True,True,3232.0,75,64,528,4,1,98900,2838,Neutral,4,-8897.24,3452.83,171.44,3543.12,1.434,0.098,0.145,0.0061507492730932,55.0,43.0,0.9069767441860463,0.7090909090909091,True,0.8,1.0,0.0909090909090909,0.0363636363636363,0.1272727272727272,0.0,0.0,0.0545454545454545,0.0545454545454545,0.1272727272727272,0.0,0.0,0.509090909090909,0.43,51.29,63.32,7.82,0.009,4.14,0.151,47673.0,8899.0
RSIeM8UvmII,True,True,81.0,43,33,90,1,0,24900,211,Neutral,2,-144.78,86.87,35.95,91.02,1.577,0.153,0.526,0.125,27.0,21.0,0.8095238095238095,0.6296296296296297,True,0.3407407407407408,0.4074074074074074,0.0,0.0,0.1111111111111111,0.0,0.0,0.0,0.074074074074074,0.074074074074074,0.0,0.0,0.7407407407407407,0.0,37.83,36.41,11.5,0.297,2.91,0.159,1216.0,216.0
RU1barytFxY,True,True,664.0,34,30,15,0,0,75200,1684,Neutral,2,31.04,14.92,21.67,17.11,1.789,0.211,0.288,0.0138339920948616,21.0,18.0,0.8333333333333334,0.7142857142857143,True,0.8,1.0,0.4761904761904761,0.0952380952380952,0.0952380952380952,0.0,0.0,0.0952380952380952,0.0,0.0,0.0,0.0,0.238095238095238,0.206,24.67,21.83,7.86,0.028,3.35,0.084,9971.0,1516.0
RUs1AVUzBP0,True,True,484.0,37,31,306,1,1,10700,653,Neutral,2,-1294.14,529.89,69.51,544.84,1.509,0.1,0.297,0.0447214076246334,61.0,42.0,0.7380952380952381,0.5081967213114754,True,0.6032786885245902,0.5081967213114754,0.2295081967213114,0.0163934426229508,0.1967213114754098,0.0,0.0,0.0491803278688524,0.0163934426229508,0.0,0.0,0.0,0.4918032786885246,0.474,74.0,72.09,10.79,0.071,3.7,0.137,7610.0,1361.0
RX_wdC0SAA8,True,True,4179.0,381,243,154,3,0,15400,480,Neutral,14,-11646.96,4506.62,238.19,4624.42,1.567,0.147,0.149,0.0043634496919917,51.0,40.0,0.8,0.6274509803921569,True,0.8,1.0,0.3529411764705882,0.0392156862745098,0.0,0.0,0.0,0.0392156862745098,0.0392156862745098,0.0,0.0,0.0,0.5294117647058824,0.571,71.19,106.26,8.33,0.01,5.15,0.109,64839.0,11661.0
RXk8Yh_Fecc,True,True,720.0,163,123,176,11,0,46000,861,Positive,9,62.58,6.48,15.2,8.55,1.611,0.148,0.328,0.0182992465016146,17.0,15.0,0.8666666666666667,0.7647058823529411,True,0.611764705882353,0.5294117647058824,0.0,0.1764705882352941,0.2352941176470588,0.0,0.0,0.1176470588235294,0.0,0.2941176470588235,0.0,0.0,0.1764705882352941,0.103,8.39,5.01,4.53,0.014,2.76,0.049,5894.0,948.0
Ra_OdIPXdqE,True,True,445.0,228,142,1925,7,0,24900,211,Neutral,10,-902.92,377.94,70.96,389.64,1.588,0.147,0.341,0.1071060762100926,104.0,74.0,0.8243243243243243,0.5865384615384616,True,0.5615384615384615,0.5192307692307693,0.0288461538461538,0.2980769230769231,0.1057692307692307,0.0,0.3269230769230769,0.0,0.0,0.0,0.0,0.0288461538461538,0.2115384615384615,1.0,141.71,126.39,10.14,0.255,4.49,0.107,5783.0,970.0
RcyIgDT1eYk,True,True,747.0,42,34,687,2,0,12500,530,Neutral,2,-1788.73,717.87,95.42,737.73,1.609,0.142,0.302,0.0415766738660907,77.0,58.0,0.896551724137931,0.6753246753246753,True,0.7168831168831169,0.7922077922077922,0.1038961038961039,0.0389610389610389,0.4545454545454545,0.0,0.0,0.0389610389610389,0.1038961038961039,0.1298701298701298,0.0,0.0,0.1298701298701298,7.667,622.0,380.68,26.0,0.421,6.18,0.104,10992.0,1850.0
RewGkXkOPto,True,True,2040.0,21,18,7127,71,1,75200,1684,Neutral,2,-4910.78,1915.51,175.37,1966.51,1.703,0.186,0.216,0.0088852988691437,44.0,28.0,0.7857142857142857,0.5,True,0.8,1.0,0.0227272727272727,0.0227272727272727,0.1136363636363636,0.0,0.0227272727272727,0.0,0.0227272727272727,0.0227272727272727,0.0,0.0,0.7727272727272727,7.182,458.36,564.03,17.18,0.202,8.74,0.088,29871.0,4952.0
RgXVbmUZmHk,True,True,365.0,218,134,6814,23,0,45300,2832,Neutral,9,-731.09,312.73,64.12,322.98,1.548,0.143,0.39,0.0564617314930991,45.0,26.0,0.7307692307692307,0.4222222222222222,True,0.4888888888888889,0.4666666666666667,0.0222222222222222,0.0,0.3555555555555555,0.0,0.0,0.0,0.0666666666666666,0.0,0.0,0.0,0.5555555555555556,6.0,803.0,0.0,21.0,0.979,8.09,0.125,4693.0,798.0
RiP3m1Cyb1s,True,True,58.0,41,33,785,5,0,6800,1417,Neutral,2,-71.87,62.54,23.73,66.49,1.399,0.082,0.576,0.2,32.0,26.0,0.9615384615384616,0.78125,False,0.2125000000000001,0.28125,0.0,0.03125,0.0625,0.0,0.46875,0.0,0.0,0.0625,0.0,0.0,0.375,1.0,84.0,53.74,11.5,0.591,3.23,0.155,881.0,159.0
Riuu_1EL75s,True,True,3523.0,131,97,447,3,3,46900,1152,Neutral,9,-9653.35,3743.37,185.4,3841.76,1.433,0.106,0.145,0.0047378720774539,46.0,37.0,0.7837837837837838,0.6304347826086957,True,0.8,1.0,0.1739130434782608,0.0,0.1304347826086956,0.0,0.0217391304347826,0.0217391304347826,0.0217391304347826,0.0869565217391304,0.0,0.0,0.5434782608695652,0.337,41.19,55.56,6.65,0.008,4.1,0.158,51965.0,9653.0
RpiwRRDU8Mg,True,True,741.0,51,44,8302,78,2,25800,453,Neutral,3,-2181.7,871.81,93.46,896.34,1.467,0.112,0.242,0.0290437890974084,65.0,44.0,0.8636363636363636,0.5846153846153846,True,0.756923076923077,0.8923076923076924,0.0,0.0923076923076923,0.4153846153846154,0.0,0.0461538461538461,0.0,0.0,0.0307692307692307,0.0,0.0307692307692307,0.3846153846153846,0.957,99.3,113.11,9.74,0.067,5.3,0.135,12247.0,2233.0
Ry0qIblD2UI,True,True,73.0,192,111,821,3,1,16500,1455,Neutral,11,60.01,9.0,12.06,12.26,1.537,0.148,0.631,0.0201342281879194,3.0,3.0,1.0,1.0,True,0.6666666666666667,0.6666666666666666,0.0,0.0,0.3333333333333333,0.0,0.3333333333333333,0.0,0.3333333333333333,0.0,0.0,0.0,0.0,0.0,17.0,10.81,6.22,0.167,3.43,0.118,903.0,149.0
RzVItPnUGg0,True,True,210.0,40,40,2562,14,2,216000,5950,Neutral,2,41.6,11.43,13.98,14.53,1.761,0.225,0.44,0.0355555555555555,16.0,9.0,0.7777777777777778,0.4375,True,0.4750000000000001,0.4375,0.25,0.0625,0.125,0.0,0.0,0.5625,0.0,0.0,0.0,0.0,0.0,0.207,15.62,6.64,6.24,0.058,2.83,0.093,2907.0,450.0
S-wyikxv7jw,True,True,264.0,76,56,3826,14,0,6800,1417,Neutral,3,-359.94,170.04,43.93,175.89,1.552,0.119,0.483,0.1445497630331753,61.0,39.0,0.7948717948717948,0.5081967213114754,False,0.1573770491803279,0.2786885245901639,0.0655737704918032,0.1147540983606557,0.1311475409836065,0.0,0.0,0.0983606557377049,0.0163934426229508,0.0163934426229508,0.0,0.0,0.5573770491803278,0.167,73.0,157.55,5.5,0.439,5.38,0.1,2434.0,430.0
S0NReOVUwOg,True,True,217.0,34,27,10204,98,0,46100,596,Neutral,2,-422.01,196.83,39.26,203.83,1.41,0.08,0.4,0.1188118811881188,60.0,49.0,0.9387755102040816,0.7666666666666667,True,0.3400000000000001,0.4166666666666667,0.0166666666666666,0.0,0.4333333333333333,0.0,0.0,0.1,0.05,0.0333333333333333,0.0,0.0333333333333333,0.3333333333333333,0.5,260.5,303.35,15.5,0.857,5.13,0.14,2755.0,503.0
S1vxtWLZW40,True,True,123.0,109,73,459,2,0,145000,1134,Neutral,5,60.2,9.83,11.6,11.47,1.493,0.11,0.46,0.0165562913907284,5.0,5.0,1.0,1.0,True,0.48,0.4,0.0,0.0,0.2,0.0,0.0,0.0,0.2,0.0,0.0,0.0,0.6,0.062,19.56,11.83,6.06,0.083,3.39,0.179,1765.0,310.0
S3CegUhEd7Y,True,True,195.0,162,103,7023879,16988,1843,697000,6101,Neutral,8,68.3,6.95,10.65,8.77,1.482,0.109,0.493,0.0536082474226804,26.0,18.0,0.8333333333333334,0.5769230769230769,True,0.323076923076923,0.3076923076923077,0.2692307692307692,0.3076923076923077,0.0384615384615384,0.0,0.0,0.2307692307692307,0.0,0.0,0.0,0.0,0.1538461538461538,0.027,13.35,6.52,5.27,0.042,2.84,0.085,2801.0,483.0
S400x_NWsHw,True,True,239.0,19,19,490,3,0,75200,1684,Neutral,1,-403.07,186.49,50.24,193.84,1.558,0.144,0.437,0.2079831932773109,99.0,70.0,0.8285714285714286,0.5858585858585859,False,0.1333333333333333,0.2424242424242424,0.0101010101010101,0.2222222222222222,0.1313131313131313,0.0,0.2323232323232323,0.0,0.0101010101010101,0.0909090909090909,0.0,0.0,0.303030303030303,8.0,481.0,0.0,14.0,0.968,9.12,0.114,2836.0,475.0
S4EJSgXmOTU,True,True,174.0,55,51,639,6,1,11700,1438,Positive,4,79.55,5.17,9.12,7.37,1.359,0.08,0.432,0.0047961630695443,2.0,2.0,1.0,1.0,True,0.6000000000000001,0.5,0.5,0.0,0.0,0.0,0.0,0.0,0.0,0.0,0.0,0.0,0.5,0.03,13.12,7.87,4.79,0.059,2.93,0.196,2209.0,416.0
S8BCExUiu6w,True,True,189.0,81,55,16038,84,21,477000,4732,Neutral,6,41.06,12.43,13.78,14.19,1.723,0.176,0.437,0.0548302872062663,21.0,13.0,0.5384615384615384,0.3333333333333333,False,0.2666666666666666,0.2857142857142857,0.3333333333333333,0.0,0.1428571428571428,0.0,0.0476190476190476,0.0952380952380952,0.0,0.0,0.0,0.0,0.3809523809523809,0.125,16.38,13.62,5.62,0.094,3.37,0.097,2425.0,383.0
S8EUEQSxB7o,True,True,1067.0,46,41,8629,58,4,22200,1782,Neutral,3,-2597.04,1033.08,92.55,1061.97,1.385,0.093,0.259,0.0265619154508043,71.0,69.0,0.9710144927536232,0.943661971830986,True,0.8,1.0,0.028169014084507,0.0422535211267605,0.1267605633802817,0.0,0.0140845070422535,0.0,0.0985915492957746,0.1267605633802817,0.0,0.0422535211267605,0.5211267605633803,0.491,51.77,78.04,7.74,0.032,4.15,0.176,14110.0,2666.0
S9J_U8Hmtu8,True,True,2061.0,25,24,7006,50,4,952,151,Neutral,1,-6732.35,2620.98,153.73,2690.47,1.435,0.103,0.158,0.0045348156816851,31.0,25.0,0.84,0.6774193548387096,True,0.8,1.0,0.2258064516129032,0.0,0.2580645161290322,0.0,0.0,0.0,0.032258064516129,0.0967741935483871,0.0,0.032258064516129,0.3548387096774194,0.568,53.92,56.37,8.38,0.016,4.18,0.149,36935.0,6794.0
S9TEsJ4etBE,True,True,6758.0,30,26,102,1,0,939,79,Neutral,2,-16066.09,6204.9,271.38,6365.9,1.553,0.139,0.145,0.0019209319618292,31.0,28.0,0.9285714285714286,0.8387096774193549,True,0.8,1.0,0.0,0.0,0.1290322580645161,0.0,0.032258064516129,0.0,0.032258064516129,0.0,0.0,0.0,0.8064516129032258,0.845,79.79,106.58,9.52,0.009,4.78,0.117,90585.0,16095.0
SDkAO6Fom2w,True,True,265.0,68,53,106,7,1,10700,653,Neutral,4,48.37,13.48,14.04,16.28,1.537,0.13,0.419,0.0373001776198934,21.0,16.0,0.875,0.6666666666666666,True,0.5523809523809524,0.5238095238095238,0.3333333333333333,0.0,0.1428571428571428,0.0,0.0,0.0952380952380952,0.0,0.0,0.0,0.0,0.4285714285714285,0.286,27.38,22.85,7.86,0.095,3.56,0.139,3259.0,563.0
SFmFFe-j0xg,True,True,77.0,39,34,615,4,0,2020,191,Neutral,1,-139.65,83.17,36.93,87.9,1.66,0.172,0.557,0.1133004926108374,23.0,19.0,0.8947368421052632,0.7391304347826086,True,0.2260869565217391,0.3478260869565217,0.0434782608695652,0.0434782608695652,0.0,0.0,0.0869565217391304,0.1739130434782608,0.0434782608695652,0.0434782608695652,0.0,0.0,0.5652173913043478,0.0,207.0,0.0,14.0,0.909,4.83,0.116,1191.0,203.0
SFrgUXWI6IU,True,True,6117.0,123,97,337,2,0,1400,201,Neutral,4,-15126.05,5844.74,254.88,5996.82,1.503,0.13,0.158,0.0030789387487717,47.0,39.0,0.8205128205128205,0.6808510638297872,True,0.8,1.0,0.0212765957446808,0.0,0.1702127659574468,0.0,0.0,0.0,0.0,0.0212765957446808,0.0,0.0,0.7872340425531915,0.654,72.1,96.19,8.84,0.008,4.94,0.109,84170.0,15232.0
SFzsGg_-fnQ,True,True,3646.0,163,119,1107,3,0,45300,2832,Neutral,6,-9476.01,3674.17,199.87,3770.67,1.485,0.126,0.162,0.0053503986571548,51.0,27.0,0.8518518518518519,0.4509803921568627,True,0.8,1.0,0.0392156862745098,0.0,0.1764705882352941,0.0,0.0,0.0,0.0196078431372549,0.0980392156862745,0.0,0.0,0.6666666666666666,0.721,93.46,126.94,10.21,0.017,4.87,0.117,52482.0,9504.0
SHdlRVRYKJw,True,True,204.0,141,84,4370,23,0,145000,1134,Neutral,6,50.26,11.01,12.94,13.16,1.621,0.154,0.484,0.0570652173913043,21.0,17.0,0.9411764705882352,0.7619047619047619,False,0.2095238095238096,0.2857142857142857,0.0476190476190476,0.0952380952380952,0.2857142857142857,0.0,0.0,0.3333333333333333,0.0476190476190476,0.0,0.0,0.0,0.1904761904761904,0.421,19.47,6.38,6.47,0.077,2.99,0.054,2195.0,364.0
SKATSZD-zJ0,True,True,271.0,317,194,550,7,2,35300,1846,Neutral,14,-742.05,317.24,61.95,327.71,1.534,0.131,0.347,0.04920049200492,40.0,36.0,0.8888888888888888,0.8,True,0.5,0.475,0.15,0.025,0.175,0.0,0.0,0.0,0.05,0.05,0.0,0.0,0.55,0.308,64.31,40.45,11.85,0.145,3.52,0.142,4534.0,815.0
SL60lZ_Zn9k,True,True,216.0,211,128,6209,49,11,53500,1701,Neutral,10,-304.23,150.34,37.88,155.97,1.47,0.097,0.517,0.1354166666666666,52.0,43.0,0.9534883720930232,0.7884615384615384,False,0.2076923076923078,0.2884615384615384,0.0192307692307692,0.0384615384615384,0.0576923076923076,0.0,0.0,0.0,0.0,0.0576923076923076,0.0,0.0,0.8269230769230769,0.143,55.86,51.3,8.57,0.212,4.07,0.138,2047.0,386.0
SLfYIwQlfXQ,True,True,139.0,87,66,64,1,0,5390,505,Neutral,4,66.83,7.31,10.37,9.53,1.492,0.118,0.466,0.0546875,21.0,18.0,0.8888888888888888,0.7619047619047619,True,0.4761904761904763,0.4285714285714285,0.0476190476190476,0.1428571428571428,0.4761904761904761,0.0,0.0,0.0,0.0952380952380952,0.0952380952380952,0.0,0.0,0.1428571428571428,0.1,12.97,7.65,5.27,0.052,2.63,0.157,2112.0,385.0
SNcbcu44LMo,True,True,985.0,147,102,307,7,0,569000,3032,Neutral,7,-1178.81,488.46,61.39,503.21,1.37,0.083,0.24,0.0295508274231678,75.0,65.0,0.9384615384615383,0.8133333333333334,True,0.8,1.0,0.04,0.08,0.1866666666666666,0.0,0.0133333333333333,0.08,0.1333333333333333,0.0266666666666666,0.0,0.04,0.4,0.435,57.02,68.35,8.26,0.038,4.2,0.205,12939.0,2513.0
SQ5ZUBj90V8,True,True,3580.0,286,154,373,5,0,45300,2832,Positive,13,-9461.61,3666.2,221.04,3762.31,1.602,0.155,0.148,0.0052192066805845,50.0,37.0,0.8648648648648649,0.64,True,0.8,1.0,0.28,0.08,0.1,0.0,0.0,0.1,0.06,0.02,0.0,0.0,0.36,0.769,90.64,77.33,10.53,0.016,4.29,0.12,55001.0,9546.0
SSDEgu1ZSeE,True,True,327.0,123,92,5367,62,6,145000,1134,Neutral,7,81.42,5.05,9.56,7.04,1.33,0.057,0.415,0.001466275659824,1.0,1.0,1.0,1.0,True,0.8,1.0,0.0,0.0,0.0,0.0,0.0,0.0,0.0,0.0,0.0,0.0,1.0,0.111,13.07,8.41,5.04,0.031,3.2,0.177,3659.0,686.0
SVO_Ud-glMU,True,True,144.0,100,69,465,1,0,13500,719,Neutral,6,50.31,9.89,12.33,11.83,1.674,0.177,0.49,0.012531328320802,5.0,4.0,0.75,0.6,True,0.48,0.4,0.0,0.0,0.2,0.0,0.2,0.4,0.2,0.0,0.0,0.0,0.0,0.148,15.22,7.33,6.22,0.066,2.8,0.107,2547.0,400.0
SVym7iEvqgI,True,True,246.0,301,178,1267,10,0,13500,719,Neutral,15,-671.78,288.06,65.19,297.14,1.639,0.162,0.391,0.0420054200542005,31.0,20.0,0.85,0.5483870967741935,True,0.4774193548387098,0.4193548387096774,0.0,0.0,0.4193548387096774,0.0,0.032258064516129,0.0,0.064516129032258,0.0,0.0,0.0,0.4838709677419355,0.4,154.2,113.14,12.0,0.343,4.53,0.176,4489.0,737.0
SW4AAakdQaw,True,True,209.0,88,68,381,4,0,13500,719,Neutral,5,58.78,8.87,13.02,10.78,1.566,0.143,0.397,0.0079239302694136,5.0,4.0,0.75,0.6,True,0.32,0.4,0.0,0.2,0.2,0.0,0.0,0.4,0.0,0.0,0.0,0.0,0.2,0.095,15.31,7.25,6.21,0.045,2.93,0.159,3763.0,632.0
S_liXaLkTwk,True,True,124.0,75,59,5179,29,6,22200,1782,Neutral,3,-185.77,105.75,31.12,110.48,1.425,0.09,0.534,0.2436363636363636,67.0,57.0,0.8596491228070176,0.7313432835820896,False,0.1253731343283581,0.2686567164179104,0.0,0.0,0.1044776119402985,0.0,0.0,0.0,0.044776119402985,0.1641791044776119,0.0,0.0895522388059701,0.5970149253731343,0.25,71.5,64.32,9.0,0.378,5.19,0.077,1428.0,272.0
SbU7imzshS0,True,True,264.0,22,22,21379,119,6,98900,2838,Neutral,1,-658.59,285.48,60.83,294.53,1.519,0.14,0.342,0.0544217687074829,40.0,27.0,0.7407407407407407,0.5,True,0.47,0.425,0.05,0.025,0.075,0.0,0.075,0.0,0.125,0.0,0.0,0.0,0.65,0.8,149.4,191.24,12.2,0.215,6.85,0.107,4057.0,732.0
ScdYA0wPRtY,True,True,33.0,15,15,662,0,0,18300,1549,Neutral,1,18.37,26.1,18.24,28.67,1.484,0.113,0.71,0.0666666666666666,4.0,4.0,1.0,1.0,False,0.1999999999999999,0.25,0.0,0.0,0.25,0.0,0.0,0.0,0.5,0.0,0.0,0.0,0.25,0.0,68.0,0.0,8.0,0.75,4.82,0.132,357.0,62.0
SdH-IhgHD8U,True,True,169.0,23,22,730,2,0,50000,1839,Neutral,2,-372.11,174.22,49.89,181.07,1.576,0.153,0.431,0.1269841269841269,56.0,48.0,0.9166666666666666,0.7857142857142857,True,0.2357142857142857,0.3035714285714285,0.0357142857142857,0.0,0.4107142857142857,0.0,0.0,0.0714285714285714,0.0714285714285714,0.0535714285714285,0.0,0.0,0.3571428571428571,3.5,225.5,317.49,11.5,0.484,3.84,0.098,2560.0,442.0
SerorAMH4D4,True,True,652.0,99,74,49,0,0,674,262,Neutral,4,65.62,9.07,17.24,11.82,1.43,0.113,0.264,0.0024449877750611,4.0,4.0,1.0,1.0,True,0.8,1.0,0.0,0.25,0.0,0.0,0.0,0.25,0.0,0.0,0.0,0.0,0.5,0.15,21.45,13.56,6.28,0.026,4.02,0.164,8903.0,1628.0
SgjZdWPkHs0,True,True,2245.0,19,19,634,3,2,569000,3032,Neutral,1,-7017.72,2731.58,143.41,2803.92,1.389,0.086,0.154,0.0073167299845223,52.0,45.0,0.8666666666666667,0.75,True,0.8,1.0,0.1538461538461538,0.0192307692307692,0.173076923076923,0.0,0.0,0.0,0.0769230769230769,0.0961538461538461,0.0,0.0,0.4807692307692308,0.579,44.68,48.81,7.2,0.012,3.95,0.157,37380.0,7053.0
ShLVlAiBGKI,True,True,278.0,154,99,48487,164,14,20300,1285,Neutral,6,-597.4,264.02,50.58,273.16,1.42,0.102,0.445,0.125,86.0,69.0,0.8695652173913043,0.6976744186046512,True,0.3906976744186046,0.3720930232558139,0.0465116279069767,0.1046511627906976,0.1395348837209302,0.0,0.0232558139534883,0.0232558139534883,0.1976744186046511,0.0232558139534883,0.0,0.0116279069767441,0.4302325581395348,0.6,70.5,61.27,9.2,0.138,4.13,0.129,3543.0,689.0
ShQNrFfEYYs,True,True,115.0,50,44,36418,246,11,697000,6101,Neutral,7,-172.8,99.47,29.31,102.88,1.488,0.084,0.536,0.2976190476190476,75.0,60.0,0.8833333333333333,0.7066666666666667,False,0.1333333333333333,0.2933333333333333,0.0133333333333333,0.0133333333333333,0.3066666666666666,0.0,0.2666666666666666,0.0,0.0,0.0133333333333333,0.0,0.0,0.3866666666666666,0.0,255.0,0.0,11.0,0.923,6.13,0.106,1442.0,254.0
ShkjWPws7sE,True,True,338.0,62,51,89963,720,164,60900,808,Neutral,4,-905.67,382.79,61.11,395.07,1.404,0.105,0.386,0.0838383838383838,83.0,70.0,0.9285714285714286,0.7831325301204819,True,0.5108433734939759,0.4337349397590361,0.036144578313253,0.072289156626506,0.1686746987951807,0.0,0.036144578313253,0.0963855421686747,0.036144578313253,0.072289156626506,0.0,0.0,0.4819277108433735,0.5,126.12,195.32,10.38,0.162,6.5,0.127,5220.0,986.0
Sid5RiW2h1U,True,True,57.0,41,36,139741,469,45,56400,1114,Neutral,2,,,,,,,,,,,,,,,,,,,,,,,,,,,,,,,,,,,
SjLTPqkdwEE,True,True,162.0,46,41,290,2,0,53500,1701,Neutral,4,-372.11,177.45,39.71,183.9,1.42,0.091,0.551,0.1864035087719298,85.0,75.0,0.8666666666666667,0.7647058823529411,True,0.2541176470588235,0.3411764705882353,0.0588235294117647,0.0117647058823529,0.0588235294117647,0.0,0.0,0.0235294117647058,0.0117647058823529,0.0117647058823529,0.0,0.0235294117647058,0.8,0.667,159.33,128.13,11.0,0.443,5.76,0.13,2467.0,454.0
SjWoT6sLPuE,True,True,53.0,57,49,114,0,0,1100,430,Neutral,4,-38.42,49.42,23.73,53.47,1.411,0.105,0.645,0.0866141732283464,11.0,7.0,0.7142857142857143,0.4545454545454545,True,0.290909090909091,0.3636363636363636,0.0,0.0909090909090909,0.5454545454545454,0.0,0.0,0.1818181818181818,0.0,0.0,0.0,0.0,0.1818181818181818,0.0,26.0,38.63,5.2,0.189,4.1,0.177,644.0,127.0
Sjb_4xlY5qc,True,True,176.0,75,58,204,5,1,98900,2838,Neutral,4,47.92,9.94,12.26,11.21,1.716,0.189,0.5,0.002710027100271,1.0,1.0,1.0,1.0,True,0.8,1.0,0.0,0.0,0.0,0.0,0.0,0.0,0.0,0.0,0.0,0.0,1.0,0.0,13.96,6.7,5.78,0.079,2.7,0.114,2345.0,369.0
SkUSkQ-N26U,True,True,981.0,28,27,596,5,0,569000,3032,Neutral,2,-2686.71,1062.73,123.77,1092.42,1.617,0.164,0.294,0.0265423242467718,74.0,67.0,0.9402985074626866,0.8513513513513513,True,0.8,1.0,0.1216216216216216,0.027027027027027,0.1756756756756756,0.0,0.0405405405405405,0.0,0.0675675675675675,0.0135135135135135,0.0,0.0,0.5540540540540541,0.643,102.0,144.23,9.04,0.078,5.21,0.106,16355.0,2777.0
SlHROgv-iQw,True,True,29.0,94,73,1798,9,4,46000,861,Very Positive,5,-5.49,33.9,22.92,38.0,1.55,0.15,0.65,0.1,8.0,8.0,1.0,1.0,True,0.4000000000000001,0.375,0.0,0.0,0.25,0.0,0.0,0.0,0.125,0.125,0.0,0.0,0.5,0.0,82.0,0.0,17.0,0.917,2.58,0.22,480.0,80.0
Sm1OmVfUZ1E,True,True,113.0,63,56,186,0,0,216000,5950,Neutral,5,50.92,9.98,11.46,10.7,1.659,0.138,0.691,0.0,0.0,0.0,0.0,0.0,False,0.0,0.0,0.0,0.0,0.0,0.0,0.0,0.0,0.0,0.0,0.0,0.0,0.0,0.125,16.5,5.37,6.38,0.27,2.79,0.091,930.0,127.0
Smx4xkaDc44,True,True,199.0,85,67,129,1,0,477000,4732,Neutral,4,-420.37,186.42,62.22,191.6,1.883,0.232,0.51,0.1201716738197424,56.0,45.0,0.8888888888888888,0.7142857142857143,False,0.1142857142857143,0.25,0.1071428571428571,0.0178571428571428,0.3928571428571428,0.0,0.0,0.0,0.0357142857142857,0.1071428571428571,0.0,0.0,0.3392857142857143,0.75,119.0,169.51,9.0,0.345,4.7,0.063,3076.0,468.0
Sp6736obyBg,True,True,211.0,74,61,20222,101,2,697000,6101,Neutral,4,50.92,9.98,11.46,10.7,1.659,0.138,0.691,0.0,0.0,0.0,0.0,0.0,False,0.0,0.0,0.0,0.0,0.0,0.0,0.0,0.0,0.0,0.0,0.0,0.0,0.0,0.125,16.5,5.37,6.38,0.27,2.79,0.091,930.0,127.0
Sq0_pr3-pXo,True,True,43.0,70,45,341,2,0,10700,653,Neutral,3,-34.06,43.6,23.73,46.25,1.612,0.126,0.621,0.2871287128712871,29.0,22.0,0.8636363636363636,0.6551724137931034,True,0.193103448275862,0.3103448275862069,0.0,0.0,0.1034482758620689,0.0,0.0,0.0689655172413793,0.1034482758620689,0.0689655172413793,0.0,0.0344827586206896,0.6206896551724138,0.0,104.0,0.0,14.0,0.8,6.06,0.058,582.0,103.0
Sqm0D3iNXno,True,True,946.0,80,69,11066,97,4,45400,902,Neutral,5,61.33,7.19,11.21,8.0,1.6,0.2,1.0,0.1,1.0,1.0,1.0,1.0,True,0.8,1.0,0.0,0.0,1.0,0.0,0.0,0.0,0.0,0.0,0.0,0.0,0.0,1.0,10.0,0.0,5.0,0.0,1.8,0.0,63.0,10.0
Sr4ybaI4y6M,True,True,222.0,53,47,5620,41,0,42900,959,Neutral,5,87.97,3.95,7.41,6.66,1.262,0.047,0.565,0.0357142857142857,7.0,7.0,1.0,1.0,True,0.5714285714285714,0.5714285714285714,0.0,0.2857142857142857,0.0,0.0,0.0,0.0,0.1428571428571428,0.1428571428571428,0.0,0.0,0.4285714285714285,0.118,12.12,12.1,4.59,0.108,3.01,0.228,1003.0,196.0
SsXXGYdBdGk,True,True,259.0,156,114,377,7,1,15600,1174,Positive,8,88.78,3.38,9.56,5.59,1.274,0.055,0.382,0.0111731843575419,8.0,8.0,1.0,1.0,True,0.4499999999999999,0.375,0.0,0.125,0.0,0.0,0.0,0.125,0.0,0.125,0.0,0.0,0.625,0.032,8.51,7.43,3.74,0.019,2.81,0.189,3641.0,732.0
SuHkwjqlGEg,True,True,71.0,184,125,789,13,0,18300,1549,Negative,12,23.93,26.57,17.12,30.38,1.358,0.09,0.761,0.2153846153846154,14.0,14.0,1.0,1.0,True,0.3142857142857143,0.3571428571428571,0.0714285714285714,0.0714285714285714,0.0,0.0,0.0,0.0,0.1428571428571428,0.1428571428571428,0.0,0.0714285714285714,0.5,0.0,23.33,9.5,6.67,0.375,2.85,0.229,334.0,67.0
SuKGF6Fne3E,True,True,1550.0,5,5,10085,50,2,12500,1337,Neutral,1,60.06,9.14,27.63,11.04,1.529,0.119,0.204,0.0002140410958904,1.0,1.0,1.0,1.0,True,0.8,1.0,0.0,0.0,0.0,0.0,0.0,0.0,0.0,0.0,0.0,0.0,1.0,0.284,17.39,7.66,6.17,0.007,3.01,0.126,26988.0,4667.0
SvPxHFliDWU,True,True,139.0,25,22,3355,17,1,50000,1839,Neutral,3,-260.12,130.78,35.45,134.35,1.596,0.098,0.434,0.1349693251533742,44.0,25.0,0.76,0.4318181818181818,False,0.1363636363636364,0.2727272727272727,0.0,0.0,0.3636363636363636,0.0,0.0,0.0227272727272727,0.0,0.0909090909090909,0.0,0.0,0.5227272727272727,0.667,112.0,99.98,12.33,0.356,3.75,0.086,1978.0,329.0
Svuy0sjpP2A,True,True,206.0,63,46,5420,0,0,3730,94,Neutral,3,-438.2,201.82,47.75,209.49,1.47,0.119,0.47,0.109375,56.0,55.0,0.9818181818181818,0.9642857142857144,True,0.2714285714285716,0.375,0.0,0.0535714285714285,0.25,0.0,0.0,0.0,0.0535714285714285,0.0178571428571428,0.0,0.0178571428571428,0.6071428571428571,0.833,89.33,84.83,9.0,0.327,5.33,0.146,2857.0,515.0
Sw7S8z12VgE,True,True,21.0,105,74,372,1,0,16500,1455,Positive,4,76.52,9.92,7.17,12.48,1.186,0.017,0.763,0.0169491525423728,1.0,1.0,1.0,1.0,True,0.8,1.0,0.0,0.0,0.0,0.0,0.0,0.0,1.0,0.0,0.0,0.0,0.0,0.0,31.0,1.41,11.0,0.6,3.31,0.21,296.0,59.0
SxJhxrfxOd8,True,True,132.0,36,33,2302,45,0,1220000,11882,Neutral,3,-284.32,137.38,44.72,141.18,1.726,0.156,0.509,0.1695906432748538,58.0,46.0,0.8913043478260869,0.7068965517241379,False,0.2137931034482758,0.293103448275862,0.0172413793103448,0.1379310344827586,0.1724137931034483,0.0,0.0689655172413793,0.0,0.1034482758620689,0.0344827586206896,0.0,0.0,0.4655172413793103,2.0,173.5,238.29,10.0,0.882,4.95,0.052,2161.0,342.0
SxqyJb4CI84,True,True,288.0,62,48,319,7,1,13800,709,Neutral,3,-766.42,330.83,48.11,341.56,1.33,0.073,0.368,0.0768335273573923,66.0,54.0,0.925925925925926,0.7575757575757576,True,0.5030303030303032,0.4393939393939394,0.0757575757575757,0.0757575757575757,0.1212121212121212,0.0,0.0303030303030303,0.0606060606060606,0.0757575757575757,0.0303030303030303,0.0,0.0,0.5303030303030303,0.583,73.83,97.21,10.25,0.139,4.47,0.163,4362.0,854.0
T-jRjQU_wN4,True,True,119.0,85,62,1000,12,0,1220000,11882,Neutral,3,-246.17,128.33,31.69,132.95,1.455,0.077,0.48,0.1424242424242424,47.0,38.0,0.868421052631579,0.7021276595744681,False,0.2212765957446809,0.2978723404255319,0.0,0.0212765957446808,0.1063829787234042,0.0,0.0212765957446808,0.0,0.0425531914893617,0.1489361702127659,0.0,0.0,0.6595744680851063,2.0,333.0,0.0,25.0,0.968,5.27,0.117,1773.0,328.0
T-qbU2zTxnY,True,True,314.0,41,37,989,1,0,13800,709,Neutral,2,-687.12,296.66,59.97,306.45,1.509,0.131,0.377,0.0565045992115637,43.0,33.0,0.8484848484848485,0.6511627906976745,True,0.5116279069767442,0.5116279069767442,0.0697674418604651,0.0930232558139534,0.4186046511627907,0.0,0.0,0.0,0.1395348837209302,0.0,0.0,0.0,0.2790697674418604,2.0,771.0,0.0,16.0,0.976,13.46,0.147,4367.0,758.0
T0laUsimLXY,True,True,188.0,78,62,370,3,0,1220000,11882,Neutral,6,-467.88,211.92,46.64,218.82,1.533,0.108,0.385,0.1725417439703154,93.0,52.0,0.7692307692307693,0.4301075268817204,False,0.1118279569892473,0.2580645161290322,0.021505376344086,0.1290322580645161,0.075268817204301,0.0,0.0,0.0,0.021505376344086,0.032258064516129,0.0,0.0,0.7204301075268817,1.0,91.0,83.39,9.5,0.299,5.09,0.099,2980.0,537.0
T1A6td-Ci0k,True,True,111.0,138,99,802,24,0,1220000,11882,Neutral,9,98.16,1.16,5.92,3.76,1.207,0.037,0.578,0.0597014925373134,8.0,8.0,1.0,1.0,True,0.4000000000000001,0.375,0.0,0.125,0.0,0.0,0.0,0.0,0.0,0.125,0.0,0.0,0.75,0.095,6.67,7.53,3.29,0.1,2.8,0.271,689.0,135.0
T3DuqqfHzJc,True,True,72.0,48,38,619,6,0,42900,959,Neutral,2,-131.83,80.59,32.81,83.27,1.64,0.137,0.589,0.1928934010152284,38.0,26.0,0.7692307692307693,0.5263157894736842,False,0.0526315789473683,0.2368421052631578,0.0263157894736842,0.1052631578947368,0.2631578947368421,0.0,0.0,0.0263157894736842,0.0789473684210526,0.1842105263157894,0.0,0.0,0.3157894736842105,0.0,100.0,138.59,10.5,0.455,2.94,0.065,1210.0,198.0
T6hgivizb-w,True,True,101.0,23,22,3619,23,2,23100,1473,Neutral,2,-127.39,73.01,42.71,77.54,1.923,0.284,0.538,0.2528735632183908,44.0,41.0,0.926829268292683,0.8636363636363636,False,0.1090909090909091,0.25,0.0,0.0,0.4090909090909091,0.0,0.0,0.0227272727272727,0.2272727272727272,0.0909090909090909,0.0,0.0,0.25,0.0,59.67,69.59,7.67,0.417,3.64,0.084,1081.0,174.0
T9IuU6kiW5A,True,True,64.0,55,52,152,5,0,35300,1846,Neutral,3,61.33,7.19,11.21,8.0,1.6,0.2,1.0,0.1,1.0,1.0,1.0,1.0,True,0.8,1.0,0.0,0.0,1.0,0.0,0.0,0.0,0.0,0.0,0.0,0.0,0.0,1.0,10.0,0.0,5.0,0.0,1.8,0.0,63.0,10.0
TA8jiJ-e7cc,True,True,31.0,91,77,754154,146,5,216000,5950,Neutral,5,61.33,7.19,11.21,8.0,1.6,0.2,1.0,0.1,1.0,1.0,1.0,1.0,True,0.8,1.0,0.0,0.0,1.0,0.0,0.0,0.0,0.0,0.0,0.0,0.0,0.0,1.0,10.0,0.0,5.0,0.0,1.8,0.0,63.0,10.0
TAB78Qc0tJQ,True,True,245.0,13,13,7332,41,1,36000,6286,Negative,1,-619.17,271.28,53.26,280.57,1.473,0.111,0.398,0.0585714285714285,41.0,32.0,0.875,0.6829268292682927,True,0.5170731707317073,0.5121951219512195,0.2195121951219512,0.024390243902439,0.0975609756097561,0.0,0.0,0.1219512195121951,0.0975609756097561,0.048780487804878,0.0,0.024390243902439,0.3658536585365853,0.25,59.75,44.89,9.92,0.156,4.16,0.139,3820.0,699.0
TBA9bks6G5s,True,True,210.0,112,88,1765,12,0,12500,530,Neutral,9,61.33,7.19,11.21,8.0,1.6,0.2,1.0,0.1,1.0,1.0,1.0,1.0,True,0.8,1.0,0.0,0.0,1.0,0.0,0.0,0.0,0.0,0.0,0.0,0.0,0.0,1.0,10.0,0.0,5.0,0.0,1.8,0.0,63.0,10.0
TCCNNatgIMM,True,True,293.0,5,5,1719,23,1,15400,728,Neutral,1,-551.38,241.95,57.92,250.23,1.632,0.151,0.39,0.1497584541062802,93.0,57.0,0.7719298245614035,0.4731182795698925,True,0.3784946236559141,0.3870967741935484,0.1075268817204301,0.043010752688172,0.1290322580645161,0.0,0.4623655913978494,0.032258064516129,0.0,0.010752688172043,0.0,0.0,0.2150537634408602,17.0,633.0,0.0,13.0,0.97,12.71,0.088,3790.0,620.0
TGlbtCyHaps,True,True,95.0,11,11,1771,9,4,12600,950,Neutral,1,-165.14,96.66,32.81,101.15,1.481,0.111,0.543,0.2591093117408907,64.0,58.0,0.896551724137931,0.8125,True,0.1937500000000001,0.359375,0.015625,0.140625,0.1875,0.0,0.109375,0.046875,0.015625,0.171875,0.0,0.0,0.3125,0.6,49.6,64.88,7.6,0.396,3.75,0.093,1338.0,247.0
TLHSwh4UIJ0,True,False,2228.0,0,0,125,4,0,9660,2336,,0,-6644.95,2585.43,177.34,2654.07,1.53,0.14,0.21,0.011822077730161,80.0,71.0,0.943661971830986,0.8375,True,0.8,1.0,0.025,0.0375,0.2,0.0,0.0,0.0375,0.0875,0.0375,0.0,0.0,0.575,0.539,60.49,67.73,8.48,0.018,4.58,0.127,37787.0,6729.0
TLlPaUAFnRY,True,True,3371.0,4,4,520,2,0,952,151,Neutral,1,-8076.0,3134.58,197.78,3216.85,1.565,0.145,0.183,0.0100134326535596,82.0,65.0,0.9230769230769232,0.7317073170731707,True,0.8,1.0,0.1829268292682926,0.0853658536585365,0.048780487804878,0.0,0.0,0.0,0.0365853658536585,0.0853658536585365,0.0,0.0,0.5609756097560976,1.189,79.04,131.04,8.9,0.015,5.4,0.095,46373.0,8166.0
TOR3KjXs9KM,True,True,71.0,13,13,6755,60,0,1220000,11882,Positive,1,-130.11,80.35,30.53,82.66,1.619,0.117,0.589,0.2010050251256281,40.0,33.0,0.9090909090909092,0.75,True,0.2099999999999999,0.325,0.0,0.025,0.15,0.0,0.0,0.175,0.1,0.075,0.0,0.0,0.475,3.0,202.0,0.0,18.0,0.917,3.95,0.059,1138.0,199.0
TOSxmXVgyPs,True,True,61.0,40,28,552,2,0,477000,4732,Neutral,2,57.52,8.8,11.86,10.85,1.593,0.163,0.628,0.1123595505617977,10.0,8.0,0.75,0.6,True,0.4000000000000001,0.4,0.0,0.0,0.3,0.0,0.0,0.3,0.0,0.1,0.0,0.0,0.3,0.143,13.29,7.87,4.86,0.138,2.81,0.065,524.0,90.0
TPvySQ_2Zdw,True,True,461.0,17,16,3596,29,0,13500,719,Neutral,1,-1046.63,432.02,79.56,444.48,1.643,0.163,0.371,0.0806159420289855,89.0,64.0,0.84375,0.6067415730337079,True,0.5483146067415732,0.4606741573033708,0.0224719101123595,0.1011235955056179,0.2696629213483146,0.0,0.0112359550561797,0.0337078651685393,0.0674157303370786,0.0337078651685393,0.0,0.1011235955056179,0.3595505617977528,3.0,373.0,372.54,15.0,0.373,5.39,0.114,6769.0,1103.0
TQe6fG94CdM,True,True,68.0,24,23,818,0,0,128000,2724,Neutral,1,-43.93,50.69,23.73,53.89,1.452,0.103,0.619,0.1612903225806451,20.0,17.0,0.8823529411764706,0.75,False,0.1400000000000001,0.25,0.0,0.0,0.65,0.0,0.0,0.0,0.0,0.0,0.0,0.15,0.2,0.667,42.0,38.35,9.67,0.4,3.24,0.103,722.0,126.0
TRAD9Ds7UXU,True,True,70.0,19,19,213,1,0,1100,430,Neutral,2,-59.45,48.38,32.26,51.72,1.852,0.241,0.648,0.1792452830188679,19.0,17.0,0.8823529411764706,0.7894736842105263,True,0.1894736842105264,0.3157894736842105,0.2105263157894736,0.0,0.2105263157894736,0.0,0.1578947368421052,0.0,0.1052631578947368,0.0,0.0,0.0,0.3157894736842105,0.0,55.5,77.07,7.5,0.25,3.68,0.108,677.0,109.0
TSO2HBrOta0,True,True,121.0,29,24,1086,5,10,9140,1878,Neutral,3,-239.49,121.44,47.01,127.71,1.664,0.196,0.522,0.1901639344262295,58.0,34.0,0.7058823529411765,0.4137931034482758,True,0.2551724137931035,0.3103448275862069,0.1551724137931034,0.1896551724137931,0.1896551724137931,0.0,0.0,0.2413793103448276,0.0,0.0,0.0,0.0,0.2241379310344827,0.0,102.0,166.28,12.33,0.893,4.77,0.098,1797.0,303.0
TUBCkIhbEjw,True,True,624.0,28,27,423,2,0,569000,3032,Neutral,2,-1654.28,669.06,84.92,688.61,1.471,0.12,0.299,0.0346820809248554,60.0,50.0,0.82,0.6833333333333333,True,0.6733333333333333,0.6833333333333333,0.0666666666666666,0.0333333333333333,0.3833333333333333,0.0,0.0666666666666666,0.0,0.0333333333333333,0.05,0.0,0.0,0.3666666666666666,1.238,83.81,77.22,9.57,0.074,4.44,0.124,9365.0,1724.0
TXkVESiwts8,True,True,71.0,301,166,2842,17,0,3900,286,Neutral,18,-111.58,75.03,25.98,77.41,1.532,0.086,0.532,0.2275132275132275,43.0,35.0,0.8285714285714286,0.6744186046511628,False,0.0837209302325581,0.2325581395348837,0.0232558139534883,0.0,0.3488372093023256,0.0,0.0,0.0,0.0232558139534883,0.1627906976744186,0.0,0.0,0.4418604651162791,0.0,96.5,135.06,9.5,0.467,3.45,0.109,1123.0,190.0
TZiYbgBFAYc,True,True,146.0,30,26,550,6,0,135000,2612,Positive,2,74.86,7.17,8.96,9.29,1.35,0.06,0.495,0.0324074074074074,14.0,12.0,0.8333333333333334,0.7142857142857143,True,0.4571428571428573,0.4285714285714285,0.0,0.0,0.0714285714285714,0.0,0.0,0.0,0.0,0.0714285714285714,0.0,0.0,0.8571428571428571,0.097,14.52,10.31,5.35,0.06,3.34,0.164,2319.0,433.0
T_AhCMHz2cU,True,True,3883.0,44,37,260,2,0,1400,201,Neutral,3,-10864.97,4206.76,222.16,4316.74,1.538,0.136,0.164,0.005535390199637,61.0,53.0,0.8679245283018868,0.7540983606557377,True,0.8,1.0,0.0983606557377049,0.0,0.2786885245901639,0.0,0.0,0.0,0.1311475409836065,0.0,0.0,0.0,0.4918032786885246,0.524,68.26,84.84,9.05,0.011,4.36,0.123,62122.0,10963.0
Tdb8Bu9NiA4,True,True,279.0,26,25,384,0,1,22900,642,Neutral,1,-607.5,265.18,61.95,274.67,1.551,0.158,0.416,0.1083455344070278,74.0,56.0,0.8392857142857143,0.6351351351351351,True,0.4270270270270271,0.4054054054054054,0.027027027027027,0.0945945945945946,0.3513513513513513,0.0,0.0675675675675675,0.0,0.027027027027027,0.0675675675675675,0.0,0.0,0.3648648648648648,12.0,696.0,0.0,18.0,0.984,7.14,0.096,3962.0,682.0
TdyMv9W_ylo,True,True,93.0,134,110,333,4,0,135000,2612,Neutral,8,70.49,5.97,9.46,8.71,1.489,0.12,0.591,0.0524017467248908,12.0,9.0,0.7777777777777778,0.5833333333333334,True,0.4333333333333333,0.4166666666666667,0.0,0.0,0.1666666666666666,0.0,0.0,0.3333333333333333,0.3333333333333333,0.1666666666666666,0.0,0.0,0.0,0.091,10.91,6.87,4.23,0.087,2.66,0.133,1247.0,228.0
TelxHyKXGgw,True,True,367.0,39,33,16536,111,10,10700,653,Positive,2,-841.8,355.75,67.0,367.48,1.525,0.138,0.373,0.0826901874310915,75.0,60.0,0.8666666666666667,0.6933333333333334,True,0.4906666666666668,0.4266666666666667,0.0,0.1066666666666666,0.4133333333333333,0.0,0.08,0.04,0.0266666666666666,0.04,0.0,0.0,0.2933333333333333,9.5,456.0,415.78,15.5,0.506,8.62,0.121,5194.0,909.0
TiR0pUDxW_k,True,True,3610.0,106,80,334,3,0,46000,861,Very Positive,6,-9412.57,3651.66,163.39,3747.27,1.395,0.084,0.145,0.0053746443250079,51.0,40.0,0.85,0.6666666666666666,True,0.8,1.0,0.0784313725490196,0.0,0.3725490196078431,0.0,0.0,0.0,0.0196078431372549,0.1176470588235294,0.0,0.0,0.4117647058823529,0.47,49.45,94.26,6.97,0.008,4.67,0.153,50239.0,9426.0
TmMx4mR6j1M,True,True,187.0,149,102,1953,11,0,17400,646,Positive,6,-454.25,211.02,41.02,219.06,1.323,0.081,0.416,0.1204379562043795,66.0,59.0,0.8983050847457628,0.803030303030303,True,0.2363636363636363,0.303030303030303,0.0303030303030303,0.1363636363636363,0.0606060606060606,0.0,0.0,0.0303030303030303,0.1363636363636363,0.0757575757575757,0.0,0.1969696969696969,0.3333333333333333,0.067,38.2,32.36,7.6,0.103,3.5,0.182,2737.0,544.0
Tnj1DC9BJH4,True,True,369.0,21,20,464,11,0,15400,480,Positive,2,-868.18,369.37,52.6,380.89,1.357,0.079,0.359,0.0707596253902185,68.0,54.0,0.7777777777777778,0.6176470588235294,True,0.5176470588235293,0.4558823529411764,0.1617647058823529,0.0735294117647058,0.1323529411764706,0.0,0.0147058823529411,0.088235294117647,0.0588235294117647,0.1029411764705882,0.0,0.1176470588235294,0.25,0.4,39.24,30.54,7.8,0.071,3.26,0.175,4850.0,952.0
TozxLuVzNGo,True,True,31.0,42,37,1652,14,0,13100,2911,Neutral,3,45.99,17.65,11.21,19.24,1.379,0.046,0.644,0.0674157303370786,6.0,5.0,0.8,0.6666666666666666,True,0.3333333333333335,0.3333333333333333,0.0,0.0,0.0,0.0,0.0,0.1666666666666666,0.0,0.0,0.0,0.0,0.8333333333333334,0.0,44.5,6.36,11.5,0.556,3.69,0.079,457.0,89.0
Tp8ulbGjexM,True,True,148.0,76,64,1853,7,0,45400,902,Neutral,6,-294.26,147.46,33.89,152.45,1.424,0.077,0.504,0.1601049868766404,61.0,48.0,0.8125,0.639344262295082,False,0.1245901639344262,0.2622950819672131,0.0,0.0163934426229508,0.360655737704918,0.0,0.0327868852459016,0.0,0.0983606557377049,0.1311475409836065,0.0,0.0327868852459016,0.3278688524590163,1.5,195.5,127.99,15.0,0.76,4.95,0.102,2106.0,381.0
TqUuWeuxfqM,True,True,121.0,37,30,1838,4,2,16500,1455,Neutral,1,43.58,14.31,14.98,16.5,1.585,0.15,0.509,0.0208333333333333,6.0,6.0,1.0,1.0,True,0.6000000000000001,0.5,0.5,0.3333333333333333,0.0,0.0,0.0,0.0,0.0,0.0,0.0,0.0,0.1666666666666666,0.1,29.2,7.67,9.2,0.145,3.09,0.116,1624.0,288.0
TrOIC3_T-U8,True,True,390.0,41,36,1945,19,0,216000,5950,Neutral,1,-322.73,161.87,26.33,168.29,1.257,0.04,0.29,0.0859188544152744,72.0,62.0,0.8870967741935484,0.7638888888888888,True,0.4611111111111112,0.4166666666666667,0.0,0.0416666666666666,0.1388888888888889,0.0,0.0,0.1111111111111111,0.0,0.0833333333333333,0.0,0.0138888888888888,0.6111111111111112,0.278,47.67,49.0,7.56,0.085,4.11,0.112,4188.0,835.0
TrlHEjjQnzc,True,True,186.0,53,40,1027,6,0,477000,4732,Neutral,4,-370.33,170.74,49.54,176.22,1.711,0.155,0.432,0.1518691588785046,65.0,50.0,0.92,0.7076923076923077,True,0.24,0.3076923076923077,0.0153846153846153,0.0,0.5846153846153846,0.0,0.0,0.0153846153846153,0.0307692307692307,0.0,0.0,0.0,0.3538461538461538,6.0,435.0,0.0,17.0,0.944,5.98,0.106,2753.0,430.0
TuOhHWvjums,True,True,283.0,86,67,565,8,0,13500,719,Positive,5,-634.88,278.2,48.11,287.04,1.431,0.087,0.43,0.1324965132496513,95.0,72.0,0.875,0.6631578947368421,True,0.3368421052631578,0.3473684210526316,0.0105263157894736,0.0526315789473684,0.2736842105263158,0.0,0.0,0.0421052631578947,0.0210526315789473,0.1368421052631579,0.0,0.0526315789473684,0.4105263157894737,0.222,81.0,109.9,7.22,0.175,7.7,0.128,3804.0,716.0
Ty30wkqXCVg,True,True,133.0,424,229,467,6,0,35300,1846,Positive,19,-245.84,127.54,38.81,132.9,1.488,0.121,0.497,0.1393188854489164,45.0,42.0,0.9523809523809524,0.8888888888888888,True,0.1866666666666667,0.3333333333333333,0.0222222222222222,0.0888888888888888,0.2888888888888888,0.0,0.0,0.0,0.0,0.0888888888888888,0.0,0.1333333333333333,0.3777777777777777,0.8,65.6,63.76,9.6,0.381,4.8,0.149,1770.0,323.0
TyEzeuQQCJM,True,True,40.0,150,96,1756,10,0,36000,6286,Very Positive,8,85.9,6.2,7.55,9.13,1.192,0.03,0.606,0.1,10.0,10.0,1.0,1.0,True,0.28,0.3,0.0,0.1,0.0,0.0,0.0,0.0,0.4,0.0,0.0,0.1,0.4,0.0,20.2,12.87,5.8,0.235,3.47,0.188,450.0,100.0
TyYdJ6nrGWw,True,True,65.0,43,36,859,3,6,216000,5950,Neutral,3,48.37,12.44,13.02,13.14,1.587,0.126,0.545,0.0236686390532544,4.0,3.0,0.6666666666666666,0.5,True,0.5,0.5,0.0,0.0,0.0,0.0,0.0,0.5,0.0,0.0,0.0,0.0,0.5,0.429,25.0,41.17,6.57,0.242,3.48,0.103,975.0,169.0
U0UE68qHkGI,True,True,74.0,21,21,1073,0,0,128000,2724,Neutral,1,-118.58,81.47,25.98,85.89,1.351,0.077,0.591,0.1545893719806763,32.0,30.0,0.9333333333333332,0.875,True,0.1500000000000001,0.3125,0.0,0.03125,0.125,0.0,0.0,0.0,0.1875,0.0,0.0,0.0,0.65625,1.0,71.0,86.16,9.67,0.667,3.4,0.131,1084.0,209.0
U2yNHKvfwiI,True,True,1667.0,57,43,462,2,1,10700,653,Neutral,3,-4544.7,1780.23,125.52,1827.99,1.444,0.101,0.176,0.0108108108108108,50.0,40.0,0.825,0.66,True,0.8,1.0,0.06,0.06,0.26,0.0,0.06,0.08,0.02,0.06,0.0,0.0,0.4,0.418,71.06,79.67,10.75,0.026,4.32,0.142,24629.0,4601.0
U3B8DyWPxlw,True,True,287.0,133,93,27928,81,10,697000,6101,Neutral,9,-526.88,238.04,42.71,246.23,1.366,0.079,0.432,0.1013071895424836,62.0,55.0,0.9090909090909092,0.8064516129032258,True,0.3096774193548388,0.3387096774193548,0.032258064516129,0.1612903225806451,0.1612903225806451,0.0,0.0,0.0483870967741935,0.064516129032258,0.064516129032258,0.0,0.032258064516129,0.4354838709677419,0.308,48.46,50.13,8.08,0.131,3.85,0.162,3152.0,616.0
U3BRITHqZzo,True,True,37.0,35,30,1170,17,0,13100,2911,Neutral,3,65.87,11.03,11.21,13.34,1.33,0.071,0.634,0.0442477876106194,5.0,5.0,1.0,1.0,True,0.32,0.4,0.2,0.0,0.4,0.0,0.0,0.0,0.0,0.2,0.0,0.0,0.2,0.0,23.8,9.09,6.4,0.258,2.95,0.151,571.0,113.0
U81bIyELvL4,True,True,128.0,59,53,1501,13,0,216000,5950,Neutral,5,-220.22,117.51,33.89,121.51,1.497,0.098,0.436,0.1851851851851851,55.0,44.0,0.8409090909090909,0.6727272727272727,False,0.1600000000000001,0.2727272727272727,0.0,0.0363636363636363,0.4181818181818181,0.0,0.0363636363636363,0.1272727272727272,0.0,0.0363636363636363,0.0,0.0,0.3454545454545454,9.0,299.0,0.0,20.0,0.9,4.54,0.05,1607.0,297.0
U8ZVlKI_yoA,True,True,251.0,39,37,13392,119,15,34900,832,Neutral,2,-584.09,256.95,57.92,266.35,1.515,0.141,0.41,0.154191616766467,103.0,77.0,0.8701298701298701,0.6504854368932039,True,0.3728155339805825,0.3398058252427184,0.029126213592233,0.0776699029126213,0.1553398058252427,0.0,0.2135922330097087,0.058252427184466,0.0097087378640776,0.0388349514563106,0.0,0.0,0.4174757281553398,1.333,228.0,130.23,19.33,0.45,4.06,0.133,3793.0,666.0
U8rCoDiRaxY,True,True,274.0,26,23,15158,132,7,697000,6101,Neutral,1,68.74,8.6,11.92,11.14,1.395,0.092,0.378,0.0165816326530612,13.0,9.0,0.5555555555555556,0.3846153846153846,True,0.5846153846153848,0.6153846153846154,0.0,0.0,0.0,0.0,0.0,0.1538461538461538,0.0,0.0,0.0,0.0,0.8461538461538461,0.256,20.56,13.77,6.38,0.04,3.18,0.118,4267.0,782.0
U98DaBJVCIE,True,True,127.0,15,15,556,5,0,569000,3032,Neutral,2,-274.28,139.96,38.81,145.77,1.416,0.11,0.562,0.1923076923076923,70.0,64.0,0.9375,0.8571428571428571,False,0.0742857142857142,0.2571428571428571,0.0142857142857142,0.1,0.1142857142857142,0.0,0.0142857142857142,0.0428571428571428,0.0857142857142857,0.1428571428571428,0.0,0.0,0.4857142857142857,1.0,126.33,179.9,10.67,0.328,5.84,0.121,1940.0,362.0
UBl2qwi0BGw,True,True,4719.0,66,56,916,11,1,697000,6101,Neutral,2,-10778.34,4172.07,241.08,4281.37,1.606,0.162,0.158,0.0049810903053223,54.0,49.0,0.8979591836734694,0.8148148148148148,True,0.8,1.0,0.0925925925925925,0.037037037037037,0.0925925925925925,0.0,0.037037037037037,0.0185185185185185,0.0925925925925925,0.074074074074074,0.0,0.0,0.5555555555555556,0.472,67.44,114.63,8.39,0.01,6.02,0.098,61665.0,10815.0
UCRHj8LV37A,True,True,145.0,134,93,569,13,0,28500,750,Neutral,7,-181.09,104.85,27.37,109.05,1.382,0.067,0.513,0.1787072243346007,47.0,34.0,0.8235294117647058,0.5957446808510638,True,0.1872340425531915,0.3191489361702128,0.1063829787234042,0.0851063829787234,0.1276595744680851,0.0,0.0,0.0425531914893617,0.0212765957446808,0.2340425531914893,0.0,0.0,0.3829787234042553,0.0,23.67,36.62,5.0,0.286,5.05,0.158,1376.0,268.0
UDxqRQpGtVc,True,True,91.0,26,24,874,6,0,16500,1455,Neutral,3,-170.6,98.42,29.92,100.91,1.498,0.089,0.51,0.1044176706827309,26.0,17.0,0.7647058823529411,0.5,True,0.2923076923076924,0.3461538461538461,0.0,0.0,0.2307692307692307,0.0,0.0,0.1923076923076923,0.1153846153846153,0.0,0.0,0.0769230769230769,0.3846153846153846,0.0,63.25,113.29,6.5,0.417,6.86,0.119,1378.0,249.0
UEwnXEnFqgc,True,True,35.0,61,47,802,2,0,18300,1549,Neutral,3,61.33,7.19,11.21,8.0,1.6,0.2,1.0,0.1,1.0,1.0,1.0,1.0,True,0.8,1.0,0.0,0.0,1.0,0.0,0.0,0.0,0.0,0.0,0.0,0.0,0.0,1.0,10.0,0.0,5.0,0.0,1.8,0.0,63.0,10.0
UG5B9lQRojc,True,True,84.0,197,115,122,2,0,16500,1455,Neutral,8,37.19,14.13,15.25,16.31,1.713,0.185,0.554,0.0816326530612244,16.0,11.0,0.8181818181818182,0.5625,True,0.3249999999999999,0.375,0.0,0.0,0.4375,0.0,0.0,0.0,0.0,0.0,0.0,0.0,0.5625,0.25,24.75,17.23,7.62,0.224,3.39,0.071,1322.0,196.0
UI4IuGg5wn4,True,True,404.0,267,164,6513,56,4,53500,1701,Neutral,12,36.41,21.96,14.29,24.54,1.349,0.069,0.311,0.0268074735987002,33.0,28.0,0.9285714285714286,0.7878787878787878,True,0.6545454545454545,0.6363636363636364,0.0,0.0606060606060606,0.303030303030303,0.0,0.0,0.1515151515151515,0.0909090909090909,0.0,0.0,0.0303030303030303,0.3636363636363636,0.2,31.68,29.17,6.62,0.048,3.47,0.2,6140.0,1224.0
UNG0CtUD-9w,True,True,15.0,18,17,5217,17,0,16000,397,Positive,3,39.33,13.98,14.55,14.8,1.68,0.16,0.96,0.36,9.0,9.0,1.0,1.0,True,0.3111111111111111,0.4444444444444444,0.0,0.0,0.2222222222222222,0.0,0.0,0.0,0.1111111111111111,0.3333333333333333,0.0,0.0,0.3333333333333333,0.0,14.0,18.38,4.0,0.25,2.45,0.036,178.0,26.0
UOe4tcUhbQI,True,True,67.0,9,9,7141,31,0,23100,1473,Neutral,1,-75.43,60.55,27.37,63.52,1.561,0.122,0.561,0.1891891891891892,28.0,27.0,0.9629629629629628,0.9285714285714286,False,0.2142857142857144,0.2857142857142857,0.0,0.0714285714285714,0.25,0.0,0.0,0.0,0.0714285714285714,0.0714285714285714,0.0,0.1071428571428571,0.4285714285714285,2.0,149.0,0.0,18.0,0.9,5.19,0.128,825.0,148.0
UOjc-2v51rY,True,True,530.0,26,26,1014,4,1,56400,1114,Neutral,2,51.05,12.36,17.69,14.24,1.541,0.126,0.298,0.0102105934907466,16.0,16.0,1.0,1.0,True,0.625,0.5625,0.0625,0.0625,0.1875,0.0,0.0,0.0625,0.0625,0.0,0.0,0.0,0.5625,0.547,25.2,13.55,7.14,0.03,3.17,0.108,9100.0,1566.0
UPKdpcLMkT4,True,True,362.0,64,57,15340,122,2,477000,4732,Neutral,8,79.16,5.84,10.58,8.08,1.334,0.064,0.37,0.0317460317460317,26.0,23.0,0.9565217391304348,0.8461538461538461,True,0.6153846153846154,0.6538461538461539,0.0384615384615384,0.2692307692307692,0.1153846153846153,0.0,0.0,0.0384615384615384,0.1538461538461538,0.0,0.0,0.0,0.3846153846153846,0.107,14.88,8.29,5.29,0.055,3.05,0.151,4185.0,820.0
UW8Bk1DHZcA,True,True,90.0,24,23,155,2,1,42900,959,Neutral,1,-111.05,76.2,26.68,79.33,1.466,0.089,0.524,0.15625,30.0,27.0,0.925925925925926,0.8333333333333334,True,0.2266666666666668,0.3,0.0,0.0,0.1666666666666666,0.0,0.0,0.0666666666666666,0.1333333333333333,0.2,0.0,0.0,0.4333333333333333,2.0,198.0,0.0,13.0,0.933,8.55,0.167,1080.0,192.0
UYRvqD8xL7U,True,True,31.0,52,43,541,8,0,477000,4732,Positive,3,44.12,10.21,11.86,11.4,1.773,0.187,0.733,0.04,3.0,3.0,1.0,1.0,True,0.8,1.0,0.0,0.0,0.0,0.0,0.0,0.0,0.6666666666666666,0.0,0.0,0.0,0.3333333333333333,0.0,12.83,8.64,4.83,0.1,2.94,0.143,461.0,76.0
U_5RozJZeUQ,True,True,77.0,249,146,1522,9,0,16500,1455,Positive,12,62.16,9.86,10.75,11.63,1.455,0.084,0.555,0.0362694300518134,7.0,7.0,1.0,1.0,True,0.5142857142857142,0.4285714285714285,0.0,0.0,0.0,0.0,0.0,0.1428571428571428,0.7142857142857143,0.0,0.0,0.0,0.1428571428571428,0.111,22.0,11.57,6.56,0.189,3.43,0.167,1100.0,193.0
UbMmk2VgYDU,True,True,655.0,55,46,39871,432,0,1220000,11882,Neutral,3,50.92,9.98,11.46,10.7,1.659,0.138,0.691,0.0,0.0,0.0,0.0,0.0,False,0.0,0.0,0.0,0.0,0.0,0.0,0.0,0.0,0.0,0.0,0.0,0.0,0.0,0.125,16.5,5.37,6.38,0.27,2.79,0.091,930.0,127.0
Ue-zN79XHQE,True,True,312.0,32,28,3127,22,0,16500,578,Very Positive,2,-709.64,302.29,70.24,311.86,1.655,0.18,0.447,0.0754475703324808,59.0,50.0,0.9,0.7627118644067796,True,0.4677966101694915,0.4067796610169492,0.0,0.0169491525423728,0.1694915254237288,0.0,0.0,0.0,0.1186440677966101,0.135593220338983,0.0,0.0169491525423728,0.5423728813559322,8.0,790.0,0.0,25.0,0.979,5.21,0.11,4564.0,780.0
Ue4zwT15NYU,True,True,3540.0,180,107,374,4,0,1400,201,Neutral,7,-8834.64,3426.46,197.78,3516.15,1.546,0.132,0.186,0.0024749690628867,22.0,21.0,0.9523809523809524,0.9090909090909092,True,0.8,1.0,0.0454545454545454,0.0,0.1818181818181818,0.0,0.0,0.0,0.1363636363636363,0.0,0.0,0.0,0.6363636363636364,0.897,104.24,140.08,10.89,0.021,6.32,0.114,50682.0,8874.0
UeNUBLVPvxg,True,True,524.0,43,39,4184,50,4,13900,447,Positive,3,77.37,6.38,11.54,8.34,1.342,0.057,0.296,0.0043744531933508,5.0,5.0,1.0,1.0,True,0.72,0.8,0.0,0.0,0.0,0.0,0.0,0.4,0.2,0.0,0.0,0.0,0.4,0.08,13.67,10.08,4.94,0.022,3.14,0.168,6190.0,1138.0
Ug2W_p6Uhwg,True,True,177.0,64,54,684,3,0,98900,2838,Neutral,2,-293.71,142.17,48.11,147.93,1.669,0.175,0.511,0.2277777777777777,82.0,59.0,0.711864406779661,0.5121951219512195,True,0.2536585365853658,0.3536585365853658,0.0853658536585365,0.0,0.2682926829268293,0.0,0.024390243902439,0.0365853658536585,0.024390243902439,0.0,0.0,0.0,0.5609756097560976,0.0,373.0,0.0,23.0,0.938,7.66,0.094,2220.0,362.0
UkR4Y7K9Hx8,True,True,3845.0,65,45,476,8,0,1220000,11882,Neutral,2,66.2,7.98,33.56,10.06,1.471,0.11,0.167,0.0001273398701133,1.0,1.0,1.0,1.0,True,0.8,1.0,0.0,0.0,0.0,0.0,0.0,0.0,0.0,0.0,0.0,0.0,1.0,0.161,16.24,12.82,5.51,0.004,3.31,0.117,43480.0,7829.0
UloLVGxzNt4,True,True,390.0,19,19,92775,1086,32,477000,4732,Neutral,2,59.63,10.16,13.87,11.92,1.488,0.097,0.324,0.005420054200542,6.0,5.0,0.8,0.6666666666666666,True,0.7333333333333334,0.8333333333333334,0.0,0.0,0.1666666666666666,0.0,0.6666666666666666,0.0,0.0,0.0,0.0,0.0,0.1666666666666666,0.17,21.42,13.4,7.32,0.044,3.21,0.141,6388.0,1100.0
UmGeQUupMFk,True,True,448.0,25,25,46600,524,3,50000,1839,Positive,2,-1338.27,550.7,57.32,566.92,1.323,0.064,0.28,0.056338028169014,80.0,66.0,0.8636363636363636,0.7125,True,0.72,0.8,0.05,0.1375,0.0375,0.0,0.0,0.0625,0.0125,0.0125,0.0,0.025,0.6625,0.216,39.24,35.18,7.3,0.05,3.76,0.212,6941.0,1414.0
UnrSkjbCHa4,True,True,5093.0,15,15,373,6,0,674,262,Neutral,1,-12324.2,4765.29,261.09,4889.59,1.642,0.167,0.171,0.0070314394245534,87.0,68.0,0.8235294117647058,0.6436781609195402,True,0.8,1.0,0.1494252873563218,0.0344827586206896,0.3218390804597701,0.0,0.0114942528735632,0.057471264367816,0.0344827586206896,0.0689655172413793,0.0,0.0,0.3218390804597701,1.007,89.73,130.99,10.21,0.013,5.2,0.098,72886.0,12346.0
UomslHm3KWY,True,True,189.0,30,29,573,6,0,22200,1782,Positive,2,77.59,6.86,9.44,9.62,1.314,0.069,0.439,0.0305498981670061,15.0,13.0,0.8461538461538461,0.7333333333333333,True,0.5066666666666668,0.5333333333333333,0.0,0.1333333333333333,0.0666666666666666,0.0,0.0,0.2,0.0,0.0,0.0,0.0666666666666666,0.5333333333333333,0.143,17.75,10.0,5.96,0.082,3.36,0.183,2440.0,485.0
UqMIcrNJ27Q,True,True,97.0,124,84,1786,0,0,17400,646,Neutral,5,-155.3,90.07,40.15,95.29,1.617,0.189,0.536,0.0666666666666666,15.0,15.0,1.0,1.0,True,0.3733333333333333,0.4,0.0,0.0,0.2,0.0,0.0,0.0,0.0666666666666666,0.0,0.0,0.0,0.7333333333333333,0.5,57.75,38.44,15.0,0.294,3.21,0.113,1251.0,223.0
Uqg0B3qQzOE,True,True,198.0,121,90,1388,3,0,145000,1134,Neutral,7,68.52,7.91,10.63,10.28,1.432,0.102,0.432,0.0261569416498993,13.0,11.0,0.9090909090909092,0.7692307692307693,True,0.3384615384615386,0.3846153846153846,0.0,0.0,0.4615384615384615,0.0,0.0,0.0,0.0,0.0,0.0,0.0,0.5384615384615384,0.121,15.45,10.72,5.45,0.049,3.25,0.145,2820.0,504.0
UrqV88cG1J0,True,True,221.0,44,39,422,2,1,14600,3587,Negative,3,-535.3,241.7,41.02,250.12,1.346,0.071,0.409,0.0803149606299212,51.0,38.0,0.7894736842105263,0.5882352941176471,True,0.5019607843137255,0.5686274509803921,0.196078431372549,0.0196078431372549,0.2156862745098039,0.0,0.0,0.0196078431372549,0.0588235294117647,0.196078431372549,0.0,0.0,0.2941176470588235,0.333,53.83,58.56,8.08,0.181,5.27,0.164,3184.0,627.0
Usz4oJyS29M,True,True,170.0,194,120,625,8,1,47600,2491,Very Positive,6,-305.03,155.42,31.12,162.3,1.239,0.06,0.456,0.141089108910891,57.0,48.0,0.8541666666666666,0.7192982456140351,True,0.1894736842105264,0.3157894736842105,0.0,0.2105263157894736,0.0701754385964912,0.0,0.0526315789473684,0.0,0.175438596491228,0.087719298245614,0.0,0.0701754385964912,0.3333333333333333,0.053,21.68,18.63,5.42,0.078,2.96,0.209,1890.0,401.0
Ut2bapedGqQ,True,True,53.0,40,34,255,1,0,145000,1134,Neutral,2,55.64,10.8,11.54,11.66,1.531,0.102,0.633,0.0077519379844961,1.0,1.0,1.0,1.0,True,0.8,1.0,0.0,0.0,0.0,0.0,0.0,0.0,0.0,0.0,0.0,0.0,1.0,0.333,21.83,12.42,6.5,0.341,3.16,0.13,776.0,131.0
UtSG_Vok1vA,True,True,3416.0,41,38,907,13,0,191000,1170,Neutral,2,-8009.58,3111.4,164.61,3192.99,1.452,0.1,0.16,0.0050573578389046,41.0,22.0,0.7272727272727273,0.3902439024390244,True,0.8,1.0,0.024390243902439,0.0,0.1707317073170731,0.0,0.0,0.3170731707317073,0.073170731707317,0.073170731707317,0.0,0.0,0.3414634146341463,0.537,56.5,75.88,8.18,0.012,4.44,0.134,43503.0,8067.0
UxQQd3Qo1MQ,True,True,136.0,66,53,1082,5,0,88900,1346,Neutral,5,-225.35,121.46,31.69,126.45,1.401,0.081,0.54,0.2172523961661341,68.0,63.0,0.9206349206349206,0.8529411764705882,False,0.1058823529411765,0.25,0.0294117647058823,0.0441176470588235,0.1764705882352941,0.0,0.0,0.0441176470588235,0.0294117647058823,0.2058823529411764,0.0,0.0,0.4705882352941176,0.4,32.4,18.97,7.3,0.207,2.93,0.188,1569.0,309.0
Uzh2zyf7ilk,True,True,412.0,46,40,436,5,0,878,241,Neutral,2,-1016.81,421.15,72.86,433.03,1.614,0.139,0.358,0.0470479704797048,51.0,36.0,0.8055555555555556,0.5686274509803921,True,0.5725490196078431,0.5098039215686274,0.0196078431372549,0.0,0.3137254901960784,0.0,0.0196078431372549,0.0196078431372549,0.0,0.1568627450980392,0.0,0.0,0.4705882352941176,4.5,274.75,495.45,10.75,0.829,5.95,0.065,6127.0,1084.0
V0yazJUTlb4,True,True,323.0,62,47,476,4,0,2910,278,Neutral,2,-731.19,312.99,58.52,322.42,1.538,0.118,0.377,0.0713391739674593,57.0,43.0,0.8604651162790697,0.6491228070175439,True,0.512280701754386,0.4912280701754385,0.175438596491228,0.0,0.2280701754385964,0.0,0.0,0.0,0.1403508771929824,0.0175438596491228,0.0,0.0,0.4385964912280701,2.667,271.67,190.25,19.0,0.422,4.69,0.093,4607.0,800.0
V26Osvn0Yb8,True,True,1304.0,26,25,626,10,0,144000,1700,Neutral,2,61.33,7.19,11.21,8.0,1.6,0.2,1.0,0.1,1.0,1.0,1.0,1.0,True,0.8,1.0,0.0,0.0,1.0,0.0,0.0,0.0,0.0,0.0,0.0,0.0,0.0,1.0,10.0,0.0,5.0,0.0,1.8,0.0,63.0,10.0
V2n9XohqbIs,True,True,163.0,134,96,830,4,0,27400,964,Neutral,5,-371.49,175.38,41.02,181.11,1.509,0.099,0.459,0.1801801801801801,80.0,71.0,0.9154929577464788,0.8125,False,0.0949999999999999,0.25,0.025,0.025,0.1875,0.0,0.0,0.0,0.15,0.0125,0.0,0.0,0.6,1.0,226.0,179.61,12.5,0.76,4.56,0.117,2485.0,444.0
V3EZvOEtCIs,True,True,653.0,472,263,485,4,0,1220000,11882,Neutral,34,-1600.56,650.14,70.96,668.98,1.388,0.085,0.261,0.0456431535269709,77.0,57.0,0.8070175438596491,0.5974025974025974,True,0.7116883116883117,0.7792207792207793,0.0909090909090909,0.0129870129870129,0.1428571428571428,0.0,0.0,0.0,0.0909090909090909,0.0389610389610389,0.0,0.0259740259740259,0.5974025974025974,0.192,33.6,37.87,6.46,0.037,3.51,0.147,8713.0,1676.0
V3O_FpF4ggo,True,True,2747.0,26,25,283,5,0,13800,709,Neutral,2,-5652.46,2201.31,183.78,2260.03,1.664,0.177,0.208,0.0113616500611781,65.0,50.0,0.84,0.6461538461538462,True,0.8,1.0,0.3846153846153846,0.1846153846153846,0.1384615384615384,0.0,0.0,0.0307692307692307,0.0153846153846153,0.0,0.0,0.0,0.2461538461538461,1.818,132.61,164.07,10.57,0.038,5.78,0.093,34081.0,5707.0
V73yAMoDBv4,True,True,67.0,36,33,817,10,0,1220000,11882,Negative,4,61.33,7.19,11.21,8.0,1.6,0.2,1.0,0.1,1.0,1.0,1.0,1.0,True,0.8,1.0,0.0,0.0,1.0,0.0,0.0,0.0,0.0,0.0,0.0,0.0,0.0,1.0,10.0,0.0,5.0,0.0,1.8,0.0,63.0,10.0
V77pi2f8esk,True,True,98.0,93,71,810,16,0,1220000,11882,Neutral,4,-150.81,86.96,34.94,88.95,1.684,0.146,0.472,0.0934579439252336,20.0,10.0,0.7,0.35,True,0.1400000000000001,0.3,0.0,0.0,0.5,0.0,0.0,0.0,0.15,0.0,0.0,0.0,0.35,0.667,72.0,89.6,8.33,0.667,5.43,0.065,1340.0,214.0
V7UfP6zZ-EA,True,True,630.0,142,88,253,3,0,45800,539,Neutral,9,-1436.1,585.46,73.1,602.33,1.46,0.1,0.318,0.0353172007848266,54.0,40.0,0.775,0.5740740740740741,True,0.6592592592592592,0.6481481481481481,0.037037037037037,0.1296296296296296,0.2037037037037037,0.0,0.0,0.0,0.0555555555555555,0.1296296296296296,0.0,0.0,0.4444444444444444,0.8,78.35,132.91,7.95,0.07,5.13,0.126,8402.0,1519.0
V87uqWrEt2I,True,True,7188.0,86,68,60,0,0,14700,1456,Neutral,5,-19327.71,7460.77,247.98,7654.05,1.426,0.096,0.108,0.0024214322514167,47.0,33.0,0.8484848484848485,0.5957446808510638,True,0.8,1.0,0.0,0.0425531914893617,0.2765957446808511,0.0,0.0,0.0,0.2340425531914893,0.0212765957446808,0.0,0.0,0.425531914893617,0.491,58.27,73.61,8.41,0.006,4.39,0.158,102929.0,19307.0
VCHO9B1TtfY,True,True,131.0,22,19,579,5,0,5570,489,Neutral,1,-295.19,142.87,48.47,147.79,1.663,0.177,0.455,0.1694444444444444,61.0,41.0,0.8292682926829268,0.5573770491803278,False,0.1508196721311476,0.2622950819672131,0.1967213114754098,0.1147540983606557,0.2622950819672131,0.0,0.0655737704918032,0.1311475409836065,0.0491803278688524,0.0327868852459016,0.0,0.0,0.1475409836065573,4.5,181.5,225.57,16.5,0.9,6.26,0.088,2115.0,360.0
VCRyqi5Vv84,True,True,2962.0,68,50,6202,68,0,144000,1700,Neutral,2,61.33,7.19,11.21,8.0,1.6,0.2,1.0,0.1,1.0,1.0,1.0,1.0,True,0.8,1.0,0.0,0.0,1.0,0.0,0.0,0.0,0.0,0.0,0.0,0.0,0.0,1.0,10.0,0.0,5.0,0.0,1.8,0.0,63.0,10.0
VCsLUZ0VT_w,True,True,147.0,56,44,645,3,1,28300,1065,Neutral,2,-270.66,135.97,36.44,140.19,1.541,0.099,0.541,0.131578947368421,45.0,40.0,0.9,0.8,True,0.2488888888888889,0.3333333333333333,0.0,0.0,0.2444444444444444,0.0,0.0,0.0,0.0666666666666666,0.0444444444444444,0.0,0.0,0.6444444444444445,1.333,117.33,111.38,10.0,0.4,3.56,0.105,1969.0,344.0
VDcQz0CLVHM,True,True,43.0,97,64,14414,31,0,12500,1337,Neutral,4,61.33,7.19,11.21,8.0,1.6,0.2,1.0,0.1,1.0,1.0,1.0,1.0,True,0.8,1.0,0.0,0.0,1.0,0.0,0.0,0.0,0.0,0.0,0.0,0.0,0.0,1.0,10.0,0.0,5.0,0.0,1.8,0.0,63.0,10.0
VF2pOnkAiZI,True,True,61.0,161,123,50761,190,0,1220000,11882,Neutral,7,-113.0,77.46,22.08,80.05,1.441,0.056,0.631,0.271356783919598,54.0,49.0,0.9387755102040816,0.8518518518518519,False,0.0962962962962963,0.2407407407407407,0.0,0.0185185185185185,0.1296296296296296,0.0,0.0,0.0925925925925925,0.0185185185185185,0.1666666666666666,0.0,0.0,0.5740740740740741,2.0,201.0,0.0,13.0,0.909,4.37,0.045,1051.0,199.0
VGZRMHA4ics,True,True,142.0,367,192,256299,3034,0,251000,1949,Neutral,15,-193.41,103.09,43.52,107.05,1.696,0.198,0.466,0.2213438735177865,56.0,44.0,0.7954545454545454,0.625,True,0.1142857142857143,0.3035714285714285,0.0178571428571428,0.0357142857142857,0.3392857142857143,0.0,0.0,0.3035714285714285,0.0,0.0357142857142857,0.0,0.0,0.2678571428571428,17.0,255.0,0.0,17.0,0.923,3.54,0.012,1480.0,253.0
VH7NCjBFCEc,True,True,281.0,123,91,7479,0,0,128000,2724,Neutral,5,-545.31,246.08,40.59,254.68,1.32,0.068,0.472,0.0981308411214953,63.0,59.0,0.9322033898305084,0.873015873015873,True,0.3301587301587301,0.3492063492063492,0.0317460317460317,0.1746031746031746,0.1428571428571428,0.0,0.0158730158730158,0.0,0.1269841269841269,0.0793650793650793,0.0,0.0,0.4285714285714285,0.208,27.71,26.15,6.38,0.058,3.39,0.188,3321.0,641.0
VIM2FV-zm90,True,True,141.0,55,47,59409,27,0,1220000,11882,Negative,3,-354.29,169.75,41.02,175.83,1.462,0.102,0.555,0.1795454545454545,79.0,69.0,0.9130434782608696,0.7974683544303798,False,0.081012658227848,0.2531645569620253,0.0379746835443038,0.1012658227848101,0.2911392405063291,0.0,0.050632911392405,0.0126582278481012,0.0253164556962025,0.0759493670886076,0.0,0.0,0.4050632911392405,0.333,49.56,66.21,7.56,0.188,5.07,0.114,2371.0,437.0
VIe3FDl2jDI,True,True,39.0,86,64,266,4,0,98900,2838,Neutral,3,-10.78,34.64,20.27,35.0,1.613,0.113,0.725,0.1518987341772152,12.0,10.0,0.8,0.6666666666666666,True,0.2666666666666666,0.4166666666666667,0.0,0.0,0.3333333333333333,0.0,0.0,0.0833333333333333,0.0,0.0,0.0,0.0,0.5833333333333334,2.0,80.0,0.0,15.0,0.5,3.64,0.037,481.0,80.0
VIqWscXjb7w,True,True,60.0,102,78,595,4,0,46000,861,Very Positive,6,-27.85,43.23,24.5,46.57,1.514,0.133,0.667,0.1851851851851851,20.0,16.0,0.8125,0.65,True,0.1999999999999999,0.3,0.0,0.0,0.1,0.0,0.35,0.05,0.0,0.1,0.0,0.0,0.4,1.0,112.0,0.0,10.0,0.833,5.28,0.143,591.0,108.0
VOfqGYNxFs4,True,True,56.0,52,49,95436,0,32,32300,2855,Neutral,4,-133.25,84.51,30.53,88.2,1.476,0.108,0.594,0.2558139534883721,55.0,52.0,0.9423076923076924,0.8909090909090909,False,0.1745454545454545,0.2909090909090909,0.0,0.0,0.109090909090909,0.0,0.0,0.0,0.1636363636363636,0.0363636363636363,0.0,0.0181818181818181,0.6727272727272727,2.0,219.0,0.0,14.0,0.9,4.89,0.137,1116.0,215.0
VPoqpeog2Wc,True,True,27.0,33,25,93159,623,49,477000,4732,Neutral,2,8.82,27.43,18.24,28.67,1.597,0.113,0.726,0.2063492063492063,13.0,10.0,0.9,0.6923076923076923,True,0.276923076923077,0.3846153846153846,0.0,0.1538461538461538,0.1538461538461538,0.0,0.0,0.3076923076923077,0.0,0.1538461538461538,0.0,0.0,0.2307692307692307,0.5,32.5,4.95,10.0,0.429,2.41,0.062,344.0,63.0
VSpY0JcwsD8,True,True,261.0,50,42,1466,9,0,216000,5950,Neutral,2,53.25,10.25,13.13,12.13,1.602,0.148,0.44,0.0159744408945686,10.0,9.0,0.8888888888888888,0.8,True,0.4399999999999999,0.4,0.0,0.0,0.5,0.0,0.0,0.0,0.1,0.0,0.0,0.0,0.4,0.371,18.0,8.06,6.26,0.042,2.98,0.111,3788.0,627.0
VV8JrW-VGuo,True,True,58.0,40,36,5399,389,11,697000,6101,Neutral,2,-79.49,63.1,30.53,67.27,1.513,0.147,0.558,0.0700636942675159,11.0,7.0,0.5714285714285714,0.3636363636363636,True,0.3272727272727274,0.4545454545454545,0.0,0.0,0.0909090909090909,0.0,0.0,0.0,0.0909090909090909,0.0,0.0,0.0,0.8181818181818182,1.0,81.0,4.24,10.0,0.542,3.67,0.111,884.0,157.0
VVR60zcS9L4,True,True,82.0,111,79,11051,61,4,170000,3304,Neutral,6,-86.37,65.3,32.26,70.86,1.534,0.161,0.59,0.24375,39.0,32.0,0.84375,0.6923076923076923,False,0.1641025641025641,0.282051282051282,0.0,0.2307692307692307,0.358974358974359,0.0,0.2307692307692307,0.1282051282051282,0.0,0.0256410256410256,0.0,0.0,0.0256410256410256,1.0,41.75,29.52,7.75,0.302,3.54,0.078,911.0,163.0
VVw4K1CAfC8,True,True,147.0,366,192,614,6,0,18300,1549,Neutral,12,-317.77,153.48,46.26,160.0,1.57,0.148,0.5,0.1128205128205128,44.0,30.0,0.8,0.5454545454545454,True,0.2818181818181819,0.3409090909090909,0.2045454545454545,0.1363636363636363,0.0227272727272727,0.0,0.0,0.0227272727272727,0.2272727272727272,0.0,0.0,0.0227272727272727,0.3636363636363636,0.0,400.0,0.0,14.0,0.975,6.52,0.163,2234.0,390.0
VWubnkIHTEQ,True,True,3798.0,87,67,567,4,0,1400,201,Neutral,4,-9668.83,3746.28,211.08,3844.0,1.58,0.138,0.149,0.0037929267042542,37.0,34.0,0.9117647058823528,0.8378378378378378,True,0.8,1.0,0.0,0.027027027027027,0.1351351351351351,0.0,0.0,0.0,0.081081081081081,0.0,0.0,0.0,0.7567567567567568,1.341,117.58,218.88,10.29,0.018,7.1,0.128,56570.0,9734.0
VX1n7tY6F2E,True,True,177.0,72,51,136,0,0,13500,719,Neutral,4,59.54,8.49,12.1,10.82,1.57,0.153,0.457,0.0122448979591836,6.0,6.0,1.0,1.0,True,0.7333333333333334,0.8333333333333334,0.0,0.1666666666666666,0.5,0.0,0.0,0.0,0.0,0.0,0.0,0.0,0.3333333333333333,0.059,14.76,6.06,5.65,0.056,2.92,0.143,2941.0,491.0
V_I6Q56vtjE,True,True,126.0,81,55,2745,29,0,1220000,11882,Very Positive,4,-244.98,130.16,31.12,135.72,1.345,0.072,0.483,0.2195845697329377,74.0,64.0,0.890625,0.7702702702702703,False,0.0864864864864864,0.2432432432432432,0.0405405405405405,0.1351351351351351,0.2297297297297297,0.0,0.0,0.0405405405405405,0.1216216216216216,0.0945945945945946,0.0,0.0675675675675675,0.2702702702702703,0.3,35.0,21.22,7.4,0.124,2.8,0.171,1718.0,338.0
VaSWYVW8Dts,True,True,279.0,57,47,1673,26,0,1220000,11882,Neutral,3,-642.08,280.69,51.94,289.75,1.444,0.102,0.39,0.0599721059972106,43.0,36.0,0.8611111111111112,0.7209302325581395,True,0.3813953488372092,0.4186046511627907,0.0,0.0,0.1395348837209302,0.0,0.0,0.0,0.0697674418604651,0.0930232558139534,0.0,0.0,0.6976744186046512,0.333,49.53,63.69,7.27,0.094,4.25,0.155,3864.0,720.0
VamIKPgN88Y,True,True,66.0,89,69,42966,4,0,46000,861,Very Positive,4,-70.88,61.4,26.68,65.76,1.435,0.11,0.5,0.1794871794871795,28.0,18.0,0.5555555555555556,0.3571428571428571,True,0.2285714285714286,0.3571428571428571,0.0714285714285714,0.1428571428571428,0.4285714285714285,0.0,0.0,0.0357142857142857,0.0,0.1071428571428571,0.0,0.0,0.2142857142857142,0.0,26.33,25.37,5.83,0.325,3.03,0.184,853.0,154.0
VbWzuBZRlQw,True,True,320.0,29,27,4029,48,0,24900,1479,Neutral,2,-576.67,254.18,47.75,261.56,1.511,0.094,0.387,0.1664098613251155,108.0,77.0,0.8441558441558441,0.6018518518518519,True,0.3925925925925926,0.3981481481481481,0.1759259259259259,0.1111111111111111,0.0833333333333333,0.0,0.0185185185185185,0.1203703703703703,0.0092592592592592,0.0092592592592592,0.0,0.0,0.4722222222222222,1.333,111.0,111.78,11.5,0.422,5.07,0.111,3685.0,649.0
VdO40cCjoQw,True,True,197.0,100,76,2989,20,0,1220000,11882,Neutral,7,-427.91,196.66,45.11,203.22,1.528,0.108,0.418,0.136,68.0,46.0,0.7608695652173914,0.5147058823529411,False,0.2294117647058824,0.2941176470588235,0.2205882352941176,0.0147058823529411,0.3382352941176471,0.0,0.0,0.0294117647058823,0.0441176470588235,0.0147058823529411,0.0,0.0,0.3382352941176471,1.5,252.0,73.54,17.0,0.632,6.0,0.095,2810.0,498.0
VdXEUCrhN9g,True,True,113.0,65,60,313,2,0,45400,902,Neutral,4,-228.17,122.1,31.69,126.58,1.423,0.081,0.519,0.1028938906752411,32.0,27.0,0.8518518518518519,0.71875,False,0.1625000000000001,0.28125,0.0625,0.09375,0.28125,0.0,0.03125,0.0,0.0,0.09375,0.0,0.03125,0.40625,0.667,109.0,67.22,13.67,0.422,3.27,0.125,1755.0,312.0
Ve-ccjQ8EE8,True,True,183.0,20,20,2847,13,0,21200,1769,Neutral,1,-438.7,204.38,42.29,212.41,1.356,0.09,0.398,0.1203703703703703,65.0,48.0,0.9166666666666666,0.676923076923077,True,0.2892307692307692,0.3692307692307692,0.0,0.0461538461538461,0.2307692307692307,0.0,0.0307692307692307,0.0153846153846153,0.0461538461538461,0.0153846153846153,0.0,0.0,0.6153846153846154,0.667,91.67,101.24,9.5,0.257,4.62,0.124,2755.0,536.0
VgUdS1CI7h4,True,True,115.0,59,45,522,4,0,16600,1353,Neutral,2,65.09,8.0,11.21,10.76,1.491,0.13,0.485,0.0263929618768328,9.0,9.0,1.0,1.0,True,0.6222222222222222,0.6666666666666666,0.0,0.0,0.0,0.0,0.0,0.1111111111111111,0.1111111111111111,0.0,0.0,0.0,0.7777777777777778,0.091,16.0,9.25,5.82,0.112,3.02,0.182,1952.0,342.0
Vlc0eq9nkc8,True,True,77.0,41,34,5159,31,0,75200,1684,Neutral,2,-137.98,87.16,29.92,91.27,1.436,0.1,0.527,0.2008928571428571,45.0,42.0,0.9523809523809524,0.8888888888888888,False,0.1066666666666666,0.2444444444444444,0.0444444444444444,0.0666666666666666,0.2444444444444444,0.0,0.0,0.0,0.0444444444444444,0.0666666666666666,0.0,0.0222222222222222,0.5111111111111111,0.25,57.75,50.63,8.5,0.571,3.34,0.173,1182.0,224.0
VmMdsYC4-tc,True,True,99.0,55,43,2604,17,0,1220000,11882,Neutral,3,-161.55,95.42,31.69,100.0,1.475,0.104,0.542,0.1604938271604938,39.0,38.0,0.9736842105263158,0.9487179487179488,False,0.1948717948717948,0.282051282051282,0.0256410256410256,0.0,0.0769230769230769,0.0,0.0,0.0,0.0512820512820512,0.0,0.0,0.0,0.8461538461538461,1.0,129.5,71.42,14.0,0.765,3.26,0.147,1378.0,242.0
VnP22uk1RCw,True,True,61.0,28,28,4850,55,1,697000,6101,Neutral,1,50.92,9.98,11.46,10.7,1.659,0.138,0.691,0.0,0.0,0.0,0.0,0.0,False,0.0,0.0,0.0,0.0,0.0,0.0,0.0,0.0,0.0,0.0,0.0,0.0,0.0,0.125,16.5,5.37,6.38,0.27,2.78,0.091,930.0,127.0
VougmcEBJ9w,True,True,181.0,77,61,1233,9,1,15600,1174,Positive,8,-392.37,188.47,29.31,195.65,1.264,0.043,0.439,0.1414141414141414,70.0,60.0,0.9,0.7714285714285715,True,0.2114285714285715,0.3,0.0142857142857142,0.1142857142857142,0.1857142857142857,0.0,0.0,0.0285714285714285,0.0285714285714285,0.0571428571428571,0.0,0.0285714285714285,0.5428571428571428,0.1,50.7,51.65,7.8,0.143,4.38,0.14,2397.0,491.0
VpSQoQK_Wek,True,True,61.0,35,30,7095,57,0,50000,1839,Neutral,4,-71.61,65.73,17.12,69.34,1.24,0.035,0.567,0.2022471910112359,36.0,28.0,0.8571428571428571,0.6666666666666666,True,0.2555555555555555,0.3333333333333333,0.2222222222222222,0.0277777777777777,0.1666666666666666,0.0,0.0,0.0,0.0555555555555555,0.0555555555555555,0.0,0.0,0.4722222222222222,0.1,18.3,18.39,5.1,0.136,2.59,0.153,880.0,178.0
VphCXPjTx8U,True,True,2000.0,610,340,258,3,0,14600,3587,Neutral,26,-3183.02,1258.28,90.7,1292.29,1.383,0.073,0.182,0.0118243243243243,77.0,69.0,0.927536231884058,0.8311688311688312,True,0.8,1.0,0.0259740259740259,0.0259740259740259,0.1558441558441558,0.0,0.0,0.0259740259740259,0.0649350649350649,0.1298701298701298,0.0,0.0259740259740259,0.5454545454545454,0.292,46.81,62.42,7.51,0.013,3.96,0.146,34127.0,6483.0
Vqzp1A9GYw8,True,True,69.0,193,131,1181,20,0,1220000,11882,Neutral,9,-119.2,75.1,31.69,77.64,1.67,0.137,0.61,0.1847826086956521,34.0,28.0,0.8571428571428571,0.7058823529411765,False,0.1411764705882352,0.2941176470588235,0.0294117647058823,0.088235294117647,0.3235294117647059,0.0,0.0294117647058823,0.0,0.088235294117647,0.0,0.0,0.0,0.4411764705882353,4.0,187.0,0.0,14.0,0.889,4.97,0.07,1132.0,184.0
Vr9PCS9VERQ,True,True,2121.0,251,158,280,2,0,45800,539,Neutral,11,-4886.9,1911.44,128.29,1962.22,1.457,0.098,0.199,0.0197302194483591,98.0,77.0,0.8961038961038961,0.7040816326530612,True,0.8,1.0,0.1836734693877551,0.0612244897959183,0.3469387755102041,0.0,0.0306122448979591,0.0714285714285714,0.010204081632653,0.0612244897959183,0.0,0.0,0.2346938775510204,0.618,67.41,64.75,9.13,0.024,3.83,0.146,27335.0,4941.0
VrIxRfWDOm8,True,True,114.0,250,152,342768,0,0,17400,646,Neutral,13,-100.55,70.01,31.69,73.92,1.57,0.145,0.57,0.2781065088757396,47.0,44.0,0.9772727272727272,0.9148936170212766,True,0.1872340425531915,0.3191489361702128,0.0,0.0212765957446808,0.2765957446808511,0.0,0.0,0.1063829787234042,0.0,0.0,0.0,0.0,0.5957446808510638,1.0,87.5,79.9,17.5,0.462,4.45,0.063,991.0,174.0
VrwVGMAD48o,True,True,139.0,30,29,237,3,0,42900,959,Neutral,3,-330.13,161.41,38.34,167.71,1.416,0.092,0.382,0.1646778042959427,69.0,48.0,0.7916666666666666,0.5507246376811594,True,0.1971014492753624,0.3333333333333333,0.0289855072463768,0.0579710144927536,0.0579710144927536,0.0,0.0,0.1159420289855072,0.0289855072463768,0.0579710144927536,0.0,0.0,0.6521739130434783,0.1,42.9,51.58,6.5,0.168,3.53,0.121,2165.0,418.0
VtZ4lJoK3j0,True,True,106.0,48,38,587,5,0,16700,496,Neutral,3,57.56,12.48,12.72,14.79,1.414,0.097,0.505,0.046583850931677,15.0,10.0,0.9,0.6,True,0.2933333333333334,0.4,0.0,0.0,0.0,0.0,0.0,0.0,0.1333333333333333,0.0,0.0,0.0,0.8666666666666667,0.091,30.36,23.24,8.0,0.204,3.5,0.156,1782.0,322.0
VyAyufp2OAI,True,True,285.0,20,18,308,2,0,21200,805,Neutral,2,-707.63,306.97,49.54,317.06,1.391,0.084,0.417,0.1240694789081885,100.0,82.0,0.8170731707317073,0.67,True,0.4559999999999999,0.41,0.0,0.02,0.07,0.0,0.0,0.01,0.09,0.06,0.0,0.0,0.75,1.167,139.17,158.52,9.67,0.229,5.55,0.119,4280.0,805.0
W-UHoEhm2F8,True,True,218.0,75,63,5930,28,7,569000,3032,Neutral,7,-310.04,154.88,34.42,160.93,1.359,0.076,0.455,0.1061728395061728,43.0,34.0,0.8235294117647058,0.6511627906976745,True,0.1767441860465117,0.3255813953488372,0.0232558139534883,0.0697674418604651,0.0697674418604651,0.0,0.0,0.1627906976744186,0.0930232558139534,0.0,0.0,0.0,0.5813953488372093,0.444,46.89,54.12,7.22,0.145,3.51,0.164,2095.0,405.0
W09QflAfup0,True,True,65.0,76,55,525,4,0,697000,6101,Positive,3,-102.64,71.8,29.31,74.8,1.522,0.118,0.539,0.2513661202185792,46.0,44.0,0.9545454545454546,0.9130434782608696,False,0.1217391304347825,0.2608695652173913,0.0,0.0,0.2391304347826087,0.0,0.0,0.0217391304347826,0.1739130434782608,0.1521739130434782,0.0,0.0,0.4130434782608695,0.5,93.5,10.61,9.0,0.429,4.68,0.086,1036.0,183.0
W0OmgjNRSIE,True,True,1935.0,18,18,2385092,20487,1418,569000,3032,Neutral,3,-6278.95,2447.44,133.52,2512.29,1.403,0.083,0.154,0.009165613147914,58.0,42.0,0.8809523809523809,0.6379310344827587,True,0.8,1.0,0.0,0.0,0.1551724137931034,0.0,0.0,0.1896551724137931,0.0,0.0344827586206896,0.0,0.0,0.6206896551724138,0.573,67.68,71.62,8.39,0.02,4.56,0.141,33583.0,6309.0
W52xua5B8-c,True,False,158.0,0,0,1746,11,1,1350,298,,0,-202.19,103.32,45.88,107.15,1.847,0.225,0.55,0.242063492063492,61.0,54.0,0.8888888888888888,0.7868852459016393,False,0.1639344262295081,0.2786885245901639,0.0655737704918032,0.0491803278688524,0.3770491803278688,0.0,0.0,0.0491803278688524,0.1147540983606557,0.0,0.0,0.0,0.3442622950819672,0.0,129.5,173.24,13.5,0.818,6.39,0.062,1694.0,254.0
W5G1EQagZGg,True,True,240.0,19,19,917,3,0,75200,1684,Neutral,2,-428.27,195.47,52.93,202.8,1.592,0.154,0.446,0.1706827309236948,85.0,56.0,0.8392857142857143,0.5529411764705883,False,0.2258823529411764,0.2823529411764706,0.0117647058823529,0.1176470588235294,0.1764705882352941,0.0,0.2823529411764706,0.0,0.0,0.0235294117647058,0.0,0.0,0.388235294117647,5.0,505.0,0.0,17.0,0.968,5.2,0.109,2963.0,497.0
W740hmEpkMs,True,True,309.0,37,34,7951,66,3,15600,1174,Neutral,1,-775.82,331.14,58.52,341.11,1.489,0.111,0.424,0.0588928150765606,50.0,38.0,0.8157894736842105,0.62,True,0.504,0.46,0.0,0.02,0.06,0.0,0.0,0.1,0.16,0.08,0.0,0.0,0.58,0.5,107.38,118.36,11.12,0.173,5.64,0.091,4573.0,850.0
W8bezLf7V3w,True,True,96.0,15,14,15621,78,45,100000,867,Neutral,1,-101.28,70.36,29.31,73.13,1.566,0.121,0.601,0.2290502793296089,41.0,34.0,0.8823529411764706,0.7317073170731707,True,0.1560975609756099,0.3170731707317073,0.0,0.0,0.4634146341463415,0.0,0.0,0.073170731707317,0.0,0.073170731707317,0.0,0.0,0.3902439024390244,2.0,184.0,0.0,14.0,0.933,4.73,0.082,1087.0,179.0
WA2U293-GRg,True,True,1112.0,175,126,304,2,0,3210,503,Positive,11,-2810.39,1116.0,85.52,1146.9,1.339,0.073,0.205,0.0257731958762886,75.0,50.0,0.76,0.5066666666666667,True,0.8,1.0,0.0133333333333333,0.0933333333333333,0.1466666666666666,0.0,0.0,0.0,0.0133333333333333,0.1333333333333333,0.0,0.0133333333333333,0.5866666666666667,0.168,31.52,35.23,6.39,0.022,3.35,0.169,14342.0,2891.0
WA8yrVU-gEY,True,True,126.0,89,62,269,1,0,135000,2612,Neutral,3,61.33,7.19,11.21,8.0,1.6,0.2,1.0,0.1,1.0,1.0,1.0,1.0,True,0.8,1.0,0.0,0.0,1.0,0.0,0.0,0.0,0.0,0.0,0.0,0.0,0.0,1.0,10.0,0.0,5.0,0.0,1.8,0.0,63.0,10.0
WAHODYvSdok,True,True,263.0,75,60,758,13,0,10700,653,Positive,6,-516.24,233.08,45.11,240.96,1.408,0.091,0.434,0.1219110378912685,74.0,63.0,0.8888888888888888,0.7567567567567568,False,0.2756756756756757,0.2837837837837837,0.1486486486486486,0.0675675675675675,0.1891891891891892,0.0,0.0405405405405405,0.0135135135135135,0.027027027027027,0.054054054054054,0.0,0.0,0.4594594594594595,0.3,31.3,21.71,7.65,0.083,3.07,0.149,3172.0,605.0
WCwhYBL6GHg,True,True,789.0,14,14,831,9,0,144000,1700,Neutral,1,61.33,7.19,11.21,8.0,1.6,0.2,1.0,0.1,1.0,1.0,1.0,1.0,True,0.8,1.0,0.0,0.0,1.0,0.0,0.0,0.0,0.0,0.0,0.0,0.0,0.0,1.0,10.0,0.0,5.0,0.0,1.8,0.0,63.0,10.0
WDidg3_Onp0,True,True,147.0,29,21,1797,15,0,100000,1450,Neutral,2,-326.83,158.71,43.52,165.38,1.485,0.124,0.45,0.0646766169154228,26.0,22.0,0.8636363636363636,0.7307692307692307,True,0.1538461538461539,0.3076923076923077,0.0769230769230769,0.0384615384615384,0.2692307692307692,0.0,0.0,0.0,0.1538461538461538,0.0,0.0,0.0,0.4615384615384615,0.5,68.67,110.7,7.5,0.25,4.51,0.177,2204.0,401.0
WDqN_sMBccE,True,True,192.0,110,76,685,6,0,13500,719,Neutral,5,52.32,11.03,12.69,13.06,1.582,0.137,0.425,0.0288461538461538,18.0,9.0,0.8888888888888888,0.4444444444444444,True,0.5111111111111111,0.4444444444444444,0.0,0.0,0.1666666666666666,0.0,0.0,0.5555555555555556,0.0555555555555555,0.0,0.0,0.0,0.2222222222222222,0.267,21.47,9.3,7.07,0.059,3.05,0.116,3789.0,624.0
WFW1-UXGev8,True,True,57.0,11,11,2169,7,1,11500,201,Neutral,1,-88.84,71.86,22.08,76.55,1.263,0.059,0.489,0.0638297872340425,12.0,12.0,1.0,1.0,True,0.3666666666666667,0.5,0.0,0.0,0.0833333333333333,0.0,0.0,0.0,0.0,0.0833333333333333,0.0,0.0,0.8333333333333334,0.1,19.1,9.0,5.6,0.116,2.35,0.199,931.0,186.0
WGa8albPYAU,True,True,1940.0,61,53,242,3,0,14600,3587,Negative,5,-5584.59,2182.15,117.38,2240.45,1.33,0.071,0.19,0.0081343943412908,46.0,40.0,0.875,0.7608695652173914,True,0.8,1.0,0.0,0.1739130434782608,0.108695652173913,0.0,0.0,0.0434782608695652,0.1521739130434782,0.0652173913043478,0.0,0.0217391304347826,0.4347826086956521,0.145,36.91,47.6,6.69,0.012,3.79,0.164,28890.0,5631.0
WGgBMkqgT3U,True,True,34.0,99,69,490,11,0,98900,2838,Neutral,3,-5.78,32.7,22.08,35.33,1.613,0.147,0.76,0.1081081081081081,8.0,6.0,0.6666666666666666,0.5,True,0.4499999999999999,0.375,0.0,0.0,0.25,0.0,0.0,0.0,0.0,0.0,0.0,0.125,0.625,0.0,37.5,51.62,8.0,0.45,3.03,0.133,443.0,75.0
WHP2jfMnotk,True,True,1100.0,37,32,684,9,0,1220000,11882,Neutral,2,-3125.67,1234.76,105.8,1268.32,1.455,0.102,0.225,0.0162246489859594,52.0,36.0,0.7777777777777778,0.5384615384615384,True,0.8,1.0,0.0,0.0,0.1923076923076923,0.0,0.0,0.0,0.1538461538461538,0.0192307692307692,0.0,0.0,0.6346153846153846,0.788,63.6,77.59,9.1,0.045,4.65,0.135,17422.0,3183.0
WHvIWcJQGaE,True,True,422.0,116,87,1530,8,0,3880,230,Very Positive,6,-899.27,380.41,57.92,392.24,1.401,0.095,0.374,0.0847628657921291,84.0,72.0,0.8472222222222222,0.7261904761904762,True,0.6142857142857143,0.6071428571428571,0.119047619047619,0.1309523809523809,0.119047619047619,0.0,0.0238095238095238,0.0119047619047619,0.2142857142857142,0.0595238095238095,0.0,0.0119047619047619,0.3095238095238095,0.36,40.72,41.72,7.2,0.092,3.49,0.139,5154.0,982.0
WI1vbFb4q8Y,True,True,167.0,51,43,150,3,0,15600,1174,Neutral,3,-303.06,148.69,45.5,155.12,1.528,0.147,0.579,0.1507936507936507,57.0,51.0,0.9019607843137256,0.8070175438596491,True,0.2596491228070177,0.3508771929824561,0.0175438596491228,0.0701754385964912,0.1929824561403508,0.0,0.0350877192982456,0.0,0.0175438596491228,0.0350877192982456,0.0,0.0,0.631578947368421,0.5,38.9,52.24,5.7,0.214,3.84,0.118,2148.0,379.0
WK9aqBlm6cc,True,True,4426.0,48,45,789,9,0,952,151,Neutral,3,-11896.05,4603.97,222.53,4724.53,1.488,0.125,0.142,0.0060909470171047,73.0,51.0,0.8235294117647058,0.5753424657534246,True,0.8,1.0,0.0273972602739726,0.0273972602739726,0.2465753424657534,0.0,0.3698630136986301,0.0,0.0,0.1095890410958904,0.0,0.0,0.2191780821917808,0.46,58.18,73.69,7.88,0.009,4.27,0.131,64969.0,11932.0
WOG7QrZIfGk,True,True,237.0,59,52,180495,2013,0,86300,1033,Neutral,4,-632.95,277.43,49.54,286.48,1.432,0.093,0.404,0.1304347826086956,93.0,79.0,0.8481012658227848,0.7204301075268817,True,0.4086021505376345,0.3870967741935484,0.1075268817204301,0.0967741935483871,0.086021505376344,0.0,0.0,0.2150537634408602,0.053763440860215,0.043010752688172,0.0,0.043010752688172,0.3548387096774194,0.818,66.09,84.93,10.27,0.141,4.47,0.154,3814.0,713.0
WON9cnOf-o0,True,False,15403.0,0,0,367,8,0,24900,211,,0,-13194.73,5101.98,247.28,5235.15,1.536,0.14,0.119,0.0030659752450887,81.0,36.0,0.9166666666666666,0.4074074074074074,True,0.8,1.0,0.0617283950617283,0.0,0.1358024691358024,0.0,0.0,0.0,0.0123456790123456,0.0,0.0,0.0493827160493827,0.7407407407407407,0.249,33.57,61.68,5.82,0.002,4.22,0.129,149808.0,26573.0
WOtNMjgedcA,True,True,200.0,29,26,744,9,0,697000,6101,Neutral,1,77.16,6.06,9.03,7.95,1.361,0.066,0.465,0.0223123732251521,11.0,11.0,1.0,1.0,True,0.4363636363636365,0.3636363636363636,0.0,0.2727272727272727,0.0,0.0,0.0,0.0909090909090909,0.0,0.0,0.0,0.0,0.6363636363636364,0.027,13.84,7.14,5.51,0.049,2.85,0.168,2611.0,500.0
WR_MYsYtikg,True,True,407.0,100,66,1027,10,0,1220000,11882,Neutral,4,-789.36,330.05,81.67,341.21,1.793,0.227,0.383,0.079136690647482,66.0,51.0,0.803921568627451,0.6212121212121212,True,0.5272727272727273,0.5303030303030303,0.106060606060606,0.0303030303030303,0.3333333333333333,0.0,0.0454545454545454,0.0606060606060606,0.0909090909090909,0.0151515151515151,0.0,0.0,0.3181818181818182,9.0,418.0,264.46,18.0,0.549,6.13,0.085,5157.0,833.0
WSEJPSyRYTY,True,True,136.0,133,97,1302,6,0,170000,3304,Neutral,6,-178.66,104.01,30.53,108.42,1.377,0.087,0.608,0.1897810218978102,52.0,44.0,0.9090909090909092,0.7692307692307693,True,0.2230769230769231,0.3076923076923077,0.0769230769230769,0.0,0.1153846153846153,0.0,0.0,0.0,0.0769230769230769,0.1346153846153846,0.0,0.0,0.5961538461538461,0.455,25.82,27.03,5.64,0.217,2.95,0.173,1401.0,272.0
WSsN0jfRA0w,True,False,377.0,0,0,204,1,0,27400,964,,0,-859.94,361.26,64.66,371.73,1.596,0.126,0.363,0.0616883116883116,57.0,41.0,0.7560975609756098,0.543859649122807,True,0.4491228070175439,0.3859649122807017,0.1403508771929824,0.0,0.175438596491228,0.0,0.0350877192982456,0.0701754385964912,0.0701754385964912,0.0175438596491228,0.0,0.0,0.4912280701754385,1.125,118.5,119.74,11.25,0.264,6.32,0.122,5342.0,922.0
WT0hnmg7yhs,True,True,92.0,46,36,4928,4,0,88900,1346,Neutral,2,-104.22,70.77,28.03,72.9,1.601,0.11,0.52,0.160919540229885,28.0,19.0,0.7894736842105263,0.5357142857142857,True,0.1428571428571428,0.3214285714285714,0.1071428571428571,0.0,0.3571428571428571,0.0,0.0,0.0714285714285714,0.0714285714285714,0.0357142857142857,0.0,0.0,0.3571428571428571,0.0,176.0,0.0,21.0,0.917,3.4,0.097,1033.0,174.0
WUUc_hPPgzc,True,True,108.0,58,45,2859,19,0,22800,1123,Positive,3,-137.02,91.0,18.24,95.42,1.233,0.03,0.449,0.1645569620253164,39.0,31.0,0.8709677419354839,0.6923076923076923,False,0.123076923076923,0.2564102564102564,0.1538461538461538,0.0256410256410256,0.1794871794871795,0.0,0.0,0.0,0.1025641025641025,0.0,0.0,0.2307692307692307,0.3076923076923077,0.167,41.0,28.03,9.5,0.244,3.04,0.191,1171.0,236.0
WVBG9rFm-2M,True,True,3571.0,26,25,32,0,0,5890,1055,Neutral,1,-10787.46,4178.31,195.17,4287.28,1.474,0.106,0.161,0.0078232857800276,85.0,69.0,0.8695652173913043,0.7058823529411765,True,0.8,1.0,0.0,0.0352941176470588,0.188235294117647,0.0,0.0,0.0,0.188235294117647,0.0352941176470588,0.0,0.0,0.5529411764705883,0.345,46.99,45.08,7.6,0.008,3.9,0.12,58908.0,10817.0
WZxopWCd9C0,True,True,64.0,38,31,1022,3,0,28800,1415,Neutral,2,-82.78,64.31,26.68,67.88,1.516,0.107,0.591,0.191358024691358,31.0,22.0,0.8636363636363636,0.6129032258064516,False,0.1677419354838709,0.2580645161290322,0.064516129032258,0.1290322580645161,0.2258064516129032,0.0,0.0,0.0967741935483871,0.0,0.1612903225806451,0.0,0.0,0.3225806451612903,0.0,54.33,79.65,8.0,0.762,3.72,0.141,889.0,160.0
W_ACVHQTYGE,True,True,197.0,71,58,1123,6,1,135000,2612,Neutral,4,68.63,7.24,10.86,8.29,1.462,0.101,0.477,0.0414414414414414,23.0,18.0,0.8888888888888888,0.6956521739130435,True,0.5739130434782609,0.6086956521739131,0.1739130434782608,0.1304347826086956,0.0869565217391304,0.0,0.0,0.3043478260869565,0.0,0.0,0.0,0.0,0.3043478260869565,0.263,14.95,10.99,5.74,0.052,3.12,0.123,3130.0,554.0
WaFM1F9epmA,True,True,4120.0,54,39,217,2,0,98900,2838,Neutral,3,-11442.35,4429.39,219.01,4545.08,1.5,0.126,0.158,0.0050575514475061,58.0,48.0,0.9166666666666666,0.7586206896551724,True,0.8,1.0,0.0344827586206896,0.0862068965517241,0.2586206896551724,0.0,0.0689655172413793,0.0,0.0344827586206896,0.0172413793103448,0.0,0.0,0.5,0.788,70.89,77.05,9.13,0.011,4.89,0.111,62879.0,11447.0
WbemBjviJ7I,True,True,298.0,71,55,3206,36,5,53500,1701,Neutral,5,-548.44,249.49,30.53,258.44,1.213,0.036,0.334,0.0758513931888544,49.0,44.0,0.8863636363636364,0.7959183673469388,True,0.3673469387755101,0.3877551020408163,0.0,0.1632653061224489,0.0612244897959183,0.0,0.0,0.0,0.0816326530612244,0.0816326530612244,0.0,0.1836734693877551,0.4285714285714285,0.129,21.97,25.5,5.32,0.058,3.47,0.217,3091.0,650.0
WbhnC0Yz8Sw,True,True,171.0,104,77,3575,23,3,569000,3032,Neutral,4,-313.36,154.1,36.93,159.57,1.458,0.09,0.43,0.1313131313131313,52.0,44.0,0.8863636363636364,0.75,True,0.2307692307692308,0.3653846153846153,0.0576923076923076,0.0384615384615384,0.1923076923076923,0.0,0.0,0.0,0.0576923076923076,0.1153846153846153,0.0,0.0,0.5384615384615384,0.4,81.6,46.84,11.8,0.4,4.15,0.132,2132.0,393.0
WdNQI2SK0PY,True,True,141.0,78,58,767,13,2,952,151,Neutral,3,-239.31,124.65,36.93,129.55,1.506,0.111,0.5,0.190625,61.0,50.0,0.92,0.7540983606557377,True,0.1901639344262295,0.3278688524590163,0.0491803278688524,0.0,0.1967213114754098,0.0,0.0,0.1311475409836065,0.0327868852459016,0.1639344262295081,0.0,0.0,0.4262295081967213,0.4,66.8,75.51,9.2,0.482,4.01,0.12,1847.0,319.0
WfF1VCjpso8,True,True,304.0,236,165,128015,19,0,55000,668,Neutral,12,75.68,6.82,10.43,8.92,1.351,0.074,0.439,0.0208955223880597,14.0,13.0,0.9230769230769232,0.8571428571428571,True,0.5142857142857142,0.5714285714285714,0.1428571428571428,0.1428571428571428,0.2857142857142857,0.0,0.0,0.0714285714285714,0.0,0.0,0.0,0.0714285714285714,0.2857142857142857,0.114,15.7,8.2,5.32,0.037,2.98,0.148,3543.0,668.0
Wgp5HnumLbU,True,True,176.0,86,63,370,1,0,53500,1701,Neutral,5,-411.28,193.1,37.88,199.88,1.391,0.075,0.452,0.1570576540755467,79.0,61.0,0.8524590163934426,0.6582278481012658,True,0.2632911392405064,0.3544303797468354,0.0126582278481012,0.0,0.2531645569620253,0.0,0.0,0.0,0.1265822784810126,0.0759493670886076,0.0,0.0,0.5316455696202531,0.5,129.75,67.26,13.0,0.338,4.11,0.094,2662.0,501.0
Wk1is8hDWZE,True,True,19.0,320,203,18966,162,2,569000,3032,Negative,14,61.33,7.19,11.21,8.0,1.6,0.2,1.0,0.1,1.0,1.0,1.0,1.0,True,0.8,1.0,0.0,0.0,1.0,0.0,0.0,0.0,0.0,0.0,0.0,0.0,0.0,1.0,10.0,0.0,5.0,0.0,1.8,0.0,63.0,10.0
WmZ5DfgTmiQ,True,True,123.0,400,237,339,4,0,697000,6101,Very Positive,15,50.92,9.98,11.46,10.7,1.659,0.138,0.691,0.0,0.0,0.0,0.0,0.0,False,0.0,0.0,0.0,0.0,0.0,0.0,0.0,0.0,0.0,0.0,0.0,0.0,0.0,0.125,16.5,5.37,6.38,0.27,2.79,0.091,930.0,127.0
WqHXsxCdGXA,True,True,1834.0,296,177,16044,127,39,17400,646,Neutral,20,63.36,7.84,30.11,9.72,1.531,0.12,0.192,0.0015917934205871,9.0,5.0,0.6,0.3333333333333333,True,0.8,1.0,0.3333333333333333,0.1111111111111111,0.0,0.0,0.0,0.3333333333333333,0.0,0.0,0.0,0.0,0.2222222222222222,0.108,14.31,10.5,5.62,0.005,3.28,0.134,32448.0,5634.0
Wuhy1loWFRk,True,True,235.0,53,43,227,2,0,697000,6101,Neutral,2,48.72,12.2,13.49,14.36,1.592,0.143,0.412,0.0807017543859649,46.0,31.0,0.9032258064516128,0.6086956521739131,True,0.2782608695652173,0.3260869565217391,0.0217391304347826,0.0,0.2391304347826087,0.0,0.0,0.0,0.0,0.1521739130434782,0.0,0.0,0.5869565217391305,0.24,23.12,16.85,7.2,0.057,3.27,0.099,3277.0,570.0
WwdB_EYfCXw,True,True,3715.0,248,152,138,1,0,674,262,Neutral,7,-9244.63,3582.52,229.63,3676.97,1.617,0.171,0.193,0.009509401339961,88.0,72.0,0.8472222222222222,0.6931818181818182,True,0.8,1.0,0.0681818181818181,0.0568181818181818,0.25,0.0,0.0,0.0227272727272727,0.1022727272727272,0.0227272727272727,0.0,0.0,0.4772727272727273,1.1,104.8,125.37,9.62,0.017,5.56,0.099,53086.0,9242.0
WyAFVjTrDlA,True,True,158.0,77,63,247,0,0,5490,571,Neutral,5,54.47,9.04,11.7,11.57,1.638,0.166,0.521,0.0212121212121212,7.0,6.0,0.8333333333333334,0.7142857142857143,True,0.5714285714285714,0.5714285714285714,0.0,0.0,1.0,0.0,0.0,0.0,0.0,0.0,0.0,0.0,0.0,0.292,14.17,7.72,5.71,0.088,3.36,0.097,2050.0,331.0
Wz50JRNvLgY,True,True,241.0,49,40,4482,0,0,24400,946,Neutral,3,69.4,6.83,10.79,8.67,1.467,0.101,0.41,0.0091074681238615,5.0,5.0,1.0,1.0,True,0.6400000000000001,0.6,0.0,0.0,0.4,0.0,0.0,0.2,0.0,0.0,0.0,0.0,0.4,0.089,10.7,8.64,4.43,0.038,3.06,0.109,3205.0,567.0
WzqfYW-a0-E,True,True,316.0,61,46,145,0,0,674,262,Neutral,3,-717.17,304.83,72.63,314.94,1.672,0.192,0.397,0.073076923076923,57.0,34.0,0.7647058823529411,0.4561403508771929,True,0.4491228070175439,0.4035087719298245,0.2280701754385964,0.0175438596491228,0.0701754385964912,0.0,0.0,0.0526315789473684,0.0,0.0,0.0,0.0,0.631578947368421,1.0,264.0,255.65,20.0,0.38,5.14,0.069,4811.0,781.0
X0lbHVxdMXA,True,True,198.0,85,68,2167,27,1,569000,3032,Neutral,4,-42.99,51.22,23.73,54.78,1.409,0.101,0.513,0.0154241645244215,6.0,6.0,1.0,1.0,True,0.4000000000000001,0.3333333333333333,0.0,0.1666666666666666,0.1666666666666666,0.0,0.0,0.0,0.0,0.0,0.0,0.1666666666666666,0.5,0.333,66.5,47.07,9.83,0.269,3.58,0.175,2078.0,388.0
X0tFyuW7Tns,True,True,59.0,144,103,909,4,0,1100,430,Neutral,5,50.92,9.98,11.46,10.7,1.659,0.138,0.691,0.0,0.0,0.0,0.0,0.0,False,0.0,0.0,0.0,0.0,0.0,0.0,0.0,0.0,0.0,0.0,0.0,0.0,0.0,0.125,16.5,5.37,6.38,0.27,2.84,0.091,930.0,127.0
X1TNDxC5O_0,True,True,487.0,8,8,113,0,0,477000,4732,Neutral,1,-1219.49,498.36,84.72,512.88,1.647,0.161,0.355,0.05703125,73.0,51.0,0.803921568627451,0.5616438356164384,True,0.6082191780821917,0.5205479452054794,0.1917808219178082,0.0547945205479452,0.1095890410958904,0.0,0.0,0.0,0.0410958904109589,0.0273972602739726,0.0,0.0,0.5753424657534246,0.5,109.58,93.24,11.75,0.146,5.39,0.118,7493.0,1280.0
X2LY1h8tDU8,True,True,84.0,16,15,226,1,0,939,79,Neutral,1,-148.18,89.58,33.36,93.53,1.509,0.125,0.442,0.1116071428571428,25.0,20.0,0.85,0.68,True,0.1919999999999999,0.32,0.0,0.0,0.04,0.0,0.0,0.0,0.16,0.08,0.0,0.0,0.72,3.667,78.33,55.05,10.0,0.524,4.16,0.085,1273.0,225.0
X3-6nrSZC64,True,True,144.0,169,89,1350,0,0,7590,921,Neutral,7,-153.98,92.12,34.94,97.08,1.494,0.134,0.528,0.1452991452991453,34.0,30.0,0.8666666666666667,0.7647058823529411,True,0.2470588235294117,0.3529411764705882,0.0,0.1176470588235294,0.1764705882352941,0.0,0.0,0.1470588235294117,0.088235294117647,0.0,0.0,0.0,0.4705882352941176,1.0,119.0,8.49,11.5,0.654,5.55,0.134,1262.0,234.0
X5HxpB8u0h8,True,True,3297.0,255,140,988,7,0,15400,480,Neutral,7,-4053.24,1591.57,116.45,1634.37,1.435,0.097,0.157,0.0063314257883842,52.0,36.0,0.8611111111111112,0.5961538461538461,True,0.8,1.0,0.0,0.0192307692307692,0.3076923076923077,0.0,0.0,0.0769230769230769,0.1923076923076923,0.0,0.0,0.0,0.4038461538461538,0.37,66.39,92.87,8.24,0.012,4.69,0.141,44182.0,8178.0
X5iPatyvZc0,True,True,51.0,300,160,1870,15,0,11700,1438,Neutral,14,-17.82,33.63,24.5,35.47,1.792,0.194,0.764,0.3108108108108108,23.0,23.0,1.0,1.0,True,0.2260869565217391,0.3043478260869565,0.0434782608695652,0.0,0.217391304347826,0.0,0.0,0.0,0.1304347826086956,0.0434782608695652,0.0,0.0,0.5652173913043478,0.0,78.0,0.0,11.0,0.667,3.62,0.077,480.0,74.0
X755mvCm3ms,True,True,84.0,69,59,462,3,0,24900,211,Neutral,4,-149.59,89.27,36.44,93.85,1.55,0.153,0.532,0.1171171171171171,26.0,17.0,0.7058823529411765,0.4615384615384615,True,0.2615384615384615,0.3461538461538461,0.0384615384615384,0.0,0.0384615384615384,0.0,0.3461538461538461,0.0,0.1538461538461538,0.0,0.0,0.0384615384615384,0.3846153846153846,2.0,224.0,0.0,13.0,0.947,4.07,0.121,1248.0,222.0
X8AzPJ90GQ0,True,True,4605.0,83,60,507,3,0,1100,430,Neutral,3,-8849.75,3431.55,207.67,3521.43,1.581,0.146,0.152,0.0094696969696969,85.0,64.0,0.828125,0.6235294117647059,True,0.8,1.0,0.0,0.0470588235294117,0.2,0.0,0.0470588235294117,0.0941176470588235,0.0352941176470588,0.2117647058823529,0.0,0.0117647058823529,0.3529411764705882,1.333,104.2,158.84,9.68,0.023,5.55,0.095,50835.0,8965.0
XBE8AkDCUoY,True,True,87.0,22,19,11762,14,6,477000,4732,Neutral,1,-123.08,78.62,31.69,82.55,1.572,0.129,0.613,0.1347150259067357,26.0,23.0,0.9130434782608696,0.8076923076923077,False,0.0923076923076924,0.2307692307692307,0.1538461538461538,0.1153846153846153,0.2307692307692307,0.0,0.0,0.0769230769230769,0.1153846153846153,0.0384615384615384,0.0,0.0,0.2692307692307692,3.0,200.0,0.0,16.0,0.923,4.71,0.105,1138.0,194.0
XBe2Di1Z26Y,True,True,206.0,34,29,719,3,0,21200,805,Negative,2,-325.65,158.8,40.59,164.77,1.459,0.107,0.571,0.1679012345679012,68.0,66.0,0.9696969696969696,0.9411764705882352,True,0.2352941176470588,0.3676470588235294,0.0,0.1470588235294117,0.1764705882352941,0.0,0.0,0.0294117647058823,0.0588235294117647,0.0588235294117647,0.0,0.0735294117647058,0.4558823529411764,0.333,45.89,48.89,6.44,0.297,4.26,0.119,2243.0,405.0
XF0pjsWwYj8,True,True,532.0,16,15,43,0,0,16500,1455,Neutral,1,61.33,7.19,11.21,8.0,1.6,0.2,1.0,0.1,1.0,1.0,1.0,1.0,True,0.8,1.0,0.0,0.0,1.0,0.0,0.0,0.0,0.0,0.0,0.0,0.0,0.0,1.0,10.0,0.0,5.0,0.0,1.8,0.0,63.0,10.0
XFWAmyW7Tis,True,True,145.0,57,49,490,2,0,12400,354,Neutral,3,50.14,9.68,12.43,12.77,1.687,0.193,0.436,0.0174825174825174,5.0,5.0,1.0,1.0,True,0.72,0.8,0.0,0.0,0.0,0.0,0.0,0.0,0.0,0.2,0.0,0.0,0.8,0.1,14.85,8.67,5.9,0.091,3.13,0.061,1998.0,288.0
XHwfo2fVyWI,True,True,355.0,11,11,218,0,0,12600,950,Neutral,1,-933.7,394.9,51.94,407.17,1.34,0.072,0.327,0.0617647058823529,63.0,50.0,0.9,0.7142857142857143,True,0.5968253968253969,0.5714285714285714,0.0158730158730158,0.0476190476190476,0.0634920634920634,0.0,0.2063492063492063,0.0,0.0476190476190476,0.0,0.0,0.0634920634920634,0.5555555555555556,0.577,39.96,50.77,7.12,0.063,3.71,0.194,5096.0,1015.0
XJcpWPMXW1E,True,True,94.0,72,57,538,7,0,216000,5950,Neutral,5,50.92,9.98,11.46,10.7,1.659,0.138,0.691,0.0,0.0,0.0,0.0,0.0,False,0.0,0.0,0.0,0.0,0.0,0.0,0.0,0.0,0.0,0.0,0.0,0.0,0.0,0.125,16.5,5.37,6.38,0.27,2.79,0.091,930.0,127.0
XLB0hqxhNLY,True,True,104.0,156,94,102,0,1,12600,950,Neutral,7,-159.65,92.17,34.94,95.76,1.596,0.136,0.504,0.1521739130434782,35.0,30.0,0.8333333333333334,0.7142857142857143,True,0.2857142857142858,0.3714285714285714,0.1714285714285714,0.0285714285714285,0.2571428571428571,0.0,0.0,0.0,0.0285714285714285,0.0285714285714285,0.0,0.0,0.4857142857142857,1.0,232.0,0.0,17.0,0.933,5.01,0.099,1372.0,232.0
XOK6ODKS3jQ,True,True,311.0,103,66,4764,41,6,477000,4732,Neutral,8,58.72,10.29,11.67,12.09,1.498,0.103,0.365,0.029806259314456,20.0,15.0,0.8666666666666667,0.65,True,0.5800000000000001,0.5,0.4,0.05,0.05,0.0,0.0,0.25,0.0,0.0,0.0,0.0,0.25,0.111,19.03,16.05,5.72,0.05,3.29,0.088,3817.0,664.0
XOj9QI_3-W4,True,True,119.0,196,128,709,17,0,35300,1846,Positive,8,-305.43,153.24,34.42,159.04,1.352,0.077,0.434,0.0936708860759493,37.0,34.0,0.9117647058823528,0.8378378378378378,False,0.1837837837837839,0.2972972972972973,0.1351351351351351,0.1081081081081081,0.1081081081081081,0.0,0.0,0.027027027027027,0.054054054054054,0.1351351351351351,0.0,0.0,0.4324324324324324,0.143,58.14,82.19,8.14,0.188,5.03,0.214,2048.0,394.0
XOmD1DLucQg,True,True,252.0,48,43,2682,33,3,13900,447,Neutral,2,78.21,5.36,10.43,7.29,1.375,0.081,0.426,0.0097560975609756,6.0,6.0,1.0,1.0,True,0.5333333333333334,0.5,0.0,0.3333333333333333,0.1666666666666666,0.0,0.0,0.0,0.1666666666666666,0.0,0.0,0.0,0.3333333333333333,0.075,11.92,8.55,4.89,0.041,2.85,0.165,3293.0,612.0
XPyvMKRMHDE,True,True,102.0,62,52,3103,17,2,12500,530,Neutral,3,-183.96,103.51,35.45,108.31,1.5,0.123,0.465,0.1532567049808429,40.0,30.0,0.9,0.675,True,0.27,0.325,0.025,0.025,0.225,0.0,0.0,0.0,0.075,0.125,0.0,0.025,0.5,1.5,132.5,99.7,10.0,0.842,4.23,0.136,1435.0,261.0
XRdF-i-Qlgo,True,True,349.0,48,43,644,7,0,3210,503,Neutral,3,61.33,7.19,11.21,8.0,1.6,0.2,1.0,0.1,1.0,1.0,1.0,1.0,True,0.8,1.0,0.0,0.0,1.0,0.0,0.0,0.0,0.0,0.0,0.0,0.0,0.0,1.0,10.0,0.0,5.0,0.0,1.8,0.0,63.0,10.0
XSOok6KDMAI,True,True,3572.0,139,100,802,13,0,24900,211,Neutral,5,-7766.32,3015.36,200.45,3094.61,1.576,0.154,0.175,0.0047405189620758,38.0,29.0,0.8275862068965517,0.631578947368421,True,0.8,1.0,0.0526315789473684,0.0,0.131578947368421,0.0,0.0,0.0,0.1842105263157894,0.0,0.0,0.0,0.631578947368421,0.833,80.72,215.87,8.27,0.013,6.64,0.09,46091.0,7994.0
XSn6Cra_QAs,True,True,117.0,181,133,15461,40,0,44000,2439,Neutral,8,-128.56,80.88,31.69,84.2,1.565,0.125,0.56,0.2227722772277227,45.0,37.0,0.8918918918918919,0.7333333333333333,False,0.1066666666666666,0.2444444444444444,0.0,0.0888888888888888,0.1333333333333333,0.0,0.0888888888888888,0.0,0.0222222222222222,0.2666666666666666,0.0,0.0,0.4,1.5,104.5,31.82,12.0,0.667,4.16,0.096,1185.0,206.0
XUKnGMhkDKM,True,True,42.0,94,73,232999,905,95,46000,861,Very Positive,5,-25.26,43.12,20.27,45.8,1.472,0.085,0.66,0.2201834862385321,24.0,20.0,0.9,0.75,True,0.1333333333333333,0.3333333333333333,0.25,0.5,0.0833333333333333,0.0,0.0,0.0,0.0,0.0416666666666666,0.0,0.0,0.125,0.0,110.0,0.0,8.0,0.857,5.23,0.145,607.0,107.0
XUtsDA9x8ug,True,True,88.0,26,23,1536,8,4,16500,1455,Neutral,3,-179.52,102.64,34.94,107.62,1.459,0.12,0.51,0.1,26.0,24.0,0.9583333333333334,0.8846153846153846,True,0.4307692307692308,0.4230769230769231,0.0384615384615384,0.0,0.3076923076923077,0.0,0.0,0.0,0.1538461538461538,0.0,0.0,0.0769230769230769,0.4230769230769231,0.0,133.5,187.38,8.0,0.478,9.64,0.157,1399.0,260.0
XV-pGEY4rxc,True,True,1128.0,73,60,280,8,0,1220000,11882,Neutral,5,56.44,10.83,23.06,12.77,1.515,0.123,0.224,0.0026764804282368,8.0,6.0,0.8333333333333334,0.625,True,0.8,1.0,0.5,0.125,0.0,0.0,0.0,0.375,0.0,0.0,0.0,0.0,0.0,0.216,22.12,14.46,6.71,0.014,3.44,0.136,17245.0,3004.0
XWO5HKe7rzg,True,True,50.0,30,25,924,0,0,128000,2724,Neutral,1,-18.48,37.95,22.08,40.09,1.596,0.124,0.663,0.1264367816091954,11.0,9.0,0.8888888888888888,0.7272727272727273,True,0.509090909090909,0.5454545454545454,0.0,0.0909090909090909,0.5454545454545454,0.0,0.0,0.0,0.0,0.0,0.0,0.0,0.3636363636363636,1.0,89.0,0.0,10.0,0.8,2.99,0.124,538.0,89.0
XYhMdVFZIn4,True,True,275.0,192,123,4208,36,3,12500,530,Very Negative,10,-736.12,318.9,46.64,329.1,1.344,0.071,0.377,0.0717761557177615,59.0,52.0,0.903846153846154,0.7966101694915254,True,0.528813559322034,0.5084745762711864,0.0847457627118644,0.0508474576271186,0.1694915254237288,0.0,0.0,0.0508474576271186,0.0338983050847457,0.1016949152542373,0.0,0.0,0.5084745762711864,0.05,41.95,44.03,7.85,0.088,4.21,0.209,4054.0,817.0
Xa-iEHml8nc,True,True,156.0,89,70,387,5,0,36000,6286,Negative,5,-393.61,186.41,38.34,192.75,1.387,0.08,0.473,0.1071428571428571,51.0,47.0,0.9361702127659576,0.8627450980392157,True,0.2745098039215687,0.3137254901960784,0.0,0.1372549019607843,0.2156862745098039,0.0,0.0,0.0,0.196078431372549,0.0196078431372549,0.0,0.0392156862745098,0.392156862745098,0.444,53.11,30.04,10.44,0.206,3.28,0.178,2473.0,476.0
XbqBwaPeQLE,True,True,2212.0,11,11,8026,52,1,216000,5950,Neutral,1,51.97,10.46,32.7,12.2,1.616,0.149,0.203,0.0009179364787956,5.0,4.0,0.75,0.6,True,0.8,1.0,0.4,0.2,0.0,0.0,0.0,0.2,0.0,0.0,0.0,0.0,0.2,0.361,18.35,9.17,6.45,0.006,2.99,0.09,32803.0,5446.0
XeeNUMwRT1M,True,True,197.0,67,52,1859,36,4,569000,3032,Neutral,3,-366.37,174.41,40.59,180.36,1.46,0.097,0.551,0.2040358744394619,91.0,81.0,0.925925925925926,0.8241758241758241,False,0.1802197802197802,0.2967032967032967,0.0549450549450549,0.1538461538461538,0.1428571428571428,0.0,0.0,0.0989010989010989,0.0769230769230769,0.0769230769230769,0.0,0.0109890109890109,0.3846153846153846,0.75,115.5,144.13,11.75,0.293,7.14,0.119,2533.0,446.0
XgcFNAC_YZ4,True,True,45.0,68,52,771,22,0,98900,2838,Neutral,2,-38.57,41.74,28.68,43.65,1.785,0.215,0.71,0.2886597938144329,28.0,24.0,0.9166666666666666,0.7857142857142857,False,0.1571428571428572,0.2857142857142857,0.0714285714285714,0.0714285714285714,0.1071428571428571,0.0,0.2142857142857142,0.0714285714285714,0.0,0.1428571428571428,0.0,0.0,0.3214285714285714,2.0,103.0,0.0,11.0,0.857,4.3,0.058,629.0,98.0
XiDUrsRjqZM,True,True,127.0,49,35,3560,17,0,16500,578,Neutral,2,61.33,7.19,11.21,8.0,1.6,0.2,1.0,0.1,1.0,1.0,1.0,1.0,True,0.8,1.0,0.0,0.0,1.0,0.0,0.0,0.0,0.0,0.0,0.0,0.0,0.0,1.0,10.0,0.0,5.0,0.0,1.8,0.0,63.0,10.0
XiQSuoAnS7Q,True,True,236.0,48,43,235,4,1,14600,3587,Very Positive,4,-526.46,238.23,40.15,246.43,1.349,0.069,0.48,0.1758064516129032,109.0,100.0,0.92,0.8440366972477065,True,0.2678899082568808,0.3119266055045872,0.036697247706422,0.0642201834862385,0.146788990825688,0.0,0.018348623853211,0.0,0.036697247706422,0.0275229357798165,0.0,0.0,0.6697247706422018,0.8,127.0,116.58,13.6,0.486,5.52,0.14,3195.0,619.0
Xk3KuThHWFA,True,True,237.0,61,52,14595,97,12,191000,1170,Neutral,4,72.99,6.54,11.54,9.63,1.415,0.114,0.44,0.0188356164383561,11.0,10.0,0.9,0.8181818181818182,True,0.509090909090909,0.4545454545454545,0.2727272727272727,0.0,0.0909090909090909,0.0,0.0,0.0,0.0909090909090909,0.0,0.0,0.0,0.5454545454545454,0.122,14.71,7.89,5.12,0.048,3.07,0.138,3234.0,577.0
Xk9_bv8Dgfk,True,True,3696.0,96,75,1122,19,0,1400,201,Neutral,5,-8946.43,3468.14,223.5,3559.36,1.608,0.167,0.181,0.0051185045065094,46.0,38.0,0.8947368421052632,0.7391304347826086,True,0.8,1.0,0.0,0.0,0.0869565217391304,0.0,0.0,0.0,0.0217391304347826,0.0,0.0,0.0,0.8913043478260869,2.34,182.22,231.95,12.18,0.036,5.29,0.094,52500.0,8983.0
Xk_GelGgZvY,True,True,237.0,122,72,5646,82,1,191000,1170,Neutral,3,-592.87,258.92,59.97,267.95,1.582,0.151,0.416,0.0757575757575757,50.0,42.0,0.8571428571428571,0.72,True,0.3440000000000001,0.38,0.04,0.0,0.38,0.0,0.02,0.04,0.04,0.04,0.0,0.0,0.44,0.2,69.1,70.69,9.6,0.163,4.03,0.122,3825.0,660.0
XlGulUnBqwk,True,True,83.0,153,105,244,4,0,16600,1353,Neutral,5,-49.98,52.03,23.73,53.7,1.5,0.102,0.602,0.2,26.0,26.0,1.0,1.0,True,0.1999999999999999,0.3076923076923077,0.1153846153846153,0.2307692307692307,0.0384615384615384,0.0,0.0,0.0384615384615384,0.1153846153846153,0.0384615384615384,0.0,0.0769230769230769,0.3461538461538461,0.667,43.67,15.63,9.33,0.364,2.63,0.13,695.0,128.0
Xmf4qv2lT-o,True,True,3510.0,30,27,191,6,0,216000,5950,Neutral,1,-9616.75,3726.59,221.04,3824.47,1.565,0.152,0.162,0.0090609555189456,88.0,79.0,0.9113924050632912,0.8181818181818182,True,0.8,1.0,0.0227272727272727,0.0,0.3522727272727273,0.0,0.0,0.0,0.0454545454545454,0.0113636363636363,0.0,0.0,0.5681818181818182,0.667,79.31,93.6,9.55,0.014,4.7,0.108,54570.0,9697.0
XnKjAqJNI9Q,True,True,16.0,5,5,230,0,0,12500,1337,Neutral,1,61.33,7.19,11.21,8.0,1.6,0.2,1.0,0.1,1.0,1.0,1.0,1.0,True,0.8,1.0,0.0,0.0,1.0,0.0,0.0,0.0,0.0,0.0,0.0,0.0,0.0,1.0,10.0,0.0,5.0,0.0,1.8,0.0,63.0,10.0
XnTxiYNhp8g,True,True,169.0,113,79,1039,6,0,45300,2832,Neutral,4,59.42,9.23,11.41,11.21,1.537,0.123,0.444,0.0192307692307692,10.0,8.0,0.75,0.6,True,0.56,0.6,0.0,0.2,0.2,0.0,0.0,0.0,0.0,0.2,0.0,0.0,0.4,0.065,17.13,8.46,5.84,0.062,3.31,0.1,2942.0,520.0
Xo4DBer5rbY,True,True,6022.0,65,50,282,4,0,191000,1170,Neutral,4,-17608.97,6801.69,219.39,6978.44,1.362,0.082,0.126,0.001188589540412,21.0,21.0,1.0,1.0,True,0.8,1.0,0.0476190476190476,0.0952380952380952,0.0952380952380952,0.0,0.0,0.0,0.1428571428571428,0.0,0.0,0.0476190476190476,0.5714285714285714,0.199,36.24,50.02,6.79,0.003,3.82,0.172,90958.0,17541.0
XozS9XFplVw,True,True,96.0,20,20,4893,18,1,569000,3032,Neutral,2,-92.05,63.36,33.89,65.6,1.733,0.193,0.6,0.1554054054054054,23.0,15.0,0.6666666666666666,0.4347826086956521,False,0.1391304347826087,0.2608695652173913,0.0,0.0,0.3478260869565217,0.0,0.0,0.1739130434782608,0.0869565217391304,0.0869565217391304,0.0,0.0,0.3043478260869565,2.0,150.0,0.0,15.0,0.857,6.27,0.147,947.0,150.0
XpUijCAYIuQ,True,True,1219.0,35,31,663,7,0,1100,430,Neutral,1,-2467.39,976.0,132.27,1003.23,1.736,0.205,0.251,0.0227363382528919,57.0,46.0,0.9130434782608696,0.7368421052631579,True,0.8,1.0,0.1052631578947368,0.1578947368421052,0.1403508771929824,0.0,0.0,0.0175438596491228,0.0350877192982456,0.0,0.0,0.0,0.543859649122807,1.545,229.64,226.36,17.64,0.185,5.46,0.076,15109.0,2510.0
Xpgx5u-1Ar0,True,True,153.0,61,51,1846,31,0,22200,1782,Neutral,2,51.9,12.39,14.45,15.27,1.524,0.153,0.283,0.0938775510204081,69.0,56.0,0.8392857142857143,0.6811594202898551,True,0.4753623188405798,0.4057971014492754,0.1739130434782608,0.072463768115942,0.1014492753623188,0.0,0.0,0.0144927536231884,0.0434782608695652,0.0289855072463768,0.0,0.0144927536231884,0.5507246376811594,0.303,23.06,38.7,5.58,0.041,4.58,0.134,4316.0,734.0
Xr3-oq8VQqk,True,True,1656.0,48,37,227490,997,140,21200,805,Neutral,2,-2731.21,1083.84,97.35,1114.05,1.423,0.098,0.228,0.0246781115879828,69.0,55.0,0.8,0.6376811594202898,True,0.8,1.0,0.0289855072463768,0.1014492753623188,0.2608695652173913,0.0,0.0,0.2318840579710145,0.0,0.0289855072463768,0.0,0.0,0.3478260869565217,0.126,30.61,39.38,5.47,0.022,3.67,0.145,14821.0,2799.0
Xsuvh6tCMUM,True,True,148.0,14,14,143,0,0,25300,876,Positive,2,62.47,9.89,10.84,11.89,1.448,0.085,0.451,0.0216216216216216,8.0,7.0,0.8571428571428571,0.75,True,0.4499999999999999,0.5,0.0,0.0,0.0,0.0,0.0,0.25,0.125,0.125,0.0,0.0,0.5,0.0,22.12,11.69,5.82,0.101,3.42,0.12,1978.0,368.0
XszJGQzTb40,True,True,588.0,45,31,190968,1668,227,477000,4732,Neutral,2,67.95,8.09,16.61,10.86,1.433,0.112,0.27,0.0160642570281124,24.0,15.0,0.8,0.5,True,0.7166666666666668,0.7916666666666666,0.0416666666666666,0.25,0.125,0.0,0.0,0.4583333333333333,0.0416666666666666,0.0,0.0,0.0,0.0833333333333333,0.267,17.79,8.29,6.56,0.025,3.29,0.122,8185.0,1501.0
Xv3NX1p5Oa8,True,True,215.0,72,57,16547,82,5,697000,6101,Neutral,4,56.53,9.35,12.69,12.77,1.585,0.169,0.448,0.0219123505976095,11.0,8.0,0.625,0.4545454545454545,True,0.3272727272727274,0.3636363636363636,0.0,0.0,0.0909090909090909,0.0,0.0,0.1818181818181818,0.0,0.0,0.0,0.0,0.7272727272727273,0.065,16.84,10.37,5.84,0.048,3.06,0.102,2943.0,503.0
Xvxu3D8bwtU,True,True,87.0,23,22,36841,119,0,144000,1700,Neutral,2,74.17,5.29,8.74,7.7,1.453,0.101,0.554,0.037593984962406,10.0,10.0,1.0,1.0,True,0.28,0.4,0.0,0.1,0.2,0.0,0.0,0.2,0.0,0.0,0.0,0.0,0.5,0.059,8.24,6.42,4.03,0.038,2.67,0.114,1441.0,264.0
XwBKpnF-QfI,True,False,59.0,0,0,782,26,0,55000,668,,0,96.53,2.87,6.67,5.45,1.155,0.031,0.503,0.0306748466257668,5.0,5.0,1.0,1.0,True,0.6400000000000001,0.6,0.0,0.4,0.4,0.0,0.0,0.0,0.2,0.0,0.0,0.0,0.0,0.0,10.69,7.43,3.69,0.085,3.03,0.216,779.0,161.0
Xxe5_bduPoQ,True,True,155.0,19,19,1809,19,0,13900,447,Positive,2,68.32,7.52,11.06,10.13,1.454,0.126,0.457,0.0185614849187935,8.0,8.0,1.0,1.0,True,0.75,0.875,0.0,0.25,0.0,0.0,0.0,0.0,0.125,0.0,0.0,0.25,0.375,0.097,14.13,7.79,5.32,0.073,3.03,0.174,2344.0,429.0
Y0ACcA3U6c8,True,True,148.0,33,28,837,5,0,216000,5950,Neutral,2,-248.3,126.4,41.87,131.59,1.589,0.146,0.487,0.115987460815047,37.0,30.0,0.9,0.7297297297297297,True,0.2702702702702704,0.4054054054054054,0.0,0.0,0.1081081081081081,0.0,0.027027027027027,0.081081081081081,0.1351351351351351,0.0,0.0,0.0,0.6486486486486487,4.0,320.0,0.0,15.0,0.889,4.93,0.153,1827.0,319.0
Y0__k58wwyk,True,True,193.0,34,32,10192,104,19,135000,2612,Positive,2,73.33,6.79,10.28,8.83,1.397,0.08,0.383,0.0100671140939597,6.0,6.0,1.0,1.0,True,0.6000000000000001,0.6666666666666666,0.0,0.0,0.0,0.0,0.0,0.0,0.1666666666666666,0.0,0.0,0.1666666666666666,0.6666666666666666,0.038,11.75,10.42,4.81,0.041,2.94,0.162,3206.0,594.0
Y0pu63ruzrA,True,True,102.0,90,72,456,2,0,45400,902,Neutral,5,-142.88,85.36,36.44,90.1,1.614,0.162,0.605,0.1924882629107981,41.0,34.0,0.9411764705882352,0.7804878048780488,False,0.1365853658536586,0.2682926829268293,0.024390243902439,0.024390243902439,0.5365853658536586,0.0,0.048780487804878,0.024390243902439,0.1219512195121951,0.024390243902439,0.0,0.0,0.1951219512195122,3.0,222.0,0.0,15.0,0.933,4.23,0.113,1292.0,213.0
Y2ABKOJkVz0,True,True,238.0,192,127,728,3,0,16600,1353,Neutral,7,-425.62,197.09,43.52,203.75,1.465,0.1,0.417,0.1209213051823416,63.0,50.0,0.82,0.6507936507936508,True,0.2222222222222223,0.3015873015873015,0.0,0.0634920634920634,0.1904761904761904,0.0,0.0476190476190476,0.0,0.0158730158730158,0.0793650793650793,0.0,0.0,0.6031746031746031,0.875,67.25,66.84,10.75,0.203,4.03,0.106,2940.0,519.0
Y38TlnYc7Us,True,True,3060.0,136,100,570,5,0,17100,551,Neutral,10,-8165.06,3172.34,156.42,3255.81,1.394,0.089,0.159,0.0050847457627118,42.0,32.0,0.90625,0.6904761904761905,True,0.8,1.0,0.1428571428571428,0.0952380952380952,0.2857142857142857,0.0,0.0,0.0714285714285714,0.0476190476190476,0.0476190476190476,0.0,0.0,0.3095238095238095,0.269,40.19,46.02,7.12,0.008,3.78,0.158,43255.0,8224.0
Y3zbUgvBHIQ,True,True,125.0,59,50,231,3,0,10900,1747,Neutral,2,-165.28,100.16,26.68,105.13,1.315,0.066,0.568,0.1705426356589147,44.0,42.0,0.9523809523809524,0.9090909090909092,False,0.1727272727272728,0.2727272727272727,0.0227272727272727,0.1136363636363636,0.0454545454545454,0.0,0.0,0.0227272727272727,0.0227272727272727,0.0681818181818181,0.0,0.1363636363636363,0.5681818181818182,0.111,29.0,30.49,6.56,0.181,3.22,0.207,1292.0,257.0
Y3zoxc5bzB4,True,True,290.0,43,39,362,1,0,14600,3587,Neutral,3,-640.12,278.43,53.58,287.15,1.517,0.11,0.439,0.0912863070539419,66.0,50.0,0.76,0.5757575757575758,True,0.4121212121212121,0.4090909090909091,0.0,0.0606060606060606,0.0909090909090909,0.0,0.0,0.0151515151515151,0.1515151515151515,0.2272727272727272,0.0,0.0,0.4545454545454545,1.75,184.25,195.94,14.5,0.399,5.99,0.079,4033.0,723.0
Y4QwMpLaqJY,True,True,420.0,81,61,1990,7,0,45300,2832,Neutral,3,-1041.87,431.85,72.86,444.87,1.563,0.135,0.308,0.056338028169014,64.0,36.0,0.7222222222222222,0.40625,True,0.6312500000000001,0.578125,0.046875,0.109375,0.296875,0.0,0.0,0.03125,0.015625,0.109375,0.0,0.0,0.390625,16.0,1153.0,0.0,25.0,0.99,6.07,0.103,6371.0,1133.0
Y78PNlUaQdo,True,False,19.0,0,0,13878,264,3,16000,397,,0,61.33,7.19,11.21,8.0,1.6,0.2,1.0,0.1,1.0,1.0,1.0,1.0,True,0.8,1.0,0.0,0.0,1.0,0.0,0.0,0.0,0.0,0.0,0.0,0.0,0.0,1.0,10.0,0.0,5.0,0.0,1.8,0.0,63.0,10.0
Y7oLbQk9fQA,True,True,20.0,24,24,1309,0,0,128000,2724,Neutral,1,31.43,19.81,18.24,23.05,1.545,0.159,0.886,0.2093023255813953,9.0,9.0,1.0,1.0,True,0.2666666666666666,0.3333333333333333,0.0,0.0,0.5555555555555556,0.0,0.0,0.0,0.1111111111111111,0.0,0.0,0.0,0.3333333333333333,1.0,45.0,0.0,8.0,0.75,3.33,0.089,255.0,45.0
Y8pyjUKHHzM,True,False,368.0,0,0,41,0,0,24400,946,,0,-1072.4,446.79,60.26,460.31,1.408,0.087,0.355,0.0361134995700773,42.0,34.0,0.9117647058823528,0.7380952380952381,True,0.6571428571428573,0.6428571428571429,0.0714285714285714,0.119047619047619,0.3571428571428571,0.0,0.0,0.0,0.0476190476190476,0.0476190476190476,0.0,0.0,0.3571428571428571,0.562,74.56,135.79,7.56,0.196,7.22,0.137,6246.0,1157.0
YABUfXWhEmU,True,True,106.0,385,233,3881,0,0,128000,2724,Positive,19,-113.85,79.82,23.73,83.36,1.343,0.064,0.544,0.1822660098522167,37.0,36.0,0.9722222222222222,0.945945945945946,False,0.1729729729729729,0.2972972972972973,0.081081081081081,0.081081081081081,0.1081081081081081,0.0,0.0,0.0,0.1081081081081081,0.1351351351351351,0.0,0.027027027027027,0.4594594594594595,0.125,26.38,37.28,5.5,0.175,3.67,0.166,999.0,204.0
YAdBzoC0ubA,True,True,131.0,35,28,2110,9,4,191000,1170,Neutral,2,-251.42,133.04,29.92,138.86,1.326,0.065,0.466,0.1671469740634005,58.0,50.0,0.84,0.7241379310344828,False,0.0482758620689656,0.2241379310344827,0.0344827586206896,0.0689655172413793,0.1206896551724138,0.0,0.0,0.0344827586206896,0.0862068965517241,0.0517241379310344,0.0,0.0344827586206896,0.5689655172413793,0.308,27.54,21.42,5.92,0.128,2.88,0.193,1781.0,344.0
YC08dBi0B3w,True,True,237.0,36,31,3116,29,0,144000,1700,Neutral,2,-583.07,256.06,49.54,263.51,1.538,0.102,0.408,0.114630467571644,76.0,56.0,0.8392857142857143,0.618421052631579,True,0.3105263157894737,0.3289473684210526,0.0,0.0131578947368421,0.3157894736842105,0.0,0.0,0.0,0.0,0.0263157894736842,0.0,0.0131578947368421,0.631578947368421,0.286,97.71,91.02,13.0,0.209,4.95,0.115,3896.0,662.0
YCQD5T_uOv0,True,True,432.0,87,68,1573,28,0,24900,211,Neutral,5,-920.42,387.83,57.92,399.95,1.435,0.093,0.291,0.074,74.0,52.0,0.7692307692307693,0.5405405405405406,True,0.4432432432432434,0.3918918918918919,0.0,0.0135135135135135,0.3513513513513513,0.0,0.0,0.0,0.0,0.1216216216216216,0.0,0.0,0.5135135135135135,1.0,113.11,82.37,11.11,0.214,4.02,0.089,5403.0,1001.0
YDKO2pC5B_U,True,True,124.0,191,126,964,9,0,1220000,11882,Neutral,8,-248.66,128.43,39.26,134.29,1.497,0.123,0.475,0.1158536585365853,38.0,26.0,0.7692307692307693,0.5263157894736842,False,0.1368421052631578,0.2631578947368421,0.0,0.1578947368421052,0.6052631578947368,0.0,0.0263157894736842,0.0,0.0263157894736842,0.0789473684210526,0.0,0.0,0.1052631578947368,4.0,336.0,0.0,34.0,0.964,6.76,0.116,1839.0,326.0
YHweeD5Fo60,True,True,4020.0,200,135,648021,3845,0,128000,2724,Neutral,8,50.92,9.98,11.46,10.7,1.659,0.138,0.691,0.0,0.0,0.0,0.0,0.0,False,0.0,0.0,0.0,0.0,0.0,0.0,0.0,0.0,0.0,0.0,0.0,0.0,0.0,0.125,16.5,5.37,6.38,0.27,2.82,0.091,930.0,127.0
YJwkoX7KoOA,True,True,148.0,41,39,728,9,0,50000,1839,Positive,3,-233.84,123.63,38.34,129.55,1.454,0.121,0.518,0.0974842767295597,31.0,24.0,0.875,0.6774193548387096,False,0.1290322580645162,0.2580645161290322,0.032258064516129,0.0,0.2258064516129032,0.0,0.0,0.0,0.0,0.1290322580645161,0.0,0.0,0.6129032258064516,0.25,81.5,85.89,9.75,0.46,4.82,0.166,1748.0,319.0
YKPaP2YVPSU,True,True,147.0,328,179,2117,10,2,53500,1701,Very Positive,25,-233.31,126.79,24.5,132.0,1.291,0.043,0.448,0.1702127659574468,56.0,50.0,0.88,0.7857142857142857,False,0.0928571428571429,0.25,0.0178571428571428,0.0,0.0357142857142857,0.0,0.0,0.0,0.0178571428571428,0.1428571428571428,0.0,0.0,0.7857142857142857,0.75,42.75,39.23,6.38,0.195,4.08,0.196,1617.0,328.0
YKaxzWAPUkY,True,True,3658.0,87,72,2818,12,0,45300,2832,Neutral,3,-8537.8,3313.02,197.95,3400.57,1.517,0.137,0.17,0.0103950103950103,90.0,75.0,0.8933333333333333,0.7444444444444445,True,0.8,1.0,0.0333333333333333,0.0444444444444444,0.0888888888888888,0.0,0.2555555555555555,0.0,0.0333333333333333,0.0777777777777777,0.0,0.0111111111111111,0.4555555555555555,0.534,75.21,82.26,9.25,0.015,4.62,0.138,48158.0,8597.0
YKesLS2j2WU,True,True,420.0,199,129,639662,10232,0,251000,1949,Neutral,10,-248.82,122.49,49.89,127.2,1.787,0.223,0.473,0.3241379310344827,94.0,84.0,0.9285714285714286,0.8297872340425532,False,0.0723404255319148,0.2340425531914893,0.0,0.0212765957446808,0.202127659574468,0.0,0.0,0.3191489361702128,0.0,0.0106382978723404,0.0,0.0,0.4468085106382978,1.0,44.86,39.0,9.43,0.214,4.49,0.013,1988.0,309.0
YNe2uHgfeZs,True,True,401.0,224,142,882,12,0,113000,553,Neutral,8,-767.46,329.48,53.58,340.08,1.414,0.093,0.399,0.0710900473933649,60.0,55.0,0.9272727272727272,0.85,True,0.4733333333333334,0.4333333333333333,0.0833333333333333,0.15,0.2333333333333333,0.0,0.0,0.0166666666666666,0.0333333333333333,0.0333333333333333,0.0,0.0,0.45,0.105,45.47,48.7,8.32,0.118,4.06,0.139,4466.0,847.0
YQEAwTFytRo,True,True,186.0,12,10,14903,0,0,24400,946,Neutral,1,65.31,7.98,10.5,10.01,1.488,0.108,0.49,0.0380952380952381,16.0,16.0,1.0,1.0,True,0.4000000000000001,0.375,0.0,0.0,0.0625,0.0,0.125,0.0,0.0,0.0,0.0,0.0625,0.75,0.037,15.74,5.88,6.56,0.067,2.99,0.075,2518.0,420.0
YQllW2v1eUs,True,True,275.0,23,23,21291,192,6,135000,2612,Neutral,2,81.94,4.67,10.79,7.08,1.339,0.07,0.382,0.0115384615384615,9.0,9.0,1.0,1.0,True,0.6222222222222222,0.5555555555555556,0.0,0.1111111111111111,0.1111111111111111,0.0,0.0,0.2222222222222222,0.0,0.1111111111111111,0.0,0.0,0.4444444444444444,0.013,10.67,8.35,4.21,0.021,2.78,0.201,4077.0,771.0
YRVtlqNhFgA,True,True,198.0,56,52,3011,55,4,697000,6101,Negative,3,-342.06,168.79,27.37,175.07,1.281,0.041,0.454,0.1226851851851851,53.0,49.0,0.9387755102040816,0.8679245283018868,False,0.211320754716981,0.2830188679245283,0.0,0.0943396226415094,0.1509433962264151,0.0,0.0,0.0,0.0377358490566037,0.0943396226415094,0.0,0.0188679245283018,0.6037735849056604,0.231,35.23,46.84,7.31,0.175,3.21,0.201,2184.0,435.0
YSdcmdTy4RA,True,True,2707.0,40,36,243,2,0,14600,3587,Neutral,2,-3947.12,1550.68,111.45,1592.15,1.441,0.09,0.17,0.0061036372695565,49.0,42.0,0.8809523809523809,0.7551020408163265,True,0.8,1.0,0.0,0.0204081632653061,0.3061224489795918,0.0,0.0204081632653061,0.0408163265306122,0.1224489795918367,0.0204081632653061,0.0,0.0204081632653061,0.4489795918367347,0.284,43.63,55.01,7.38,0.009,4.06,0.137,43299.0,7995.0
YTVv5WpB0Jw,True,True,177.0,85,53,495,5,0,10700,653,Neutral,3,-351.42,166.12,45.5,171.6,1.584,0.132,0.447,0.1714285714285714,72.0,49.0,0.7346938775510204,0.5,False,0.0833333333333334,0.2361111111111111,0.0833333333333333,0.0416666666666666,0.3611111111111111,0.0,0.0,0.0138888888888888,0.1944444444444444,0.0277777777777777,0.0,0.0,0.2777777777777778,6.0,428.0,0.0,24.0,0.955,6.45,0.098,2450.0,422.0
YUwhlxbA6rM,True,True,2440.0,48,40,1034,12,0,50000,1839,Neutral,3,-7274.28,2831.96,120.34,2906.78,1.302,0.058,0.162,0.0061307901907356,45.0,41.0,0.951219512195122,0.8666666666666667,True,0.8,1.0,0.0666666666666666,0.0666666666666666,0.0666666666666666,0.0,0.0,0.0222222222222222,0.0666666666666666,0.1555555555555555,0.0,0.0,0.5555555555555556,0.167,26.49,36.61,5.76,0.005,3.51,0.175,37000.0,7296.0
YV9Wl3ialB0,True,True,96.0,128,83,5236,45,9,12500,530,Neutral,10,61.33,7.19,11.21,8.0,1.6,0.2,1.0,0.1,1.0,1.0,1.0,1.0,True,0.8,1.0,0.0,0.0,1.0,0.0,0.0,0.0,0.0,0.0,0.0,0.0,0.0,1.0,10.0,0.0,5.0,0.0,1.8,0.0,63.0,10.0
YVesMZ53WvM,True,True,64.0,118,72,130935,0,0,17400,646,Neutral,6,-12.81,36.16,22.92,37.29,1.576,0.141,0.541,0.2771084337349397,23.0,14.0,0.7142857142857143,0.4347826086956521,False,0.0869565217391303,0.2608695652173913,0.0,0.0,0.4782608695652174,0.0,0.0,0.1739130434782608,0.0,0.0434782608695652,0.0,0.0,0.3043478260869565,1.5,42.5,58.69,8.0,0.4,3.77,0.059,531.0,85.0
YXzNiTcMUk4,True,True,217.0,51,45,87139,865,99,13500,235,Neutral,2,-364.88,169.73,50.58,175.27,1.659,0.162,0.504,0.2626728110599078,114.0,89.0,0.8764044943820225,0.6842105263157895,False,0.1298245614035087,0.2631578947368421,0.0,0.0087719298245614,0.1403508771929824,0.0,0.0087719298245614,0.0350877192982456,0.0263157894736842,0.0614035087719298,0.0,0.0,0.7192982456140351,5.0,446.0,0.0,18.0,0.929,11.25,0.025,2705.0,434.0
YZ6G_ubc7BQ,True,True,183.0,41,33,289,2,0,50000,1839,Neutral,3,-417.34,190.96,52.6,197.64,1.607,0.156,0.38,0.0850622406639004,41.0,29.0,0.8620689655172413,0.6097560975609756,False,0.1756097560975609,0.2682926829268293,0.0,0.0,0.2682926829268293,0.0,0.0,0.0,0.1463414634146341,0.0,0.0,0.0,0.5853658536585366,4.333,165.0,216.95,12.0,0.333,7.53,0.119,2883.0,486.0
Y_bDvmxlFBk,True,True,338.0,97,66,2841,7,1,5570,489,Neutral,10,-710.84,304.44,60.54,313.96,1.573,0.131,0.379,0.0812903225806451,63.0,44.0,0.8181818181818182,0.5714285714285714,True,0.4126984126984128,0.3492063492063492,0.0158730158730158,0.1111111111111111,0.2539682539682539,0.0,0.0,0.0158730158730158,0.0317460317460317,0.0317460317460317,0.0,0.0,0.5396825396825397,6.0,391.0,395.98,16.0,0.875,6.92,0.105,4371.0,775.0
YaEg5HLEnP4,True,True,6159.0,16,16,2551,0,0,24400,946,Neutral,2,-15578.25,6019.6,232.71,6176.01,1.449,0.105,0.132,0.0032571209605313,51.0,42.0,0.8809523809523809,0.7254901960784313,True,0.8,1.0,0.0784313725490196,0.0588235294117647,0.3137254901960784,0.0,0.0196078431372549,0.0588235294117647,0.0784313725490196,0.0392156862745098,0.0,0.0,0.3529411764705882,0.444,59.12,84.54,7.8,0.006,4.68,0.145,82923.0,15555.0
YbfeLTjMpdg,True,True,184.0,122,97,1441,7,0,41000,831,Neutral,7,-397.52,186.96,37.88,192.92,1.433,0.078,0.489,0.1488469601677149,71.0,61.0,0.9016393442622952,0.7746478873239436,False,0.067605633802817,0.2394366197183098,0.0422535211267605,0.0704225352112676,0.1267605633802817,0.0,0.0422535211267605,0.0,0.056338028169014,0.0704225352112676,0.0,0.0,0.5915492957746479,0.333,81.33,44.49,12.5,0.317,3.0,0.154,2602.0,478.0
Yh90qkuZXAA,True,True,341.0,40,40,4984,25,1,216000,5950,Neutral,2,41.65,11.24,15.07,13.19,1.769,0.195,0.406,0.0160818713450292,11.0,6.0,0.5,0.2727272727272727,True,0.6545454545454545,0.7272727272727273,0.0,0.0,0.1818181818181818,0.0,0.7272727272727273,0.0,0.0,0.0,0.0,0.0,0.0909090909090909,0.25,15.8,6.55,5.91,0.038,3.1,0.085,4561.0,688.0
YjYEsfJI0kU,True,True,3720.0,47,42,269,0,0,1400,201,Neutral,2,-11430.95,4425.81,209.11,4541.58,1.461,0.115,0.138,0.0033813074388763,39.0,29.0,0.8275862068965517,0.6153846153846154,True,0.8,1.0,0.0,0.0,0.2051282051282051,0.0,0.0256410256410256,0.0,0.0256410256410256,0.0,0.0,0.0,0.7435897435897436,0.77,85.09,116.55,9.33,0.011,5.45,0.136,62175.0,11471.0
YkA2bdnM5n8,True,True,205.0,178,137,1424,23,0,44000,2439,Neutral,8,-385.87,183.34,38.81,189.76,1.391,0.083,0.466,0.1308016877637131,62.0,55.0,0.9272727272727272,0.8225806451612904,False,0.2322580645161291,0.2741935483870967,0.0161290322580645,0.1774193548387097,0.1290322580645161,0.0,0.0,0.0161290322580645,0.064516129032258,0.1612903225806451,0.0,0.0,0.4354838709677419,0.125,30.62,27.5,6.31,0.095,3.36,0.18,2462.0,472.0
Ym98DXY-Nys,True,True,212.0,24,23,884,7,0,1260,81,Neutral,2,-473.94,216.75,43.93,224.24,1.412,0.092,0.438,0.1146384479717813,65.0,48.0,0.8333333333333334,0.6153846153846154,True,0.3692307692307692,0.3692307692307692,0.0769230769230769,0.0307692307692307,0.2,0.0,0.0,0.0307692307692307,0.0461538461538461,0.1076923076923077,0.0,0.0,0.5076923076923077,0.3,59.4,52.95,8.9,0.153,3.9,0.158,3092.0,567.0
Yn8acPibhc8,True,True,859.0,7,7,876,4,1,21200,805,Neutral,1,-1798.82,723.01,90.14,743.22,1.548,0.126,0.313,0.0333154218162278,62.0,43.0,0.8372093023255814,0.5806451612903226,True,0.735483870967742,0.8387096774193549,0.032258064516129,0.0967741935483871,0.2096774193548387,0.0,0.2419354838709677,0.0161290322580645,0.0,0.0,0.0,0.0,0.4032258064516129,8.0,949.5,65.76,16.0,0.669,8.49,0.128,10883.0,1861.0
YtGsEdhM9qk,True,True,79.0,286,172,378,6,0,47600,2491,Neutral,7,39.27,14.17,16.26,18.29,1.672,0.206,0.567,0.0939226519337016,17.0,13.0,0.6923076923076923,0.5294117647058824,False,0.1647058823529412,0.2941176470588235,0.1176470588235294,0.0588235294117647,0.3529411764705882,0.0,0.0,0.0588235294117647,0.0588235294117647,0.0,0.0,0.0,0.3529411764705882,0.375,23.0,11.56,7.62,0.157,3.07,0.087,1129.0,181.0
Yw6iNBV2zKI,True,True,7173.0,14,11,1341,8,0,1100,430,Neutral,1,-17200.98,6641.69,272.24,6814.06,1.518,0.13,0.142,0.0030139685851735,52.0,46.0,0.8695652173913043,0.7692307692307693,True,0.8,1.0,0.0,0.0,0.1153846153846153,0.0,0.0,0.0,0.0961538461538461,0.0384615384615384,0.0,0.0,0.75,0.765,74.93,100.9,9.0,0.008,4.52,0.108,94971.0,17209.0
YydNvpjjijw,True,True,195.0,92,74,1702,9,0,226000,1254,Neutral,5,62.06,8.8,11.34,10.79,1.509,0.108,0.427,0.0240963855421686,14.0,13.0,0.9230769230769232,0.8571428571428571,True,0.4571428571428573,0.4285714285714285,0.0,0.2142857142857142,0.0,0.0,0.5714285714285714,0.0,0.0,0.0,0.0,0.0,0.2142857142857142,0.051,15.13,7.81,5.56,0.049,3.06,0.083,3408.0,579.0
Z1KAFKngyaY,True,True,35.0,11,11,157,2,0,12600,950,Neutral,1,9.31,31.84,17.12,34.0,1.375,0.075,0.688,0.2375,19.0,18.0,0.9444444444444444,0.8947368421052632,False,0.168421052631579,0.2631578947368421,0.0,0.2105263157894736,0.1578947368421052,0.0,0.2631578947368421,0.0,0.0,0.0526315789473684,0.0,0.0,0.3157894736842105,1.0,80.0,0.0,11.0,0.833,2.81,0.1,399.0,80.0
Z3UXcpT3egc,True,True,121.0,55,47,1892,8,0,16600,1353,Neutral,3,54.98,9.46,11.82,12.04,1.608,0.149,0.561,0.023489932885906,7.0,7.0,1.0,1.0,True,0.5142857142857142,0.4285714285714285,0.5714285714285714,0.0,0.0,0.0,0.0,0.0,0.1428571428571428,0.0,0.0,0.0,0.2857142857142857,0.15,15.4,8.09,5.9,0.082,3.18,0.13,1716.0,299.0
Z6-ir-0Uee8,True,True,3741.0,120,84,361,2,0,1400,201,Neutral,5,-5387.14,2103.44,153.52,2159.95,1.467,0.129,0.145,0.0026201662450307,29.0,28.0,0.9642857142857144,0.9310344827586208,True,0.8,1.0,0.0,0.0,0.2413793103448276,0.0,0.0,0.0,0.1379310344827586,0.0344827586206896,0.0,0.0,0.5862068965517241,0.556,67.29,82.6,8.96,0.011,4.65,0.126,59945.0,10989.0
Z6Dqr2PFmGc,True,True,250.0,97,75,161,1,0,10700,653,Positive,4,51.64,14.12,12.46,15.51,1.445,0.082,0.406,0.0633333333333333,38.0,32.0,0.84375,0.7105263157894737,True,0.5052631578947369,0.5526315789473685,0.0263157894736842,0.0526315789473684,0.1578947368421052,0.0,0.0,0.0,0.0789473684210526,0.0263157894736842,0.0,0.0,0.6578947368421053,0.192,24.04,18.13,6.5,0.067,3.55,0.152,3350.0,592.0
Z7Q0JzbZeVg,True,True,155.0,189,128,1577,28,0,1220000,11882,Negative,11,-345.92,169.82,32.81,176.79,1.303,0.062,0.436,0.1312217194570135,58.0,54.0,0.925925925925926,0.8620689655172413,True,0.2275862068965517,0.3103448275862069,0.0,0.0517241379310344,0.1206896551724138,0.0,0.0,0.0344827586206896,0.0517241379310344,0.0862068965517241,0.0,0.0172413793103448,0.6379310344827587,0.083,37.58,30.5,8.92,0.124,3.51,0.18,2191.0,441.0
Z97XIXaEBko,True,True,65.0,27,25,281,8,1,697000,6101,Neutral,1,61.33,7.19,11.21,8.0,1.6,0.2,1.0,0.1,1.0,1.0,1.0,1.0,True,0.8,1.0,0.0,0.0,1.0,0.0,0.0,0.0,0.0,0.0,0.0,0.0,0.0,1.0,10.0,0.0,5.0,0.0,1.8,0.0,63.0,10.0
ZC1bOFYoSfY,True,True,427.0,109,74,3217,0,0,128000,2724,Neutral,4,-295.47,150.53,29.72,156.49,1.298,0.056,0.342,0.0636889991728701,77.0,60.0,0.9,0.7012987012987013,True,0.6701298701298701,0.7142857142857143,0.0389610389610389,0.0779220779220779,0.1558441558441558,0.0,0.0129870129870129,0.0259740259740259,0.0259740259740259,0.0779220779220779,0.0,0.0,0.5844155844155844,0.227,28.18,27.7,6.57,0.045,3.13,0.199,5844.0,1186.0
ZCpSiSS0Yv4,True,True,117.0,17,16,86247,265,16,477000,4732,Neutral,1,43.7,10.77,13.13,13.04,1.754,0.211,0.496,0.0978723404255319,23.0,14.0,0.7142857142857143,0.4347826086956521,True,0.2782608695652173,0.391304347826087,0.1304347826086956,0.1304347826086956,0.3478260869565217,0.0,0.0869565217391304,0.217391304347826,0.0,0.0,0.0,0.0,0.0869565217391304,0.5,14.75,7.44,5.88,0.076,2.97,0.021,1467.0,235.0
ZHX-j2ldBak,True,True,59.0,66,48,5215,123,0,135000,2612,Neutral,4,-22.63,43.25,21.19,45.42,1.417,0.093,0.713,0.2909090909090909,32.0,27.0,0.8888888888888888,0.75,False,0.1125,0.25,0.03125,0.09375,0.0625,0.0,0.0,0.03125,0.0,0.125,0.0,0.0,0.65625,0.0,112.0,0.0,11.0,0.857,3.51,0.161,580.0,110.0
ZJdb_gYtbxs,True,True,194.0,71,54,96075,0,0,128000,2724,Negative,2,-364.6,174.91,37.41,180.82,1.404,0.081,0.451,0.1351351351351351,60.0,47.0,0.8936170212765957,0.7,False,0.08,0.25,0.05,0.0833333333333333,0.2666666666666666,0.0,0.0,0.0333333333333333,0.0666666666666666,0.0666666666666666,0.0,0.0,0.4333333333333333,0.625,57.38,52.02,9.25,0.216,4.04,0.166,2361.0,446.0
ZKoYGNEgrBk,True,True,76.0,54,44,1132,2,1,16500,1455,Neutral,4,-104.22,71.27,29.92,75.03,1.577,0.126,0.537,0.1257142857142857,22.0,21.0,0.9523809523809524,0.9090909090909092,True,0.3636363636363637,0.5,0.1363636363636363,0.0,0.4090909090909091,0.0,0.0,0.1818181818181818,0.0909090909090909,0.0454545454545454,0.0,0.0,0.1363636363636363,0.0,44.75,60.39,7.25,0.342,3.11,0.128,1005.0,176.0
ZMXne0hkako,True,True,118.0,36,31,107,1,0,477000,4732,Neutral,2,-105.22,71.91,30.53,75.32,1.565,0.13,0.621,0.1340782122905028,24.0,12.0,0.5833333333333334,0.2916666666666667,False,0.1,0.25,0.1666666666666666,0.0,0.125,0.0,0.1666666666666666,0.1666666666666666,0.0416666666666666,0.0,0.0,0.0,0.3333333333333333,0.333,62.0,57.56,9.0,0.531,4.43,0.124,1024.0,181.0
ZOp4fnBe9Rc,True,True,327.0,81,54,2453,9,0,216000,5950,Neutral,4,-647.22,276.19,73.1,285.37,1.757,0.216,0.482,0.1123439667128987,81.0,69.0,0.8840579710144928,0.7530864197530864,True,0.4049382716049383,0.382716049382716,0.0864197530864197,0.0246913580246913,0.3703703703703703,0.0,0.0,0.1111111111111111,0.0864197530864197,0.1234567901234567,0.0,0.0,0.1975308641975308,2.333,244.67,243.5,13.0,0.36,6.14,0.083,4275.0,721.0
ZQMPrAzm-7o,True,True,1505.0,261,164,1340,13,0,1220000,11882,Neutral,14,-3561.58,1401.88,115.95,1439.78,1.472,0.109,0.199,0.0171555063641394,62.0,35.0,0.6857142857142857,0.3870967741935484,True,0.8,1.0,0.0,0.0161290322580645,0.2419354838709677,0.0,0.0,0.0161290322580645,0.1129032258064516,0.032258064516129,0.0,0.0,0.5806451612903226,0.329,50.75,48.99,8.45,0.026,3.74,0.135,19523.0,3600.0
ZQnmdNIDEFA,True,True,102.0,102,78,294,7,1,46000,861,Very Positive,6,-104.41,75.27,27.37,78.28,1.387,0.094,0.576,0.171875,33.0,26.0,0.8461538461538461,0.6666666666666666,False,0.0969696969696969,0.2424242424242424,0.0606060606060606,0.0303030303030303,0.0303030303030303,0.0,0.0,0.0909090909090909,0.0303030303030303,0.2424242424242424,0.0,0.0,0.5151515151515151,0.111,22.0,19.03,5.78,0.161,2.68,0.232,1003.0,191.0
ZRwgrSWy3Mw,True,True,247.0,112,77,9187,53,2,53500,1701,Neutral,7,-625.25,277.1,39.71,286.14,1.305,0.058,0.385,0.1024930747922437,74.0,65.0,0.9230769230769232,0.8108108108108109,True,0.4756756756756757,0.4594594594594595,0.027027027027027,0.2837837837837837,0.0675675675675675,0.0,0.0,0.0,0.0945945945945946,0.0405405405405405,0.0,0.054054054054054,0.4324324324324324,0.227,33.73,32.77,6.27,0.098,3.24,0.195,3570.0,721.0
ZXqnSAxv99M,True,True,22.0,71,59,268301,2317,50,135000,2612,Very Positive,3,23.36,26.89,11.21,27.79,1.353,0.029,0.647,0.1714285714285714,12.0,12.0,1.0,1.0,True,0.2666666666666666,0.3333333333333333,0.0,0.1666666666666666,0.0833333333333333,0.0,0.0,0.0,0.0,0.0833333333333333,0.0,0.0833333333333333,0.5833333333333334,0.0,18.5,12.45,6.0,0.381,2.45,0.203,351.0,70.0
ZXy747Diy88,True,True,240.0,22,21,2003,17,2,569000,3032,Neutral,2,-389.35,176.87,56.11,182.64,1.768,0.195,0.452,0.1929046563192904,87.0,72.0,0.8888888888888888,0.735632183908046,True,0.2942528735632184,0.3448275862068966,0.0344827586206896,0.0,0.425287356321839,0.0,0.0,0.0689655172413793,0.0,0.0344827586206896,0.0,0.0,0.4367816091954023,17.0,456.0,0.0,22.0,0.966,12.38,0.068,2861.0,453.0
ZYTmxypIYmg,True,True,18.0,76,59,180,3,1,100000,867,Neutral,3,61.33,7.19,11.21,8.0,1.6,0.2,1.0,0.1,1.0,1.0,1.0,1.0,True,0.8,1.0,0.0,0.0,1.0,0.0,0.0,0.0,0.0,0.0,0.0,0.0,0.0,1.0,10.0,0.0,5.0,0.0,1.8,0.0,63.0,10.0
ZYgKKFBtDqc,True,True,67.0,5,5,438,4,0,13600,1174,Neutral,1,-41.57,47.63,21.19,48.09,1.557,0.087,0.643,0.1440677966101695,17.0,16.0,0.9375,0.8823529411764706,False,0.188235294117647,0.2941176470588235,0.0,0.0,0.1764705882352941,0.0,0.0,0.0,0.1176470588235294,0.0588235294117647,0.0,0.0,0.6470588235294118,4.0,119.0,0.0,10.0,0.833,4.31,0.101,666.0,118.0
ZZs2YLfzJhs,True,True,372.0,49,41,173922,3193,0,144000,1700,Neutral,3,50.92,9.98,11.46,10.7,1.659,0.138,0.691,0.0,0.0,0.0,0.0,0.0,False,0.0,0.0,0.0,0.0,0.0,0.0,0.0,0.0,0.0,0.0,0.0,0.0,0.0,0.125,16.5,5.37,6.38,0.27,2.79,0.091,930.0,127.0
Z_Jubdde7_s,True,True,76.0,63,52,792,9,2,569000,3032,Neutral,3,5.7,35.07,3.13,36.4,1.286,0.0,0.56,0.3932584269662921,35.0,26.0,0.8076923076923077,0.6,False,0.0914285714285714,0.2571428571428571,0.0,0.0571428571428571,0.0857142857142857,0.0,0.0,0.0,0.0857142857142857,0.0857142857142857,0.0,0.2285714285714285,0.4571428571428571,0.0,18.4,19.94,4.8,0.15,2.88,0.076,477.0,91.0
Zag8OJlZurM,True,True,69.0,5,5,728,1,0,13600,1174,Neutral,1,-68.78,60.61,27.37,65.27,1.434,0.118,0.513,0.1513157894736842,23.0,19.0,0.7894736842105263,0.6521739130434783,True,0.1739130434782609,0.3043478260869565,0.0,0.1304347826086956,0.217391304347826,0.0,0.0434782608695652,0.0,0.217391304347826,0.1304347826086956,0.0,0.0,0.2608695652173913,1.5,79.5,111.02,5.5,0.458,6.24,0.138,838.0,153.0
Zc6soBlDwW8,True,True,16.0,80,49,100,0,0,35300,1846,Neutral,3,33.35,19.54,15.9,22.15,1.523,0.114,0.841,0.2325581395348837,10.0,8.0,0.75,0.6,True,0.32,0.4,0.0,0.0,0.4,0.0,0.0,0.0,0.2,0.2,0.0,0.0,0.2,0.5,22.0,21.21,5.0,0.333,2.61,0.136,254.0,44.0
ZdZ19RIZeZE,True,True,3668.0,192,130,1786,4,0,24900,211,Neutral,4,-10307.44,3994.1,197.53,4098.66,1.462,0.113,0.131,0.0047480620155038,49.0,44.0,0.9318181818181818,0.8367346938775511,True,0.8,1.0,0.1020408163265306,0.0,0.2448979591836734,0.0,0.0,0.0,0.1836734693877551,0.0204081632653061,0.0,0.0,0.4489795918367347,0.47,53.58,80.58,7.84,0.009,4.43,0.125,56360.0,10300.0
ZgiWEAsHlGY,True,True,137.0,88,62,483,0,0,11700,1438,Neutral,4,54.7,9.72,12.49,12.6,1.601,0.163,0.495,0.0314465408805031,10.0,6.0,0.8333333333333334,0.5,True,0.6000000000000001,0.6,0.2,0.0,0.0,0.0,0.0,0.6,0.0,0.0,0.0,0.0,0.2,0.105,17.37,9.98,6.42,0.092,3.23,0.103,1878.0,317.0
ZgzU2RFFm6g,True,False,16.0,0,0,1136,14,0,55000,668,,0,77.74,3.96,5.68,2.48,1.452,0.032,0.774,0.0,0.0,0.0,0.0,0.0,False,0.0,0.0,0.0,0.0,0.0,0.0,0.0,0.0,0.0,0.0,0.0,0.0,0.0,0.0,6.4,3.97,3.4,0.0,2.18,0.281,164.0,31.0
ZhQABXf6BdY,True,True,69.0,80,63,53281,247,23,697000,6101,Neutral,4,-92.88,73.17,20.27,76.87,1.275,0.048,0.513,0.2146596858638743,41.0,36.0,0.9722222222222222,0.8536585365853658,False,0.126829268292683,0.2926829268292683,0.0,0.1219512195121951,0.024390243902439,0.0,0.0,0.0,0.0,0.024390243902439,0.0,0.024390243902439,0.8048780487804879,0.0,22.0,22.57,5.11,0.165,3.18,0.258,932.0,190.0
Zl-EnGKb0JE,True,True,917.0,28,27,467,2,0,569000,3032,Neutral,2,-2795.34,1105.21,121.18,1135.85,1.581,0.151,0.257,0.0302608695652173,87.0,82.0,0.9390243902439024,0.8850574712643678,True,0.8,1.0,0.0459770114942528,0.0919540229885057,0.2758620689655172,0.0,0.0459770114942528,0.0114942528735632,0.0344827586206896,0.1034482758620689,0.0,0.0,0.3908045977011494,0.352,54.69,61.2,8.54,0.036,4.19,0.142,16001.0,2858.0
ZmeclSDnesQ,True,True,4989.0,46,41,874,11,0,698000,6325,Neutral,2,47.02,10.85,49.47,12.21,1.689,0.178,0.14,0.0027012896479609,31.0,25.0,0.84,0.6774193548387096,True,0.8,1.0,0.4193548387096774,0.032258064516129,0.032258064516129,0.0,0.0967741935483871,0.0,0.0,0.032258064516129,0.0,0.0,0.3870967741935484,0.186,16.87,12.84,5.97,0.003,3.38,0.068,70586.0,11591.0
ZmvpFiaKAWY,True,True,112.0,46,42,1666,6,0,75200,1684,Neutral,2,-238.24,124.49,37.88,129.29,1.494,0.118,0.497,0.0888888888888888,28.0,23.0,0.9130434782608696,0.75,False,0.1571428571428572,0.2857142857142857,0.0,0.0,0.2142857142857142,0.0,0.0,0.0,0.2142857142857142,0.0714285714285714,0.0,0.0,0.5,0.667,107.0,60.51,15.33,0.415,3.97,0.159,1750.0,314.0
Zn9dr0Fmmsk,True,True,295.0,53,45,353,3,0,36000,6286,Neutral,3,65.81,5.67,8.14,6.41,1.59,0.12,0.614,0.0481927710843373,4.0,4.0,1.0,1.0,True,0.7,0.75,0.0,0.0,0.0,0.0,0.0,0.0,0.0,0.0,0.0,0.0,1.0,0.0,6.38,2.96,4.54,0.1,2.34,0.084,521.0,83.0
ZruVB0R5sZ0,True,True,152.0,62,58,1440,5,0,45400,902,Neutral,4,-312.67,151.03,45.11,156.35,1.594,0.142,0.483,0.0973684210526315,37.0,32.0,0.9375,0.8108108108108109,False,0.1405405405405406,0.2702702702702703,0.027027027027027,0.027027027027027,0.1891891891891892,0.0,0.0,0.0,0.081081081081081,0.0,0.0,0.027027027027027,0.6486486486486487,3.5,192.5,228.4,12.5,0.543,3.74,0.132,2257.0,381.0
ZtWIXHzYfZ0,True,True,697.0,102,78,27426,101,12,46000,861,Very Positive,6,-1728.31,699.01,73.56,718.93,1.398,0.085,0.293,0.0441988950276243,80.0,54.0,0.8333333333333334,0.5625,True,0.6700000000000002,0.675,0.0375,0.025,0.15,0.0,0.0625,0.0375,0.0125,0.025,0.0,0.0125,0.6375,0.654,71.73,85.22,8.96,0.066,5.21,0.166,9623.0,1805.0
Ztb_992bNfg,True,True,3417.0,50,44,611,2,0,12600,950,Neutral,2,-8923.9,3463.01,175.93,3553.87,1.437,0.103,0.158,0.0057958091841284,52.0,41.0,0.7804878048780488,0.6153846153846154,True,0.8,1.0,0.0384615384615384,0.0961538461538461,0.1153846153846153,0.0,0.0192307692307692,0.0384615384615384,0.0384615384615384,0.0769230769230769,0.0,0.0,0.5769230769230769,0.545,64.11,67.34,9.35,0.014,4.35,0.15,48314.0,8939.0
ZyI-QNFT1EM,True,True,52.0,26,24,8312,196,0,75200,1684,Very Positive,4,68.75,6.95,10.69,9.45,1.474,0.133,0.578,0.0560747663551401,12.0,11.0,0.9090909090909092,0.8333333333333334,True,0.5666666666666667,0.5833333333333334,0.0,0.0,0.1666666666666666,0.0,0.0,0.0,0.1666666666666666,0.0,0.0,0.0,0.6666666666666666,0.062,14.12,6.32,5.56,0.125,3.04,0.124,1213.0,214.0
_-UfjVkZE1Y,True,True,110.0,29,27,8669,60,0,22200,1782,Negative,2,86.26,5.15,7.39,7.02,1.236,0.035,0.514,0.0551724137931034,16.0,14.0,0.9285714285714286,0.8125,True,0.2750000000000001,0.3125,0.125,0.0625,0.0625,0.0,0.0,0.0,0.25,0.0,0.0,0.1875,0.3125,0.0,16.28,12.54,6.0,0.144,2.76,0.232,1381.0,286.0
_-oFcktN1vQ,True,True,3700.0,91,71,233,1,0,1400,201,Neutral,4,-8491.0,3294.31,200.28,3380.7,1.551,0.141,0.167,0.0050069864927806,43.0,33.0,0.7878787878787878,0.6046511627906976,True,0.8,1.0,0.0,0.0465116279069767,0.1627906976744186,0.0,0.0,0.0,0.0232558139534883,0.0465116279069767,0.0,0.0,0.7209302325581395,0.874,100.55,111.37,10.25,0.019,4.99,0.121,48390.0,8582.0
_1BMWXUkw4k,True,True,661.0,72,64,115,4,0,3640,696,Neutral,1,-1140.9,468.27,81.67,482.11,1.641,0.159,0.368,0.0579831932773109,69.0,53.0,0.8301886792452831,0.6376811594202898,True,0.6086956521739131,0.5217391304347826,0.144927536231884,0.0,0.2753623188405797,0.0,0.0,0.0,0.0579710144927536,0.0,0.0,0.0,0.5217391304347826,0.143,87.5,122.08,12.79,0.182,4.13,0.096,7229.0,1200.0
_23bzrxbiSs,True,True,372.0,98,66,2565,18,2,53500,1701,Positive,5,-725.7,314.96,45.88,325.08,1.341,0.069,0.383,0.0792079207920792,64.0,55.0,0.9090909090909092,0.78125,True,0.45625,0.390625,0.03125,0.078125,0.1875,0.0,0.0,0.03125,0.046875,0.09375,0.0,0.046875,0.484375,0.167,46.78,57.65,8.0,0.167,3.98,0.166,4075.0,812.0
_48-eWGtSZ8,True,True,4789.0,36,32,1654,13,0,216000,5950,Neutral,1,-14536.41,5619.15,227.24,5765.44,1.456,0.107,0.113,0.0033023735810113,48.0,28.0,0.7857142857142857,0.4583333333333333,True,0.8,1.0,0.0208333333333333,0.0,0.3125,0.0,0.0,0.3125,0.0833333333333333,0.0,0.0,0.0,0.2708333333333333,1.802,172.7,180.17,12.13,0.025,5.6,0.142,79472.0,14493.0
_4nOZrkh3W0,True,False,4843.0,0,0,200,1,0,216000,5950,,0,-13001.34,5028.67,220.59,5159.61,1.487,0.112,0.119,0.0062777522584596,82.0,69.0,0.8695652173913043,0.7317073170731707,True,0.8,1.0,0.0365853658536585,0.0853658536585365,0.1219512195121951,0.0,0.0,0.0,0.1585365853658536,0.0365853658536585,0.0,0.0,0.5609756097560976,0.688,83.51,137.5,9.49,0.01,5.39,0.12,71341.0,13007.0
_6eyXBf2gkc,True,True,439.0,43,38,3223,19,4,13800,709,Neutral,3,-1137.29,473.48,54.54,487.77,1.323,0.067,0.329,0.0700325732899022,86.0,74.0,0.8783783783783784,0.7558139534883721,True,0.6325581395348838,0.5813953488372093,0.1162790697674418,0.1744186046511628,0.0697674418604651,0.0,0.0116279069767441,0.0232558139534883,0.0348837209302325,0.0581395348837209,0.0,0.0232558139534883,0.4883720930232558,0.172,43.07,39.27,7.31,0.058,3.51,0.157,6246.0,1217.0
_7sAhQQmyX0,True,True,2272.0,43,41,958,17,0,477000,4732,Neutral,3,-5225.03,2038.59,160.52,2092.33,1.591,0.145,0.202,0.0147956352875901,80.0,55.0,0.8727272727272727,0.6,True,0.8,1.0,0.1625,0.0,0.35,0.0,0.025,0.0625,0.0,0.0375,0.0,0.0,0.3625,0.914,79.7,117.77,8.73,0.019,5.41,0.079,32334.0,5396.0
_81nEFqWdgA,True,True,60.0,120,79,2200,40,0,1220000,11882,Negative,7,60.64,8.75,11.21,11.39,1.537,0.126,0.669,0.0170454545454545,3.0,3.0,1.0,1.0,True,0.4000000000000001,0.3333333333333333,0.0,0.3333333333333333,0.0,0.0,0.0,0.0,0.3333333333333333,0.0,0.0,0.0,0.3333333333333333,0.0,16.55,9.38,6.36,0.125,2.94,0.115,1017.0,176.0
_ANuVnxTUJ8,True,True,320.0,26,23,91,4,1,50000,1839,Neutral,2,-746.58,323.84,42.29,334.61,1.3,0.057,0.353,0.1177170035671819,99.0,85.0,0.8705882352941177,0.7474747474747475,True,0.4525252525252525,0.404040404040404,0.0,0.1616161616161616,0.1313131313131313,0.0,0.0,0.0303030303030303,0.0202020202020202,0.0909090909090909,0.0,0.1212121212121212,0.4444444444444444,0.028,23.72,20.14,5.72,0.051,2.92,0.183,4163.0,833.0
_BN7SRzpSJE,True,True,56.0,52,38,64,1,0,952,151,Negative,2,61.33,7.19,11.21,8.0,1.6,0.2,1.0,0.1,1.0,1.0,1.0,1.0,True,0.8,1.0,0.0,0.0,1.0,0.0,0.0,0.0,0.0,0.0,0.0,0.0,0.0,1.0,10.0,0.0,5.0,0.0,1.8,0.0,63.0,10.0
_D0wHa7h5r4,True,True,49.0,74,59,280,1,0,135000,2612,Neutral,3,47.25,13.19,14.19,15.07,1.571,0.143,0.59,0.0471698113207547,5.0,4.0,0.75,0.6,True,0.32,0.4,0.0,0.0,0.6,0.0,0.0,0.0,0.0,0.0,0.0,0.0,0.4,0.5,27.5,9.98,7.5,0.276,3.72,0.145,617.0,106.0
_DeZLJVuWwg,True,True,221.0,107,69,255,0,0,13500,719,Neutral,8,47.19,10.93,14.36,13.14,1.682,0.188,0.404,0.0064516129032258,4.0,3.0,0.6666666666666666,0.5,True,0.7,0.75,0.0,0.0,0.0,0.0,0.0,0.0,0.5,0.0,0.0,0.0,0.5,0.167,17.5,8.25,6.78,0.053,2.8,0.122,3820.0,620.0
_FVpZ9zucRI,True,True,55.0,35,32,344,0,0,10700,653,Neutral,1,66.06,8.77,9.61,10.31,1.436,0.068,0.669,0.0962962962962963,13.0,12.0,0.9166666666666666,0.8461538461538461,True,0.3384615384615386,0.3846153846153846,0.0,0.0769230769230769,0.2307692307692307,0.0,0.0,0.0769230769230769,0.2307692307692307,0.0769230769230769,0.0,0.0,0.3076923076923077,0.125,17.25,13.06,5.62,0.178,3.02,0.123,771.0,132.0
_G9L_4Ya9KA,True,True,183.0,47,40,4450,21,1,16500,1455,Neutral,4,-407.14,192.03,37.41,198.84,1.367,0.073,0.411,0.0899795501022494,44.0,36.0,0.8888888888888888,0.7272727272727273,True,0.2545454545454546,0.3409090909090909,0.0454545454545454,0.0227272727272727,0.1590909090909091,0.0,0.0454545454545454,0.0,0.0227272727272727,0.0,0.0,0.0,0.7045454545454546,0.429,72.57,64.94,11.0,0.27,4.85,0.195,2580.0,491.0
_GSS0ymIBLk,True,True,95.0,40,40,1387,3,1,216000,5950,Neutral,2,48.44,10.23,11.95,11.54,1.692,0.159,0.487,0.0101522842639593,2.0,1.0,0.0,0.0,True,0.8,1.0,0.0,0.0,0.0,0.0,0.0,1.0,0.0,0.0,0.0,0.0,0.0,0.071,14.5,8.82,5.43,0.12,2.79,0.148,1267.0,199.0
_IynkNO0dkE,True,True,298.0,51,39,4877,31,2,11500,201,Positive,4,-801.46,342.17,57.92,352.99,1.432,0.105,0.371,0.058890147225368,52.0,47.0,0.9148936170212766,0.8269230769230769,True,0.5076923076923077,0.5,0.1153846153846153,0.0192307692307692,0.173076923076923,0.0,0.0192307692307692,0.0384615384615384,0.0576923076923076,0.0384615384615384,0.0,0.0192307692307692,0.5192307692307693,0.15,45.25,45.1,7.15,0.093,3.74,0.171,4571.0,876.0
_MOQHBqNNAw,True,True,5320.0,33,32,393,10,2,191000,1170,Neutral,2,-6954.85,2707.04,141.6,2778.38,1.408,0.085,0.137,0.0033416281549946,47.0,33.0,0.8484848484848485,0.5957446808510638,True,0.8,1.0,0.0,0.0,0.1914893617021276,0.0,0.0,0.2340425531914893,0.0638297872340425,0.1702127659574468,0.0,0.0,0.3404255319148936,0.316,48.69,62.47,7.51,0.005,4.32,0.154,73815.0,13972.0
_Mu03-Iw6a4,True,True,32.0,11,11,983,1,3,12600,950,Neutral,1,15.91,27.19,15.9,29.08,1.477,0.077,0.754,0.2923076923076923,19.0,18.0,0.9444444444444444,0.8947368421052632,True,0.2526315789473685,0.3684210526315789,0.0526315789473684,0.0,0.1578947368421052,0.0,0.3157894736842105,0.0,0.0,0.1578947368421052,0.0,0.0,0.3157894736842105,2.0,65.0,0.0,12.0,0.8,3.86,0.092,355.0,65.0
_O5QMKm4-Ik,True,True,3916.0,330,194,288,3,0,45300,2832,Positive,16,-8133.59,3157.76,182.51,3240.69,1.514,0.122,0.173,0.0062225475841874,51.0,45.0,0.8666666666666667,0.7647058823529411,True,0.8,1.0,0.0,0.0,0.2745098039215686,0.0,0.0,0.0,0.196078431372549,0.0,0.0,0.0,0.5294117647058824,0.532,53.41,54.12,8.54,0.012,3.86,0.128,45737.0,8169.0
_PxV6FPN9XU,True,True,42.0,21,21,56880,0,0,50000,1839,Neutral,4,-60.13,55.93,22.92,58.39,1.5,0.087,0.638,0.2167832167832167,31.0,27.0,0.925925925925926,0.8064516129032258,False,0.1419354838709678,0.2580645161290322,0.0,0.0,0.1290322580645161,0.0,0.0,0.032258064516129,0.032258064516129,0.1612903225806451,0.0,0.0,0.6451612903225806,2.0,146.0,0.0,16.0,0.833,3.75,0.068,756.0,142.0
_QEyo00APpA,True,False,103.0,0,0,20416,142,12,1110,109,,0,52.34,11.62,12.34,12.98,1.553,0.114,0.579,0.0434782608695652,10.0,9.0,0.8888888888888888,0.8,True,0.56,0.6,0.0,0.0,0.2,0.0,0.1,0.0,0.0,0.0,0.0,0.0,0.7,0.0,23.4,6.92,7.7,0.14,3.35,0.115,1427.0,230.0
_ThKl9iS0T8,True,True,248.0,550,250,13285,48,0,1220000,11882,Neutral,27,-769.92,328.33,56.11,338.28,1.516,0.103,0.311,0.0723606168446026,61.0,36.0,0.6944444444444444,0.4098360655737705,True,0.478688524590164,0.4426229508196721,0.0163934426229508,0.0327868852459016,0.2131147540983606,0.0,0.0163934426229508,0.0163934426229508,0.0491803278688524,0.0163934426229508,0.0,0.0,0.639344262295082,1.0,107.5,113.49,10.25,0.23,6.64,0.116,4669.0,842.0
_UWP-zo6ts0,True,True,143.0,64,53,385,6,0,25300,876,Neutral,2,75.72,6.06,9.89,9.19,1.388,0.104,0.497,0.0146627565982404,5.0,5.0,1.0,1.0,True,0.48,0.4,0.0,0.4,0.0,0.0,0.0,0.0,0.4,0.0,0.0,0.0,0.2,0.154,13.62,8.82,4.92,0.057,2.9,0.164,1866.0,350.0
_UjCq64_WrA,True,True,15.0,18,17,2685,17,0,16000,397,Positive,3,39.33,13.98,14.55,14.8,1.68,0.16,0.96,0.36,9.0,9.0,1.0,1.0,True,0.3111111111111111,0.4444444444444444,0.0,0.0,0.2222222222222222,0.0,0.0,0.0,0.1111111111111111,0.3333333333333333,0.0,0.0,0.3333333333333333,0.0,14.0,18.38,4.0,0.25,2.45,0.036,178.0,26.0
_VjFcFNunoE,True,True,91.0,117,91,236,1,0,12500,530,Neutral,7,-156.38,92.95,31.69,96.81,1.498,0.107,0.601,0.1882845188284518,45.0,45.0,1.0,1.0,False,0.1155555555555556,0.2888888888888888,0.0,0.0,0.1777777777777777,0.0,0.0,0.0,0.1111111111111111,0.1111111111111111,0.0,0.0444444444444444,0.5555555555555556,0.75,62.0,81.44,10.0,0.247,3.19,0.081,1312.0,239.0
_VvXw6YZQTQ,True,True,3632.0,45,38,866,4,0,1400,201,Neutral,2,-10011.75,3879.82,200.03,3981.31,1.495,0.119,0.15,0.0042322834645669,43.0,35.0,0.8571428571428571,0.6976744186046512,True,0.8,1.0,0.0930232558139534,0.0,0.0232558139534883,0.0,0.0,0.0232558139534883,0.0,0.0232558139534883,0.0,0.0,0.8372093023255814,0.947,68.55,85.51,9.22,0.011,4.67,0.128,55248.0,10096.0
_YCL2DQWs4M,True,True,183.0,137,101,8173,74,30,216000,5950,Neutral,6,85.11,3.98,9.21,6.35,1.314,0.074,0.429,0.0382165605095541,18.0,14.0,0.7857142857142857,0.6111111111111112,True,0.3111111111111111,0.3333333333333333,0.1111111111111111,0.2222222222222222,0.0,0.0,0.0,0.2777777777777778,0.0,0.0,0.0,0.2777777777777778,0.1111111111111111,0.022,10.57,6.38,4.28,0.04,2.98,0.187,2473.0,472.0
_YthNikZjaY,True,True,71.0,236,145,891,5,0,16500,1455,Positive,10,57.5,14.18,11.6,16.4,1.333,0.061,0.606,0.0163934426229508,3.0,3.0,1.0,1.0,True,0.8,1.0,0.0,0.0,0.0,0.0,0.0,0.0,0.0,0.0,0.0,0.0,1.0,0.0,37.2,13.66,8.6,0.283,3.83,0.156,939.0,180.0
_ZNlepuqh7I,True,True,74.0,79,70,2280,9,3,697000,6101,Neutral,4,-110.72,72.92,34.94,77.04,1.618,0.174,0.59,0.2841530054644808,52.0,41.0,0.8536585365853658,0.6730769230769231,False,0.1538461538461539,0.2884615384615384,0.0576923076923076,0.2884615384615384,0.0769230769230769,0.0,0.0192307692307692,0.1153846153846153,0.0,0.0,0.0,0.0,0.4423076923076923,4.0,185.0,0.0,20.0,0.917,5.74,0.043,1061.0,184.0
_aLlYwGVVo4,True,True,1994.0,26,21,608,5,0,569000,3032,Neutral,1,-4398.88,1726.36,109.39,1773.16,1.34,0.078,0.203,0.0100761307657859,45.0,41.0,0.926829268292683,0.8444444444444444,True,0.8,1.0,0.0888888888888888,0.1111111111111111,0.0888888888888888,0.0,0.0,0.0444444444444444,0.0888888888888888,0.0222222222222222,0.0,0.0222222222222222,0.5333333333333333,0.18,37.6,44.67,7.0,0.016,3.58,0.179,22797.0,4441.0
_azwDRYItok,True,True,30.0,58,52,3768,58,0,697000,6101,Neutral,4,61.33,7.19,11.21,8.0,1.6,0.2,1.0,0.1,1.0,1.0,1.0,1.0,True,0.8,1.0,0.0,0.0,1.0,0.0,0.0,0.0,0.0,0.0,0.0,0.0,0.0,1.0,10.0,0.0,5.0,0.0,1.8,0.0,63.0,10.0
_cYpMSYc1o0,True,True,81.0,267,164,2698,12,0,35300,1846,Neutral,6,74.81,5.81,3.13,4.8,1.417,0.0,0.667,0.5714285714285714,4.0,4.0,1.0,1.0,True,0.5,0.5,0.0,0.0,0.0,0.0,0.0,0.0,0.0,0.0,0.0,0.0,1.0,0.0,4.0,5.2,2.33,0.0,2.89,0.25,64.0,12.0
_eO81Aw2I2I,True,True,116.0,32,30,315,3,1,15600,1174,Neutral,1,-176.18,100.44,34.42,105.24,1.504,0.119,0.492,0.2031872509960159,51.0,41.0,0.8780487804878049,0.7058823529411765,True,0.2352941176470588,0.3137254901960784,0.2352941176470588,0.1176470588235294,0.1764705882352941,0.0,0.0,0.0392156862745098,0.0196078431372549,0.0588235294117647,0.0,0.0,0.3529411764705882,0.5,127.0,178.19,13.5,0.467,3.5,0.138,1407.0,252.0
_ekEMAEaJMc,True,True,255.0,127,99,11827,161,0,44000,2439,Very Positive,8,-467.87,216.15,37.41,223.98,1.329,0.065,0.43,0.0845323741007194,47.0,41.0,0.8780487804878049,0.7659574468085106,True,0.3744680851063831,0.4042553191489361,0.0851063829787234,0.0212765957446808,0.0851063829787234,0.0,0.0212765957446808,0.0,0.1063829787234042,0.0425531914893617,0.0,0.0,0.6382978723404256,0.357,41.43,37.53,7.79,0.147,3.13,0.178,2788.0,556.0
_gdaO4cu9OE,True,True,612.0,99,77,5252,0,0,128000,2724,Very Positive,6,-1546.01,629.61,70.96,648.08,1.367,0.087,0.35,0.0335570469798657,55.0,49.0,0.9183673469387756,0.8181818181818182,True,0.6763636363636365,0.6909090909090909,0.0181818181818181,0.0727272727272727,0.2181818181818181,0.0,0.0181818181818181,0.0,0.0727272727272727,0.0181818181818181,0.0,0.0,0.5818181818181818,0.222,46.17,44.88,7.61,0.056,4.01,0.152,8419.0,1627.0
_guUEhb6GvY,True,True,3677.0,54,43,318,5,4,952,151,Neutral,3,-9662.84,3747.43,177.25,3845.74,1.413,0.097,0.124,0.0045314109165808,44.0,39.0,0.8974358974358975,0.7954545454545454,True,0.8,1.0,0.0,0.0,0.0454545454545454,0.0,0.0,0.0454545454545454,0.0227272727272727,0.0454545454545454,0.0,0.0,0.8409090909090909,0.569,73.12,90.65,9.22,0.012,4.42,0.155,51310.0,9657.0
_h8E92t80L4,True,True,1509.0,107,94,4483,62,2,25800,453,Negative,9,-3039.21,1204.31,84.72,1237.36,1.321,0.066,0.236,0.0164675492412011,51.0,44.0,0.9090909090909092,0.7843137254901961,True,0.8,1.0,0.1568627450980392,0.0588235294117647,0.1372549019607843,0.0,0.0,0.0196078431372549,0.0196078431372549,0.0392156862745098,0.0,0.1764705882352941,0.392156862745098,0.186,25.3,30.62,5.55,0.014,3.53,0.161,15813.0,3094.0
_hf6ifp_aDs,True,True,93.0,114,74,1007,8,0,135000,2612,Neutral,5,51.44,13.59,12.84,15.47,1.474,0.096,0.478,0.0256410256410256,7.0,7.0,1.0,1.0,True,0.4000000000000001,0.4285714285714285,0.1428571428571428,0.0,0.1428571428571428,0.0,0.0,0.0,0.0,0.0,0.0,0.0,0.7142857142857143,0.2,27.8,9.76,7.5,0.191,3.42,0.173,1501.0,273.0
_hg0OdMXyvU,True,True,170.0,143,102,4830,24,8,952,151,Neutral,6,-368.3,173.44,38.34,178.58,1.543,0.087,0.4,0.1636363636363636,72.0,37.0,0.7027027027027027,0.3611111111111111,False,0.1722222222222222,0.2638888888888889,0.0,0.0,0.3055555555555556,0.0,0.0,0.0,0.0138888888888888,0.0277777777777777,0.0,0.0138888888888888,0.6388888888888888,4.0,447.0,0.0,13.0,0.967,10.27,0.13,2505.0,439.0
_kEoo15YIQk,True,True,286.0,214,144,12285,176,0,17100,551,Neutral,12,29.37,14.42,16.21,17.0,1.844,0.248,0.393,0.0226171243941841,14.0,13.0,0.9230769230769232,0.8571428571428571,True,0.5428571428571429,0.5714285714285714,0.4285714285714285,0.2857142857142857,0.1428571428571428,0.0,0.0,0.0,0.0,0.0,0.0,0.0,0.1428571428571428,0.4,20.77,8.4,7.13,0.052,3.22,0.043,4164.0,615.0
_kdv1a1Ep44,True,True,87.0,58,52,384,1,0,216000,5950,Neutral,5,50.92,9.98,11.46,10.7,1.659,0.138,0.691,0.0,0.0,0.0,0.0,0.0,False,0.0,0.0,0.0,0.0,0.0,0.0,0.0,0.0,0.0,0.0,0.0,0.0,0.0,0.125,16.5,5.37,6.38,0.27,2.79,0.091,930.0,127.0
_kwtFLe2VQQ,True,True,31.0,28,26,599,1,0,50000,1839,Negative,3,10.67,35.37,8.84,38.42,1.179,0.011,0.632,0.2631578947368421,25.0,22.0,0.8636363636363636,0.76,False,0.2079999999999999,0.28,0.28,0.0,0.08,0.0,0.0,0.04,0.04,0.08,0.0,0.04,0.44,0.0,33.0,44.64,7.0,0.3,2.94,0.212,443.0,95.0
_lfd9hOKypU,True,False,12.0,0,0,484,11,1,16000,397,,0,31.26,19.33,15.9,21.56,1.571,0.119,0.81,0.2142857142857142,9.0,9.0,1.0,1.0,True,0.4000000000000001,0.4444444444444444,0.3333333333333333,0.2222222222222222,0.0,0.0,0.0,0.0,0.0,0.0,0.0,0.0,0.4444444444444444,1.0,42.0,0.0,7.0,0.667,4.12,0.095,236.0,42.0
_nOWIXUiB2s,True,True,64.0,37,32,1902,19,0,21200,805,Neutral,2,-108.72,78.36,25.25,82.79,1.318,0.075,0.522,0.1219512195121951,25.0,24.0,0.9583333333333334,0.92,False,0.064,0.24,0.08,0.0,0.08,0.0,0.0,0.0,0.0,0.04,0.0,0.0,0.8,0.214,15.5,9.32,5.21,0.124,2.63,0.194,1026.0,203.0
_o8JiiaCapU,True,True,169.0,131,84,684,1,0,12500,530,Neutral,7,-348.88,172.97,24.5,180.05,1.206,0.031,0.311,0.0859030837004405,39.0,35.0,0.9428571428571428,0.8461538461538461,False,0.0923076923076924,0.2564102564102564,0.0,0.3076923076923077,0.1025641025641025,0.0,0.0,0.0256410256410256,0.1025641025641025,0.0256410256410256,0.0,0.0256410256410256,0.4102564102564102,0.375,28.81,19.94,6.19,0.081,3.12,0.204,2097.0,452.0
_pI6qOLsF1w,True,True,1143.0,27,27,137,1,0,1220000,11882,Neutral,2,-2709.98,1073.68,104.04,1102.82,1.52,0.114,0.232,0.0379792189179505,106.0,77.0,0.8441558441558441,0.6132075471698113,True,0.8,1.0,0.0,0.0094339622641509,0.2924528301886792,0.0,0.0,0.0849056603773584,0.0849056603773584,0.0754716981132075,0.0,0.0,0.4528301886792453,0.315,53.19,58.66,7.93,0.039,4.17,0.114,15755.0,2785.0
_qPfVwBAPC8,True,True,85.0,89,71,62171,486,3,135000,2612,Neutral,4,58.84,11.07,11.21,12.99,1.459,0.083,0.477,0.055045871559633,12.0,9.0,0.6666666666666666,0.5,True,0.4333333333333333,0.4166666666666667,0.0,0.1666666666666666,0.3333333333333333,0.0,0.0,0.1666666666666666,0.0,0.0,0.0,0.0,0.3333333333333333,0.0,24.78,14.96,8.0,0.219,3.55,0.148,1172.0,218.0
_rMLpAFhm7E,True,True,3415.0,137,96,658,2,0,1400,201,Neutral,6,-9039.61,3507.22,178.46,3599.22,1.449,0.105,0.154,0.0029347826086956,27.0,25.0,0.92,0.8518518518518519,True,0.8,1.0,0.0,0.0,0.2222222222222222,0.0,0.0,0.0,0.0,0.0,0.0,0.0,0.7777777777777778,0.644,80.0,98.71,9.47,0.015,4.78,0.148,49028.0,9170.0
_tW26dKDKlM,True,False,102.0,0,0,48,0,0,674,262,,0,-166.35,93.35,38.81,97.19,1.664,0.17,0.59,0.1645021645021645,38.0,29.0,0.8275862068965517,0.631578947368421,True,0.1473684210526316,0.3157894736842105,0.1052631578947368,0.0,0.0263157894736842,0.0,0.0,0.0,0.0263157894736842,0.1052631578947368,0.0,0.0,0.7368421052631579,0.0,236.0,0.0,20.0,0.917,3.51,0.11,1358.0,231.0
_uYUiRBrAMk,True,True,711.0,48,35,408,4,2,216000,5950,Neutral,2,-1882.49,752.31,111.52,773.96,1.685,0.188,0.266,0.0615942028985507,119.0,77.0,0.7922077922077922,0.5126050420168067,True,0.7361344537815127,0.8403361344537815,0.3277310924369748,0.0756302521008403,0.1512605042016806,0.0,0.0504201680672268,0.0336134453781512,0.0084033613445378,0.0588235294117647,0.0,0.0,0.2941176470588235,6.667,323.83,326.29,12.5,0.293,11.25,0.091,11377.0,1930.0
_xiEFSWAkyU,True,True,112.0,328,169,217,0,0,16500,1455,Very Positive,16,54.53,12.26,13.19,14.7,1.481,0.117,0.492,0.0186567164179104,5.0,5.0,1.0,1.0,True,0.56,0.6,0.2,0.0,0.2,0.0,0.0,0.2,0.4,0.0,0.0,0.0,0.0,0.0,27.4,13.97,7.5,0.178,3.62,0.106,1518.0,268.0
_zImLVxjyb8,True,False,1586.0,0,0,2287,19,0,21200,805,,0,-3876.4,1520.07,143.06,1560.8,1.606,0.154,0.251,0.0134347275031685,53.0,48.0,0.8958333333333334,0.8113207547169812,True,0.8,1.0,0.1132075471698113,0.2075471698113207,0.1886792452830188,0.0,0.0566037735849056,0.0,0.0943396226415094,0.0377358490566037,0.0,0.0,0.3018867924528302,1.0,86.19,67.99,10.62,0.041,4.25,0.109,22723.0,3935.0
a0--s5oAWtI,True,False,209.0,0,0,22166,286,26,27400,964,,0,-137.33,89.55,22.92,93.39,1.309,0.052,0.548,0.09009009009009,20.0,18.0,0.8888888888888888,0.8,True,0.1400000000000001,0.3,0.05,0.1,0.3,0.0,0.0,0.0,0.0,0.3,0.0,0.0,0.25,0.083,20.0,20.51,5.75,0.103,2.84,0.233,1132.0,230.0
a2kpXjTNMBE,True,True,64.0,32,26,81,0,0,443000,2444,Neutral,2,66.88,8.3,9.89,9.54,1.443,0.08,0.557,0.0564971751412429,10.0,8.0,0.75,0.6,True,0.56,0.5,0.0,0.0,0.0,0.0,0.0,0.1,0.5,0.0,0.0,0.0,0.4,0.3,17.8,4.05,6.3,0.16,3.05,0.124,1026.0,177.0
a3WGt0il-Jo,True,True,61.0,102,78,399,3,0,46000,861,Very Positive,5,-77.12,62.52,26.68,65.61,1.497,0.11,0.652,0.2721518987341772,43.0,35.0,0.8,0.6511627906976745,False,0.1116279069767443,0.2558139534883721,0.0,0.0,0.0232558139534883,0.0,0.0,0.0,0.0,0.1162790697674418,0.0,0.0,0.8604651162790697,1.0,161.0,0.0,14.0,0.909,6.13,0.056,909.0,158.0
a3_D5cM_nUQ,True,True,220.0,169,100,1424,13,0,135000,2612,Neutral,8,-549.33,246.64,42.71,254.94,1.368,0.076,0.436,0.1147286821705426,74.0,66.0,0.8787878787878788,0.7837837837837838,True,0.3783783783783785,0.4189189189189189,0.1216216216216216,0.2027027027027027,0.081081081081081,0.0,0.0,0.0,0.0405405405405405,0.0405405405405405,0.0,0.054054054054054,0.4594594594594595,0.429,46.86,43.77,7.21,0.093,3.62,0.166,3353.0,635.0
a4TfHNAxzYU,True,True,184.0,330,205,4898,11,4,32100,748,Neutral,17,-409.0,190.3,49.89,197.26,1.484,0.139,0.47,0.1213991769547325,59.0,52.0,0.9423076923076924,0.8305084745762712,True,0.3254237288135593,0.423728813559322,0.0677966101694915,0.0847457627118644,0.2033898305084746,0.0,0.0,0.1525423728813559,0.0,0.0508474576271186,0.0,0.0508474576271186,0.3898305084745763,0.6,100.4,44.7,12.0,0.303,3.5,0.159,2630.0,485.0
a4ibn9IVChI,True,True,125.0,55,42,2678,45,3,477000,4732,Neutral,4,-214.46,112.98,40.15,117.24,1.609,0.149,0.48,0.0780141843971631,22.0,17.0,0.9411764705882352,0.7272727272727273,True,0.3818181818181818,0.4545454545454545,0.0,0.0,0.4545454545454545,0.0,0.0,0.0,0.0909090909090909,0.0909090909090909,0.0,0.0,0.3636363636363636,1.0,290.0,0.0,16.0,0.95,6.8,0.155,1711.0,283.0
a4r2xgYQ4Gw,True,True,65.0,41,35,3413,30,3,477000,4732,Neutral,3,-92.02,63.11,32.26,66.58,1.745,0.174,0.57,0.2837837837837837,42.0,34.0,0.8823529411764706,0.7142857142857143,True,0.2285714285714286,0.3095238095238095,0.0238095238095238,0.0476190476190476,0.3333333333333333,0.0,0.0238095238095238,0.1666666666666666,0.0714285714285714,0.0476190476190476,0.0,0.0238095238095238,0.2619047619047619,0.5,38.25,65.38,5.5,0.4,4.2,0.085,933.0,149.0
a7gJ73YIz40,True,True,68.0,110,86,19680,162,1,17100,551,Neutral,9,55.5,9.62,11.93,12.05,1.591,0.144,0.614,0.1,14.0,8.0,0.75,0.4285714285714285,False,0.2571428571428571,0.2857142857142857,0.0,0.0,0.2857142857142857,0.0,0.0,0.3571428571428571,0.0,0.1428571428571428,0.0,0.0,0.2142857142857142,0.0,17.75,12.07,5.88,0.2,3.07,0.077,828.0,140.0
a8AiZy9s5Uo,True,True,653.0,13,13,1409,11,0,1220000,11882,Neutral,1,-1475.79,604.17,59.39,622.06,1.293,0.063,0.275,0.0520304568527918,82.0,56.0,0.8214285714285714,0.5609756097560976,True,0.7024390243902439,0.7560975609756098,0.1463414634146341,0.0609756097560975,0.1463414634146341,0.0,0.0,0.0,0.1585365853658536,0.048780487804878,0.0,0.024390243902439,0.4146341463414634,0.343,45.6,56.69,6.8,0.042,5.0,0.184,7589.0,1561.0
a8RDH7FhYJo,True,True,398.0,534,267,1768,14,6,53500,1701,Neutral,25,-681.89,294.19,57.63,303.53,1.531,0.122,0.357,0.0936675461741424,71.0,58.0,0.8793103448275862,0.7183098591549296,True,0.3887323943661973,0.3661971830985915,0.0704225352112676,0.0,0.1971830985915492,0.0,0.0140845070422535,0.0,0.0,0.028169014084507,0.0,0.0,0.6901408450704225,2.2,154.8,188.4,11.0,0.401,4.82,0.103,4291.0,756.0
a9_SPNd71H4,True,True,215.0,19,18,928,14,1,1630,242,Negative,2,-397.61,188.71,39.26,196.43,1.35,0.083,0.439,0.127789046653144,63.0,58.0,0.913793103448276,0.8412698412698413,True,0.2603174603174603,0.3492063492063492,0.0317460317460317,0.0476190476190476,0.1587301587301587,0.0,0.0158730158730158,0.0,0.0952380952380952,0.0476190476190476,0.0,0.0634920634920634,0.5396825396825397,0.5,83.0,58.46,9.83,0.362,3.93,0.167,2469.0,493.0
aCiBAKptNnA,True,True,396.0,37,33,5305,17,4,569000,3032,Neutral,2,-944.69,397.92,57.92,410.3,1.398,0.09,0.341,0.0484966052376333,50.0,42.0,0.8809523809523809,0.74,True,0.56,0.48,0.16,0.06,0.1,0.0,0.0,0.04,0.12,0.04,0.0,0.0,0.48,0.353,62.12,63.17,8.53,0.099,4.4,0.142,5287.0,1024.0
aDacxSZ5tZc,True,True,101.0,54,36,4630,13,1,35300,1846,Neutral,3,-177.41,97.63,35.45,101.17,1.663,0.133,0.554,0.2386831275720164,58.0,40.0,0.825,0.5689655172413793,True,0.1999999999999999,0.3448275862068966,0.0344827586206896,0.0172413793103448,0.1724137931034483,0.0,0.0172413793103448,0.0,0.0,0.0344827586206896,0.0,0.0172413793103448,0.7068965517241379,1.0,244.0,0.0,13.0,0.909,10.72,0.074,1449.0,243.0
aEpxwapu7O4,True,True,2173.0,101,77,2047,16,6,15600,1174,Neutral,8,-5514.5,2150.51,154.06,2206.83,1.557,0.127,0.204,0.0137401855817273,77.0,64.0,0.875,0.7272727272727273,True,0.8,1.0,0.1558441558441558,0.0129870129870129,0.2597402597402597,0.0,0.0519480519480519,0.0,0.0649350649350649,0.0,0.0,0.0,0.4545454545454545,1.651,132.98,141.26,10.53,0.04,6.15,0.099,32430.0,5592.0
aEwhaAvmpqs,True,True,1553.0,18,18,227107,2329,0,88900,1346,Neutral,1,-1428.16,584.11,65.19,601.15,1.378,0.079,0.281,0.06266318537859,96.0,83.0,0.8554216867469879,0.7395833333333334,True,0.625,0.5625,0.0,0.09375,0.3958333333333333,0.0,0.03125,0.03125,0.0208333333333333,0.1979166666666666,0.0,0.0104166666666666,0.21875,0.571,223.14,280.88,11.14,0.208,8.51,0.114,8256.0,1536.0
aGjEeLsL2V0,True,True,119.0,138,102,7395,57,15,100000,1450,Neutral,5,-192.8,109.21,27.37,113.07,1.388,0.065,0.565,0.1174377224199288,33.0,31.0,0.935483870967742,0.8787878787878788,True,0.290909090909091,0.3939393939393939,0.0606060606060606,0.0909090909090909,0.3939393939393939,0.0,0.0,0.0,0.0,0.1212121212121212,0.0,0.0,0.3333333333333333,0.429,41.14,49.87,6.86,0.286,3.9,0.153,1506.0,278.0
aH0-_BYHQtY,True,True,307.0,33,30,2507,9,2,16500,1455,Neutral,2,61.5,8.4,14.7,10.92,1.539,0.139,0.375,0.0221238938053097,20.0,16.0,0.75,0.6,True,0.54,0.55,0.1,0.0,0.1,0.0,0.1,0.0,0.0,0.0,0.0,0.0,0.7,0.111,14.76,10.12,5.32,0.032,3.0,0.113,5102.0,889.0
aJPZkrHSfsU,True,True,91.0,102,78,261,5,2,46000,861,Very Positive,6,-111.42,76.5,28.68,80.34,1.458,0.104,0.583,0.1623036649214659,31.0,26.0,0.8846153846153846,0.7419354838709677,True,0.2451612903225806,0.3225806451612903,0.1290322580645161,0.0,0.1290322580645161,0.0,0.0,0.0,0.0967741935483871,0.064516129032258,0.0,0.0,0.5806451612903226,0.5,50.25,49.69,7.75,0.324,4.11,0.199,1012.0,192.0
aKWHgwz9dWo,True,False,150.0,0,0,6891,35,0,21200,1769,,0,-307.9,147.38,49.89,153.01,1.681,0.183,0.469,0.2089947089947089,79.0,60.0,0.7833333333333333,0.5949367088607594,False,0.1417721518987342,0.2658227848101265,0.0253164556962025,0.1392405063291139,0.1265822784810126,0.0,0.3417721518987341,0.0,0.0126582278481012,0.0126582278481012,0.0,0.0,0.3417721518987341,8.0,382.0,0.0,13.0,0.963,7.36,0.092,2289.0,378.0
aKmcTOY4N0M,True,False,197.0,0,0,7100,22,5,21200,1769,,0,-440.63,201.67,50.24,209.25,1.523,0.133,0.409,0.152963671128107,80.0,60.0,0.8166666666666667,0.6125,True,0.3,0.375,0.0,0.1125,0.1875,0.0,0.2125,0.0375,0.0375,0.0375,0.0,0.025,0.35,3.5,265.0,182.43,14.0,0.541,5.42,0.134,3030.0,522.0
aL1wROtw1Qk,True,True,338.0,119,78,1325,14,0,477000,4732,Neutral,8,-711.28,303.76,62.22,312.99,1.614,0.139,0.332,0.0830090791180285,64.0,45.0,0.8222222222222222,0.578125,True,0.4625000000000001,0.40625,0.171875,0.015625,0.171875,0.0,0.0,0.140625,0.109375,0.0,0.0,0.0,0.390625,0.545,72.64,48.18,10.91,0.149,3.58,0.104,4521.0,775.0
aMkKyBHYqu0,True,True,106.0,80,60,1337,14,0,113000,553,Neutral,5,42.97,12.62,14.44,15.62,1.679,0.182,0.511,0.0248226950354609,7.0,3.0,0.3333333333333333,0.1428571428571428,True,0.4571428571428573,0.5714285714285714,0.0,0.0,0.1428571428571428,0.0,0.0,0.0,0.0,0.0,0.0,0.0,0.8571428571428571,0.308,22.23,14.09,7.08,0.123,3.53,0.121,1730.0,282.0
aOCMFBzEs9o,True,True,113.0,156,108,2918,28,8,46000,861,Very Positive,12,-202.23,110.53,37.41,115.95,1.5,0.129,0.518,0.1899641577060931,53.0,45.0,0.8666666666666667,0.7358490566037735,True,0.2867924528301886,0.320754716981132,0.0377358490566037,0.0943396226415094,0.3584905660377358,0.0,0.0,0.0,0.0377358490566037,0.0188679245283018,0.0,0.0,0.4528301886792453,0.2,56.2,66.44,7.8,0.219,3.38,0.167,1520.0,279.0
aR3neIXc9V8,True,True,245.0,32,28,705,7,2,15600,1174,Neutral,1,70.18,9.03,10.26,11.09,1.347,0.07,0.39,0.0104895104895104,6.0,6.0,1.0,1.0,True,0.4000000000000001,0.5,0.3333333333333333,0.1666666666666666,0.3333333333333333,0.0,0.0,0.0,0.0,0.0,0.0,0.0,0.1666666666666666,0.222,22.22,14.06,6.7,0.072,3.42,0.187,2996.0,565.0
aS3XEPPfNtU,True,True,162.0,31,31,1672,6,0,50000,1839,Neutral,2,-251.74,126.63,43.52,132.1,1.641,0.159,0.47,0.1703470031545741,54.0,38.0,0.8421052631578947,0.5925925925925926,False,0.2296296296296296,0.2962962962962963,0.1296296296296296,0.0,0.2222222222222222,0.0,0.0185185185185185,0.1111111111111111,0.037037037037037,0.0185185185185185,0.0,0.0,0.4629629629629629,1.0,108.0,93.64,11.33,0.408,3.82,0.059,1909.0,318.0
aSLcq2HuHzE,True,True,2516.0,91,64,1097,8,2,15400,480,Neutral,2,-6399.98,2491.64,155.14,2556.95,1.514,0.111,0.184,0.0086193627828228,56.0,50.0,0.9,0.8035714285714286,True,0.8,1.0,0.0892857142857142,0.0,0.2857142857142857,0.0,0.0,0.0,0.0892857142857142,0.0178571428571428,0.0,0.0,0.5178571428571429,0.804,68.84,87.98,8.86,0.021,4.66,0.121,36337.0,6473.0
aSOwRnQNE_A,True,True,16.0,145,107,372448,0,0,3900,286,Neutral,7,34.24,16.43,15.9,16.55,1.656,0.156,0.812,0.21875,7.0,7.0,1.0,1.0,True,0.4000000000000001,0.4285714285714285,0.0,0.1428571428571428,0.1428571428571428,0.0,0.0,0.4285714285714285,0.1428571428571428,0.1428571428571428,0.0,0.0,0.0,0.0,34.0,0.0,9.0,0.667,2.39,0.029,198.0,32.0
aY6UzBkzieU,True,True,15.0,18,18,16454,40,0,16000,397,Neutral,2,37.28,14.52,14.55,15.02,1.692,0.154,0.923,0.32,8.0,8.0,1.0,1.0,True,0.3,0.5,0.0,0.0,0.25,0.0,0.0,0.0,0.125,0.25,0.0,0.0,0.375,0.0,14.5,19.09,4.0,0.25,3.0,0.034,185.0,27.0
aZFU-vWp0Ts,True,True,65.0,283,178,532,3,0,47600,2491,Neutral,11,-9.48,42.16,15.9,45.84,1.225,0.045,0.586,0.1842105263157894,21.0,19.0,0.9473684210526316,0.8571428571428571,False,0.1904761904761904,0.2857142857142857,0.0,0.0,0.1428571428571428,0.0,0.0,0.1428571428571428,0.0952380952380952,0.0476190476190476,0.0,0.0,0.5714285714285714,0.667,38.67,15.04,9.0,0.438,3.19,0.198,540.0,114.0
a_fQxBtXwVs,True,True,1383.0,32,29,2364,32,9,11500,201,Neutral,2,-3724.93,1467.65,92.73,1507.27,1.328,0.065,0.231,0.0186891287180837,71.0,67.0,0.9552238805970148,0.9014084507042254,True,0.8,1.0,0.0985915492957746,0.1126760563380281,0.1267605633802817,0.0,0.0,0.028169014084507,0.0422535211267605,0.0422535211267605,0.0,0.028169014084507,0.5211267605633803,0.288,37.73,43.18,6.78,0.016,3.44,0.184,19451.0,3768.0
acFsqewZenI,True,True,262.0,47,39,2502,19,2,191000,1170,Neutral,2,-579.45,257.55,47.01,266.3,1.4,0.09,0.392,0.1231231231231231,82.0,65.0,0.8769230769230769,0.6951219512195121,True,0.351219512195122,0.3414634146341463,0.048780487804878,0.0853658536585365,0.2317073170731707,0.0,0.0365853658536585,0.024390243902439,0.024390243902439,0.024390243902439,0.0,0.073170731707317,0.4512195121951219,0.1,34.65,26.33,6.5,0.1,3.22,0.157,3441.0,668.0
aenmQ-Jcfas,True,True,6915.0,49,43,168,0,0,187000,3221,Neutral,3,-8463.56,3285.64,176.45,3371.92,1.461,0.109,0.134,0.0029154518950437,50.0,36.0,0.8333333333333334,0.6,True,0.8,1.0,0.0,0.0,0.36,0.0,0.08,0.0,0.08,0.0,0.0,0.0,0.48,0.296,44.78,73.29,7.37,0.004,4.17,0.145,93528.0,17065.0
agKITfae-vw,True,True,1614.0,129,85,2928,5,0,1220000,11882,Neutral,7,61.33,7.19,11.21,8.0,1.6,0.2,1.0,0.1,1.0,1.0,1.0,1.0,True,0.8,1.0,0.0,0.0,1.0,0.0,0.0,0.0,0.0,0.0,0.0,0.0,0.0,1.0,10.0,0.0,5.0,0.0,1.8,0.0,63.0,10.0
ahQ7Fu7oFcA,True,True,89.0,185,125,1343,4,0,16600,1353,Neutral,7,-65.79,57.22,28.68,60.86,1.543,0.143,0.521,0.2482758620689655,36.0,30.0,0.8666666666666667,0.7222222222222222,False,0.1,0.25,0.0,0.2222222222222222,0.0555555555555555,0.0,0.0555555555555555,0.0,0.0,0.0277777777777777,0.0,0.0,0.6388888888888888,1.0,49.33,11.59,9.33,0.436,3.3,0.115,839.0,145.0
akKsSj4j21o,True,True,129.0,73,59,324,6,0,5390,505,Negative,4,-296.64,149.04,35.45,154.53,1.392,0.084,0.484,0.1679790026246719,64.0,53.0,0.8301886792452831,0.6875,False,0.175,0.28125,0.078125,0.15625,0.1875,0.0,0.0,0.109375,0.15625,0.015625,0.0,0.046875,0.25,0.6,76.8,137.17,8.2,0.328,5.45,0.156,1921.0,382.0
akO5xf0YWnw,True,True,106.0,62,58,55,0,0,45400,902,Neutral,3,-174.29,101.17,32.26,106.15,1.434,0.102,0.473,0.2150943396226415,57.0,49.0,0.8775510204081632,0.7543859649122807,False,0.112280701754386,0.2631578947368421,0.0,0.0,0.2280701754385964,0.0,0.0,0.0,0.0701754385964912,0.0,0.0,0.0175438596491228,0.6842105263157895,0.0,278.0,0.0,17.0,0.923,5.52,0.104,1504.0,265.0
alkXg3HJFOM,True,True,286.0,76,60,5119,63,11,53500,1701,Positive,7,-560.88,252.72,41.87,262.07,1.288,0.071,0.379,0.113464447806354,75.0,64.0,0.84375,0.72,True,0.4639999999999999,0.5333333333333333,0.0133333333333333,0.0266666666666666,0.1066666666666666,0.0,0.0,0.0,0.0266666666666666,0.0933333333333333,0.0,0.0533333333333333,0.68,0.174,29.78,39.79,6.0,0.082,3.63,0.197,3277.0,649.0
anPLjCTWO_Y,True,True,140.0,121,77,742,3,1,12500,530,Neutral,8,-218.3,119.98,31.12,125.41,1.342,0.078,0.485,0.1870967741935484,58.0,54.0,0.925925925925926,0.8620689655172413,False,0.1241379310344827,0.2413793103448276,0.0172413793103448,0.0172413793103448,0.0862068965517241,0.0,0.0,0.0,0.1034482758620689,0.1206896551724138,0.0,0.1034482758620689,0.5517241379310345,0.417,26.5,40.22,5.75,0.118,3.55,0.16,1525.0,309.0
apC6XI2OfWk,True,True,1462.0,109,84,237,3,0,17100,551,Neutral,7,-3260.78,1288.13,99.91,1323.45,1.384,0.087,0.209,0.014050822122571,47.0,39.0,0.8205128205128205,0.6808510638297872,True,0.8,1.0,0.1276595744680851,0.0425531914893617,0.1702127659574468,0.0,0.0,0.0,0.0212765957446808,0.1276595744680851,0.0,0.0425531914893617,0.4680851063829787,0.217,30.48,30.91,6.17,0.019,3.56,0.186,17499.0,3326.0
apf2yQ6AB4E,True,True,220.0,75,59,1109,0,0,24400,946,Neutral,3,61.12,11.42,11.7,13.88,1.4,0.084,0.441,0.0381818181818181,21.0,19.0,0.8947368421052632,0.8095238095238095,True,0.5714285714285714,0.6190476190476191,0.0,0.0476190476190476,0.0476190476190476,0.0,0.0476190476190476,0.0,0.1904761904761904,0.0,0.0,0.0,0.6666666666666666,0.227,26.05,40.06,6.82,0.122,3.22,0.152,2987.0,548.0
aqWHMnciM5Q,True,True,174.0,27,24,170,2,0,22200,1782,Very Positive,1,-247.7,132.52,28.68,138.04,1.282,0.059,0.469,0.1478260869565217,51.0,50.0,0.98,0.9607843137254902,True,0.3215686274509803,0.3137254901960784,0.0196078431372549,0.0588235294117647,0.0980392156862745,0.0,0.0,0.0392156862745098,0.1372549019607843,0.0392156862745098,0.0,0.0196078431372549,0.5882352941176471,0.875,44.38,55.98,6.5,0.187,3.18,0.186,1771.0,344.0
at4XTk8986k,True,True,344.0,67,52,1088,8,0,21200,805,Very Negative,4,-917.27,387.39,55.49,399.23,1.398,0.085,0.374,0.0617529880478087,62.0,49.0,0.8571428571428571,0.6774193548387096,True,0.5741935483870968,0.5483870967741935,0.1451612903225806,0.064516129032258,0.1612903225806451,0.0,0.0,0.032258064516129,0.0967741935483871,0.064516129032258,0.0,0.0161290322580645,0.4193548387096774,0.571,73.71,68.56,9.29,0.116,4.9,0.154,5248.0,1002.0
auSvtbHqszc,True,True,71.0,62,51,2318,0,0,128000,2724,Positive,4,-40.07,50.65,20.27,53.7,1.383,0.07,0.578,0.1782945736434108,23.0,21.0,0.9047619047619048,0.8260869565217391,False,0.0695652173913043,0.217391304347826,0.0,0.1739130434782608,0.3478260869565217,0.0,0.0,0.0,0.0869565217391304,0.1739130434782608,0.0,0.1304347826086956,0.0869565217391304,0.167,22.83,10.63,6.67,0.3,2.24,0.212,662.0,128.0
awC12PFFUuM,True,True,444.0,48,43,43623,461,109,4200,1167,Positive,4,-960.34,404.83,54.54,417.35,1.355,0.078,0.359,0.056083650190114,59.0,50.0,0.88,0.7457627118644068,True,0.5559322033898306,0.4745762711864407,0.1016949152542373,0.0677966101694915,0.135593220338983,0.0,0.0,0.0,0.0847457627118644,0.0847457627118644,0.0,0.0169491525423728,0.5084745762711864,0.333,46.04,37.77,8.08,0.085,3.85,0.168,5314.0,1054.0
axlPSEK0Xo8,True,False,780.0,0,0,3773,26,0,98900,2838,,0,-2037.48,814.67,102.9,837.72,1.549,0.146,0.28,0.024,51.0,46.0,0.9130434782608696,0.8235294117647058,True,0.7529411764705882,0.8823529411764706,0.0392156862745098,0.0,0.392156862745098,0.0,0.0588235294117647,0.0196078431372549,0.1372549019607843,0.0,0.0,0.0392156862745098,0.3137254901960784,21.333,717.0,585.05,20.0,0.663,15.39,0.097,12027.0,2125.0
b-rUUzE1tzQ,True,True,62.0,53,42,4687,16,0,50000,1839,Negative,4,-90.66,72.11,18.24,75.69,1.285,0.038,0.586,0.2105263157894736,40.0,37.0,0.918918918918919,0.85,False,0.1700000000000001,0.275,0.125,0.0,0.1,0.0,0.0,0.05,0.0,0.05,0.0,0.05,0.625,0.0,27.71,27.2,5.71,0.2,2.7,0.201,944.0,187.0
b2edo_scIpI,True,True,242.0,64,54,110100,497,30,31200,935,Neutral,3,-563.69,247.65,60.26,256.67,1.585,0.159,0.458,0.0757097791798107,48.0,40.0,0.875,0.7291666666666666,True,0.5250000000000001,0.5625,0.0833333333333333,0.0208333333333333,0.125,0.0,0.0,0.0208333333333333,0.1458333333333333,0.1041666666666666,0.0,0.0208333333333333,0.4791666666666667,0.8,130.6,146.84,13.0,0.495,4.81,0.118,3585.0,633.0
b37_YcMwAo0,True,True,3097.0,74,54,183,0,0,1400,201,Neutral,4,-7060.57,2745.26,175.37,2817.75,1.524,0.129,0.146,0.0068569829275118,49.0,35.0,0.7714285714285715,0.5510204081632653,True,0.8,1.0,0.0408163265306122,0.0,0.1020408163265306,0.0,0.0204081632653061,0.0,0.0,0.0,0.0,0.0,0.8367346938775511,0.417,67.32,81.47,8.76,0.017,4.29,0.119,39573.0,7127.0
b5i_SCogaWI,True,True,6960.0,59,45,66,0,1,14700,1456,Neutral,3,-19181.18,7404.31,255.53,7596.22,1.434,0.103,0.133,0.0042399172699069,82.0,65.0,0.8461538461538461,0.6707317073170732,True,0.8,1.0,0.0365853658536585,0.073170731707317,0.1951219512195122,0.0,0.0,0.0365853658536585,0.0609756097560975,0.0609756097560975,0.0,0.0121951219512195,0.524390243902439,0.406,46.65,61.23,7.46,0.005,4.08,0.128,102092.0,19289.0
b5y-wVFruQQ,True,True,215.0,41,36,376,4,0,42900,959,Positive,4,-420.96,198.67,37.41,206.59,1.302,0.071,0.38,0.1312741312741312,68.0,53.0,0.8113207547169812,0.6323529411764706,True,0.188235294117647,0.3088235294117647,0.0147058823529411,0.088235294117647,0.0441176470588235,0.0,0.0,0.0735294117647058,0.1323529411764706,0.0294117647058823,0.0,0.0294117647058823,0.5882352941176471,0.5,37.5,25.54,7.86,0.165,3.31,0.198,2491.0,512.0
b6Qjmv7l8Z8,True,True,3600.0,19,17,207,2,0,60900,808,Neutral,1,-8506.87,3299.76,207.59,3386.58,1.583,0.152,0.181,0.0055632823365785,48.0,44.0,0.9318181818181818,0.8541666666666666,True,0.8,1.0,0.1041666666666666,0.0,0.1666666666666666,0.0,0.0,0.0,0.1875,0.0,0.0,0.0,0.5416666666666666,0.881,87.76,132.57,10.88,0.018,4.96,0.095,49156.0,8610.0
b8Q_clc0FnQ,True,True,561.0,52,45,2576,48,1,13900,447,Neutral,3,88.5,3.26,53.56,5.69,1.286,0.057,0.069,0.0001210389987654,5.0,5.0,1.0,1.0,True,0.8,1.0,0.0,0.0,0.2,0.0,0.0,0.0,0.0,0.0,0.0,0.0,0.8,0.037,9.49,9.71,3.88,0.0,2.97,0.202,210810.0,40965.0
b9CMn7YFNxo,True,True,421.0,20,20,8044,42,4,75200,1684,Neutral,1,-799.18,339.37,67.0,350.88,1.525,0.145,0.344,0.0788571428571428,69.0,48.0,0.8125,0.5652173913043478,True,0.5043478260869565,0.4492753623188406,0.0,0.0,0.1014492753623188,0.0,0.2463768115942029,0.0,0.0144927536231884,0.0144927536231884,0.0,0.0,0.6231884057971014,3.333,293.33,153.6,15.0,0.567,6.34,0.113,5034.0,873.0
b9D1gqaFTcs,True,True,3356.0,103,88,344,0,0,24900,211,Neutral,7,-7435.26,2887.45,204.38,2964.0,1.61,0.168,0.169,0.007723001673317,60.0,54.0,0.8888888888888888,0.8,True,0.8,1.0,0.0,0.0166666666666666,0.2166666666666666,0.0,0.0,0.0833333333333333,0.0666666666666666,0.0666666666666666,0.0,0.0,0.55,0.663,89.88,109.15,9.71,0.019,4.88,0.083,45397.0,7747.0
b9gcPed7ojU,True,True,1175.0,455,284,4017,47,0,44000,2439,Very Positive,20,-2630.61,1047.45,79.13,1076.46,1.314,0.066,0.238,0.0198968312453942,54.0,42.0,0.8809523809523809,0.6851851851851852,True,0.8,1.0,0.074074074074074,0.0555555555555555,0.2407407407407407,0.0,0.0,0.0185185185185185,0.1111111111111111,0.0185185185185185,0.0,0.0,0.4814814814814814,0.235,34.51,42.54,6.42,0.022,3.96,0.185,13575.0,2690.0
bA4TtCL2E2A,True,True,109.0,161,110,519,3,1,22200,1782,Neutral,7,-248.47,129.65,36.44,135.37,1.435,0.103,0.544,0.2208955223880597,74.0,68.0,0.9264705882352942,0.8513513513513513,False,0.1513513513513513,0.2837837837837837,0.054054054054054,0.1486486486486486,0.1486486486486486,0.0,0.0,0.054054054054054,0.027027027027027,0.1216216216216216,0.0,0.0675675675675675,0.3783783783783784,1.0,344.0,0.0,20.0,0.962,4.66,0.108,1826.0,334.0
bAgJqcsEK2A,True,True,4438.0,133,82,558,9,0,2020,191,Neutral,6,61.33,7.19,11.21,8.0,1.6,0.2,1.0,0.1,1.0,1.0,1.0,1.0,True,0.8,1.0,0.0,0.0,1.0,0.0,0.0,0.0,0.0,0.0,0.0,0.0,0.0,1.0,10.0,0.0,5.0,0.0,1.8,0.0,63.0,10.0
bCrWG2C3MjQ,True,True,125.0,20,19,1455,2,0,1510,209,Neutral,1,-167.11,99.92,30.53,105.45,1.361,0.09,0.525,0.2015209125475285,53.0,48.0,0.8958333333333334,0.8113207547169812,True,0.211320754716981,0.3584905660377358,0.0,0.0,0.0943396226415094,0.0,0.0,0.0,0.0943396226415094,0.1320754716981132,0.0,0.0943396226415094,0.5849056603773585,0.1,27.5,25.08,6.4,0.25,2.7,0.211,1306.0,258.0
bIMhatRycIQ,True,False,215.0,0,0,8928,60,0,569000,3032,,0,-390.38,183.97,41.02,190.36,1.444,0.094,0.524,0.2542016806722689,121.0,101.0,0.8811881188118812,0.7355371900826446,False,0.1223140495867769,0.256198347107438,0.0495867768595041,0.0909090909090909,0.1983471074380165,0.0,0.024793388429752,0.0413223140495867,0.0413223140495867,0.024793388429752,0.0,0.0330578512396694,0.4958677685950413,0.7,48.8,82.84,7.4,0.123,4.08,0.127,2536.0,473.0
bNEvTFtY2r8,True,True,64.0,58,49,1634,11,0,100000,1450,Neutral,3,61.33,7.19,11.21,8.0,1.6,0.2,1.0,0.1,1.0,1.0,1.0,1.0,True,0.8,1.0,0.0,0.0,1.0,0.0,0.0,0.0,0.0,0.0,0.0,0.0,0.0,1.0,10.0,0.0,5.0,0.0,1.8,0.0,63.0,10.0
bNsW80_Q9DQ,True,True,1430.0,62,54,170,3,0,3640,696,Neutral,2,-3556.2,1397.9,129.72,1435.59,1.565,0.137,0.231,0.0191241685144124,69.0,49.0,0.8163265306122449,0.5797101449275363,True,0.8,1.0,0.0289855072463768,0.0,0.1884057971014492,0.0,0.0,0.0,0.0144927536231884,0.0144927536231884,0.0,0.0,0.7536231884057971,1.95,184.45,191.58,16.7,0.113,5.55,0.127,20846.0,3608.0
bRlS75AaBxI,True,True,234.0,87,76,1620,28,0,22900,642,Neutral,4,-508.28,231.97,38.34,240.08,1.314,0.064,0.405,0.1061359867330016,64.0,57.0,0.912280701754386,0.8125,True,0.3500000000000001,0.375,0.0625,0.078125,0.1875,0.0,0.03125,0.03125,0.171875,0.046875,0.0,0.015625,0.375,0.15,31.35,39.23,6.35,0.096,3.7,0.179,3099.0,605.0
bUfG4WMEP_Q,True,True,64.0,39,34,556,6,0,13500,235,Neutral,4,-1.52,36.82,18.77,40.15,1.335,0.08,0.537,0.1185567010309278,23.0,22.0,0.9545454545454546,0.9130434782608696,False,0.1217391304347825,0.2608695652173913,0.0434782608695652,0.0869565217391304,0.1739130434782608,0.0,0.0,0.0,0.0,0.0434782608695652,0.0,0.0,0.6521739130434783,0.231,15.69,9.25,5.85,0.132,2.52,0.191,976.0,191.0
bUz0VdBOPQM,True,True,27.0,39,34,96,0,0,952,151,Neutral,3,61.33,7.19,11.21,8.0,1.6,0.2,1.0,0.1,1.0,1.0,1.0,1.0,True,0.8,1.0,0.0,0.0,1.0,0.0,0.0,0.0,0.0,0.0,0.0,0.0,0.0,1.0,10.0,0.0,5.0,0.0,1.8,0.0,63.0,10.0
bWihl0bVrXQ,True,True,379.0,38,34,16708,103,12,16500,1455,Neutral,4,-942.73,397.15,55.8,409.23,1.399,0.084,0.393,0.0666023166023166,69.0,61.0,0.9344262295081968,0.8260869565217391,True,0.5681159420289856,0.5072463768115942,0.1304347826086956,0.0869565217391304,0.1304347826086956,0.0,0.0,0.0579710144927536,0.0579710144927536,0.1014492753623188,0.0,0.0144927536231884,0.4202898550724637,1.0,117.78,89.29,10.11,0.163,4.55,0.133,5380.0,1025.0
bXSV7eMZYic,True,True,204.0,70,54,248,2,1,16600,1353,Neutral,3,71.07,6.96,10.93,9.41,1.43,0.099,0.425,0.0104166666666666,6.0,4.0,0.75,0.5,True,0.5333333333333334,0.5,0.0,0.0,0.0,0.0,0.0,0.6666666666666666,0.1666666666666666,0.0,0.0,0.0,0.1666666666666666,0.15,14.45,11.17,5.4,0.037,3.09,0.161,3082.0,580.0
b_txypQJuRU,True,True,1736.0,45,40,103,0,0,14600,3587,Very Positive,2,82.54,4.61,21.7,6.98,1.331,0.069,0.193,0.0008635578583765,4.0,4.0,1.0,1.0,True,0.8,1.0,0.0,0.0,0.0,0.0,0.0,0.0,0.25,0.0,0.0,0.0,0.75,0.047,11.17,9.59,4.42,0.005,2.96,0.166,23902.0,4614.0
bgDJ3wxnoHI,True,True,293.0,44,39,2089,8,1,569000,3032,Very Positive,2,-572.11,255.03,45.11,263.44,1.385,0.083,0.416,0.1106060606060606,73.0,57.0,0.8070175438596491,0.6301369863013698,True,0.3726027397260274,0.3561643835616438,0.0136986301369863,0.0,0.0958904109589041,0.0,0.0,0.0,0.0136986301369863,0.0684931506849315,0.0,0.0,0.8082191780821918,0.389,37.67,28.14,6.83,0.139,3.48,0.15,3436.0,657.0
bhvW4YYL3lk,True,False,28.0,0,0,178282,2739,157,16000,397,,0,-30.21,39.83,29.31,44.89,1.722,0.233,0.678,0.3152173913043478,29.0,18.0,0.8333333333333334,0.5172413793103449,True,0.2206896551724138,0.3448275862068966,0.0689655172413793,0.0,0.0344827586206896,0.0,0.4137931034482758,0.0344827586206896,0.0689655172413793,0.0,0.0,0.0,0.3793103448275862,1.0,95.0,0.0,13.0,0.833,3.26,0.053,591.0,92.0
biGuwQhuAsk,True,True,254.0,90,71,2649583,31670,1356,5410,286,Neutral,6,61.33,7.19,11.21,8.0,1.6,0.2,1.0,0.1,1.0,1.0,1.0,1.0,True,0.8,1.0,0.0,0.0,1.0,0.0,0.0,0.0,0.0,0.0,0.0,0.0,0.0,1.0,10.0,0.0,5.0,0.0,1.8,0.0,63.0,10.0
bikANJjzz8o,True,True,44.0,11,11,3370,16,0,11500,201,Neutral,1,-21.56,47.32,17.12,51.6,1.2,0.048,0.584,0.0866141732283464,11.0,11.0,1.0,1.0,True,0.4727272727272726,0.4545454545454545,0.0,0.0,0.0,0.0,0.0,0.0,0.0,0.0,0.0,0.0,1.0,0.0,18.71,20.77,4.86,0.143,3.15,0.237,581.0,126.0
bm-O6ODC15I,True,True,218.0,53,43,1263,4,0,9140,1878,Neutral,3,-363.09,172.71,45.5,179.13,1.482,0.126,0.473,0.1599099099099099,71.0,56.0,0.8035714285714286,0.6338028169014085,True,0.3267605633802817,0.3380281690140845,0.0,0.0704225352112676,0.1971830985915492,0.0,0.0,0.0704225352112676,0.1267605633802817,0.0140845070422535,0.0,0.0422535211267605,0.4788732394366197,0.154,35.08,36.07,7.69,0.108,3.23,0.138,2453.0,444.0
bmIzCu2FMHU,True,True,227.0,101,83,587,10,0,251000,1949,Neutral,6,78.71,5.92,9.69,8.92,1.339,0.09,0.47,0.0218579234972677,8.0,8.0,1.0,1.0,True,0.4499999999999999,0.5,0.125,0.0,0.0,0.0,0.0,0.25,0.375,0.0,0.0,0.0,0.25,0.034,13.1,11.91,5.1,0.067,2.93,0.195,2015.0,367.0
bmNYe2zVoLo,True,True,111.0,44,41,1244,10,0,8730,203,Negative,3,-205.47,111.48,32.26,114.86,1.514,0.093,0.568,0.1793103448275862,52.0,38.0,0.8421052631578947,0.6153846153846154,False,0.0846153846153847,0.2307692307692307,0.0,0.0192307692307692,0.0769230769230769,0.0,0.0,0.1538461538461538,0.0,0.3269230769230769,0.0,0.0,0.4230769230769231,2.0,294.0,0.0,18.0,0.941,5.56,0.085,1653.0,286.0
bnKi-aNJHkM,True,True,204.0,69,60,1392,5,0,1220000,11882,Neutral,3,-629.96,277.01,48.83,286.53,1.397,0.09,0.367,0.1039325842696629,74.0,64.0,0.890625,0.7702702702702703,True,0.481081081081081,0.5135135135135135,0.1351351351351351,0.027027027027027,0.0945945945945946,0.0,0.0,0.0,0.1081081081081081,0.027027027027027,0.0,0.0,0.6081081081081081,0.75,90.88,110.0,9.62,0.257,4.33,0.138,3712.0,711.0
booeCNO8NKY,True,True,2385.0,52,46,363,1,0,952,151,Neutral,3,-6363.4,2476.11,175.56,2541.59,1.585,0.144,0.157,0.0096982758620689,63.0,47.0,0.8297872340425532,0.6190476190476191,True,0.8,1.0,0.0952380952380952,0.0317460317460317,0.2222222222222222,0.0,0.0,0.0317460317460317,0.0,0.0952380952380952,0.0,0.0,0.5238095238095238,0.411,73.82,91.27,9.71,0.02,4.58,0.109,37583.0,6492.0
bqFjjmmdjSY,True,True,137.0,278,187,1018,13,0,53500,1701,Very Positive,17,-215.72,117.38,34.42,122.96,1.419,0.101,0.53,0.1528239202657807,46.0,41.0,0.951219512195122,0.8478260869565217,True,0.2608695652173913,0.391304347826087,0.0434782608695652,0.0,0.1521739130434782,0.0,0.0,0.0,0.0869565217391304,0.0652173913043478,0.0,0.0,0.6521739130434783,0.222,34.56,48.93,6.89,0.273,3.89,0.122,1597.0,304.0
bqkquNb5Z8A,True,True,276.0,240,161,55263,544,170,75200,1684,Negative,13,87.73,3.55,9.89,5.98,1.286,0.062,0.406,0.0306122448979591,21.0,19.0,0.8947368421052632,0.8095238095238095,True,0.6285714285714286,0.6666666666666666,0.0476190476190476,0.0476190476190476,0.1904761904761904,0.0,0.0476190476190476,0.0,0.1904761904761904,0.0,0.0,0.0,0.4761904761904761,0.092,9.36,6.86,4.16,0.034,2.81,0.186,3580.0,694.0
braFMh1nvuk,True,True,862.0,18,18,5986,54,5,569000,3032,Neutral,2,-1271.59,518.55,87.09,533.06,1.639,0.164,0.395,0.1028315946348733,138.0,105.0,0.8571428571428571,0.6521739130434783,True,0.6347826086956523,0.5869565217391305,0.0579710144927536,0.0434782608695652,0.3623188405797101,0.0,0.1739130434782608,0.0,0.036231884057971,0.0289855072463768,0.0,0.0144927536231884,0.2826086956521739,13.0,1355.0,0.0,17.0,0.971,16.85,0.037,8312.0,1344.0
brhAUUgjG1Q,True,True,286.0,24,22,45,1,0,11700,1438,Neutral,1,50.92,9.98,11.46,10.7,1.659,0.138,0.691,0.0,0.0,0.0,0.0,0.0,False,0.0,0.0,0.0,0.0,0.0,0.0,0.0,0.0,0.0,0.0,0.0,0.0,0.0,0.125,16.5,5.37,6.38,0.27,2.79,0.091,930.0,127.0
brt92Qj1EFc,True,True,905.0,14,14,446,7,0,98900,2838,Neutral,1,-2065.27,826.0,96.83,849.38,1.518,0.127,0.291,0.0380103237916471,81.0,51.0,0.7254901960784313,0.4567901234567901,True,0.7555555555555555,0.8888888888888888,0.0246913580246913,0.0246913580246913,0.2345679012345679,0.0,0.3209876543209876,0.0246913580246913,0.037037037037037,0.0246913580246913,0.0,0.0,0.3086419753086419,1.2,215.7,190.44,12.4,0.229,7.38,0.147,12130.0,2130.0
btC4-2DGkwY,True,True,132.0,9,9,96253,910,360,216000,5950,Negative,1,-356.58,169.57,44.32,175.8,1.513,0.121,0.485,0.1103448275862069,48.0,34.0,0.7941176470588235,0.5625,False,0.1666666666666667,0.25,0.4166666666666667,0.1458333333333333,0.0833333333333333,0.0,0.0,0.0208333333333333,0.0416666666666666,0.0,0.0,0.0625,0.2291666666666666,0.0,147.33,127.21,16.0,0.38,3.87,0.115,2447.0,430.0
bui9u_mKOQw,True,True,193.0,62,50,1119,27,0,5490,571,Very Positive,4,-477.49,219.23,37.41,226.4,1.358,0.064,0.444,0.1786339754816112,102.0,92.0,0.8913043478260869,0.803921568627451,False,0.2352941176470588,0.284313725490196,0.0196078431372549,0.2549019607843137,0.0588235294117647,0.0,0.0,0.0490196078431372,0.0588235294117647,0.1764705882352941,0.0,0.0,0.3823529411764705,0.2,23.48,17.71,6.04,0.091,3.08,0.193,2903.0,566.0
bvCRH0A6kxY,True,True,889.0,529,301,613,18,1,53700,936,Neutral,40,-1438.87,586.84,75.16,604.13,1.444,0.106,0.316,0.0394311570782159,61.0,42.0,0.8571428571428571,0.5901639344262295,True,0.701639344262295,0.7540983606557377,0.0163934426229508,0.0,0.1475409836065573,0.0,0.0327868852459016,0.0983606557377049,0.0,0.1967213114754098,0.0,0.0,0.5081967213114754,0.359,40.26,40.02,6.97,0.051,3.85,0.11,8129.0,1536.0
bw-oAZAg0jU,True,True,139.0,43,37,1059,3,0,60900,808,Neutral,3,-240.15,130.48,22.08,135.87,1.24,0.033,0.442,0.1294117647058823,44.0,37.0,0.8378378378378378,0.7045454545454546,False,0.2181818181818182,0.2954545454545454,0.0227272727272727,0.0454545454545454,0.1136363636363636,0.0,0.0,0.0,0.0681818181818181,0.0681818181818181,0.0,0.0454545454545454,0.6363636363636364,0.0,17.85,12.68,5.4,0.128,2.75,0.21,1646.0,340.0
bzPYA45fK8A,True,True,160.0,200,132,3379,31,0,1220000,11882,Neutral,11,-356.05,170.99,39.71,176.67,1.434,0.094,0.483,0.1613636363636363,71.0,59.0,0.864406779661017,0.7183098591549296,False,0.028169014084507,0.2112676056338028,0.0422535211267605,0.028169014084507,0.1549295774647887,0.0,0.0,0.0,0.0985915492957746,0.1267605633802817,0.0,0.0140845070422535,0.5352112676056338,0.357,32.5,32.01,7.14,0.116,3.05,0.121,2361.0,440.0
bzzqfoA9WU4,True,True,61.0,86,74,60916,876,23,216000,5950,Neutral,7,-115.08,78.25,29.92,83.06,1.442,0.112,0.538,0.1708542713567839,34.0,32.0,0.9375,0.8823529411764706,False,0.1058823529411765,0.2647058823529412,0.0588235294117647,0.0294117647058823,0.2941176470588235,0.0,0.0294117647058823,0.088235294117647,0.1176470588235294,0.1176470588235294,0.0,0.0588235294117647,0.2058823529411764,4.0,203.0,0.0,12.0,0.909,4.65,0.128,1100.0,199.0
c-lXlaZn8do,True,True,292.0,75,63,3844,22,1,569000,3032,Neutral,3,-839.21,358.37,44.72,369.07,1.351,0.058,0.355,0.0711206896551724,66.0,53.0,0.8301886792452831,0.6666666666666666,True,0.5696969696969698,0.5303030303030303,0.0303030303030303,0.0454545454545454,0.1212121212121212,0.0,0.0,0.0,0.1363636363636363,0.0454545454545454,0.0,0.0,0.6212121212121212,0.103,32.59,38.86,6.38,0.069,3.67,0.176,4738.0,925.0
c2S3nrwOPPE,True,True,136.0,78,56,611,3,0,35300,1846,Neutral,3,-190.98,108.96,32.81,114.37,1.367,0.097,0.547,0.2078853046594982,58.0,55.0,0.9454545454545454,0.896551724137931,False,0.1241379310344827,0.2413793103448276,0.0172413793103448,0.0344827586206896,0.1034482758620689,0.0,0.0344827586206896,0.0689655172413793,0.0,0.1551724137931034,0.0,0.0517241379310344,0.5344827586206896,1.0,140.5,160.51,12.0,0.867,5.45,0.185,1428.0,278.0
c2t6VMGUfWU,True,True,260.0,67,53,7540,35,3,16600,1353,Neutral,4,-553.87,248.26,41.87,256.58,1.373,0.072,0.409,0.0993788819875776,64.0,53.0,0.8867924528301887,0.734375,True,0.34375,0.34375,0.078125,0.125,0.09375,0.0,0.046875,0.046875,0.015625,0.109375,0.0,0.0,0.484375,0.417,55.5,70.7,8.67,0.178,4.95,0.174,3347.0,641.0
c3d7dzmYY2A,True,True,94.0,107,82,388,6,0,144000,1700,Neutral,5,61.33,7.19,11.21,8.0,1.6,0.2,1.0,0.1,1.0,1.0,1.0,1.0,True,0.8,1.0,0.0,0.0,1.0,0.0,0.0,0.0,0.0,0.0,0.0,0.0,0.0,1.0,10.0,0.0,5.0,0.0,1.8,0.0,63.0,10.0
c4Lcq9siq1I,True,True,269.0,80,55,2932,4,1,477000,4732,Neutral,8,58.63,9.0,12.1,10.67,1.563,0.12,0.387,0.001639344262295,1.0,1.0,1.0,1.0,True,0.8,1.0,0.0,0.0,1.0,0.0,0.0,0.0,0.0,0.0,0.0,0.0,0.0,0.179,15.97,7.0,6.28,0.053,3.09,0.104,3672.0,615.0
c4UZPrBrkvo,True,True,3860.0,168,103,780,11,0,1100,430,Neutral,8,-6766.8,2630.0,198.2,2699.57,1.639,0.173,0.19,0.0086320409656181,59.0,48.0,0.8958333333333334,0.7288135593220338,True,0.8,1.0,0.2542372881355932,0.0,0.2542372881355932,0.0,0.0,0.0169491525423728,0.1694915254237288,0.0,0.0,0.0,0.3050847457627119,0.641,88.71,160.81,8.05,0.019,5.34,0.079,39454.0,6834.0
c6eOVapEk9I,True,True,397.0,294,162,185,1,0,14600,3587,Neutral,12,-757.98,324.93,57.92,335.22,1.458,0.111,0.344,0.0802395209580838,67.0,51.0,0.8627450980392157,0.6567164179104478,True,0.5432835820895523,0.5522388059701493,0.0,0.0,0.1940298507462686,0.0,0.0298507462686567,0.0149253731343283,0.0,0.1343283582089552,0.0,0.0149253731343283,0.6119402985074627,0.333,41.05,39.47,7.29,0.118,3.38,0.167,4466.0,831.0
c7KhqR1hlWw,True,True,16.0,5,5,133,0,1,12500,1337,Neutral,1,61.33,7.19,11.21,8.0,1.6,0.2,1.0,0.1,1.0,1.0,1.0,1.0,True,0.8,1.0,0.0,0.0,1.0,0.0,0.0,0.0,0.0,0.0,0.0,0.0,0.0,1.0,10.0,0.0,5.0,0.0,1.8,0.0,63.0,10.0
c8XelvkcLIM,True,True,3556.0,133,90,366,3,0,1100,430,Neutral,5,-8701.22,3375.56,192.77,3463.91,1.529,0.127,0.191,0.0040032025620496,35.0,32.0,0.90625,0.8285714285714286,True,0.8,1.0,0.0857142857142857,0.0285714285714285,0.1142857142857142,0.0,0.0,0.0,0.0857142857142857,0.0,0.0,0.0,0.6857142857142857,0.595,79.94,93.19,10.5,0.015,4.74,0.116,49142.0,8729.0
cBbwWg5kqFM,True,True,62.0,48,33,827,2,0,32000,911,Neutral,3,38.02,14.71,17.12,18.23,1.669,0.221,0.559,0.072992700729927,10.0,7.0,0.7142857142857143,0.5,True,0.24,0.3,0.0,0.2,0.0,0.0,0.0,0.4,0.0,0.0,0.0,0.0,0.4,0.4,27.4,11.39,7.6,0.316,3.87,0.088,827.0,137.0
cBgvxv8dCI0,True,True,1832.0,127,87,1173,20,1,46000,861,Very Positive,7,69.75,7.69,24.68,10.01,1.419,0.092,0.199,0.0034042553191489,16.0,15.0,0.9333333333333332,0.875,True,0.8,1.0,0.0,0.125,0.1875,0.0,0.0,0.125,0.0,0.0,0.0,0.0,0.5625,0.133,16.75,14.16,5.29,0.007,3.29,0.133,25184.0,4688.0
cComQ8cbixY,True,True,119.0,120,90,3163,11,0,45300,2832,Neutral,6,56.89,9.58,11.67,11.38,1.567,0.131,0.454,0.0134228187919463,4.0,2.0,0.5,0.25,True,0.6000000000000001,0.5,0.25,0.0,0.5,0.0,0.0,0.0,0.0,0.0,0.0,0.0,0.25,0.5,16.56,8.57,6.06,0.108,2.79,0.047,1699.0,298.0
cCpWBFsSzXY,True,True,176.0,15,15,370,0,0,569000,3032,Neutral,2,-460.48,211.39,43.93,218.79,1.421,0.095,0.506,0.1356238698010849,75.0,68.0,0.9264705882352942,0.84,True,0.2666666666666666,0.3066666666666666,0.0533333333333333,0.0666666666666666,0.1333333333333333,0.0,0.0,0.0266666666666666,0.0266666666666666,0.0933333333333333,0.0,0.0266666666666666,0.5733333333333334,0.667,190.67,107.19,13.33,0.556,5.66,0.112,2984.0,549.0
cCpimjQzd1Y,True,True,59.0,367,216,626,17,1,74500,586,Neutral,15,56.92,10.38,12.82,12.57,1.528,0.141,0.546,0.0736196319018405,12.0,10.0,0.8,0.6666666666666666,True,0.2333333333333334,0.3333333333333333,0.5833333333333334,0.0,0.1666666666666666,0.0,0.0,0.0833333333333333,0.0,0.0,0.0,0.0,0.1666666666666666,0.75,20.75,21.04,6.25,0.217,3.1,0.072,933.0,162.0
cDW1l-g4N8g,True,True,134.0,100,76,1452,54,0,144000,1700,Neutral,5,50.92,9.98,11.46,10.7,1.659,0.138,0.691,0.0078125,1.0,1.0,1.0,1.0,True,0.8,1.0,0.0,0.0,0.0,0.0,0.0,0.0,0.0,0.0,0.0,0.0,1.0,0.111,14.78,6.96,6.0,0.256,2.77,0.09,930.0,127.0
cDyZqpoRui0,True,True,4689.0,119,93,231,3,0,24900,211,Neutral,3,-12668.72,4898.56,263.73,5026.55,1.599,0.166,0.151,0.0053780202650038,69.0,64.0,0.921875,0.855072463768116,True,0.8,1.0,0.0579710144927536,0.0434782608695652,0.3478260869565217,0.0,0.0,0.0,0.144927536231884,0.0144927536231884,0.0,0.0,0.391304347826087,1.019,83.55,107.64,9.42,0.012,4.94,0.108,73083.0,12776.0
cGuxBtvBl3I,True,True,133.0,110,84,1542,14,0,1220000,11882,Neutral,4,-248.13,125.38,39.71,129.29,1.635,0.131,0.5,0.1714285714285714,54.0,33.0,0.7878787878787878,0.4814814814814814,True,0.1777777777777778,0.3148148148148148,0.1296296296296296,0.0185185185185185,0.4074074074074074,0.0,0.0185185185185185,0.0,0.0555555555555555,0.074074074074074,0.0,0.0,0.2962962962962963,1.25,82.0,57.81,11.75,0.558,3.58,0.137,1935.0,316.0
cJchN5xChFo,True,True,59.0,72,56,6312,84,2,697000,6101,Positive,4,-34.28,50.09,23.73,54.7,1.302,0.101,0.651,0.1666666666666666,22.0,22.0,1.0,1.0,True,0.2181818181818182,0.3181818181818182,0.0909090909090909,0.0454545454545454,0.0909090909090909,0.0,0.0,0.0,0.0454545454545454,0.1818181818181818,0.0,0.0,0.5454545454545454,0.167,23.17,20.81,6.5,0.222,2.84,0.187,662.0,132.0
cKQNtDMeOek,True,True,128.0,36,34,225,2,0,22200,1782,Neutral,1,-178.92,104.3,29.31,109.26,1.368,0.079,0.459,0.0639097744360902,17.0,14.0,0.7857142857142857,0.6470588235294118,True,0.4235294117647059,0.4117647058823529,0.0588235294117647,0.0,0.0588235294117647,0.0,0.0,0.0,0.1764705882352941,0.0,0.0,0.0,0.7058823529411765,2.0,273.0,0.0,19.0,0.964,7.28,0.147,1402.0,266.0
cLEbL7JbVQI,True,True,291.0,51,44,282,1,0,12400,354,Neutral,4,71.06,7.2,12.46,9.72,1.419,0.094,0.285,0.0151515151515151,13.0,11.0,0.9090909090909092,0.7692307692307693,True,0.5538461538461539,0.4615384615384615,0.0,0.0,0.0,0.0,0.7692307692307693,0.0,0.1538461538461538,0.0,0.0,0.0,0.0769230769230769,0.164,16.15,7.03,6.04,0.045,2.9,0.15,4843.0,855.0
cMFFneqvhm8,True,True,52.0,89,71,124,2,0,144000,1700,Neutral,6,61.33,7.19,11.21,8.0,1.6,0.2,1.0,0.1,1.0,1.0,1.0,1.0,True,0.8,1.0,0.0,0.0,1.0,0.0,0.0,0.0,0.0,0.0,0.0,0.0,0.0,1.0,10.0,0.0,5.0,0.0,1.8,0.0,63.0,10.0
cNmVJENn-U4,True,False,42.0,0,0,66,0,0,36000,6286,,0,-36.27,48.63,22.08,52.08,1.41,0.09,0.697,0.2845528455284553,35.0,33.0,0.9393939393939394,0.8857142857142857,False,0.0457142857142858,0.2285714285714285,0.0571428571428571,0.0,0.0857142857142857,0.0,0.0,0.0,0.1142857142857142,0.1428571428571428,0.0,0.0,0.6,0.0,32.5,25.04,6.25,0.25,3.97,0.108,658.0,123.0
cQpfEe3gb-8,True,True,3617.0,110,85,300,5,0,1400,201,Neutral,6,-8595.21,3333.94,204.86,3421.43,1.571,0.146,0.179,0.0036998496936061,32.0,30.0,0.9666666666666668,0.90625,True,0.8,1.0,0.0,0.03125,0.28125,0.0,0.03125,0.0,0.125,0.0,0.0,0.0,0.53125,1.364,134.3,256.79,9.06,0.019,7.59,0.122,50390.0,8637.0
cQxD_bpFZNI,True,True,174.0,56,49,3034,11,0,16500,1455,Neutral,4,65.66,7.48,10.65,9.42,1.505,0.112,0.464,0.0085470085470085,4.0,4.0,1.0,1.0,True,0.5,0.5,0.25,0.0,0.0,0.0,0.0,0.0,0.25,0.0,0.0,0.0,0.5,0.077,12.38,9.76,5.05,0.053,3.02,0.149,2605.0,469.0
cTjpk2XwSNc,True,True,174.0,52,44,1103,5,0,1220000,11882,Neutral,1,61.33,7.19,11.21,8.0,1.6,0.2,1.0,0.1,1.0,1.0,1.0,1.0,True,0.8,1.0,0.0,0.0,1.0,0.0,0.0,0.0,0.0,0.0,0.0,0.0,0.0,1.0,10.0,0.0,5.0,0.0,1.8,0.0,63.0,10.0
cTvjy-1Uzok,True,True,448.0,74,53,449,2,1,216000,5950,Neutral,2,-1125.68,463.17,80.41,477.03,1.606,0.155,0.316,0.042158516020236,50.0,40.0,0.925,0.74,True,0.6080000000000001,0.52,0.0,0.06,0.32,0.0,0.0,0.06,0.04,0.02,0.0,0.0,0.5,3.0,403.67,351.12,16.0,0.376,6.33,0.135,7104.0,1188.0
cUQXqZObNzM,True,True,161.0,218,134,11527,44,0,45300,2832,Neutral,9,-171.51,96.06,33.89,99.02,1.629,0.122,0.591,0.1659574468085106,39.0,32.0,0.875,0.717948717948718,True,0.4000000000000001,0.4871794871794871,0.358974358974359,0.0512820512820512,0.3333333333333333,0.0,0.0,0.0,0.0512820512820512,0.0,0.0,0.0,0.2051282051282051,1.5,121.5,170.41,8.0,0.8,6.49,0.086,1506.0,238.0
cUqYnlOxMLs,True,True,135.0,100,72,6519,16,0,697000,6101,Neutral,4,61.33,7.19,11.21,8.0,1.6,0.2,1.0,0.1,1.0,1.0,1.0,1.0,True,0.8,1.0,0.0,0.0,1.0,0.0,0.0,0.0,0.0,0.0,0.0,0.0,0.0,1.0,10.0,0.0,5.0,0.0,1.8,0.0,63.0,10.0
cVSSdly_m7A,True,True,214.0,40,38,5146,33,7,34900,832,Neutral,2,-500.59,224.93,50.24,232.67,1.511,0.119,0.385,0.0766550522648083,44.0,34.0,0.7941176470588235,0.6136363636363636,True,0.3454545454545454,0.3636363636363636,0.1136363636363636,0.0454545454545454,0.2045454545454545,0.0,0.0,0.1590909090909091,0.0227272727272727,0.0,0.0,0.0,0.4545454545454545,2.0,581.0,0.0,47.0,0.984,6.26,0.124,3257.0,572.0
cWbZbyLmY5Q,True,True,3822.0,86,59,1859,15,0,14700,1456,Neutral,4,-8238.06,3194.69,221.64,3278.59,1.669,0.179,0.211,0.0080393568514518,67.0,55.0,0.8727272727272727,0.7164179104477612,True,0.8,1.0,0.1492537313432835,0.0597014925373134,0.0,0.0,0.0,0.0,0.5074626865671642,0.044776119402985,0.0,0.0,0.2388059701492537,1.804,184.24,363.55,9.83,0.037,8.23,0.082,50280.0,8328.0
cXU93UolNpc,True,True,304.0,68,55,1665,3,3,98900,2838,Neutral,4,-693.78,297.84,61.95,307.48,1.575,0.14,0.37,0.1102362204724409,84.0,65.0,0.8461538461538461,0.6547619047619048,True,0.4523809523809523,0.4166666666666667,0.1547619047619047,0.0714285714285714,0.2142857142857142,0.0,0.0119047619047619,0.0,0.0595238095238095,0.0119047619047619,0.0,0.0357142857142857,0.4404761904761904,0.6,155.0,210.11,12.0,0.311,4.68,0.117,4446.0,760.0
cYAc-HqBgmo,True,True,1378.0,94,56,8171,56,8,952,151,Neutral,5,-3221.34,1268.72,127.77,1303.26,1.59,0.147,0.241,0.0177532904805632,58.0,32.0,0.71875,0.396551724137931,True,0.8,1.0,0.0,0.0,0.1551724137931034,0.0,0.0,0.0,0.0689655172413793,0.0,0.0,0.0,0.7758620689655172,2.684,176.42,238.16,12.47,0.1,5.35,0.098,18756.0,3257.0
ccIN6134AEo,True,True,1605.0,318,197,556,10,0,3210,503,Negative,21,-3316.37,1312.03,78.92,1348.18,1.261,0.052,0.18,0.0117164616285881,40.0,30.0,0.7666666666666667,0.575,True,0.8,1.0,0.0,0.1,0.1,0.0,0.0,0.0,0.1,0.0,0.0,0.0,0.7,0.067,23.84,21.27,5.99,0.014,3.12,0.222,16354.0,3374.0
ccI_3nmQvkg,True,True,1168.0,77,57,289,3,0,135000,2612,Neutral,2,-3691.2,1453.25,105.8,1492.62,1.397,0.087,0.206,0.0145656779661016,55.0,43.0,0.9069767441860463,0.7090909090909091,True,0.8,1.0,0.0545454545454545,0.0181818181818181,0.2181818181818181,0.0,0.0,0.0727272727272727,0.0727272727272727,0.1272727272727272,0.0,0.0,0.4363636363636363,0.337,45.8,45.09,7.92,0.02,3.76,0.154,19971.0,3754.0
cdVvu9eIAeo,True,True,1027.0,33,28,316,0,0,14700,1456,Neutral,1,-2778.15,1101.07,104.2,1131.45,1.462,0.111,0.225,0.019298245614035,55.0,21.0,0.5238095238095238,0.2,True,0.8,1.0,0.4727272727272727,0.0,0.0181818181818181,0.0,0.0,0.0545454545454545,0.0909090909090909,0.0181818181818181,0.0,0.0,0.3454545454545454,0.7,97.53,83.53,11.07,0.068,4.07,0.133,15816.0,2842.0
ceL8jA0y3I8,True,True,104.0,36,32,3342,4,0,216000,5950,Neutral,1,-91.12,70.44,26.68,74.73,1.374,0.095,0.631,0.1978021978021978,36.0,36.0,1.0,1.0,False,0.1555555555555556,0.2777777777777778,0.0,0.0,0.0277777777777777,0.0,0.0,0.0,0.1388888888888889,0.0555555555555555,0.0,0.0277777777777777,0.75,1.0,62.0,43.49,12.0,0.4,3.31,0.091,951.0,182.0
ceUW5aIh4b0,True,True,338.0,23,22,3034,20,2,75200,1684,Neutral,2,-621.46,270.86,61.11,280.67,1.536,0.15,0.394,0.1077586206896551,75.0,54.0,0.7777777777777778,0.56,True,0.3786666666666667,0.3866666666666666,0.0,0.1066666666666666,0.2133333333333333,0.0,0.24,0.0,0.0266666666666666,0.0533333333333333,0.0,0.0,0.36,5.0,351.0,0.0,14.0,0.649,6.86,0.124,4025.0,694.0
ceX9osV57Pc,True,True,182.0,50,43,5208,32,4,4200,1167,Neutral,4,79.72,4.96,9.07,7.22,1.366,0.095,0.511,0.0174216027874564,5.0,5.0,1.0,1.0,True,0.56,0.6,0.0,0.4,0.0,0.0,0.0,0.0,0.2,0.0,0.0,0.0,0.4,0.107,10.79,6.83,4.71,0.094,2.57,0.202,1552.0,283.0
ceg5XdjWgE8,True,True,310.0,37,30,552,8,0,16500,578,Neutral,2,-817.76,348.92,57.02,360.03,1.409,0.1,0.318,0.0857142857142857,78.0,57.0,0.8421052631578947,0.6153846153846154,True,0.5179487179487179,0.4487179487179487,0.4358974358974359,0.0256410256410256,0.0897435897435897,0.0,0.0,0.0769230769230769,0.0384615384615384,0.141025641025641,0.0,0.0,0.1923076923076923,0.12,38.32,41.11,7.2,0.076,3.78,0.16,5018.0,910.0
cgKj3iK_6UA,True,True,72.0,84,61,1368,8,1,135000,2612,Positive,3,-104.01,74.97,28.03,78.95,1.395,0.1,0.563,0.1780104712041884,34.0,30.0,0.9,0.7941176470588235,True,0.2588235294117647,0.3235294117647059,0.0588235294117647,0.0588235294117647,0.2352941176470588,0.0,0.0,0.0,0.0588235294117647,0.088235294117647,0.0,0.1176470588235294,0.3823529411764705,0.75,49.25,54.99,7.25,0.275,3.55,0.198,1006.0,191.0
cgUed2zDJXs,True,True,77.0,39,33,2057,16,0,75200,1684,Neutral,2,-112.06,78.08,26.68,82.23,1.394,0.086,0.566,0.2060301507537688,41.0,36.0,0.8888888888888888,0.7804878048780488,False,0.0975609756097561,0.2682926829268293,0.024390243902439,0.0,0.2195121951219512,0.0,0.0,0.024390243902439,0.024390243902439,0.0975609756097561,0.0,0.0,0.6097560975609756,0.111,22.67,12.51,6.11,0.182,2.73,0.172,1012.0,199.0
ch1ox9oDLW8,True,True,69.0,76,63,211,3,0,674,262,Neutral,4,-111.91,73.34,32.81,76.07,1.62,0.151,0.659,0.1483516483516483,27.0,26.0,0.9615384615384616,0.925925925925926,False,0.1925925925925926,0.2962962962962963,0.1111111111111111,0.0,0.1111111111111111,0.0,0.0,0.0,0.1111111111111111,0.074074074074074,0.0,0.0,0.5925925925925926,0.667,61.67,49.17,9.67,0.5,3.71,0.119,1084.0,183.0
cibyGjzyYNk,True,True,107.0,14,14,18596,0,0,128000,2724,Neutral,1,-232.68,123.22,36.44,128.26,1.452,0.109,0.535,0.1597444089456869,50.0,48.0,0.9583333333333334,0.92,False,0.1999999999999999,0.28,0.02,0.1,0.32,0.0,0.08,0.06,0.1,0.02,0.0,0.0,0.3,1.0,105.33,148.22,7.0,0.417,4.02,0.123,1710.0,313.0
cmHFvywuC0k,True,True,207.0,48,44,265,3,0,16500,578,Neutral,2,-173.39,102.03,29.92,106.69,1.375,0.085,0.412,0.1477272727272727,78.0,65.0,0.8307692307692308,0.6923076923076923,True,0.2615384615384615,0.3205128205128205,0.0897435897435897,0.141025641025641,0.1025641025641025,0.0,0.0,0.0,0.0512820512820512,0.0256410256410256,0.0,0.0,0.5897435897435898,0.125,33.38,29.43,6.94,0.11,3.02,0.193,2668.0,527.0
cp9XZ-HxZs0,True,True,2038.0,42,38,341,1,0,14600,3587,Negative,3,-2902.53,1151.59,83.62,1183.28,1.331,0.067,0.18,0.0134295786469699,80.0,67.0,0.8656716417910447,0.725,True,0.8,1.0,0.1375,0.0125,0.05,0.0,0.0,0.0375,0.075,0.2,0.0,0.0,0.4875,0.133,33.96,46.45,6.65,0.011,4.07,0.163,29981.0,5920.0
crIsjsu0FNw,True,True,1613.0,39,34,4999,31,0,226000,1254,Neutral,2,71.22,7.96,22.75,10.66,1.379,0.086,0.199,0.0021418372203712,9.0,9.0,1.0,1.0,True,0.8,1.0,0.1111111111111111,0.0,0.0,0.0,0.0,0.0,0.0,0.0,0.0,0.0,0.8888888888888888,0.053,15.97,10.72,5.2,0.008,3.29,0.117,22783.0,4166.0
cuKPRygRgDQ,True,True,164.0,40,40,1196,5,1,216000,5950,Neutral,2,45.62,11.11,13.41,14.2,1.702,0.191,0.483,0.0251396648044692,9.0,8.0,0.875,0.7777777777777778,True,0.4000000000000001,0.4444444444444444,0.0,0.1111111111111111,0.2222222222222222,0.0,0.1111111111111111,0.1111111111111111,0.0,0.0,0.0,0.0,0.4444444444444444,0.045,16.5,10.39,5.95,0.096,2.88,0.124,2242.0,360.0
d-hQhkCaNYU,True,True,100.0,19,19,1713,6,1,16500,1455,Neutral,2,75.98,6.59,9.33,8.56,1.357,0.074,0.517,0.0073529411764705,2.0,2.0,1.0,1.0,True,0.6000000000000001,0.5,0.5,0.0,0.0,0.0,0.0,0.0,0.0,0.0,0.0,0.0,0.5,0.056,15.39,10.87,5.33,0.089,2.9,0.235,1421.0,267.0
d0xbZnf98JA,True,True,328.0,11,11,2503,11,1,98900,2838,Neutral,1,-980.93,411.43,61.11,424.41,1.418,0.098,0.314,0.0494864612511671,53.0,50.0,0.96,0.9056603773584906,True,0.7018867924528303,0.7547169811320755,0.0188679245283018,0.0566037735849056,0.4716981132075472,0.0,0.0188679245283018,0.0188679245283018,0.1132075471698113,0.0188679245283018,0.0,0.0188679245283018,0.2641509433962264,0.261,48.7,75.56,7.74,0.058,4.04,0.175,5825.0,1069.0
d12zpEwTaJM,True,True,420.0,185,103,7428,32,0,55000,668,Neutral,14,71.08,8.26,13.35,10.5,1.367,0.076,0.31,0.0015698587127158,2.0,2.0,1.0,1.0,True,0.8,1.0,0.0,0.0,1.0,0.0,0.0,0.0,0.0,0.0,0.0,0.0,0.0,0.122,16.28,11.16,5.6,0.024,3.03,0.175,6865.0,1281.0
d1BxnCd7NFU,True,True,268.0,253,157,4032,15,4,569000,3032,Neutral,15,-602.57,267.23,43.93,275.88,1.361,0.075,0.428,0.1117478510028653,78.0,68.0,0.9264705882352942,0.8076923076923077,True,0.3692307692307692,0.3717948717948718,0.0256410256410256,0.0641025641025641,0.1282051282051282,0.0,0.0,0.0769230769230769,0.0641025641025641,0.0769230769230769,0.0,0.0128205128205128,0.5512820512820513,0.385,54.92,44.74,8.69,0.23,3.92,0.151,3569.0,695.0
d46WEOlnuVg,True,True,61.0,28,25,105378,14,0,144000,1700,Neutral,3,57.08,8.96,11.54,10.87,1.593,0.147,0.571,0.0726256983240223,13.0,9.0,0.7777777777777778,0.5384615384615384,True,0.3076923076923077,0.3076923076923077,0.0769230769230769,0.0769230769230769,0.1538461538461538,0.0,0.0,0.5384615384615384,0.0,0.0,0.0,0.0,0.1538461538461538,0.0,13.07,7.19,4.79,0.106,2.9,0.169,1113.0,178.0
d4AwqixONAQ,True,True,669.0,116,84,282,0,0,50000,1839,Neutral,4,-1312.56,534.69,85.32,549.91,1.619,0.152,0.333,0.0677721701514059,94.0,67.0,0.8507462686567164,0.6063829787234043,True,0.6085106382978724,0.5212765957446809,0.0638297872340425,0.1914893617021276,0.1914893617021276,0.0,0.0106382978723404,0.0319148936170212,0.0851063829787234,0.0425531914893617,0.0,0.0,0.3829787234042553,3.2,281.2,329.46,9.6,0.315,9.1,0.11,8509.0,1388.0
d7ClcGL308c,True,True,154.0,154,96,1652,13,3,27400,964,Neutral,7,-338.91,164.87,32.81,170.0,1.412,0.064,0.44,0.1229314420803782,52.0,35.0,0.9142857142857144,0.6153846153846154,True,0.2384615384615385,0.3461538461538461,0.173076923076923,0.0192307692307692,0.2307692307692307,0.0,0.0,0.1923076923076923,0.0384615384615384,0.0384615384615384,0.0,0.0,0.3076923076923077,0.333,144.67,84.58,19.0,0.524,5.55,0.134,2300.0,423.0
d8tyM-xBGxY,True,True,164.0,103,76,423,9,2,135000,2612,Neutral,3,-415.51,194.93,41.02,201.85,1.382,0.088,0.434,0.2123015873015873,107.0,66.0,0.8333333333333334,0.514018691588785,False,0.1831775700934579,0.2990654205607476,0.02803738317757,0.1495327102803738,0.1121495327102803,0.0,0.0,0.0,0.0560747663551401,0.02803738317757,0.0,0.0373831775700934,0.5887850467289719,0.833,85.33,54.09,10.33,0.233,4.52,0.125,2594.0,499.0
dAC9KYuNbtg,True,True,145.0,75,57,3824,25,2,216000,5950,Neutral,4,74.56,6.1,9.16,8.05,1.407,0.086,0.513,0.0573065902578796,20.0,16.0,0.875,0.7,True,0.28,0.35,0.05,0.05,0.2,0.0,0.0,0.15,0.0,0.0,0.0,0.0,0.55,0.074,13.37,9.98,5.37,0.074,2.86,0.152,1864.0,349.0
dANjE8Z6mbw,True,True,199.0,41,37,61644,138,13,27400,964,Neutral,3,50.92,9.98,11.46,10.7,1.659,0.138,0.691,0.0,0.0,0.0,0.0,0.0,False,0.0,0.0,0.0,0.0,0.0,0.0,0.0,0.0,0.0,0.0,0.0,0.0,0.0,0.111,14.67,6.93,5.89,0.256,2.77,0.091,930.0,127.0
dAT69yP0IT0,True,True,131.0,94,73,1596,17,1,46000,861,Very Positive,5,-262.99,136.89,33.89,142.74,1.354,0.083,0.477,0.1544943820224719,55.0,48.0,0.8958333333333334,0.7818181818181819,True,0.1963636363636365,0.3272727272727272,0.0545454545454545,0.0909090909090909,0.0909090909090909,0.0,0.0181818181818181,0.0363636363636363,0.0,0.1636363636363636,0.0,0.0,0.5454545454545454,0.095,17.71,27.71,4.05,0.079,3.2,0.196,1763.0,353.0
dAvuvO1Tayg,True,True,159.0,53,45,2113,9,7,28300,1065,Neutral,2,-343.62,164.78,42.71,171.12,1.504,0.115,0.448,0.1294964028776978,54.0,39.0,0.8205128205128205,0.5925925925925926,False,0.2370370370370371,0.2962962962962963,0.037037037037037,0.0,0.1296296296296296,0.0,0.0,0.0,0.037037037037037,0.1296296296296296,0.0,0.0,0.6666666666666666,0.4,85.6,52.98,12.4,0.261,3.87,0.14,2318.0,418.0
dBOO6xIr1wc,True,False,60.0,0,0,246308,1218,0,170000,3304,,0,-114.36,77.41,25.98,79.66,1.469,0.082,0.562,0.1785714285714285,35.0,27.0,0.7777777777777778,0.6,True,0.2628571428571429,0.3142857142857143,0.0571428571428571,0.0,0.4,0.0,0.0571428571428571,0.0,0.0571428571428571,0.0285714285714285,0.0,0.0285714285714285,0.3714285714285714,0.857,28.71,33.35,6.0,0.191,3.45,0.159,1044.0,195.0
dCTzM-9_-nI,True,True,299.0,53,43,4903,18,3,216000,5950,Neutral,3,60.33,9.95,13.08,12.12,1.485,0.113,0.349,0.0037174721189591,3.0,3.0,1.0,1.0,True,0.4000000000000001,0.3333333333333333,0.0,0.0,0.0,0.0,0.0,0.0,0.0,0.0,0.0,0.0,1.0,0.35,20.25,9.18,6.72,0.047,2.92,0.089,4457.0,805.0
dCWP4gTn2k4,True,True,220.0,116,87,17382,63,0,45300,2832,Neutral,6,57.58,10.08,11.55,11.62,1.53,0.111,0.431,0.0206896551724137,12.0,10.0,0.8,0.6666666666666666,True,0.3666666666666667,0.3333333333333333,0.0,0.3333333333333333,0.1666666666666666,0.0,0.0,0.0833333333333333,0.0,0.0,0.0,0.0,0.4166666666666667,0.033,19.9,11.56,6.07,0.057,3.26,0.141,3280.0,576.0
dK_eztfhgPo,True,True,152.0,74,59,1323,10,0,6800,555,Neutral,3,-189.22,104.74,36.44,109.69,1.538,0.13,0.5,0.1590909090909091,42.0,34.0,0.8529411764705882,0.6904761904761905,False,0.1333333333333333,0.2619047619047619,0.2619047619047619,0.0238095238095238,0.1428571428571428,0.0,0.0476190476190476,0.0714285714285714,0.0238095238095238,0.0238095238095238,0.0,0.0714285714285714,0.3333333333333333,1.0,265.0,0.0,14.0,0.96,4.92,0.117,1458.0,264.0
dRTsa5FJDHg,True,True,1965.0,81,58,1703,13,0,1220000,11882,Neutral,5,-5563.34,2170.99,143.53,2228.57,1.474,0.109,0.189,0.0125089349535382,70.0,52.0,0.8653846153846154,0.6428571428571429,True,0.8,1.0,0.0142857142857142,0.0571428571428571,0.0714285714285714,0.0,0.0,0.1571428571428571,0.1,0.0571428571428571,0.0,0.0,0.5428571428571428,0.327,58.54,67.23,8.1,0.019,4.4,0.142,30496.0,5579.0
dVdKV9qW2wc,True,True,352.0,88,65,492,3,0,45300,2832,Neutral,3,62.32,8.34,14.55,10.5,1.526,0.126,0.385,0.0123456790123456,12.0,10.0,0.8,0.6666666666666666,True,0.7333333333333334,0.8333333333333334,0.0,0.4166666666666667,0.25,0.0,0.0833333333333333,0.25,0.0,0.0,0.0,0.0,0.0,0.297,15.55,7.72,5.73,0.03,2.89,0.086,5749.0,970.0
dZYwuIwcIZE,True,True,485.0,83,66,354,2,1,50000,1839,Neutral,3,-1413.39,577.08,70.48,593.49,1.443,0.094,0.295,0.0356422326832548,53.0,37.0,0.7837837837837838,0.5471698113207547,True,0.618867924528302,0.5471698113207547,0.1509433962264151,0.0,0.2075471698113207,0.0,0.0,0.0,0.0,0.0943396226415094,0.0,0.0,0.5471698113207547,0.167,42.33,49.36,7.14,0.055,3.71,0.146,7896.0,1482.0
d_WeYz91yWc,True,True,127.0,73,62,830,8,0,1220000,11882,Neutral,5,61.33,7.19,11.21,8.0,1.6,0.2,1.0,0.1,1.0,1.0,1.0,1.0,True,0.8,1.0,0.0,0.0,1.0,0.0,0.0,0.0,0.0,0.0,0.0,0.0,0.0,1.0,10.0,0.0,5.0,0.0,1.8,0.0,63.0,10.0
daF-YzBeF3M,True,True,3092.0,4,4,540,0,0,569000,3032,Negative,1,-3991.13,1567.88,125.05,1610.84,1.427,0.113,0.172,0.0140038967364831,115.0,97.0,0.8556701030927835,0.7217391304347827,True,0.8,1.0,0.0695652173913043,0.1826086956521739,0.2695652173913043,0.0,0.0,0.0521739130434782,0.008695652173913,0.0695652173913043,0.0,0.0,0.3478260869565217,0.411,41.55,46.92,6.92,0.011,3.94,0.127,42305.0,8169.0
daqVl--n0XQ,True,False,325.0,0,0,139,0,0,15600,1174,,0,-773.62,329.59,64.12,340.42,1.523,0.136,0.39,0.0533175355450237,45.0,35.0,0.8,0.6222222222222222,True,0.56,0.5333333333333333,0.0666666666666666,0.0444444444444444,0.3111111111111111,0.0,0.0,0.1333333333333333,0.0222222222222222,0.0,0.0,0.0,0.4222222222222222,1.0,108.38,71.12,11.0,0.183,4.05,0.114,4696.0,845.0
dbnb1yFRdso,True,True,161.0,89,71,102,0,0,25300,876,Very Positive,5,74.87,5.96,9.47,7.62,1.408,0.079,0.412,0.0021231422505307,1.0,1.0,1.0,1.0,True,0.8,1.0,0.0,0.0,0.0,0.0,0.0,0.0,0.0,0.0,0.0,0.0,1.0,0.054,12.89,8.05,5.19,0.048,3.01,0.157,2560.0,469.0
dcbekI8JwgE,True,True,2848.0,67,53,3238,45,16,10700,653,Neutral,3,-3070.6,1213.91,105.8,1247.23,1.44,0.104,0.182,0.0105412208936438,67.0,56.0,0.875,0.7313432835820896,True,0.8,1.0,0.0149253731343283,0.0597014925373134,0.1940298507462686,0.0,0.0,0.0,0.1343283582089552,0.1044776119402985,0.0,0.0149253731343283,0.4776119402985074,0.402,53.57,69.96,7.92,0.015,4.24,0.161,33795.0,6312.0
deBe6HV91js,True,True,243.0,174,119,790,20,2,21200,1769,Neutral,5,-603.87,268.65,42.71,277.86,1.316,0.07,0.354,0.1096866096866096,77.0,72.0,0.9305555555555556,0.8701298701298701,True,0.4363636363636365,0.4415584415584415,0.0649350649350649,0.2207792207792207,0.0649350649350649,0.0,0.0129870129870129,0.0259740259740259,0.1168831168831168,0.0649350649350649,0.0,0.0129870129870129,0.4155844155844156,0.147,21.56,32.29,4.97,0.047,3.19,0.205,3526.0,693.0
deVJLKXv64M,True,True,10.0,22,20,2224,35,9,3640,696,Neutral,2,76.73,8.52,8.84,11.27,1.25,0.042,0.917,0.375,9.0,9.0,1.0,1.0,True,0.3111111111111111,0.4444444444444444,0.0,0.0,0.0,0.0,0.0,0.0,0.0,0.0,0.0,0.1111111111111111,0.8888888888888888,0.0,12.5,9.19,5.0,0.333,2.26,0.2,109.0,24.0
deq9hflAr1g,True,True,115.0,31,30,1899,7,1,16600,1353,Neutral,2,-199.23,106.14,41.87,110.6,1.656,0.176,0.546,0.1221374045801526,32.0,29.0,0.9310344827586208,0.84375,True,0.4375,0.40625,0.0,0.03125,0.28125,0.0,0.0,0.0,0.09375,0.09375,0.0,0.0,0.5,0.667,89.33,20.53,13.0,0.406,3.6,0.134,1550.0,262.0
dfTkvCaznwI,True,True,131.0,18,18,94,0,0,28300,1065,Neutral,1,-195.86,105.91,35.95,109.31,1.605,0.125,0.525,0.1538461538461538,40.0,31.0,0.8709677419354839,0.675,True,0.2299999999999999,0.35,0.05,0.075,0.675,0.0,0.025,0.05,0.025,0.025,0.0,0.0,0.075,1.75,66.5,77.81,7.25,0.364,3.7,0.064,1593.0,264.0
dhgeCc0JWYw,True,True,64.0,11,11,157,2,0,216000,5950,Neutral,1,-94.25,66.4,33.89,71.11,1.627,0.18,0.64,0.2075471698113207,33.0,27.0,0.8888888888888888,0.7272727272727273,True,0.303030303030303,0.3333333333333333,0.1212121212121212,0.0,0.1212121212121212,0.0,0.0,0.0,0.2424242424242424,0.0303030303030303,0.0,0.0,0.4848484848484848,0.0,41.25,40.64,9.5,0.625,4.92,0.103,908.0,161.0
di_ldepUXtQ,True,True,319.0,163,120,2867,55,4,569000,3032,Neutral,9,-532.82,241.11,37.88,249.27,1.328,0.06,0.421,0.146067415730337,91.0,75.0,0.92,0.7582417582417582,True,0.3208791208791208,0.3406593406593406,0.0,0.0219780219780219,0.1758241758241758,0.0,0.0,0.0109890109890109,0.0219780219780219,0.1428571428571428,0.0,0.0439560439560439,0.5824175824175825,0.174,28.65,27.04,6.04,0.101,3.3,0.215,3177.0,620.0
dir8mxyMZ58,True,True,132.0,16,16,1012,3,1,16500,1455,Neutral,1,-188.99,103.96,38.34,108.23,1.571,0.147,0.575,0.2037735849056604,54.0,46.0,0.8695652173913043,0.7407407407407407,True,0.2814814814814814,0.3518518518518518,0.037037037037037,0.037037037037037,0.1666666666666666,0.0,0.0,0.1851851851851851,0.0925925925925925,0.0925925925925925,0.0,0.0,0.3888888888888889,3.5,137.0,151.32,13.0,0.808,5.0,0.109,1508.0,260.0
dj6NeJXHsNE,True,True,135.0,66,53,100155,686,33,697000,6101,Neutral,3,-193.11,110.5,25.98,115.46,1.332,0.057,0.53,0.1161971830985915,33.0,29.0,0.896551724137931,0.7878787878787878,False,0.1090909090909091,0.2727272727272727,0.0,0.0606060606060606,0.0303030303030303,0.0,0.0,0.0,0.0,0.0303030303030303,0.0,0.0,0.8787878787878788,0.25,73.5,98.57,8.0,0.444,4.75,0.211,1450.0,284.0
djUlmp1yGiY,True,True,188.0,36,35,381,0,0,7800,361,Neutral,3,-344.2,169.09,32.81,175.9,1.306,0.062,0.452,0.1347031963470319,59.0,54.0,0.9074074074074074,0.8305084745762712,False,0.1084745762711865,0.2372881355932203,0.0169491525423728,0.1016949152542373,0.1016949152542373,0.0,0.0169491525423728,0.0169491525423728,0.0508474576271186,0.0169491525423728,0.0,0.0508474576271186,0.6271186440677966,0.333,50.11,53.38,7.11,0.179,3.59,0.204,2156.0,436.0
dl7Bz8LMe8s,True,True,2942.0,41,34,20303,285,1,42900,959,Neutral,2,-6179.4,2404.48,192.17,2468.88,1.63,0.178,0.215,0.0126501200960768,79.0,73.0,0.9178082191780822,0.8481012658227848,True,0.8,1.0,0.1518987341772152,0.050632911392405,0.2531645569620253,0.0,0.1518987341772152,0.0126582278481012,0.0126582278481012,0.0126582278481012,0.0,0.0,0.3544303797468354,0.634,78.09,84.58,9.27,0.024,4.55,0.119,36491.0,6239.0
dm5IRDCAr0Q,True,True,99.0,147,99,3646,7,0,12500,530,Neutral,10,-167.0,97.67,30.53,100.84,1.467,0.093,0.52,0.2204724409448819,56.0,40.0,0.875,0.625,False,0.1285714285714285,0.2678571428571428,0.0178571428571428,0.0,0.1964285714285714,0.0,0.0178571428571428,0.0,0.0535714285714285,0.0535714285714285,0.0,0.0,0.6607142857142857,1.0,87.33,107.95,8.67,0.562,5.47,0.13,1382.0,254.0
dnzdkcByXKo,True,True,4978.0,70,57,258,4,12,15400,480,Neutral,3,-13338.98,5158.99,217.57,5293.39,1.459,0.107,0.142,0.0044118746728482,59.0,48.0,0.7916666666666666,0.6440677966101694,True,0.8,1.0,0.0847457627118644,0.0,0.2033898305084746,0.0,0.0508474576271186,0.0169491525423728,0.0847457627118644,0.0169491525423728,0.0,0.0,0.5423728813559322,0.413,61.35,94.9,8.15,0.007,4.93,0.129,71730.0,13310.0
doQp8QkKyGI,True,True,136.0,477,222,3125,28,2,3900,286,Neutral,27,-270.69,137.22,33.89,141.68,1.481,0.084,0.458,0.1867816091954023,65.0,52.0,0.8461538461538461,0.676923076923077,False,0.1476923076923078,0.2615384615384615,0.0615384615384615,0.0153846153846153,0.2,0.0,0.0,0.0307692307692307,0.2769230769230769,0.0615384615384615,0.0,0.0,0.3538461538461538,2.0,367.0,0.0,25.0,0.966,4.25,0.131,1949.0,349.0
ds-6u3sSui0,True,True,480.0,48,40,585,13,2,22200,1782,Neutral,1,-798.25,342.97,51.27,354.42,1.334,0.081,0.359,0.0525139664804469,47.0,41.0,0.8780487804878049,0.7659574468085106,True,0.4851063829787234,0.4468085106382978,0.1489361702127659,0.0,0.0851063829787234,0.0,0.0,0.0212765957446808,0.1063829787234042,0.1489361702127659,0.0,0.0212765957446808,0.4680851063829787,0.19,44.14,47.2,7.19,0.083,4.03,0.163,4528.0,890.0
du2VJf_JOW8,True,True,165.0,184,113,374,0,0,36100,2341,Neutral,11,-285.01,134.99,51.27,139.03,1.855,0.215,0.476,0.191044776119403,64.0,44.0,0.75,0.515625,False,0.1312500000000001,0.25,0.015625,0.09375,0.21875,0.0,0.0,0.015625,0.046875,0.109375,0.0,0.0,0.5,3.5,168.5,215.67,10.5,0.778,6.93,0.045,2145.0,335.0
dxdJIm82dEI,True,True,118.0,41,37,929,5,0,14600,3587,Neutral,2,-40.59,51.71,21.19,55.22,1.341,0.076,0.682,0.2406015037593984,32.0,30.0,0.9333333333333332,0.875,True,0.3500000000000001,0.40625,0.0,0.0625,0.125,0.0,0.0,0.0,0.09375,0.15625,0.0,0.0,0.5625,0.0,23.33,20.51,4.83,0.167,3.15,0.171,680.0,134.0
dyOfe7Rljsw,True,True,217.0,56,46,2252,28,2,10700,653,Neutral,3,76.69,5.92,9.39,8.37,1.376,0.078,0.459,0.0151187904967602,7.0,6.0,0.8333333333333334,0.7142857142857143,True,0.5714285714285714,0.5714285714285714,0.2857142857142857,0.1428571428571428,0.1428571428571428,0.0,0.0,0.1428571428571428,0.0,0.1428571428571428,0.0,0.0,0.1428571428571428,0.118,13.88,7.1,4.88,0.069,2.84,0.155,2520.0,462.0
dybUTrz40tg,True,True,1563.0,166,110,103,1,0,216000,5950,Neutral,7,-4660.86,1824.01,136.74,1872.84,1.485,0.117,0.211,0.0150105708245243,71.0,56.0,0.8392857142857143,0.6619718309859155,True,0.8,1.0,0.056338028169014,0.1267605633802817,0.2394366197183098,0.0,0.0,0.0140845070422535,0.1126760563380281,0.1549295774647887,0.0,0.0,0.2957746478873239,0.479,66.21,82.34,8.48,0.022,3.99,0.151,25691.0,4725.0
e2-7Cp3KeLI,True,True,1073.0,122,82,3136,54,5,697000,6101,Neutral,4,50.92,9.98,11.46,10.7,1.659,0.138,0.691,0.0,0.0,0.0,0.0,0.0,False,0.0,0.0,0.0,0.0,0.0,0.0,0.0,0.0,0.0,0.0,0.0,0.0,0.0,0.125,16.5,5.37,6.38,0.27,2.79,0.091,930.0,127.0
e24G8B2ho_o,True,True,85.0,38,34,360,2,0,28800,1415,Neutral,3,61.35,8.72,10.69,9.77,1.526,0.108,0.598,0.0456852791878172,9.0,8.0,0.875,0.7777777777777778,True,0.4888888888888889,0.4444444444444444,0.0,0.0,0.2222222222222222,0.0,0.0,0.0,0.0,0.0,0.0,0.0,0.7777777777777778,0.167,17.08,12.85,5.92,0.167,3.09,0.151,1111.0,194.0
e2FZzDuDRzw,True,True,504.0,53,41,2021,5,0,88900,1346,Neutral,2,-1147.46,474.65,67.0,488.53,1.455,0.103,0.392,0.0665044606650446,82.0,72.0,0.9166666666666666,0.8048780487804879,True,0.5902439024390245,0.5,0.0609756097560975,0.0853658536585365,0.2682926829268293,0.0,0.1219512195121951,0.0121951219512195,0.0121951219512195,0.0609756097560975,0.0,0.0,0.3780487804878049,1.0,79.0,124.03,8.62,0.095,5.16,0.132,6582.0,1226.0
e2ZskzdpTQc,True,True,3065.0,55,43,2510,41,1,27100,1786,Neutral,3,-6934.69,2698.39,157.27,2769.64,1.451,0.105,0.199,0.004551920341394,32.0,24.0,0.9166666666666666,0.6875,True,0.8,1.0,0.15625,0.0,0.09375,0.0,0.0,0.0,0.0625,0.03125,0.0,0.0,0.65625,0.529,51.91,60.29,8.51,0.012,4.22,0.127,37671.0,7003.0
e40rMLnB80o,True,True,24.0,50,43,994,30,0,28500,750,Positive,5,61.33,7.19,11.21,8.0,1.6,0.2,1.0,0.1,1.0,1.0,1.0,1.0,True,0.8,1.0,0.0,0.0,1.0,0.0,0.0,0.0,0.0,0.0,0.0,0.0,0.0,1.0,10.0,0.0,5.0,0.0,1.8,0.0,63.0,10.0
e6SRF_2D2ns,True,True,352.0,476,264,2002,72,7,53700,936,Neutral,29,-602.47,264.48,53.91,273.0,1.492,0.117,0.37,0.0994152046783625,68.0,50.0,0.8,0.5882352941176471,True,0.388235294117647,0.4411764705882353,0.0441176470588235,0.0294117647058823,0.2205882352941176,0.0,0.0,0.088235294117647,0.0441176470588235,0.0294117647058823,0.0,0.0,0.5441176470588235,2.75,172.0,175.22,13.25,0.646,4.15,0.077,3577.0,683.0
eBPSwIYsiqM,True,True,318.0,94,73,6252,24,1,46000,861,Very Positive,5,-646.17,285.24,38.81,294.28,1.301,0.053,0.393,0.1216216216216216,90.0,75.0,0.8533333333333334,0.7111111111111111,True,0.3244444444444445,0.3111111111111111,0.0333333333333333,0.1333333333333333,0.0777777777777777,0.0,0.0111111111111111,0.0,0.0222222222222222,0.0888888888888888,0.0,0.0777777777777777,0.5555555555555556,0.219,23.78,22.85,5.88,0.049,2.89,0.222,3575.0,731.0
eD_m2dVnjqk,True,True,58.0,66,49,636,11,0,98900,2838,Neutral,4,-67.56,55.23,28.03,57.59,1.672,0.145,0.618,0.1136363636363636,15.0,10.0,0.7,0.4666666666666667,True,0.2666666666666666,0.3333333333333333,0.0,0.0,0.3333333333333333,0.0,0.0,0.2666666666666666,0.0666666666666666,0.0,0.0,0.0,0.3333333333333333,2.0,133.0,0.0,18.0,0.857,3.08,0.068,768.0,131.0
eDmlWAaDxVg,True,True,325.0,36,30,9834377,115941,0,144000,1700,Very Positive,2,-36.4,47.37,25.25,51.24,1.473,0.128,0.41,0.1027811366384522,85.0,57.0,0.8245614035087719,0.5529411764705883,True,0.4752941176470588,0.4470588235294118,0.2352941176470588,0.0705882352941176,0.1764705882352941,0.0,0.0,0.2352941176470588,0.0235294117647058,0.0470588235294117,0.0,0.0,0.2117647058823529,0.417,71.92,149.28,8.25,0.196,7.13,0.107,4690.0,822.0
eE1N5wKmeAA,True,True,258.0,412,244,47989,168,16,569000,3032,Negative,20,-552.77,246.37,45.11,254.0,1.444,0.086,0.428,0.1614420062695925,103.0,90.0,0.9,0.7864077669902912,True,0.3223300970873786,0.3203883495145631,0.087378640776699,0.0776699029126213,0.087378640776699,0.0,0.0,0.0097087378640776,0.058252427184466,0.0776699029126213,0.0,0.0,0.6019417475728155,1.222,73.89,70.09,8.78,0.167,4.74,0.122,3529.0,639.0
eE7unt4DokQ,True,True,120.0,163,104,633,9,0,18300,1549,Neutral,7,-283.24,143.44,37.88,149.95,1.414,0.101,0.477,0.1774193548387097,66.0,61.0,0.9836065573770492,0.9090909090909092,True,0.2303030303030304,0.3484848484848485,0.0454545454545454,0.0303030303030303,0.1818181818181818,0.0,0.0,0.0,0.0303030303030303,0.0,0.0,0.0909090909090909,0.6212121212121212,0.333,42.67,46.28,8.0,0.36,3.86,0.128,1986.0,371.0
eIBcF1cbMyc,True,True,127.0,33,25,1517,8,0,50000,1839,Neutral,2,-243.02,125.91,43.12,132.35,1.514,0.155,0.448,0.0953846153846153,31.0,24.0,0.7916666666666666,0.6129032258064516,True,0.3354838709677419,0.3870967741935484,0.064516129032258,0.0,0.2580645161290322,0.0,0.0,0.0,0.032258064516129,0.032258064516129,0.0,0.0,0.6129032258064516,0.0,335.0,0.0,21.0,0.958,4.61,0.146,1849.0,325.0
eJ14QxkaKsk,True,True,31.0,105,75,2393,6,4,75200,1684,Positive,9,23.55,28.61,14.55,32.13,1.267,0.053,0.733,0.1298701298701298,10.0,8.0,0.875,0.7,True,0.1600000000000001,0.3,0.0,0.1,0.4,0.0,0.1,0.0,0.2,0.1,0.0,0.0,0.1,0.0,77.0,0.0,9.0,0.75,4.54,0.208,371.0,77.0
eJCs_Rax0zY,True,True,175.0,28,27,1252,14,0,42900,959,Negative,3,-488.81,223.54,41.87,231.67,1.36,0.08,0.421,0.1172413793103448,68.0,58.0,0.8793103448275862,0.75,True,0.3058823529411765,0.3529411764705882,0.0441176470588235,0.1029411764705882,0.088235294117647,0.0,0.0,0.0294117647058823,0.0588235294117647,0.0294117647058823,0.0,0.0,0.6470588235294118,0.125,37.25,62.13,6.12,0.103,3.91,0.156,2922.0,575.0
eJF7a7UeHM8,True,True,117.0,122,78,754,19,0,1220000,11882,Neutral,4,47.46,13.55,13.82,14.29,1.55,0.126,0.518,0.0392857142857142,11.0,8.0,0.75,0.5454545454545454,True,0.509090909090909,0.5454545454545454,0.0909090909090909,0.0,0.3636363636363636,0.0,0.0,0.0,0.1818181818181818,0.0909090909090909,0.0,0.0,0.2727272727272727,0.3,28.3,13.78,7.3,0.19,3.3,0.106,1644.0,279.0
eKTw1JfM17o,True,True,151.0,35,33,324,2,0,10700,653,Neutral,2,-265.78,135.79,31.69,140.27,1.459,0.073,0.471,0.1282051282051282,45.0,35.0,0.8857142857142857,0.6888888888888889,False,0.0533333333333334,0.2222222222222222,0.0444444444444444,0.0222222222222222,0.3111111111111111,0.0,0.0,0.1333333333333333,0.0444444444444444,0.0222222222222222,0.0,0.0,0.4222222222222222,1.0,182.0,255.97,13.0,0.485,4.42,0.126,1925.0,350.0
eKWn2dabYWQ,True,True,180.0,587,286,750,3,3,16500,1455,Very Positive,38,75.62,6.49,8.94,8.16,1.369,0.062,0.464,0.0137524557956778,7.0,6.0,0.8333333333333334,0.7142857142857143,True,0.6857142857142857,0.7142857142857143,0.0,0.0,0.1428571428571428,0.0,0.0,0.2857142857142857,0.1428571428571428,0.0,0.0,0.0,0.4285714285714285,0.059,15.32,8.87,5.53,0.063,2.94,0.159,2642.0,507.0
eLA2UsvMbW4,True,True,2908.0,61,50,12715,132,27,569000,3032,Neutral,2,-7252.34,2820.95,159.27,2895.75,1.427,0.103,0.149,0.0094953879544221,70.0,39.0,0.7948717948717948,0.4428571428571428,True,0.8,1.0,0.3428571428571428,0.0285714285714285,0.0428571428571428,0.0,0.0285714285714285,0.0428571428571428,0.0285714285714285,0.0428571428571428,0.0,0.0,0.4428571428571428,0.359,44.3,41.1,7.47,0.011,3.65,0.126,38515.0,7347.0
eLLae4MIEM8,True,True,1381.0,8,6,4316,23,1,569000,3032,Neutral,1,-3167.92,1248.35,126.71,1282.25,1.582,0.147,0.274,0.0243226600985221,79.0,65.0,0.8923076923076924,0.7341772151898734,True,0.8,1.0,0.0886075949367088,0.050632911392405,0.1518987341772152,0.0,0.0253164556962025,0.0,0.0759493670886076,0.1265822784810126,0.0,0.0,0.4810126582278481,1.81,157.33,186.99,10.95,0.093,5.71,0.095,18623.0,3243.0
eLhXzaVHgDM,True,True,162.0,192,139,1125,8,0,45300,2832,Positive,8,63.29,10.24,11.34,12.44,1.416,0.088,0.45,0.0167130919220055,6.0,6.0,1.0,1.0,True,0.7333333333333334,0.8333333333333334,0.3333333333333333,0.0,0.1666666666666666,0.0,0.0,0.1666666666666666,0.0,0.0,0.0,0.0,0.3333333333333333,0.267,24.8,19.69,6.93,0.108,3.59,0.148,1942.0,360.0
eNsLjk2fJxc,True,True,448.0,162,104,266,4,0,216000,5950,Neutral,7,38.63,12.11,18.77,14.69,1.784,0.223,0.316,0.0204081632653061,21.0,18.0,0.8333333333333334,0.7142857142857143,True,0.6285714285714286,0.5714285714285714,0.0,0.0,0.238095238095238,0.0,0.0,0.1904761904761904,0.0,0.1428571428571428,0.0,0.0,0.4285714285714285,0.31,17.97,10.45,6.09,0.039,3.0,0.05,6317.0,1029.0
eOLR2ldIblE,True,True,102.0,166,114,149,3,0,135000,2612,Neutral,7,56.44,9.84,11.86,11.82,1.563,0.13,0.567,0.0275229357798165,6.0,6.0,1.0,1.0,True,0.5333333333333334,0.5,0.0,0.0,0.3333333333333333,0.0,0.0,0.0,0.1666666666666666,0.1666666666666666,0.0,0.0,0.3333333333333333,0.167,18.5,9.22,6.33,0.145,3.1,0.09,1244.0,218.0
eOvY4ZOZiBI,True,True,136.0,100,76,968,13,0,42900,959,Neutral,5,-242.67,128.59,33.89,133.88,1.378,0.088,0.463,0.1722054380664652,57.0,53.0,0.9245283018867924,0.8596491228070176,False,0.168421052631579,0.2982456140350877,0.0350877192982456,0.2631578947368421,0.2280701754385964,0.0,0.0,0.0,0.0175438596491228,0.0350877192982456,0.0,0.0526315789473684,0.3684210526315789,0.625,43.75,23.94,7.38,0.187,3.7,0.151,1738.0,331.0
ePBaE4PR-38,True,True,51.0,98,78,570,8,0,13500,235,Neutral,3,-6.05,37.95,15.9,40.07,1.365,0.052,0.719,0.1489361702127659,14.0,14.0,1.0,1.0,True,0.3428571428571429,0.4285714285714285,0.0,0.2857142857142857,0.0714285714285714,0.0,0.0,0.0,0.0,0.0,0.0,0.0,0.6428571428571429,0.333,32.33,24.79,7.33,0.5,2.89,0.134,506.0,96.0
ePlYxTJ3w3Q,True,True,474.0,21,21,21618,260,0,13500,719,Neutral,1,-1153.46,475.49,75.62,489.49,1.526,0.133,0.385,0.0610749185667752,75.0,61.0,0.8688524590163934,0.7066666666666667,True,0.6293333333333333,0.5733333333333334,0.0533333333333333,0.1333333333333333,0.36,0.0,0.0266666666666666,0.0266666666666666,0.0266666666666666,0.0133333333333333,0.0,0.1733333333333333,0.1866666666666666,5.0,627.0,864.08,12.5,0.975,13.06,0.103,7083.0,1221.0
eXcxe5SbbM0,True,False,99.0,0,0,38,1,0,3880,230,,0,88.8,3.16,7.07,5.33,1.285,0.052,0.528,0.0153846153846153,3.0,3.0,1.0,1.0,True,0.6666666666666667,0.6666666666666666,0.0,0.0,0.0,0.0,0.0,0.0,0.6666666666666666,0.0,0.0,0.0,0.3333333333333333,0.095,9.57,5.48,4.43,0.065,2.68,0.184,955.0,195.0
e_6-QGoeDDc,True,True,67.0,152,98,2370,29,0,1220000,11882,Neutral,4,-108.18,75.05,28.68,79.24,1.468,0.106,0.612,0.1597938144329896,31.0,24.0,0.8333333333333334,0.6451612903225806,False,0.1548387096774193,0.2580645161290322,0.032258064516129,0.032258064516129,0.064516129032258,0.0,0.0,0.0,0.032258064516129,0.0,0.0,0.0,0.8387096774193549,1.0,199.0,0.0,18.0,0.875,3.75,0.08,1019.0,192.0
edZkmdG0IAQ,True,True,389.0,27,27,385,3,0,56400,1114,Neutral,1,51.48,11.17,16.85,13.35,1.59,0.146,0.325,0.0108514190317195,13.0,13.0,1.0,1.0,True,0.7076923076923078,0.7692307692307693,0.0,0.0,0.1538461538461538,0.0,0.0,0.0,0.0,0.0,0.0,0.0,0.8461538461538461,0.254,20.59,12.46,6.54,0.033,3.3,0.111,6990.0,1196.0
eevYyHrXEsk,True,True,72.0,89,69,70,1,0,46000,861,Very Positive,4,41.24,12.37,13.48,13.67,1.723,0.168,0.65,0.0144927536231884,2.0,2.0,1.0,1.0,True,0.6000000000000001,0.5,0.0,0.0,0.5,0.0,0.0,0.0,0.0,0.0,0.0,0.0,0.5,0.429,20.14,6.89,7.57,0.186,2.99,0.113,882.0,138.0
efHGDPWvols,True,True,69.0,74,60,290,2,0,135000,2612,Neutral,2,-122.62,70.61,39.26,73.2,1.951,0.247,0.574,0.1341463414634146,22.0,19.0,0.8421052631578947,0.7272727272727273,True,0.3272727272727274,0.3636363636363636,0.0,0.0,0.4090909090909091,0.0,0.0,0.0,0.2272727272727272,0.0454545454545454,0.0,0.0,0.3181818181818182,0.0,85.5,119.5,7.0,0.0,4.28,0.053,1105.0,165.0
eghTSSF8akQ,True,True,185.0,35,31,6586,19,1,216000,5950,Neutral,1,-348.39,163.71,50.24,169.76,1.644,0.166,0.5,0.1594202898550724,66.0,56.0,0.8571428571428571,0.7272727272727273,False,0.1212121212121213,0.2575757575757575,0.1363636363636363,0.0,0.303030303030303,0.0,0.0151515151515151,0.0151515151515151,0.0303030303030303,0.0303030303030303,0.0,0.0,0.4696969696969697,3.0,424.0,0.0,24.0,0.967,8.14,0.111,2516.0,415.0
eh6Q8pneY3U,True,True,125.0,30,28,1868,4,0,14600,3587,Neutral,2,-316.72,157.8,35.95,164.37,1.342,0.082,0.465,0.1051344743276283,43.0,37.0,0.945945945945946,0.813953488372093,True,0.2232558139534883,0.3488372093023256,0.0232558139534883,0.1860465116279069,0.2558139534883721,0.0,0.0,0.0232558139534883,0.0232558139534883,0.0232558139534883,0.0,0.0232558139534883,0.4418604651162791,0.2,42.3,33.02,8.0,0.157,3.59,0.234,2092.0,406.0
ehFU93Mhfmk,True,True,3444.0,127,87,412,3,0,674,262,Neutral,3,-8719.02,3382.51,199.29,3471.42,1.523,0.136,0.171,0.0103978300180831,92.0,83.0,0.927710843373494,0.8369565217391305,True,0.8,1.0,0.1413043478260869,0.0652173913043478,0.1630434782608695,0.0,0.1195652173913043,0.0,0.0869565217391304,0.0760869565217391,0.0,0.0,0.3478260869565217,0.664,76.07,111.54,8.72,0.013,5.19,0.117,48817.0,8814.0
ejxXGSDMeGQ,True,True,3325.0,37,37,1496,12,0,1400,201,Neutral,2,-9618.77,3730.85,174.99,3828.87,1.396,0.095,0.135,0.005232379193598,51.0,45.0,0.8888888888888888,0.7843137254901961,True,0.8,1.0,0.0,0.0196078431372549,0.3137254901960784,0.0,0.0,0.0,0.0392156862745098,0.0980392156862745,0.0,0.0,0.5294117647058824,0.215,38.34,46.19,6.89,0.007,4.08,0.154,50723.0,9696.0
elKZLPTS7tI,True,False,87.0,0,0,843,8,0,15600,1174,,0,-171.82,99.83,29.92,103.82,1.452,0.087,0.516,0.150197628458498,38.0,32.0,0.90625,0.7631578947368421,True,0.2421052631578948,0.3157894736842105,0.0526315789473684,0.0,0.3421052631578947,0.0,0.0,0.0789473684210526,0.0263157894736842,0.0526315789473684,0.0,0.0,0.4473684210526316,0.5,130.5,129.4,16.0,0.789,4.44,0.161,1397.0,253.0
en7FrDfQOco,True,True,267.0,53,43,2657,67,6,17400,646,Neutral,3,73.99,6.41,12.22,9.42,1.403,0.103,0.369,0.0053262316910785,4.0,4.0,1.0,1.0,True,0.5,0.5,0.0,0.0,0.25,0.0,0.0,0.0,0.0,0.0,0.0,0.25,0.5,0.056,14.37,8.3,5.5,0.034,3.01,0.175,3975.0,745.0
eoKUuwJnkBo,True,True,48.0,94,73,48327,127,34,46000,861,Very Positive,5,-45.92,50.72,24.5,54.16,1.488,0.112,0.624,0.224,28.0,26.0,0.9615384615384616,0.8928571428571429,True,0.2142857142857144,0.3214285714285714,0.0,0.1071428571428571,0.25,0.0,0.0357142857142857,0.0,0.0,0.0,0.0,0.2142857142857142,0.3928571428571428,1.0,128.0,0.0,11.0,0.923,5.66,0.133,704.0,125.0
eoRauYjvl6s,True,True,3534.0,228,145,197,3,0,14700,1456,Neutral,12,78.35,5.48,31.33,7.75,1.367,0.082,0.158,0.0006538084341288,6.0,5.0,0.8,0.6666666666666666,True,0.8,1.0,0.3333333333333333,0.0,0.0,0.0,0.0,0.0,0.0,0.0,0.0,0.0,0.6666666666666666,0.073,12.5,8.2,4.72,0.003,3.05,0.171,48567.0,9101.0
esZMkvNBgsk,True,True,244.0,60,52,1637,5,0,88900,1346,Neutral,4,-483.95,218.89,52.6,227.08,1.495,0.135,0.356,0.1423487544483986,80.0,58.0,0.7931034482758621,0.575,True,0.2750000000000001,0.3,0.0,0.025,0.225,0.0,0.0,0.15,0.0,0.0375,0.0,0.0,0.5625,1.5,144.75,25.28,14.25,0.391,4.28,0.097,3046.0,562.0
evRqX1EdSnM,True,True,400.0,22,22,4027,13,3,75200,1684,Neutral,1,-755.95,322.16,67.51,333.36,1.554,0.155,0.337,0.0912322274881516,77.0,59.0,0.864406779661017,0.6623376623376623,True,0.5038961038961038,0.4675324675324675,0.0,0.0,0.1038961038961039,0.0,0.3246753246753247,0.0,0.0129870129870129,0.0129870129870129,0.0,0.0,0.5454545454545454,3.5,426.5,135.06,14.5,0.621,6.26,0.124,4967.0,842.0
evUJXU4filI,True,True,3620.0,127,98,414,7,0,24900,211,Neutral,4,55.39,11.52,37.04,13.92,1.501,0.128,0.158,0.0025439407955596,22.0,16.0,0.8125,0.5909090909090909,True,0.8,1.0,0.1818181818181818,0.0,0.1363636363636363,0.0,0.0909090909090909,0.0,0.1363636363636363,0.0,0.0,0.0,0.4545454545454545,0.277,22.96,20.17,6.34,0.005,3.41,0.089,47625.0,8634.0
ezBg1vX0Ozg,True,True,179.0,75,59,8758,38,2,477000,4732,Neutral,4,44.3,10.83,12.16,12.19,1.74,0.165,0.452,0.0046838407494145,2.0,1.0,0.0,0.0,True,0.6000000000000001,0.5,0.0,0.0,0.0,0.0,0.0,1.0,0.0,0.0,0.0,0.0,0.0,0.214,15.36,9.46,6.0,0.067,2.88,0.102,2795.0,427.0
f-Uf0XUMqO0,True,True,49.0,27,25,853,3,0,45300,2832,Neutral,1,57.89,8.17,11.0,11.13,1.617,0.158,0.633,0.056,7.0,6.0,0.8333333333333334,0.7142857142857143,True,0.2285714285714286,0.4285714285714285,0.0,0.0,0.1428571428571428,0.0,0.0,0.0,0.0,0.0,0.0,0.0,0.8571428571428571,0.0,13.7,13.64,4.6,0.1,2.96,0.153,788.0,125.0
f-cjbyoWhA4,True,True,202.0,105,76,4391,46,0,1220000,11882,Neutral,3,-493.25,224.16,38.81,231.18,1.413,0.068,0.535,0.218213058419244,127.0,112.0,0.8928571428571429,0.7874015748031497,True,0.2834645669291338,0.3228346456692913,0.0944881889763779,0.1496062992125984,0.0944881889763779,0.0,0.0,0.0472440944881889,0.0708661417322834,0.0787401574803149,0.0,0.0551181102362204,0.4094488188976378,0.357,43.07,39.15,8.21,0.167,3.38,0.126,3159.0,578.0
f0_5NUMuqSE,True,True,1718.0,194,109,82,1,0,216000,5950,Neutral,6,-5455.19,2129.07,151.99,2185.94,1.492,0.124,0.221,0.0094134685010861,52.0,43.0,0.8837209302325582,0.7307692307692307,True,0.8,1.0,0.1346153846153846,0.0961538461538461,0.173076923076923,0.0,0.0,0.0192307692307692,0.0769230769230769,0.0576923076923076,0.0,0.0,0.4423076923076923,0.3,62.79,54.05,9.37,0.021,3.75,0.134,30282.0,5506.0
f3Q9aW2HmIo,True,True,101.0,40,38,1218,1,0,16500,1455,Neutral,4,-213.09,113.53,41.45,119.23,1.556,0.158,0.525,0.1689655172413793,49.0,45.0,0.9333333333333332,0.8571428571428571,True,0.2204081632653061,0.3061224489795918,0.0816326530612244,0.0,0.1836734693877551,0.0,0.0,0.2040816326530612,0.1020408163265306,0.0408163265306122,0.0,0.0,0.3877551020408163,0.0,50.33,40.56,10.0,0.3,3.09,0.136,1587.0,290.0
f3aEWI-2Ykw,True,True,60.0,333,182,820,6,0,74500,586,Neutral,17,60.98,9.94,10.5,10.7,1.473,0.08,0.521,0.0362694300518134,7.0,4.0,0.5,0.2857142857142857,True,0.6285714285714286,0.7142857142857143,0.1428571428571428,0.0,0.4285714285714285,0.0,0.0,0.0,0.0,0.1428571428571428,0.0,0.2857142857142857,0.0,0.0,21.67,16.05,6.78,0.143,3.83,0.138,1113.0,189.0
f3zS9TlYLUI,True,True,125.0,61,54,8942,16,1,16600,1353,Neutral,2,-228.29,117.89,40.59,122.25,1.628,0.147,0.577,0.1496598639455782,44.0,39.0,0.8974358974358975,0.7954545454545454,True,0.2545454545454546,0.3636363636363636,0.0454545454545454,0.25,0.1590909090909091,0.0,0.0681818181818181,0.0681818181818181,0.0454545454545454,0.0681818181818181,0.0,0.0,0.2954545454545454,3.0,300.0,0.0,15.0,0.958,5.96,0.15,1734.0,293.0
f4bW9exS6vY,True,True,96.0,104,72,27507,99,0,939,79,Neutral,7,-125.47,81.44,31.12,85.91,1.48,0.118,0.461,0.0829268292682926,17.0,15.0,0.8666666666666667,0.7647058823529411,False,0.2352941176470588,0.2941176470588235,0.0,0.0,0.1764705882352941,0.0,0.0,0.0,0.0,0.0,0.0,0.0,0.8235294117647058,1.0,208.0,0.0,13.0,0.944,6.84,0.115,1117.0,204.0
f7D57sIGg5c,True,False,204.0,0,0,267,6,0,6020,213,,0,61.33,7.19,11.21,8.0,1.6,0.2,1.0,0.1,1.0,1.0,1.0,1.0,True,0.8,1.0,0.0,0.0,1.0,0.0,0.0,0.0,0.0,0.0,0.0,0.0,0.0,1.0,10.0,0.0,5.0,0.0,1.8,0.0,63.0,10.0
fBHW2ZjFOGg,True,True,232.0,101,71,2766,29,0,27400,964,Neutral,4,-531.33,241.15,35.45,249.02,1.299,0.052,0.425,0.1158730158730158,73.0,56.0,0.875,0.6712328767123288,True,0.3178082191780822,0.3698630136986301,0.0136986301369863,0.1095890410958904,0.0958904109589041,0.0,0.0136986301369863,0.1232876712328767,0.0136986301369863,0.2328767123287671,0.0,0.0,0.3972602739726027,0.5,40.38,38.01,7.0,0.151,3.43,0.167,3081.0,626.0
fC-UdptaLLY,True,True,449.0,43,39,20393,218,25,191000,1170,Positive,3,-994.55,417.05,58.81,429.95,1.399,0.089,0.374,0.0801457194899817,88.0,71.0,0.8732394366197183,0.7045454545454546,True,0.6409090909090909,0.6590909090909091,0.1022727272727272,0.0795454545454545,0.1022727272727272,0.0,0.034090909090909,0.0909090909090909,0.034090909090909,0.0227272727272727,0.0,0.0,0.5340909090909091,0.867,74.53,83.71,9.07,0.092,4.69,0.146,5788.0,1097.0
fC541Rsi7rk,True,True,322.0,102,74,20796,108,0,1220000,11882,Neutral,6,70.14,7.48,12.22,9.73,1.422,0.089,0.387,0.0114942528735632,10.0,10.0,1.0,1.0,True,0.6000000000000001,0.6,0.1,0.0,0.0,0.0,0.0,0.0,0.0,0.1,0.0,0.0,0.8,0.019,16.61,10.73,6.17,0.038,3.09,0.152,4669.0,866.0
fD6S4DDE7Ak,True,True,253.0,69,62,3335,25,0,144000,1700,Neutral,4,-660.12,285.94,56.72,295.26,1.525,0.121,0.424,0.0762942779291553,56.0,49.0,0.9183673469387756,0.8035714285714286,True,0.3928571428571428,0.3392857142857143,0.0178571428571428,0.1071428571428571,0.1964285714285714,0.0,0.0,0.0,0.1071428571428571,0.0178571428571428,0.0,0.0178571428571428,0.5357142857142857,0.429,106.29,118.91,12.86,0.195,4.59,0.147,4140.0,728.0
fES8U8zn-Z0,True,True,315.0,25,21,2958,20,1,23100,1473,Neutral,2,-591.06,257.67,65.71,267.49,1.609,0.184,0.397,0.1246200607902735,82.0,66.0,0.8484848484848485,0.6829268292682927,True,0.3463414634146342,0.3536585365853658,0.0975609756097561,0.073170731707317,0.2317073170731707,0.0,0.0,0.0609756097560975,0.0,0.024390243902439,0.0,0.0,0.5121951219512195,1.0,110.5,119.54,10.0,0.233,5.4,0.063,3788.0,658.0
fFb68ZuG4OY,True,True,941.0,104,78,377,4,0,13500,719,Neutral,7,56.86,9.76,22.89,11.98,1.559,0.141,0.228,0.0091778202676864,24.0,22.0,0.9090909090909092,0.8333333333333334,True,0.8,1.0,0.0,0.0,0.1666666666666666,0.0,0.2083333333333333,0.0,0.0,0.0,0.0,0.0,0.625,0.493,18.44,8.83,6.26,0.015,2.96,0.099,15392.0,2616.0
fHe-sw4yWhk,True,True,188.0,67,52,2526,23,11,34900,832,Neutral,4,-311.67,152.87,43.93,159.66,1.486,0.132,0.496,0.1772151898734177,70.0,59.0,0.8983050847457628,0.7571428571428571,False,0.1200000000000001,0.2428571428571428,0.1714285714285714,0.0428571428571428,0.2,0.0,0.0571428571428571,0.0571428571428571,0.0285714285714285,0.1285714285714285,0.0,0.0142857142857142,0.3,0.0,57.43,37.1,11.29,0.21,4.04,0.159,2092.0,394.0
fIiW9exOf2w,True,True,525.0,22,21,228,1,0,1220000,11882,Neutral,2,-1438.62,587.8,60.54,604.37,1.393,0.067,0.286,0.0490837696335078,75.0,59.0,0.8305084745762712,0.6533333333333333,True,0.6560000000000001,0.64,0.0133333333333333,0.0266666666666666,0.1733333333333333,0.0,0.0,0.0,0.1066666666666666,0.1866666666666666,0.0,0.0,0.4933333333333333,0.298,33.68,37.78,6.3,0.057,3.87,0.141,8137.0,1522.0
fIx85pw7TH8,True,True,979.0,71,53,87,0,0,6800,1417,Neutral,3,47.0,11.79,22.47,13.95,1.644,0.168,0.273,0.0028901734104046,6.0,6.0,1.0,1.0,True,0.8,1.0,0.0,0.0,0.5,0.0,0.0,0.0,0.1666666666666666,0.0,0.0,0.0,0.3333333333333333,0.29,20.96,12.95,7.26,0.016,3.3,0.052,13249.0,2082.0
fIzPJ2zuthM,True,True,249.0,163,118,5076,14,0,569000,3032,Neutral,6,-550.48,246.05,45.5,254.13,1.417,0.088,0.444,0.1451104100946372,92.0,79.0,0.9113924050632912,0.782608695652174,True,0.3347826086956522,0.3260869565217391,0.0217391304347826,0.0543478260869565,0.1521739130434782,0.0,0.0,0.0760869565217391,0.0543478260869565,0.0869565217391304,0.0,0.0108695652173913,0.5434782608695652,0.091,59.82,79.78,7.73,0.16,4.31,0.112,3429.0,634.0
fIzS4dNgfkM,True,True,297.0,85,66,446,4,0,5490,571,Neutral,4,61.5,10.16,11.67,12.22,1.453,0.095,0.346,0.005641748942172,4.0,2.0,0.5,0.25,True,0.7,0.75,0.0,0.0,0.0,0.0,0.0,0.0,0.0,0.0,0.0,0.0,1.0,0.062,22.34,12.51,6.75,0.055,3.41,0.124,3819.0,708.0
fJo3K-Ad6os,True,True,3219.0,39,31,318,11,0,216000,5950,Neutral,1,-9649.6,3741.36,193.03,3839.58,1.461,0.115,0.175,0.0069693553346315,68.0,60.0,0.9,0.7941176470588235,True,0.8,1.0,0.1176470588235294,0.0,0.1617647058823529,0.0,0.0147058823529411,0.0,0.0588235294117647,0.0441176470588235,0.0,0.0147058823529411,0.5882352941176471,0.556,55.18,64.81,7.94,0.01,4.0,0.126,52501.0,9714.0
fKyzKlYGZhA,True,True,188.0,80,70,191,1,0,45400,902,Neutral,6,-346.6,163.71,47.38,169.66,1.611,0.146,0.535,0.2291169451073985,96.0,77.0,0.8961038961038961,0.71875,False,0.1500000000000001,0.28125,0.0625,0.0520833333333333,0.3645833333333333,0.0,0.1770833333333333,0.0104166666666666,0.03125,0.0416666666666666,0.0,0.0208333333333333,0.2395833333333333,1.0,430.0,0.0,14.0,0.95,6.8,0.109,2612.0,421.0
fLOvKDYtvc0,True,True,3400.0,63,43,607,4,0,42900,959,Neutral,2,-9173.31,3557.67,185.94,3650.7,1.494,0.112,0.142,0.0086492258408969,81.0,56.0,0.875,0.6049382716049383,True,0.8,1.0,0.037037037037037,0.0,0.1728395061728395,0.0,0.0,0.0493827160493827,0.1358024691358024,0.0246913580246913,0.0,0.0,0.5802469135802469,0.728,92.44,110.46,9.16,0.024,4.9,0.111,51227.0,9337.0
fLjaSApoDac,True,True,88.0,57,54,263,0,0,45400,902,Neutral,5,-123.62,76.46,37.88,80.7,1.686,0.2,0.578,0.2043010752688172,38.0,32.0,0.875,0.7368421052631579,True,0.2421052631578948,0.3421052631578947,0.0,0.131578947368421,0.1578947368421052,0.0,0.3157894736842105,0.0263157894736842,0.0789473684210526,0.0,0.0,0.0,0.2894736842105263,1.0,192.0,0.0,22.0,0.933,4.73,0.125,1165.0,187.0
fLxi3xJTvQs,True,True,79.0,184,139,2265,10,0,44000,2439,Neutral,8,-138.88,86.04,34.42,90.84,1.507,0.14,0.563,0.1388888888888889,30.0,24.0,0.7916666666666666,0.6333333333333333,True,0.4000000000000001,0.3666666666666666,0.0,0.1,0.3,0.0,0.0,0.2,0.0,0.1333333333333333,0.0,0.0,0.2666666666666666,1.0,225.0,0.0,15.0,0.947,5.08,0.124,1238.0,217.0
fMuGNy2oCzI,True,True,238.0,26,22,1324,3,2,16600,1353,Neutral,2,71.87,6.5,11.0,8.64,1.438,0.096,0.47,0.0279605263157894,17.0,12.0,0.75,0.5294117647058824,True,0.4941176470588235,0.4705882352941176,0.3529411764705882,0.0,0.0588235294117647,0.0,0.0,0.1764705882352941,0.0588235294117647,0.0,0.0,0.0,0.3529411764705882,0.04,12.18,8.55,4.58,0.036,2.87,0.128,3322.0,598.0
fNqvbdmTwt4,True,True,293.0,215,126,3209,27,0,60900,808,Neutral,10,-680.4,291.75,65.19,300.9,1.621,0.16,0.43,0.1081441922563418,81.0,69.0,0.8260869565217391,0.7037037037037037,True,0.4444444444444444,0.382716049382716,0.2962962962962963,0.1604938271604938,0.0493827160493827,0.0,0.0,0.0246913580246913,0.074074074074074,0.037037037037037,0.0,0.0,0.3580246913580246,1.0,95.0,63.44,13.25,0.249,3.83,0.142,4263.0,746.0
fPRbE9IShhI,True,True,206.0,103,67,27668,93,1,88900,1346,Neutral,4,-355.4,169.41,37.88,174.49,1.499,0.086,0.459,0.2237442922374429,98.0,74.0,0.7972972972972973,0.6020408163265306,False,0.1224489795918368,0.2448979591836734,0.0306122448979591,0.0714285714285714,0.1938775510204081,0.0,0.0,0.0714285714285714,0.0,0.0816326530612244,0.0,0.0,0.5510204081632653,10.0,443.0,0.0,21.0,0.976,6.8,0.084,2462.0,437.0
fPxb3U6IYa4,True,True,830.0,70,62,57,1,4,3640,696,Neutral,1,-1626.02,655.68,94.53,674.22,1.593,0.153,0.321,0.038117927337701,64.0,48.0,0.7708333333333334,0.578125,True,0.7250000000000001,0.8125,0.125,0.0,0.328125,0.0,0.0,0.015625,0.03125,0.0,0.0,0.0,0.5,0.909,78.59,105.35,10.59,0.097,4.13,0.101,9850.0,1689.0
fPyS5ma_7rM,True,True,1071.0,346,169,12602,171,46,10700,653,Neutral,22,-2048.74,817.74,104.36,840.43,1.611,0.15,0.243,0.0322733744660655,68.0,38.0,0.7631578947368421,0.4264705882352941,True,0.7705882352941178,0.9264705882352942,0.088235294117647,0.0294117647058823,0.5441176470588235,0.0,0.0441176470588235,0.0,0.0735294117647058,0.0294117647058823,0.0,0.0147058823529411,0.1764705882352941,3.25,267.0,247.68,15.75,0.226,5.61,0.107,12543.0,2102.0
fYrh4--Z65I,True,True,3201.0,119,82,775,7,0,1400,201,Neutral,5,-8667.7,3362.19,205.19,3450.85,1.552,0.145,0.182,0.0042256738236637,37.0,34.0,0.9411764705882352,0.8648648648648649,True,0.8,1.0,0.027027027027027,0.027027027027027,0.1891891891891892,0.0,0.0,0.0,0.027027027027027,0.0,0.0,0.0,0.7297297297297297,2.083,148.72,260.46,10.27,0.026,7.45,0.097,49180.0,8746.0
fZA_-kxJB0I,True,True,49.0,68,52,968,22,0,98900,2838,Neutral,2,-47.39,46.95,26.68,49.47,1.697,0.156,0.596,0.1181818181818181,13.0,11.0,0.8181818181818182,0.6923076923076923,True,0.4307692307692308,0.4615384615384615,0.0,0.0,0.4615384615384615,0.0,0.2307692307692307,0.0,0.0,0.0,0.0,0.0,0.3076923076923077,0.0,114.0,0.0,12.0,0.667,3.59,0.044,692.0,111.0
fdk3j7s3wnw,True,True,89.0,62,54,1386,10,0,477000,4732,Positive,5,63.4,7.89,10.56,9.34,1.527,0.121,0.654,0.0380434782608695,7.0,7.0,1.0,1.0,True,0.6857142857142857,0.7142857142857143,0.0,0.0,0.0,0.0,0.0,0.0,0.0,0.2857142857142857,0.0,0.0,0.7142857142857143,0.154,14.62,6.63,5.92,0.157,2.73,0.105,1053.0,185.0
fe2aFYdxYUY,True,True,307.0,52,50,50723,290,21,10400,247,Neutral,5,-705.58,306.94,49.89,317.2,1.355,0.085,0.383,0.0775,62.0,51.0,0.8431372549019608,0.6935483870967742,True,0.4322580645161291,0.3709677419354839,0.0483870967741935,0.1290322580645161,0.1129032258064516,0.0,0.0,0.2096774193548387,0.0806451612903225,0.1129032258064516,0.0,0.032258064516129,0.2741935483870967,0.3,81.8,103.04,11.2,0.221,3.97,0.171,4232.0,795.0
ffNiaeZQiWg,True,True,31.0,202,143,151,1,0,44000,2439,Neutral,10,61.33,7.19,11.21,8.0,1.6,0.2,1.0,0.1,1.0,1.0,1.0,1.0,True,0.8,1.0,0.0,0.0,1.0,0.0,0.0,0.0,0.0,0.0,0.0,0.0,0.0,1.0,10.0,0.0,5.0,0.0,1.8,0.0,63.0,10.0
ffe1PKuwM9Q,True,True,132.0,57,43,11800,57,6,216000,5950,Positive,3,-242.26,127.79,30.53,132.09,1.409,0.071,0.462,0.123076923076923,40.0,24.0,0.7916666666666666,0.475,False,0.1700000000000001,0.25,0.05,0.075,0.15,0.0,0.025,0.3,0.025,0.05,0.0,0.025,0.3,0.2,66.2,62.13,8.4,0.344,4.56,0.118,1711.0,325.0
fgpgvRpNO04,True,True,3580.0,154,129,251,1,0,24900,211,Neutral,5,-9568.76,3708.22,210.21,3805.15,1.561,0.138,0.136,0.0038242894056847,37.0,32.0,0.90625,0.7837837837837838,True,0.8,1.0,0.0,0.0,0.1351351351351351,0.0,0.0,0.0,0.1621621621621621,0.054054054054054,0.0,0.0,0.6486486486486487,0.557,75.41,98.92,9.89,0.013,4.62,0.112,55284.0,9641.0
fhFMG1M4o9M,True,True,136.0,41,37,7286,27,0,44000,2439,Neutral,2,-204.58,108.62,40.59,113.99,1.636,0.16,0.528,0.241635687732342,65.0,55.0,0.8363636363636363,0.7076923076923077,False,0.1107692307692307,0.2461538461538461,0.0,0.0153846153846153,0.2,0.0,0.0,0.1846153846153846,0.0,0.0769230769230769,0.0,0.0,0.5230769230769231,0.0,272.0,0.0,12.0,0.923,6.91,0.092,1557.0,271.0
fiEzw1ECNnU,True,True,62.0,107,83,4296,23,0,55000,668,Neutral,8,30.53,10.74,3.13,2.8,2.0,0.0,0.286,0.0,0.0,0.0,0.0,0.0,False,0.0,0.0,0.0,0.0,0.0,0.0,0.0,0.0,0.0,0.0,0.0,0.0,0.0,0.0,3.5,0.71,3.0,0.0,3.13,0.0,55.0,7.0
fknL-Kxk2AE,True,True,129.0,211,133,262,4,0,21200,1769,Neutral,8,-187.09,104.19,33.89,108.54,1.525,0.111,0.544,0.1274131274131274,33.0,28.0,0.8928571428571429,0.7575757575757576,True,0.290909090909091,0.3939393939393939,0.0,0.1212121212121212,0.303030303030303,0.0,0.0,0.0303030303030303,0.0606060606060606,0.0909090909090909,0.0,0.0,0.3939393939393939,0.0,33.88,35.99,6.75,0.212,3.82,0.166,1522.0,266.0
fm2fxqrxz18,True,True,210.0,184,125,939,2,3,16600,1353,Neutral,7,-390.66,181.53,43.52,187.04,1.568,0.109,0.41,0.1982942430703624,93.0,62.0,0.7741935483870968,0.5161290322580645,True,0.2150537634408602,0.3225806451612903,0.064516129032258,0.1935483870967742,0.2150537634408602,0.0,0.1505376344086021,0.021505376344086,0.0,0.1075268817204301,0.0,0.0,0.2473118279569892,2.5,238.5,68.59,14.5,0.578,4.36,0.09,2755.0,467.0
fmwIrhN9Cmc,True,True,499.0,47,39,7378,61,0,88900,1346,Neutral,2,-976.38,406.07,75.39,418.54,1.592,0.155,0.332,0.0736543909348441,78.0,55.0,0.8363636363636363,0.5897435897435898,True,0.6307692307692307,0.5769230769230769,0.3205128205128205,0.0256410256410256,0.1794871794871795,0.0,0.0128205128205128,0.0769230769230769,0.0256410256410256,0.0384615384615384,0.0,0.0,0.3205128205128205,2.4,220.0,163.43,15.0,0.282,5.61,0.122,6048.0,1055.0
fol7E4bQFMQ,True,True,130.0,39,35,263,2,0,5490,571,Neutral,2,-261.63,132.23,35.45,135.93,1.554,0.096,0.476,0.1441441441441441,48.0,36.0,0.8611111111111112,0.6458333333333334,False,0.125,0.25,0.1041666666666666,0.0,0.3541666666666667,0.0,0.0416666666666666,0.0625,0.0625,0.0416666666666666,0.0,0.0,0.3333333333333333,3.0,170.5,120.92,19.5,0.528,4.6,0.138,1917.0,332.0
fquiIxZgk4s,True,True,325.0,20,19,730,4,0,98900,2838,Neutral,2,-790.31,335.9,54.23,345.23,1.529,0.094,0.357,0.0944700460829493,82.0,50.0,0.76,0.4634146341463415,True,0.5170731707317073,0.4512195121951219,0.0121951219512195,0.0365853658536585,0.1951219512195122,0.0,0.0,0.0,0.0,0.1219512195121951,0.0,0.0,0.6341463414634146,4.0,439.0,25.46,20.5,0.63,4.99,0.088,4849.0,867.0
fvMYt_aX6iY,True,True,291.0,25,24,10930,69,0,13500,719,Neutral,1,-764.25,327.54,55.49,337.99,1.449,0.1,0.372,0.0807600950118764,68.0,43.0,0.7441860465116279,0.4705882352941176,True,0.4411764705882353,0.3823529411764705,0.0294117647058823,0.2058823529411764,0.25,0.0,0.0147058823529411,0.1029411764705882,0.0294117647058823,0.0147058823529411,0.0,0.0,0.3529411764705882,0.75,212.0,228.29,13.0,0.469,7.77,0.121,4647.0,841.0
fy4FGcpt_ys,True,True,126.0,74,60,2905,22,2,697000,6101,Neutral,5,-197.45,112.59,28.03,117.26,1.311,0.066,0.512,0.2080536912751678,62.0,57.0,0.9298245614035088,0.8548387096774194,False,0.0838709677419355,0.2258064516129032,0.0161290322580645,0.0161290322580645,0.2096774193548387,0.0,0.0,0.0,0.0161290322580645,0.0967741935483871,0.0,0.0483870967741935,0.5967741935483871,0.167,51.17,58.74,7.17,0.308,4.11,0.208,1456.0,296.0
fzeWo4k58hA,True,True,192.0,69,59,1970,40,4,477000,4732,Neutral,2,-421.5,192.54,56.41,199.61,1.608,0.179,0.528,0.1532258064516129,76.0,72.0,0.9444444444444444,0.8947368421052632,True,0.3,0.3684210526315789,0.1052631578947368,0.2105263157894736,0.131578947368421,0.0,0.0,0.131578947368421,0.0,0.0394736842105263,0.0,0.0,0.3815789473684211,5.0,511.0,0.0,22.0,0.967,6.18,0.072,2976.0,496.0
g15CNyfrHFY,True,True,64.0,78,48,239,8,0,17100,551,Neutral,3,-87.77,64.5,33.89,69.17,1.599,0.185,0.624,0.1257861635220125,20.0,16.0,0.8125,0.65,True,0.2199999999999999,0.3,0.45,0.0,0.05,0.0,0.0,0.05,0.1,0.0,0.0,0.05,0.3,0.25,40.25,46.87,8.5,0.294,2.73,0.174,923.0,159.0
g25kuBQhxlY,True,True,565.0,301,161,4889,48,8,14700,1456,Neutral,14,48.24,11.59,16.85,13.32,1.63,0.154,0.364,0.0138768430182133,16.0,13.0,0.9230769230769232,0.75,True,0.6500000000000001,0.625,0.0625,0.125,0.25,0.0,0.3125,0.1875,0.0,0.0625,0.0,0.0,0.0,0.185,21.56,11.66,7.2,0.036,3.26,0.093,7193.0,1157.0
g2RT7E12rnU,True,True,108.0,79,62,1671,2,0,35300,1846,Neutral,4,-191.3,104.78,38.81,109.76,1.575,0.149,0.498,0.1628787878787878,43.0,36.0,0.8888888888888888,0.7441860465116279,True,0.2790697674418605,0.3488372093023256,0.0,0.0465116279069767,0.3023255813953488,0.0,0.0,0.0,0.1860465116279069,0.0697674418604651,0.0,0.0,0.3953488372093023,0.5,136.0,148.49,14.0,0.857,3.49,0.077,1505.0,263.0
g2ZUZ5nbabs,True,True,62.0,187,116,2002,9,2,16500,1455,Neutral,10,-100.97,68.83,29.92,71.35,1.635,0.132,0.629,0.1845238095238095,31.0,28.0,0.8928571428571429,0.8064516129032258,True,0.2064516129032259,0.3225806451612903,0.0,0.0,0.3225806451612903,0.0,0.0,0.0967741935483871,0.1290322580645161,0.064516129032258,0.0,0.0,0.3870967741935484,0.0,169.0,0.0,21.0,0.833,4.3,0.124,1037.0,168.0
g6SglctYqh0,True,True,110.0,128,96,256,2,0,674,262,Neutral,7,73.11,7.24,9.73,9.51,1.379,0.079,0.473,0.0049261083743842,2.0,2.0,1.0,1.0,True,0.8,1.0,0.0,0.0,0.5,0.0,0.0,0.0,0.0,0.0,0.0,0.0,0.5,0.0,17.58,12.13,6.12,0.115,3.27,0.133,2186.0,403.0
g7OYkyGYdJI,True,True,110.0,61,55,1135,9,1,216000,5950,Neutral,5,50.92,9.98,11.46,10.7,1.659,0.138,0.691,0.0,0.0,0.0,0.0,0.0,False,0.0,0.0,0.0,0.0,0.0,0.0,0.0,0.0,0.0,0.0,0.0,0.0,0.0,0.125,16.5,5.37,6.38,0.27,2.79,0.091,930.0,127.0
g7QWHcXk5r8,True,True,223.0,34,27,2250,18,0,46100,596,Neutral,2,-448.45,206.98,40.15,214.23,1.411,0.08,0.4,0.1015037593984962,54.0,39.0,0.8461538461538461,0.6111111111111112,True,0.3777777777777777,0.4629629629629629,0.037037037037037,0.0,0.4814814814814814,0.0,0.037037037037037,0.1481481481481481,0.037037037037037,0.0185185185185185,0.0,0.037037037037037,0.2037037037037037,0.5,273.5,284.96,16.0,0.857,5.06,0.143,2886.0,529.0
g7bHx5OVP2k,True,True,35.0,78,57,20282,1,0,6380,827,Neutral,5,52.5,10.28,11.7,12.14,1.614,0.129,0.714,0.1142857142857142,8.0,4.0,0.75,0.375,True,0.3,0.5,0.0,0.0,0.25,0.0,0.0,0.625,0.0,0.0,0.0,0.0,0.125,0.0,17.5,2.38,7.25,0.357,3.03,0.071,433.0,70.0
g8phP14ysTY,True,True,517.0,83,64,2214,7,0,45300,2832,Neutral,3,-1109.17,458.38,76.29,472.73,1.53,0.14,0.262,0.0705496308449548,86.0,69.0,0.855072463768116,0.686046511627907,True,0.6000000000000001,0.5,0.0116279069767441,0.0116279069767441,0.1744186046511628,0.0,0.0348837209302325,0.0,0.0,0.1395348837209302,0.0,0.0,0.627906976744186,0.583,104.0,91.06,11.92,0.175,4.03,0.083,6987.0,1217.0
g936cLC7qE8,True,True,476.0,200,124,29529,293,0,113000,553,Neutral,15,90.47,2.94,9.81,5.17,1.264,0.043,0.286,0.0051652892561983,5.0,5.0,1.0,1.0,True,0.8,1.0,0.0,0.0,0.2,0.0,0.0,0.0,0.0,0.0,0.0,0.0,0.8,0.046,9.24,7.02,3.86,0.019,2.75,0.22,4953.0,955.0
g9m0qNp71ec,True,True,58.0,92,71,108180,1919,64,216000,5950,Neutral,6,-126.68,84.34,28.03,89.53,1.363,0.088,0.577,0.184331797235023,40.0,37.0,0.918918918918919,0.85,True,0.1899999999999999,0.325,0.0,0.05,0.4,0.0,0.025,0.2,0.075,0.05,0.0,0.0,0.2,2.0,225.0,0.0,14.0,0.941,3.72,0.142,1155.0,217.0
gD-MmdNumI8,True,True,68.0,130,85,2798,54,0,1220000,11882,Neutral,5,-81.62,65.14,25.98,68.14,1.454,0.098,0.65,0.2181818181818181,36.0,34.0,0.9411764705882352,0.8888888888888888,True,0.1777777777777778,0.3055555555555556,0.0555555555555555,0.0,0.25,0.0,0.0,0.0,0.0,0.1944444444444444,0.0,0.0,0.5,2.0,167.0,0.0,25.0,0.909,3.01,0.066,936.0,165.0
gDICuN4uZdE,True,True,659.0,33,29,3332,13,1,569000,3032,Neutral,2,-1174.34,482.13,83.92,496.84,1.593,0.163,0.323,0.0676873489121676,84.0,60.0,0.7833333333333333,0.5595238095238095,True,0.6142857142857143,0.5357142857142857,0.0238095238095238,0.0119047619047619,0.3571428571428571,0.0,0.0595238095238095,0.0119047619047619,0.1547619047619047,0.0,0.0,0.0,0.3809523809523809,10.5,630.0,889.54,9.5,0.493,22.43,0.124,7357.0,1244.0
gGZ-tS6Ih4g,True,True,169.0,72,59,4428,25,0,1220000,11882,Neutral,2,-363.6,170.8,46.64,176.47,1.584,0.135,0.393,0.1382488479262673,60.0,24.0,0.6666666666666666,0.2666666666666666,False,0.2333333333333334,0.2833333333333333,0.0166666666666666,0.0333333333333333,0.1166666666666666,0.0,0.0,0.0166666666666666,0.2,0.05,0.0,0.0,0.5666666666666667,0.5,109.25,127.59,8.5,0.388,5.33,0.092,2402.0,433.0
gJ4Q5hO1g7M,True,True,268.0,72,59,2685,25,4,53500,1701,Neutral,5,-693.65,302.54,45.88,312.53,1.346,0.072,0.394,0.1068702290076335,84.0,76.0,0.9078947368421052,0.8214285714285714,True,0.4666666666666668,0.4047619047619047,0.0476190476190476,0.1428571428571428,0.1071428571428571,0.0,0.0238095238095238,0.0595238095238095,0.0714285714285714,0.0952380952380952,0.0,0.0,0.4523809523809524,0.31,27.97,27.98,6.0,0.06,3.62,0.21,4026.0,777.0
gJkemKXDM4w,True,True,318.0,37,34,1613,6,0,22900,642,Neutral,2,-651.96,283.56,57.02,293.23,1.489,0.123,0.384,0.0781893004115226,57.0,46.0,0.8695652173913043,0.7017543859649122,True,0.3859649122807018,0.3508771929824561,0.0175438596491228,0.0350877192982456,0.1929824561403508,0.0,0.0,0.0,0.087719298245614,0.0350877192982456,0.0,0.087719298245614,0.543859649122807,1.6,152.6,140.78,12.8,0.455,6.15,0.11,4136.0,727.0
gLicdpbYEAs,True,True,650.0,14,14,103,1,0,16500,1455,Neutral,1,-1597.1,645.43,86.7,663.79,1.551,0.13,0.282,0.0483870967741935,81.0,56.0,0.8035714285714286,0.5555555555555556,True,0.7061728395061728,0.7654320987654321,0.0,0.0493827160493827,0.2222222222222222,0.0,0.0,0.0123456790123456,0.037037037037037,0.0493827160493827,0.0,0.0,0.6296296296296297,0.923,66.81,51.37,9.5,0.07,4.02,0.108,9476.0,1668.0
gOGDlasUm0Q,True,True,154.0,71,56,100798,101,0,939,79,Neutral,4,50.87,10.11,12.2,11.39,1.653,0.159,0.527,0.0059347181008902,2.0,2.0,1.0,1.0,True,0.6000000000000001,0.5,0.0,0.0,0.5,0.0,0.0,0.0,0.0,0.0,0.0,0.0,0.5,0.318,15.45,7.91,5.86,0.076,2.82,0.026,2045.0,337.0
gOLAVmFflgg,True,True,66.0,29,26,1062,15,0,50000,1839,Neutral,2,-120.95,76.59,34.42,80.15,1.631,0.16,0.62,0.1375661375661375,26.0,19.0,0.8947368421052632,0.6538461538461539,False,0.2153846153846155,0.2692307692307692,0.0,0.0,0.1923076923076923,0.0,0.0,0.3076923076923077,0.0384615384615384,0.0769230769230769,0.0,0.0,0.3846153846153846,1.5,97.5,17.68,11.5,0.647,5.42,0.123,1165.0,189.0
gOuSLw0yt5Y,True,True,574.0,31,27,24504,314,42,10700,653,Neutral,2,-1072.12,446.01,58.81,458.91,1.44,0.083,0.315,0.0738137082601054,84.0,54.0,0.7592592592592593,0.4880952380952381,True,0.6095238095238096,0.5238095238095238,0.0357142857142857,0.25,0.0119047619047619,0.0,0.0,0.4047619047619047,0.0,0.0,0.0,0.0,0.2976190476190476,6.0,384.0,252.11,14.67,0.409,6.19,0.076,6123.0,1139.0
gQS_OEcgN8E,True,True,3988.0,18,17,207,0,0,24900,211,Neutral,1,-9563.1,3707.18,202.01,3804.15,1.506,0.128,0.152,0.0030975735673722,30.0,24.0,0.75,0.6,True,0.8,1.0,0.1666666666666666,0.0333333333333333,0.3,0.0,0.0,0.0,0.1,0.0,0.0,0.0,0.4,0.55,58.63,69.36,8.66,0.01,4.29,0.126,53493.0,9669.0
gSOEle-vb3Y,True,True,537.0,20,20,7358,16,0,569000,3032,Very Positive,2,-1134.28,468.84,72.39,483.11,1.491,0.123,0.346,0.0523731587561374,64.0,53.0,0.8301886792452831,0.6875,True,0.6187500000000001,0.546875,0.0625,0.09375,0.125,0.0,0.0,0.0,0.15625,0.03125,0.0,0.0,0.53125,0.455,114.91,180.52,11.55,0.116,5.57,0.132,6705.0,1210.0
gSu_0TWRKTM,True,True,303.0,34,31,515,2,0,1100,430,Neutral,2,-689.45,300.22,47.01,309.91,1.38,0.077,0.333,0.0452781371280724,35.0,27.0,0.8148148148148148,0.6285714285714286,True,0.48,0.4285714285714285,0.1714285714285714,0.2285714285714285,0.0857142857142857,0.0,0.0285714285714285,0.0285714285714285,0.1428571428571428,0.0857142857142857,0.0,0.0,0.2285714285714285,0.333,29.59,37.85,5.96,0.055,4.17,0.199,4049.0,770.0
gU2W5T9CCzo,True,True,151.0,42,33,3704,20,0,21200,805,Neutral,3,-279.32,142.15,34.42,147.89,1.403,0.083,0.497,0.1684782608695652,62.0,53.0,0.8867924528301887,0.7580645161290323,False,0.2064516129032259,0.2903225806451613,0.0,0.1935483870967742,0.0967741935483871,0.0,0.0,0.0806451612903225,0.1935483870967742,0.064516129032258,0.0,0.0,0.3709677419354839,0.0,37.1,32.91,6.6,0.154,3.31,0.127,1931.0,365.0
gY060n5FcH0,True,True,160.0,35,31,940,7,1,16500,1455,Neutral,2,72.92,7.0,9.92,9.28,1.394,0.09,0.475,0.0108695652173913,5.0,5.0,1.0,1.0,True,0.32,0.4,0.0,0.0,0.2,0.0,0.0,0.0,0.2,0.0,0.0,0.2,0.4,0.088,13.79,11.57,4.88,0.05,3.27,0.19,2440.0,460.0
gZRhcie__dQ,True,True,226.0,51,34,184391,1052,126,14600,3587,Positive,4,50.92,9.98,11.46,10.7,1.659,0.138,0.691,0.0,0.0,0.0,0.0,0.0,False,0.0,0.0,0.0,0.0,0.0,0.0,0.0,0.0,0.0,0.0,0.0,0.0,0.0,0.125,16.5,5.37,6.38,0.27,2.79,0.091,930.0,127.0
gZruWtIqUY0,True,True,3542.0,126,72,875,6,0,191000,1170,Neutral,3,72.96,7.22,33.8,9.56,1.383,0.084,0.152,0.0002888781896966,3.0,3.0,1.0,1.0,True,0.8,1.0,0.0,0.3333333333333333,0.3333333333333333,0.0,0.0,0.0,0.0,0.3333333333333333,0.0,0.0,0.0,0.075,16.79,11.58,5.59,0.003,3.15,0.151,55465.0,10336.0
g_FrWKCisDk,True,True,3532.0,65,44,559,4,0,1220000,11882,Neutral,3,65.77,7.92,36.33,10.4,1.482,0.118,0.159,0.0012665515256188,11.0,11.0,1.0,1.0,True,0.8,1.0,0.0,0.0,0.0,0.0,0.0,0.1818181818181818,0.2727272727272727,0.1818181818181818,0.0,0.0,0.3636363636363636,0.188,15.94,10.25,5.82,0.003,3.05,0.145,48778.0,8648.0
g_hLjh6Iia4,True,True,181.0,127,81,2124,16,7,12500,530,Neutral,9,-265.32,140.45,25.98,146.96,1.226,0.044,0.424,0.1525885558583106,56.0,43.0,0.813953488372093,0.625,True,0.2214285714285715,0.3392857142857143,0.0357142857142857,0.0535714285714285,0.1071428571428571,0.0,0.0,0.0357142857142857,0.1071428571428571,0.1071428571428571,0.0,0.0535714285714285,0.5,0.091,34.18,28.9,6.45,0.129,3.5,0.186,1687.0,365.0
gb0gwJV1kY8,True,True,96.0,55,50,122516,867,317,45400,902,Positive,3,-180.54,101.05,35.45,105.09,1.556,0.127,0.54,0.1752988047808765,44.0,31.0,0.8387096774193549,0.5909090909090909,False,0.1090909090909091,0.25,0.3863636363636363,0.1363636363636363,0.0909090909090909,0.0,0.0227272727272727,0.0909090909090909,0.0,0.0227272727272727,0.0,0.0454545454545454,0.2045454545454545,2.0,130.0,38.18,14.5,0.571,5.05,0.146,1489.0,252.0
gbnYnCb9p0w,True,True,60.0,103,83,426,17,0,13500,719,Very Positive,7,-55.5,60.75,13.02,64.5,1.181,0.019,0.556,0.2121212121212121,35.0,30.0,0.8666666666666667,0.7428571428571429,False,0.1485714285714285,0.2857142857142857,0.0,0.2,0.1428571428571428,0.0,0.0,0.0285714285714285,0.0857142857142857,0.0571428571428571,0.0,0.0285714285714285,0.4571428571428571,0.0,13.46,12.5,4.31,0.146,2.53,0.206,747.0,162.0
gc0tTWagc0s,True,True,175.0,60,48,2022,15,2,22200,1782,Neutral,4,-427.15,200.28,42.29,208.55,1.339,0.092,0.419,0.0965250965250965,50.0,44.0,0.8636363636363636,0.76,True,0.264,0.32,0.0,0.12,0.22,0.0,0.0,0.0,0.12,0.14,0.0,0.0,0.4,0.056,29.56,29.8,5.78,0.08,3.13,0.194,2611.0,519.0
ggug7D_Pz3A,True,True,69.0,145,103,994,20,0,1220000,11882,Neutral,4,-116.61,72.75,33.36,75.81,1.736,0.161,0.644,0.2011173184357542,36.0,30.0,0.8333333333333334,0.6944444444444444,True,0.2111111111111112,0.3055555555555556,0.0555555555555555,0.0,0.2222222222222222,0.0,0.0,0.0,0.0277777777777777,0.0833333333333333,0.0,0.0,0.6111111111111112,1.0,183.0,0.0,18.0,0.889,5.18,0.049,1073.0,179.0
go13gzfx4sg,True,True,497.0,12,11,1153,8,2,9140,1878,Neutral,1,-1005.39,422.29,54.54,435.24,1.348,0.075,0.313,0.0385674931129476,42.0,34.0,0.8823529411764706,0.7142857142857143,True,0.5523809523809524,0.4761904761904761,0.0476190476190476,0.0,0.119047619047619,0.0,0.0238095238095238,0.0,0.0952380952380952,0.0476190476190476,0.0,0.0,0.6666666666666666,0.208,48.21,50.27,7.46,0.084,4.36,0.169,5640.0,1092.0
gpGlNOt8kxc,True,True,127.0,174,130,3229,17,0,44000,2439,Neutral,9,-253.97,129.42,41.87,135.05,1.548,0.142,0.56,0.1543209876543209,50.0,48.0,0.9583333333333334,0.92,True,0.1680000000000001,0.32,0.04,0.04,0.24,0.0,0.0,0.0,0.2,0.08,0.0,0.0,0.4,0.4,66.8,63.59,8.2,0.344,3.99,0.126,1821.0,326.0
gpTuKeclIWo,True,True,125.0,67,60,40,0,0,10700,653,Neutral,6,50.34,11.46,12.65,13.27,1.598,0.132,0.426,0.0233160621761658,9.0,8.0,0.875,0.7777777777777778,True,0.4888888888888889,0.5555555555555556,0.0,0.0,0.2222222222222222,0.0,0.0,0.0,0.0,0.1111111111111111,0.0,0.0,0.6666666666666666,0.056,22.17,13.12,7.22,0.118,3.42,0.115,2255.0,386.0
gs1DWrXxp7Y,True,True,259.0,587,289,2418,9,8,135000,2612,Neutral,40,-308.59,152.94,37.88,158.99,1.425,0.095,0.389,0.0982367758186398,78.0,66.0,0.8939393939393939,0.7564102564102564,True,0.4666666666666668,0.4230769230769231,0.0128205128205128,0.0128205128205128,0.1666666666666666,0.0,0.0,0.0769230769230769,0.0384615384615384,0.0256410256410256,0.0,0.0128205128205128,0.6538461538461539,0.4,54.6,41.71,7.33,0.145,3.95,0.16,4153.0,790.0
gt-AVLJGYnA,True,True,262.0,240,162,4458,19,0,100000,867,Negative,14,-524.41,235.46,49.54,243.6,1.445,0.11,0.42,0.1353996737357259,83.0,71.0,0.8450704225352113,0.7228915662650602,True,0.308433734939759,0.3253012048192771,0.144578313253012,0.0602409638554216,0.1325301204819277,0.0,0.0240963855421686,0.1325301204819277,0.036144578313253,0.072289156626506,0.0,0.0120481927710843,0.3855421686746988,0.25,52.92,74.91,6.58,0.193,3.83,0.175,3349.0,605.0
gtPXHMa1QG8,True,True,153.0,194,120,151,0,0,36100,2341,Neutral,10,-246.3,120.9,47.38,125.19,1.817,0.203,0.522,0.1897106109324758,59.0,43.0,0.7209302325581395,0.5254237288135594,True,0.2508474576271187,0.3559322033898305,0.0,0.0338983050847457,0.2203389830508474,0.0,0.0,0.0,0.0508474576271186,0.288135593220339,0.0,0.0,0.4067796610169492,1.5,160.5,218.5,10.0,0.833,4.53,0.044,2037.0,311.0
guV2fPWwYoA,True,True,1171.0,21,21,1990,24,0,1220000,11882,Neutral,2,-3395.01,1338.65,102.24,1374.74,1.435,0.088,0.206,0.0237075121393887,83.0,54.0,0.7592592592592593,0.4939759036144578,True,0.8,1.0,0.1204819277108433,0.0963855421686747,0.1325301204819277,0.0,0.036144578313253,0.0843373493975903,0.0481927710843373,0.036144578313253,0.0,0.0,0.4457831325301205,0.3,45.09,56.68,7.29,0.023,3.99,0.116,18667.0,3472.0
gusncb4G2Hk,True,True,221.0,52,43,2780,11,1,88900,1346,Neutral,2,-191.81,106.47,33.63,110.59,1.503,0.107,0.415,0.1302752293577981,71.0,55.0,0.8,0.6197183098591549,False,0.2760563380281691,0.2957746478873239,0.0422535211267605,0.028169014084507,0.0985915492957746,0.0,0.0,0.028169014084507,0.028169014084507,0.0845070422535211,0.0,0.0,0.6901408450704225,1.833,95.33,24.11,12.83,0.281,3.78,0.119,3021.0,545.0
gutRhgx8yQo,True,True,245.0,19,18,1847,6,0,27400,964,Neutral,3,-513.91,228.53,53.58,236.32,1.585,0.135,0.396,0.1013745704467354,59.0,38.0,0.7894736842105263,0.5084745762711864,True,0.271186440677966,0.3220338983050847,0.0338983050847457,0.0169491525423728,0.5084745762711864,0.0,0.0,0.0169491525423728,0.0847457627118644,0.0,0.0,0.0,0.3389830508474576,1.0,591.0,0.0,18.0,0.964,10.4,0.122,3481.0,581.0
gxJg1E_w0dc,True,True,148.0,60,48,3866,37,4,6120,485,Neutral,5,-313.58,154.13,41.45,160.19,1.46,0.115,0.499,0.155,62.0,50.0,0.88,0.7096774193548387,False,0.1290322580645162,0.2903225806451613,0.032258064516129,0.0483870967741935,0.1290322580645161,0.0,0.0,0.0161290322580645,0.1129032258064516,0.0806451612903225,0.0,0.0,0.5806451612903226,1.0,103.0,96.16,12.0,0.596,4.09,0.109,2180.0,399.0
gz2eOc5R3SM,True,True,3276.0,49,44,17526,181,0,46900,1152,Neutral,2,-7821.82,3038.26,186.03,3118.56,1.5,0.132,0.167,0.0085470085470085,67.0,60.0,0.9166666666666666,0.8208955223880597,True,0.8,1.0,0.1641791044776119,0.0,0.1044776119402985,0.0,0.0149253731343283,0.0149253731343283,0.1194029850746268,0.0,0.0,0.0149253731343283,0.5671641791044776,0.454,66.99,119.29,8.92,0.014,4.92,0.138,42954.0,7822.0
h0QvdG8oKUo,True,True,166.0,741,395,1759,11,0,53500,1701,Negative,41,-227.15,124.44,30.53,130.38,1.291,0.072,0.475,0.1815384615384615,59.0,53.0,0.9245283018867924,0.8305084745762712,True,0.216949152542373,0.3220338983050847,0.0169491525423728,0.0677966101694915,0.1186440677966101,0.0,0.0,0.0169491525423728,0.1694915254237288,0.135593220338983,0.0,0.0508474576271186,0.423728813559322,0.105,17.68,11.81,5.21,0.086,2.6,0.17,1556.0,326.0
h1yZnI6RboU,True,True,217.0,297,187,1564,9,1,13500,719,Neutral,15,-428.22,190.0,63.32,197.06,1.856,0.236,0.461,0.129979035639413,62.0,45.0,0.8,0.5806451612903226,False,0.1741935483870968,0.2903225806451613,0.2096774193548387,0.0483870967741935,0.4677419354838709,0.0,0.0,0.0,0.0161290322580645,0.0161290322580645,0.0,0.0,0.2419354838709677,9.0,483.0,0.0,15.0,0.95,6.98,0.077,3147.0,477.0
h23yA4vs37s,True,True,1708.0,195,132,5982,56,14,17400,646,Neutral,22,64.58,7.88,27.94,9.72,1.506,0.117,0.209,0.0022208762366242,11.0,7.0,0.7142857142857143,0.4545454545454545,True,0.8,1.0,0.3636363636363636,0.0909090909090909,0.0909090909090909,0.0,0.0,0.3636363636363636,0.0,0.0909090909090909,0.0,0.0,0.0,0.094,15.08,10.9,5.58,0.006,3.29,0.13,28262.0,4937.0
h2apXuz3ZXA,True,True,84.0,53,44,1004,6,1,11500,201,Neutral,5,-57.96,58.36,22.92,62.28,1.342,0.081,0.664,0.2052980132450331,31.0,28.0,0.8928571428571429,0.8064516129032258,False,0.1161290322580645,0.2580645161290322,0.0967741935483871,0.064516129032258,0.064516129032258,0.0,0.0,0.0,0.0967741935483871,0.0,0.0,0.064516129032258,0.6129032258064516,0.25,38.75,29.18,7.5,0.286,3.25,0.161,765.0,149.0
h3fHBq9Ez1Q,True,True,2776.0,28,23,1569,7,0,698000,6325,Neutral,1,39.8,11.77,38.08,12.35,1.778,0.191,0.178,0.0004910787362907,3.0,3.0,1.0,1.0,True,0.8,1.0,0.0,0.0,0.6666666666666666,0.0,0.0,0.0,0.3333333333333333,0.0,0.0,0.0,0.0,0.171,16.48,14.17,5.65,0.006,3.53,0.066,39470.0,6167.0
h3jfQGH9U0Y,True,True,195.0,49,41,1452,7,4,216000,5950,Neutral,2,31.7,14.3,15.84,16.84,1.806,0.225,0.431,0.0142857142857142,6.0,6.0,1.0,1.0,True,0.6666666666666667,0.6666666666666666,0.1666666666666666,0.0,0.3333333333333333,0.0,0.0,0.1666666666666666,0.0,0.0,0.0,0.0,0.3333333333333333,0.3,21.4,22.7,6.05,0.069,3.2,0.098,2759.0,422.0
h6l3CB3boLA,True,True,893.0,125,89,977,5,0,45300,2832,Neutral,5,61.43,8.34,21.34,10.32,1.542,0.126,0.273,0.0024291497975708,6.0,3.0,0.6666666666666666,0.3333333333333333,True,0.8,1.0,0.0,0.0,0.0,0.0,0.0,0.0,0.0,0.0,0.0,0.0,1.0,0.355,15.13,5.97,5.84,0.011,2.84,0.082,14459.0,2470.0
h7O8mcQOv6Y,True,False,72.0,0,0,1804,10,0,42900,959,,0,-131.83,80.59,32.81,83.27,1.64,0.137,0.589,0.1928934010152284,38.0,26.0,0.7692307692307693,0.5263157894736842,False,0.0526315789473683,0.2368421052631578,0.0263157894736842,0.1052631578947368,0.2631578947368421,0.0,0.0,0.0263157894736842,0.0789473684210526,0.1842105263157894,0.0,0.0,0.3157894736842105,0.0,100.0,138.59,10.5,0.455,2.94,0.065,1210.0,198.0
h88TXd2B-SU,True,True,676.0,126,93,203,4,0,1220000,11882,Neutral,7,50.74,12.75,19.49,15.29,1.528,0.137,0.291,0.0065753424657534,12.0,10.0,0.8,0.6666666666666666,True,0.8,1.0,0.0,0.0,0.0,0.0,0.0,0.0,0.25,0.0,0.0,0.0,0.75,0.11,25.67,16.86,7.25,0.029,3.51,0.134,10474.0,1836.0
h8XjBVpItwU,True,True,181.0,86,63,217043,1753,1196,25800,453,Neutral,4,61.33,7.19,11.21,8.0,1.6,0.2,1.0,0.1,1.0,1.0,1.0,1.0,True,0.8,1.0,0.0,0.0,1.0,0.0,0.0,0.0,0.0,0.0,0.0,0.0,0.0,1.0,10.0,0.0,5.0,0.0,1.8,0.0,63.0,10.0
h8pZlSo9q7o,True,True,123.0,21,21,91,1,0,14600,3587,Neutral,1,-206.25,114.07,29.31,118.62,1.403,0.072,0.572,0.1891891891891892,56.0,52.0,0.9807692307692308,0.9107142857142856,False,0.0714285714285714,0.25,0.0535714285714285,0.125,0.1428571428571428,0.0,0.0,0.0714285714285714,0.0714285714285714,0.0178571428571428,0.0,0.0178571428571428,0.5,1.0,43.14,46.5,7.29,0.205,3.44,0.152,1554.0,293.0
h94zLqrxU4U,True,True,75.0,61,46,23287,162,0,55000,668,Neutral,4,55.1,9.85,12.52,12.46,1.587,0.157,0.669,0.0862068965517241,15.0,14.0,0.9285714285714286,0.8666666666666667,True,0.4000000000000001,0.4,0.0,0.0,0.0666666666666666,0.0,0.0,0.0,0.0666666666666666,0.0,0.0,0.0,0.8666666666666667,0.1,17.5,10.1,5.6,0.149,3.24,0.04,1042.0,174.0
hEWzGcYHjJA,True,True,112.0,65,55,35,0,0,1100,430,Neutral,4,-199.73,110.68,32.26,115.57,1.446,0.093,0.446,0.2724014336917563,76.0,50.0,0.7,0.4605263157894737,False,0.1210526315789475,0.25,0.0394736842105263,0.0,0.3552631578947368,0.0,0.0789473684210526,0.0263157894736842,0.0,0.25,0.0,0.0,0.25,0.188,18.62,16.8,4.81,0.098,2.8,0.161,1505.0,280.0
hEau4q34SNs,True,True,123.0,82,62,752,1,0,45300,2832,Neutral,5,-118.98,82.77,22.92,87.27,1.296,0.056,0.498,0.0790697674418604,17.0,17.0,1.0,1.0,False,0.2588235294117647,0.2941176470588235,0.0588235294117647,0.0588235294117647,0.1176470588235294,0.0,0.0,0.0,0.0588235294117647,0.0588235294117647,0.0,0.0,0.6470588235294118,0.2,43.0,33.23,8.6,0.316,4.24,0.209,1023.0,214.0
hHFvwBXy3uU,True,True,514.0,167,101,36226,443,0,113000,553,Neutral,6,83.11,5.57,10.86,8.09,1.274,0.053,0.309,0.0179414542020774,19.0,15.0,0.7333333333333333,0.5789473684210527,True,0.7157894736842105,0.7894736842105263,0.0526315789473684,0.0,0.0,0.0,0.0526315789473684,0.0526315789473684,0.0,0.0,0.0,0.1052631578947368,0.7368421052631579,0.137,14.93,12.59,4.9,0.023,3.31,0.199,5389.0,1045.0
hIVY_2VvjeA,True,True,127.0,29,27,1073,10,1,6120,485,Neutral,1,61.33,7.19,11.21,8.0,1.6,0.2,1.0,0.1,1.0,1.0,1.0,1.0,True,0.8,1.0,0.0,0.0,1.0,0.0,0.0,0.0,0.0,0.0,0.0,0.0,0.0,1.0,10.0,0.0,5.0,0.0,1.8,0.0,63.0,10.0
hIue8HkdWQM,True,True,60.0,164,116,46926,422,4,44000,2439,Very Positive,13,-137.01,87.52,28.03,91.86,1.401,0.086,0.599,0.1938325991189427,44.0,39.0,0.8974358974358975,0.7954545454545454,False,0.1090909090909091,0.2727272727272727,0.0,0.1363636363636363,0.1818181818181818,0.0,0.1818181818181818,0.0454545454545454,0.0,0.0909090909090909,0.0,0.0454545454545454,0.3181818181818182,1.0,230.0,0.0,13.0,0.947,5.26,0.165,1227.0,224.0
hMmQilp-XA0,True,True,279.0,52,46,2626,15,1,98900,2838,Neutral,5,-618.96,272.99,48.47,282.29,1.387,0.09,0.393,0.0611664295874822,43.0,33.0,0.8787878787878788,0.6744186046511628,True,0.344186046511628,0.3488372093023256,0.1162790697674418,0.0,0.2558139534883721,0.0,0.0,0.1162790697674418,0.0697674418604651,0.0465116279069767,0.0,0.0,0.3953488372093023,0.286,102.14,182.03,8.86,0.171,4.64,0.159,3711.0,698.0
hOsXrUg9laU,True,True,1396.0,8,6,1232,3,0,569000,3032,Neutral,1,-3845.75,1511.08,125.79,1552.17,1.472,0.119,0.224,0.0142602495543672,56.0,42.0,0.8333333333333334,0.625,True,0.8,1.0,0.0535714285714285,0.0357142857142857,0.2142857142857142,0.0,0.0,0.0892857142857142,0.0178571428571428,0.1785714285714285,0.0,0.0,0.4107142857142857,0.48,54.03,46.69,9.52,0.028,3.78,0.125,21477.0,3915.0
hPaxCgWMlkU,True,True,143.0,102,75,47416,369,0,55000,668,Neutral,8,57.71,11.79,13.14,14.91,1.445,0.116,0.477,0.0243243243243243,9.0,8.0,0.875,0.7777777777777778,True,0.6222222222222222,0.6666666666666666,0.3333333333333333,0.1111111111111111,0.1111111111111111,0.0,0.0,0.1111111111111111,0.1111111111111111,0.0,0.0,0.1111111111111111,0.1111111111111111,0.0,25.53,14.72,7.53,0.165,3.3,0.141,2054.0,370.0
hR9ekE3zk6E,True,True,49.0,45,32,348,0,0,1220000,11882,Neutral,3,-61.7,57.89,21.19,60.48,1.434,0.069,0.524,0.1428571428571428,21.0,16.0,0.875,0.6666666666666666,False,0.0952380952380953,0.238095238095238,0.0476190476190476,0.0476190476190476,0.4761904761904761,0.0,0.0476190476190476,0.0,0.0476190476190476,0.0952380952380952,0.0,0.0,0.238095238095238,0.2,31.0,30.0,7.0,0.476,3.56,0.129,833.0,146.0
hRu-N4O-RY0,True,True,122.0,380,227,354,0,0,697000,6101,Negative,17,-211.28,115.77,33.89,120.46,1.415,0.099,0.578,0.2225913621262458,67.0,58.0,0.8793103448275862,0.7611940298507462,True,0.1850746268656717,0.3134328358208955,0.0149253731343283,0.0895522388059701,0.1343283582089552,0.0,0.0,0.044776119402985,0.1194029850746268,0.0298507462686567,0.0,0.0,0.5671641791044776,0.857,44.14,55.31,6.14,0.255,3.96,0.133,1604.0,296.0
hVG4af995EU,True,True,166.0,129,95,2644,102,0,44000,2439,Positive,5,-448.6,208.24,38.34,215.38,1.353,0.071,0.403,0.0996309963099631,54.0,43.0,0.9069767441860463,0.7222222222222222,True,0.3259259259259259,0.3518518518518518,0.0,0.2037037037037037,0.1111111111111111,0.0,0.0,0.0,0.1481481481481481,0.037037037037037,0.0,0.0555555555555555,0.4444444444444444,0.222,62.56,52.36,8.56,0.203,3.77,0.174,2818.0,534.0
hVgcSIwDglw,True,True,118.0,47,31,1419,6,0,18300,1549,Neutral,2,-197.56,107.89,41.87,114.22,1.541,0.17,0.496,0.072992700729927,20.0,16.0,0.875,0.7,True,0.3800000000000001,0.4,0.0,0.0,0.05,0.0,0.0,0.0,0.0,0.3,0.0,0.0,0.65,3.0,281.0,0.0,18.0,0.923,6.86,0.093,1538.0,274.0
hWDn4YR_7eE,True,True,94.0,29,26,1242,0,0,16500,1455,Neutral,3,-159.7,92.42,37.88,98.06,1.585,0.162,0.524,0.1222707423580786,28.0,26.0,0.9230769230769232,0.8571428571428571,True,0.2857142857142858,0.3214285714285714,0.0,0.0,0.1428571428571428,0.0,0.0,0.0,0.3571428571428571,0.0357142857142857,0.0,0.0,0.4642857142857143,0.25,59.0,93.78,7.25,0.425,3.22,0.119,1266.0,229.0
hYEsn973PgY,True,True,89.0,28,25,1007,4,0,16500,1455,Neutral,3,-168.4,98.85,31.69,103.68,1.436,0.1,0.548,0.1771653543307086,45.0,41.0,0.951219512195122,0.8666666666666667,False,0.1600000000000001,0.2666666666666666,0.0444444444444444,0.0,0.1111111111111111,0.0,0.0222222222222222,0.0,0.0888888888888888,0.0888888888888888,0.0,0.0444444444444444,0.6,0.2,52.6,56.1,7.6,0.442,4.19,0.141,1407.0,254.0
hZZg-tX5Fro,True,True,31.0,62,47,852,6,2,46900,1152,Neutral,2,61.33,7.19,11.21,8.0,1.6,0.2,1.0,0.1,1.0,1.0,1.0,1.0,True,0.8,1.0,0.0,0.0,1.0,0.0,0.0,0.0,0.0,0.0,0.0,0.0,0.0,1.0,10.0,0.0,5.0,0.0,1.8,0.0,63.0,10.0
haRAXu-kZB8,True,True,222.0,78,61,27090,100,0,251000,1949,Negative,5,-452.63,210.29,40.15,217.9,1.328,0.078,0.447,0.1617647058823529,88.0,72.0,0.875,0.7159090909090909,False,0.1454545454545455,0.2613636363636363,0.0454545454545454,0.034090909090909,0.2045454545454545,0.0,0.0,0.0568181818181818,0.0681818181818181,0.0568181818181818,0.0,0.0,0.5340909090909091,0.25,69.0,77.4,8.12,0.209,4.22,0.196,2741.0,540.0
hbrFLzbVFTA,True,True,3743.0,22,18,4501,42,8,98900,2838,Neutral,1,-9966.29,3862.54,192.0,3963.24,1.485,0.11,0.144,0.0057740169238427,58.0,48.0,0.9166666666666666,0.7586206896551724,True,0.8,1.0,0.0,0.0344827586206896,0.2241379310344827,0.0,0.0862068965517241,0.0,0.0344827586206896,0.1034482758620689,0.0,0.0,0.5172413793103449,0.541,69.39,86.18,9.38,0.011,4.55,0.131,55073.0,10001.0
hcNH6Qfu6YE,True,True,7295.0,107,79,664,11,0,14700,1456,Neutral,6,-16892.79,6520.69,304.12,6689.85,1.643,0.166,0.146,0.0041123252261778,70.0,52.0,0.8269230769230769,0.6142857142857143,True,0.8,1.0,0.3571428571428571,0.2142857142857142,0.0571428571428571,0.0,0.0,0.0,0.0428571428571428,0.0285714285714285,0.0,0.0,0.3,0.675,85.65,103.24,9.58,0.009,4.62,0.096,98699.0,16988.0
hcxOtu0Vuyk,True,True,60.0,89,69,1202,7,1,46000,861,Very Positive,4,-50.93,53.4,26.68,56.81,1.451,0.128,0.586,0.1052631578947368,14.0,10.0,0.7,0.5,False,0.1428571428571428,0.2857142857142857,0.1428571428571428,0.0,0.0714285714285714,0.0,0.2142857142857142,0.0,0.0714285714285714,0.0,0.0,0.0,0.5,1.5,35.0,56.26,7.5,0.484,3.36,0.15,745.0,133.0
hhI4PqgkJp0,True,False,107.0,0,0,3322,10,0,98900,2838,,0,-178.4,97.52,39.26,100.96,1.686,0.167,0.477,0.2148760330578512,52.0,35.0,0.8,0.5384615384615384,False,0.1538461538461539,0.2692307692307692,0.0961538461538461,0.0384615384615384,0.4615384615384615,0.0,0.0,0.0961538461538461,0.0192307692307692,0.0576923076923076,0.0,0.0,0.2307692307692307,4.0,244.0,0.0,16.0,0.909,5.2,0.07,1436.0,242.0
hl8iEcnyEek,True,True,31.0,53,46,420456,2,0,12500,1337,Very Positive,5,61.33,7.19,11.21,8.0,1.6,0.2,1.0,0.1,1.0,1.0,1.0,1.0,True,0.8,1.0,0.0,0.0,1.0,0.0,0.0,0.0,0.0,0.0,0.0,0.0,0.0,1.0,10.0,0.0,5.0,0.0,1.8,0.0,63.0,10.0
hmSCH5jvPYw,True,True,162.0,98,69,10895,72,10,477000,4732,Neutral,6,48.22,17.31,13.02,19.77,1.354,0.069,0.504,0.1371428571428571,48.0,43.0,0.9069767441860463,0.8125,False,0.0666666666666666,0.2291666666666666,0.0208333333333333,0.1041666666666666,0.1041666666666666,0.0,0.0,0.0,0.0833333333333333,0.0,0.0,0.0,0.6875,0.455,32.55,28.44,6.82,0.202,3.26,0.151,1815.0,348.0
hmtG0ncFM2o,True,True,73.0,120,87,1511,10,4,1110,109,Neutral,3,50.09,10.62,13.23,13.29,1.643,0.179,0.621,0.0071428571428571,1.0,1.0,1.0,1.0,True,0.8,1.0,0.0,0.0,0.0,0.0,0.0,0.0,0.0,0.0,0.0,0.0,1.0,0.25,18.12,7.51,5.88,0.204,3.04,0.09,838.0,140.0
hnkXpgLF4n4,True,True,85.0,63,56,6059,43,0,216000,5950,Neutral,6,50.92,9.98,11.46,10.7,1.659,0.138,0.691,0.0,0.0,0.0,0.0,0.0,False,0.0,0.0,0.0,0.0,0.0,0.0,0.0,0.0,0.0,0.0,0.0,0.0,0.0,0.125,16.5,5.37,6.38,0.27,2.79,0.091,930.0,127.0
hsgQ_oZP_VM,True,True,543.0,49,41,1245,8,1,6800,1417,Neutral,4,67.66,7.6,15.16,10.07,1.462,0.115,0.376,0.0101351351351351,12.0,9.0,0.6666666666666666,0.5,True,0.7,0.75,0.0,0.0,0.1666666666666666,0.0,0.6666666666666666,0.0,0.0,0.0,0.0,0.0,0.1666666666666666,0.092,15.84,11.25,5.91,0.028,3.23,0.113,7135.0,1184.0
huXg7JJwjfQ,True,True,1855.0,47,39,149,1,1,56400,1114,Neutral,4,-3954.07,1553.52,112.42,1594.97,1.433,0.092,0.238,0.0131808007958219,53.0,46.0,0.9130434782608696,0.7924528301886793,True,0.8,1.0,0.0,0.0,0.3018867924528302,0.0,0.0,0.0377358490566037,0.0377358490566037,0.0377358490566037,0.0,0.0,0.5849056603773585,0.226,39.37,42.52,6.98,0.02,3.76,0.152,21755.0,4008.0
hvUoPfUY5ao,True,True,160.0,191,124,245867,772,54,46000,861,Neutral,11,-151.66,96.02,17.12,100.01,1.262,0.024,0.452,0.2840909090909091,75.0,56.0,0.875,0.6533333333333333,False,0.1120000000000001,0.2533333333333333,0.1466666666666666,0.0,0.2666666666666666,0.0,0.0,0.0533333333333333,0.0,0.48,0.0,0.0,0.0533333333333333,0.5,134.0,82.02,13.5,0.821,4.22,0.101,1342.0,265.0
hww7yrz9Puk,True,True,90.0,136,112,3944,40,0,44000,2439,Neutral,7,61.33,7.19,11.21,8.0,1.6,0.2,1.0,0.1,1.0,1.0,1.0,1.0,True,0.8,1.0,0.0,0.0,1.0,0.0,0.0,0.0,0.0,0.0,0.0,0.0,0.0,1.0,10.0,0.0,5.0,0.0,1.8,0.0,63.0,10.0
hxTxROuUj4g,True,False,209.0,0,0,223019,1387,108,113000,2945,,0,-459.13,206.98,56.72,214.62,1.609,0.169,0.477,0.2056603773584905,109.0,84.0,0.8214285714285714,0.6330275229357798,True,0.253211009174312,0.3027522935779816,0.0458715596330275,0.110091743119266,0.2293577981651376,0.0,0.0275229357798165,0.091743119266055,0.036697247706422,0.055045871559633,0.0,0.0,0.4036697247706422,21.0,541.0,0.0,18.0,0.958,8.89,0.068,3147.0,530.0
hxgPkmy6BN4,True,True,241.0,65,49,473,0,0,5490,571,Neutral,6,60.37,10.03,11.81,12.41,1.481,0.11,0.409,0.0144144144144144,8.0,8.0,1.0,1.0,True,0.5,0.5,0.125,0.0,0.375,0.0,0.0,0.0,0.0,0.0,0.0,0.0,0.5,0.269,22.27,13.77,6.46,0.067,3.41,0.145,3194.0,554.0
hzJlNXJLxWc,True,True,214.0,25,21,528,7,0,20300,1285,Neutral,2,66.76,7.47,11.28,9.16,1.486,0.103,0.452,0.010016694490818,6.0,4.0,0.75,0.5,True,0.5333333333333334,0.5,0.5,0.0,0.3333333333333333,0.0,0.0,0.0,0.1666666666666666,0.0,0.0,0.0,0.0,0.19,14.5,6.76,5.31,0.032,2.89,0.1,3426.0,600.0
i1CoiIdbVbE,True,True,31.0,85,60,2450,10,0,3900,286,Neutral,4,20.26,26.33,15.9,28.1,1.438,0.078,0.812,0.3076923076923077,20.0,20.0,1.0,1.0,True,0.2199999999999999,0.35,0.05,0.0,0.05,0.0,0.0,0.05,0.1,0.05,0.0,0.1,0.6,1.0,67.0,0.0,10.0,0.667,3.25,0.09,343.0,66.0
i1I_Oxmm9Fs,True,True,1297.0,28,27,1079,17,1,569000,3032,Neutral,2,50.92,9.98,11.46,10.7,1.659,0.138,0.691,0.0,0.0,0.0,0.0,0.0,False,0.0,0.0,0.0,0.0,0.0,0.0,0.0,0.0,0.0,0.0,0.0,0.0,0.0,0.125,16.5,5.37,6.5,0.27,2.79,0.091,930.0,127.0
i1QeI9C1w9Y,True,True,372.0,54,45,8175,67,0,86300,1033,Neutral,3,9.97,16.34,15.9,11.64,2.111,0.278,0.722,0.1363636363636363,3.0,3.0,1.0,1.0,True,0.4000000000000001,0.3333333333333333,0.0,0.0,0.0,0.0,0.0,0.0,0.0,0.0,0.0,0.0,1.0,0.0,21.0,0.0,5.0,0.5,3.74,0.0,179.0,21.0
i1Tb5gfymfU,True,True,227.0,1,1,1635,10,0,88900,1346,,1,-587.14,260.11,49.89,269.15,1.419,0.101,0.435,0.1121076233183856,75.0,64.0,0.90625,0.7733333333333333,True,0.4053333333333333,0.4666666666666667,0.0133333333333333,0.0933333333333333,0.12,0.0,0.0,0.08,0.0266666666666666,0.08,0.0,0.0,0.5866666666666667,0.118,40.94,52.22,6.24,0.073,3.72,0.167,3536.0,665.0
i4tMkjl0uwI,True,True,1834.0,5,5,2426,21,0,13600,1174,Neutral,1,-3910.39,1533.01,140.59,1573.68,1.612,0.148,0.226,0.0117824016044121,47.0,32.0,0.84375,0.574468085106383,True,0.8,1.0,0.0,0.0,0.1914893617021276,0.0,0.0,0.0,0.1276595744680851,0.0,0.0,0.0,0.6808510638297872,10.429,576.43,403.64,17.0,0.238,7.47,0.074,23560.0,3990.0
i5y5SlctuJE,True,True,270.0,35,31,1785,11,1,27400,964,Neutral,2,-644.54,279.05,59.39,287.49,1.569,0.137,0.445,0.0962861072902338,70.0,57.0,0.8771929824561403,0.7142857142857143,True,0.4742857142857144,0.4285714285714285,0.1,0.0,0.2428571428571428,0.0,0.0,0.0142857142857142,0.0714285714285714,0.1142857142857142,0.0,0.0,0.4571428571428571,1.667,123.67,131.2,12.0,0.244,4.68,0.109,4258.0,727.0
iB4hAHyAByw,True,True,61.0,114,61,542,5,0,135000,2612,Neutral,2,58.42,8.84,11.66,11.33,1.574,0.149,0.6,0.0459183673469387,9.0,9.0,1.0,1.0,True,0.4444444444444444,0.4444444444444444,0.0,0.0,0.1111111111111111,0.0,0.0,0.0,0.0,0.0,0.0,0.0,0.8888888888888888,0.231,15.23,8.75,6.0,0.14,2.93,0.126,1114.0,196.0
iEOa6VM8zHg,True,True,146.0,81,62,377540,2556,15,251000,1949,Neutral,4,-173.19,98.53,35.95,101.65,1.541,0.134,0.398,0.2326530612244897,57.0,42.0,0.8571428571428571,0.631578947368421,True,0.1894736842105264,0.3157894736842105,0.0,0.0,0.1929824561403508,0.0,0.0,0.5087719298245614,0.0175438596491228,0.0175438596491228,0.0,0.0,0.2631578947368421,8.5,124.0,25.46,10.5,0.538,4.02,0.036,1328.0,246.0
iEth2-tjhjY,True,True,72.0,127,89,155,0,0,1100,430,Neutral,5,61.33,7.19,11.21,8.0,1.6,0.2,1.0,0.1,1.0,1.0,1.0,1.0,True,0.8,1.0,0.0,0.0,1.0,0.0,0.0,0.0,0.0,0.0,0.0,0.0,0.0,1.0,10.0,0.0,5.0,0.0,1.8,0.0,63.0,10.0
iFILua3E6Zg,True,True,173.0,27,26,1562,0,0,128000,2724,Neutral,1,-247.96,129.58,34.42,134.88,1.429,0.091,0.556,0.1529051987767584,50.0,46.0,0.9565217391304348,0.88,True,0.248,0.34,0.0,0.08,0.22,0.0,0.0,0.02,0.16,0.12,0.0,0.02,0.38,0.167,56.5,94.47,7.5,0.218,3.81,0.115,1792.0,332.0
iFmtPfMNol4,True,True,223.0,20,20,27717,222,48,36000,6286,Neutral,1,-545.42,241.12,49.89,248.52,1.561,0.11,0.386,0.0954692556634304,59.0,38.0,0.7631578947368421,0.4915254237288136,True,0.2915254237288136,0.3220338983050847,0.1864406779661017,0.1186440677966101,0.0677966101694915,0.0,0.0169491525423728,0.2033898305084746,0.0338983050847457,0.0,0.0,0.0,0.3728813559322034,3.0,317.5,293.45,15.0,0.851,4.86,0.101,3591.0,617.0
iKecm-NLRJI,True,True,5598.0,115,83,292,5,0,2020,191,Neutral,4,61.33,7.19,11.21,8.0,1.6,0.2,1.0,0.1,1.0,1.0,1.0,1.0,True,0.8,1.0,0.0,0.0,1.0,0.0,0.0,0.0,0.0,0.0,0.0,0.0,0.0,1.0,10.0,0.0,5.0,0.0,1.8,0.0,63.0,10.0
iNbwIn5vOEQ,True,True,145.0,27,24,215,1,0,16500,1455,Neutral,2,-363.83,171.33,47.75,177.71,1.562,0.141,0.475,0.1408775981524249,61.0,37.0,0.7837837837837838,0.4754098360655737,False,0.1180327868852459,0.2622950819672131,0.0655737704918032,0.0,0.3114754098360656,0.0,0.0,0.0327868852459016,0.1147540983606557,0.0,0.0,0.0,0.4754098360655737,0.4,87.6,94.89,10.6,0.234,5.07,0.1,2373.0,432.0
iP4kaR8wtE4,True,True,343.0,49,35,12282,37,11,216000,5950,Neutral,3,45.91,11.96,14.84,13.91,1.656,0.161,0.383,0.0175219023779724,14.0,11.0,0.7272727272727273,0.5714285714285714,True,0.4285714285714286,0.3571428571428571,0.0,0.0,0.0,0.0,0.0,0.0,0.0,0.0,0.0,0.0,1.0,0.256,20.74,15.27,6.44,0.055,3.1,0.046,4723.0,799.0
iPyVe4jx7rI,True,True,178.0,62,54,7367,66,0,22200,1782,Neutral,2,-396.57,182.35,50.93,188.7,1.638,0.153,0.461,0.0918803418803418,43.0,42.0,0.9761904761904762,0.9534883720930232,False,0.241860465116279,0.2790697674418604,0.0232558139534883,0.0,0.1395348837209302,0.0,0.0,0.0232558139534883,0.1395348837209302,0.0697674418604651,0.0,0.0,0.6046511627906976,2.0,241.0,226.27,16.5,0.507,4.98,0.118,2705.0,467.0
iSdhV5aMGd4,True,True,200.0,100,78,147,1,0,15400,480,Neutral,4,-452.78,207.58,42.29,214.31,1.462,0.089,0.402,0.131578947368421,70.0,45.0,0.7777777777777778,0.5,True,0.2857142857142858,0.3142857142857143,0.0428571428571428,0.0571428571428571,0.2857142857142857,0.0,0.0,0.0142857142857142,0.0428571428571428,0.1,0.0,0.0,0.4571428571428571,1.0,77.0,48.04,9.71,0.284,3.59,0.117,2870.0,532.0
iT14SR2Obs0,True,True,332.0,103,72,753,5,0,216000,5950,Neutral,5,-797.25,337.61,64.12,347.96,1.575,0.133,0.378,0.067816091954023,59.0,49.0,0.8367346938775511,0.6949152542372882,True,0.5016949152542374,0.4576271186440678,0.135593220338983,0.0,0.1694915254237288,0.0,0.0,0.0677966101694915,0.2203389830508474,0.0508474576271186,0.0,0.0,0.3559322033898305,2.0,221.75,173.02,13.0,0.366,6.47,0.118,4912.0,868.0
iU-kZznCqTE,True,True,1467.0,331,182,8494,120,0,1220000,11882,Neutral,21,-3607.05,1419.65,118.94,1458.37,1.458,0.113,0.195,0.0214150176199512,79.0,46.0,0.7608695652173914,0.4430379746835443,True,0.8,1.0,0.189873417721519,0.050632911392405,0.1518987341772152,0.0,0.0632911392405063,0.0379746835443038,0.0379746835443038,0.1012658227848101,0.0,0.0,0.3670886075949367,0.609,54.97,53.43,7.84,0.028,3.82,0.142,19937.0,3667.0
iU757PQrmVk,True,True,390.0,74,58,3310,15,3,27400,964,Neutral,4,-664.4,287.53,57.02,296.29,1.528,0.122,0.468,0.1160593792172739,86.0,75.0,0.92,0.8023255813953488,True,0.4325581395348838,0.3837209302325581,0.0581395348837209,0.0232558139534883,0.3023255813953488,0.0,0.0,0.0116279069767441,0.127906976744186,0.1046511627906976,0.0,0.0,0.3720930232558139,0.909,68.73,110.1,6.91,0.152,5.51,0.094,4273.0,740.0
iWDH0psBCJo,True,True,141.0,46,42,1614,14,0,135000,2612,Neutral,2,-367.6,176.33,39.71,183.47,1.391,0.091,0.433,0.1626373626373626,74.0,61.0,0.8360655737704918,0.6891891891891891,False,0.0864864864864864,0.2702702702702703,0.027027027027027,0.081081081081081,0.1891891891891892,0.0,0.081081081081081,0.2027027027027027,0.027027027027027,0.0405405405405405,0.0,0.027027027027027,0.3243243243243243,0.333,76.83,40.77,8.17,0.228,4.52,0.13,2340.0,455.0
iWSewFlU6o8,True,True,201.0,96,71,309833,1738,112,697000,6101,Neutral,7,-405.32,184.32,53.26,190.21,1.705,0.167,0.473,0.1702586206896551,79.0,49.0,0.7755102040816326,0.4810126582278481,False,0.1873417721518988,0.2911392405063291,0.0759493670886076,0.0126582278481012,0.240506329113924,0.0,0.0126582278481012,0.050632911392405,0.0,0.0379746835443038,0.0,0.0,0.569620253164557,3.5,234.5,156.27,15.0,0.743,5.61,0.077,2938.0,463.0
iY8OJB32uT4,True,True,358.0,28,23,1090,0,0,60900,808,Neutral,1,-691.46,302.48,44.72,312.46,1.308,0.068,0.393,0.0816326530612244,64.0,54.0,0.8518518518518519,0.71875,True,0.4625000000000001,0.4375,0.03125,0.203125,0.171875,0.0,0.0,0.015625,0.015625,0.078125,0.0,0.078125,0.40625,0.286,57.64,122.19,6.07,0.135,4.01,0.191,3947.0,784.0
iZjpNbYrU4w,True,True,5531.0,165,95,829,9,0,674,262,Neutral,5,-13216.14,5109.56,258.48,5242.91,1.567,0.153,0.159,0.0062092988035741,82.0,65.0,0.8923076923076924,0.7073170731707317,True,0.8,1.0,0.048780487804878,0.0853658536585365,0.1829268292682926,0.0,0.0,0.0,0.073170731707317,0.0853658536585365,0.0,0.0,0.524390243902439,0.35,60.33,91.36,8.18,0.008,4.72,0.116,73735.0,13191.0
idX2wd0HY30,True,True,157.0,42,35,191,2,0,14600,3587,Neutral,2,-369.08,173.55,47.01,179.86,1.553,0.135,0.443,0.1583710407239819,70.0,53.0,0.8490566037735849,0.6428571428571429,False,0.0685714285714285,0.2428571428571428,0.0285714285714285,0.0142857142857142,0.4142857142857143,0.0,0.0,0.0,0.2142857142857142,0.1,0.0,0.0,0.2285714285714285,0.333,74.83,47.7,10.5,0.276,4.06,0.136,2497.0,441.0
ide3ADAjKzA,True,True,140.0,57,48,7597,17,0,40900,1312,Neutral,4,-325.96,156.36,48.47,163.31,1.583,0.16,0.45,0.0872817955112219,35.0,27.0,0.8148148148148148,0.6285714285714286,True,0.3085714285714287,0.3428571428571428,0.0,0.0,0.2571428571428571,0.0,0.0,0.0,0.0571428571428571,0.0857142857142857,0.0,0.0,0.6,0.167,69.5,71.12,11.0,0.21,4.2,0.129,2323.0,399.0
igCTRbIFh0U,True,True,837.0,47,39,412,4,0,45800,539,Very Negative,7,-1988.23,796.38,99.06,819.06,1.519,0.139,0.327,0.0439613526570048,91.0,82.0,0.926829268292683,0.8351648351648352,True,0.7164835164835166,0.7912087912087912,0.0549450549450549,0.0,0.3736263736263736,0.0,0.0439560439560439,0.0219780219780219,0.0329670329670329,0.0329670329670329,0.0,0.0,0.4395604395604395,2.467,140.67,245.23,8.27,0.085,5.22,0.102,12206.0,2067.0
ihII4GKzxE0,True,True,134.0,91,58,2828,24,0,697000,6101,Neutral,2,-305.6,152.27,37.88,158.4,1.402,0.095,0.461,0.1237373737373737,49.0,42.0,0.8571428571428571,0.7346938775510204,True,0.179591836734694,0.3061224489795918,0.0612244897959183,0.0816326530612244,0.0204081632653061,0.0,0.0204081632653061,0.0408163265306122,0.0612244897959183,0.0612244897959183,0.0,0.0204081632653061,0.6326530612244898,0.111,45.89,69.46,6.78,0.192,3.59,0.191,2056.0,391.0
ihUxhJGvnWM,True,True,233.0,53,48,71405,528,99,1630,242,Neutral,3,-508.91,229.32,43.93,236.89,1.454,0.087,0.416,0.1489001692047377,88.0,69.0,0.8840579710144928,0.6931818181818182,True,0.3272727272727274,0.3409090909090909,0.0227272727272727,0.0568181818181818,0.1477272727272727,0.0,0.0681818181818181,0.0,0.0795454545454545,0.0681818181818181,0.0,0.034090909090909,0.5227272727272727,0.667,67.22,59.94,9.0,0.165,3.71,0.129,3297.0,588.0
ikvRXIfR80Y,True,True,149.0,73,54,326,8,0,10700,653,Neutral,3,54.81,9.87,12.22,12.46,1.591,0.148,0.498,0.0622568093385214,16.0,15.0,0.9333333333333332,0.875,True,0.4000000000000001,0.375,0.125,0.0,0.5,0.0,0.0,0.1875,0.0,0.0,0.0,0.0,0.1875,0.133,17.67,14.71,5.93,0.134,2.96,0.113,1495.0,258.0
inKXLBMQlHE,True,True,5283.0,44,39,306,2,0,98900,2838,Neutral,2,-14399.15,5566.47,222.23,5711.17,1.453,0.103,0.148,0.0058864265927977,85.0,66.0,0.8333333333333334,0.6470588235294118,True,0.8,1.0,0.1294117647058823,0.0117647058823529,0.1529411764705882,0.0,0.0588235294117647,0.0117647058823529,0.0588235294117647,0.2,0.0,0.0,0.3764705882352941,0.397,51.81,59.09,7.67,0.006,3.94,0.125,78231.0,14363.0
iqM7j_khPro,True,True,255.0,32,31,305,5,2,4340,290,Positive,3,61.33,7.19,11.21,8.0,1.6,0.2,1.0,0.1,1.0,1.0,1.0,1.0,True,0.8,1.0,0.0,0.0,1.0,0.0,0.0,0.0,0.0,0.0,0.0,0.0,0.0,1.0,10.0,0.0,5.0,0.0,1.8,0.0,63.0,10.0
iqcLXLNE9oc,True,True,420.0,47,42,557,5,0,32000,911,Neutral,2,71.79,7.27,13.56,9.28,1.402,0.085,0.323,0.0008333333333333,1.0,1.0,1.0,1.0,True,0.8,1.0,0.0,0.0,0.0,0.0,0.0,0.0,0.0,0.0,0.0,0.0,1.0,0.123,15.43,16.98,4.78,0.022,3.81,0.143,6720.0,1223.0
iqiz1Ctl6tA,True,True,163.0,50,38,474,0,0,22900,642,Neutral,3,-179.86,103.43,32.81,108.16,1.427,0.103,0.55,0.1931818181818181,51.0,49.0,0.979591836734694,0.9411764705882352,True,0.2039215686274509,0.3137254901960784,0.0196078431372549,0.1176470588235294,0.0392156862745098,0.0,0.0,0.0,0.0588235294117647,0.0784313725490196,0.0,0.1568627450980392,0.5294117647058824,1.0,136.5,62.93,20.0,0.739,4.25,0.132,1431.0,262.0
isXPGOMIEpg,True,True,2944.0,43,32,259,2,0,1220000,11882,Neutral,2,76.79,5.14,28.42,7.72,1.412,0.097,0.18,0.000162999185004,1.0,1.0,1.0,1.0,True,0.8,1.0,0.0,0.0,1.0,0.0,0.0,0.0,0.0,0.0,0.0,0.0,0.0,0.07,10.81,8.53,4.39,0.003,2.97,0.164,33656.0,6109.0
iwPdIcv4R8U,True,True,133.0,33,27,1810,5,0,21200,805,Neutral,2,-293.4,149.08,33.89,155.63,1.33,0.076,0.44,0.116580310880829,45.0,38.0,0.8421052631578947,0.7111111111111111,True,0.2844444444444445,0.4444444444444444,0.0222222222222222,0.0222222222222222,0.1777777777777777,0.0,0.0666666666666666,0.0,0.0,0.0666666666666666,0.0,0.0,0.6444444444444445,0.167,32.67,24.9,6.92,0.152,3.24,0.212,1865.0,384.0
iyT00P2BR_M,True,True,79.0,81,57,1973,26,1,135000,2612,Neutral,3,61.33,7.19,11.21,8.0,1.6,0.2,1.0,0.1,1.0,1.0,1.0,1.0,True,0.8,1.0,0.0,0.0,1.0,0.0,0.0,0.0,0.0,0.0,0.0,0.0,0.0,1.0,10.0,0.0,5.0,0.0,1.8,0.0,63.0,10.0
iynOzdIx_Xc,True,True,110.0,87,67,1918,21,0,1220000,11882,Neutral,4,-261.03,133.88,34.94,139.14,1.463,0.091,0.493,0.1286549707602339,44.0,34.0,0.9117647058823528,0.7045454545454546,False,0.0727272727272727,0.2272727272727272,0.0454545454545454,0.1136363636363636,0.2272727272727272,0.0,0.0,0.0454545454545454,0.0227272727272727,0.1136363636363636,0.0,0.0,0.4318181818181818,0.0,49.14,37.57,10.43,0.212,3.03,0.119,1889.0,340.0
j-DtknJnoEg,True,True,4696.0,146,100,815,5,0,14700,1456,Neutral,7,-12540.11,4849.82,243.54,4976.14,1.567,0.143,0.168,0.0046725271244159,59.0,47.0,0.8723404255319149,0.6949152542372882,True,0.8,1.0,0.2033898305084746,0.1864406779661017,0.1016949152542373,0.0,0.0,0.0169491525423728,0.0,0.135593220338983,0.0,0.0,0.3559322033898305,0.94,96.41,120.84,9.9,0.016,5.32,0.1,71649.0,12595.0
j163VvTQ3q8,True,True,1713.0,128,91,10309,50,3,121000,1041,Neutral,4,-4075.41,1602.74,99.91,1646.4,1.307,0.07,0.225,0.0151588065447545,63.0,55.0,0.8727272727272727,0.7619047619047619,True,0.8,1.0,0.0634920634920634,0.1269841269841269,0.1746031746031746,0.0,0.0634920634920634,0.0158730158730158,0.1111111111111111,0.0634920634920634,0.0,0.0,0.3809523809523809,0.185,33.82,39.26,6.55,0.014,3.38,0.172,21066.0,4098.0
j29MTjf8bJQ,True,True,237.0,164,94,702,7,0,47600,2491,Neutral,3,-419.82,196.53,36.93,203.11,1.384,0.07,0.464,0.1437007874015748,73.0,61.0,0.8688524590163934,0.726027397260274,False,0.1808219178082193,0.2876712328767123,0.0547945205479452,0.0958904109589041,0.1780821917808219,0.0,0.0136986301369863,0.0,0.0821917808219178,0.1232876712328767,0.0,0.0136986301369863,0.4383561643835616,0.167,43.58,40.09,7.75,0.125,4.14,0.172,2650.0,509.0
j2r44Plhj-Y,True,True,346.0,49,38,63,1,0,6800,1417,Neutral,4,68.45,7.95,11.86,10.0,1.431,0.091,0.376,0.0089514066496163,7.0,6.0,0.8333333333333334,0.7142857142857143,True,0.6285714285714286,0.7142857142857143,0.0,0.0,0.1428571428571428,0.0,0.1428571428571428,0.0,0.4285714285714285,0.0,0.0,0.0,0.2857142857142857,0.244,17.51,14.12,6.29,0.042,3.12,0.152,4596.0,785.0
j3t5nFnTULQ,True,True,310.0,46,42,13340,138,28,191000,1170,Neutral,3,74.94,7.23,12.22,10.46,1.346,0.091,0.382,0.0212765957446808,18.0,14.0,0.8571428571428571,0.6666666666666666,True,0.6444444444444446,0.6111111111111112,0.0555555555555555,0.2222222222222222,0.1111111111111111,0.0,0.0,0.2777777777777778,0.0555555555555555,0.0,0.0,0.0,0.2777777777777778,0.122,17.98,15.44,5.22,0.036,3.4,0.17,4439.0,836.0
j4HEaSFrjT4,True,True,385.0,40,40,2572,14,1,216000,5950,Neutral,2,47.19,10.83,16.24,13.58,1.687,0.185,0.404,0.014002333722287,12.0,9.0,0.7777777777777778,0.5833333333333334,True,0.6000000000000001,0.6666666666666666,0.1666666666666666,0.0,0.0,0.0,0.0,0.6666666666666666,0.0,0.0,0.0,0.0,0.1666666666666666,0.192,16.69,7.26,6.13,0.035,2.91,0.105,5263.0,855.0
j4KlPzmJ_9Y,True,True,72.0,233,142,679,3,1,74500,586,Positive,14,60.81,10.52,12.16,12.49,1.449,0.108,0.557,0.0317460317460317,6.0,6.0,1.0,1.0,True,0.5333333333333334,0.5,0.0,0.0,0.3333333333333333,0.0,0.0,0.0,0.1666666666666666,0.0,0.0,0.0,0.5,0.111,21.67,8.93,7.22,0.218,3.05,0.144,1039.0,187.0
j6cPQB3h_GU,True,True,35.0,19,18,163415,1102,0,16500,578,Neutral,1,61.33,7.19,11.21,8.0,1.6,0.2,1.0,0.1,1.0,1.0,1.0,1.0,True,0.8,1.0,0.0,0.0,1.0,0.0,0.0,0.0,0.0,0.0,0.0,0.0,0.0,1.0,10.0,0.0,5.0,0.0,1.8,0.0,63.0,10.0
jFDNWz0lfN0,True,True,169.0,26,23,825,10,0,13600,1174,Neutral,2,-411.02,192.81,37.88,199.24,1.4,0.075,0.433,0.1151515151515151,57.0,49.0,0.8979591836734694,0.7719298245614035,True,0.2456140350877194,0.3333333333333333,0.0175438596491228,0.0526315789473684,0.2280701754385964,0.0,0.0,0.0,0.0526315789473684,0.1052631578947368,0.0,0.0,0.543859649122807,0.312,32.62,36.68,6.88,0.124,3.29,0.119,2592.0,495.0
jFTZ3iEWDYk,True,True,159.0,456,240,903,5,0,16500,1455,Very Positive,26,-338.98,162.64,43.93,169.07,1.521,0.124,0.494,0.105515587529976,44.0,33.0,0.8787878787878788,0.6590909090909091,True,0.1909090909090909,0.3181818181818182,0.0,0.0,0.25,0.0,0.0681818181818181,0.0,0.0454545454545454,0.0227272727272727,0.0,0.0,0.6136363636363636,1.25,107.0,118.41,12.25,0.268,3.78,0.121,2379.0,418.0
jI16XVwxsX0,True,True,64.0,35,28,3700,51,2,28800,1415,Neutral,2,-82.78,64.31,26.68,67.88,1.516,0.107,0.591,0.191358024691358,31.0,22.0,0.8636363636363636,0.6129032258064516,False,0.1677419354838709,0.2580645161290322,0.064516129032258,0.1290322580645161,0.2258064516129032,0.0,0.0,0.0967741935483871,0.0,0.1612903225806451,0.0,0.0,0.3225806451612903,0.0,54.33,79.65,8.0,0.762,3.72,0.141,889.0,160.0
jIfo9a8dmNA,True,True,340.0,71,55,1332,9,0,44000,2439,Neutral,3,-711.08,308.2,49.89,318.04,1.396,0.085,0.407,0.0739348370927318,59.0,46.0,0.8695652173913043,0.6779661016949152,True,0.4677966101694915,0.4406779661016949,0.0677966101694915,0.0169491525423728,0.1525423728813559,0.0,0.0,0.0677966101694915,0.0847457627118644,0.0847457627118644,0.0,0.0,0.5254237288135594,0.19,38.86,40.3,6.57,0.064,3.6,0.161,4164.0,794.0
jIwUwGE9aX8,True,True,2630.0,148,101,1087,9,2,46000,861,Positive,9,-6980.76,2716.24,156.42,2787.92,1.444,0.103,0.154,0.0059642147117296,42.0,34.0,0.8529411764705882,0.6904761904761905,True,0.8,1.0,0.0476190476190476,0.0238095238095238,0.0952380952380952,0.0,0.0714285714285714,0.0,0.0238095238095238,0.0,0.0,0.0,0.7380952380952381,0.562,69.54,78.42,9.8,0.018,4.0,0.15,38575.0,7001.0
jJfYjFQ5wvM,True,True,5249.0,236,156,1751,33,0,17100,551,Neutral,10,-12969.48,5013.55,272.3,5144.44,1.627,0.173,0.161,0.0038607057370087,50.0,45.0,0.8888888888888888,0.8,True,0.8,1.0,0.08,0.0,0.12,0.0,0.0,0.04,0.2,0.0,0.0,0.0,0.56,1.266,121.36,217.01,11.14,0.013,6.47,0.104,75253.0,12939.0
jJgT__VYKy4,True,False,351.0,0,0,3737,40,0,170000,3304,,0,-867.63,367.3,57.02,378.44,1.447,0.095,0.351,0.0676378772112382,65.0,45.0,0.9111111111111112,0.6307692307692307,True,0.5846153846153848,0.5384615384615384,0.1692307692307692,0.0,0.0461538461538461,0.0,0.0,0.1846153846153846,0.0307692307692307,0.0461538461538461,0.0,0.0,0.5230769230769231,0.562,61.38,51.28,10.12,0.13,3.89,0.144,5042.0,954.0
jKFv4-tHHUs,True,True,159.0,144,107,846,3,0,27400,964,Neutral,7,-310.45,151.46,42.71,156.78,1.531,0.126,0.492,0.0971128608923884,37.0,29.0,0.896551724137931,0.7027027027027027,True,0.291891891891892,0.4054054054054054,0.2432432432432432,0.054054054054054,0.1621621621621621,0.0,0.0,0.1081081081081081,0.0,0.081081081081081,0.0,0.0,0.3513513513513513,1.333,131.33,130.52,10.33,0.352,4.22,0.145,2201.0,385.0
jKu3EnRyMlE,True,True,103.0,95,73,910,2,0,216000,5950,Neutral,8,50.92,9.98,11.46,10.7,1.659,0.138,0.691,0.0,0.0,0.0,0.0,0.0,False,0.0,0.0,0.0,0.0,0.0,0.0,0.0,0.0,0.0,0.0,0.0,0.0,0.0,0.125,16.5,5.37,6.5,0.27,2.79,0.091,930.0,127.0
jMobXLwZARU,True,True,2387.0,36,33,2293,32,6,569000,3032,Neutral,2,-7721.17,3002.61,137.23,3081.73,1.354,0.072,0.14,0.0075728404569374,59.0,50.0,0.9,0.7627118644067796,True,0.8,1.0,0.0338983050847457,0.0,0.2542372881355932,0.0,0.0,0.0,0.1186440677966101,0.0677966101694915,0.0,0.0,0.5254237288135594,0.338,37.21,54.65,6.33,0.009,3.98,0.168,39976.0,7754.0
jPSl50VPOHI,True,True,215.0,233,141,2465,21,2,32100,748,Neutral,9,-472.13,212.52,52.6,220.01,1.583,0.14,0.479,0.1016635859519408,55.0,54.0,0.9814814814814816,0.9636363636363636,True,0.3490909090909091,0.3636363636363636,0.0909090909090909,0.0181818181818181,0.2909090909090909,0.0,0.0,0.0,0.0363636363636363,0.0545454545454545,0.0,0.0,0.509090909090909,2.0,276.0,338.0,15.0,0.5,5.17,0.138,3136.0,540.0
jQUbgcBjDDY,True,True,67.0,172,118,37009,163,14,16500,1455,Neutral,11,42.0,11.97,14.19,14.42,1.728,0.204,0.646,0.0536912751677852,8.0,7.0,0.8571428571428571,0.75,True,0.3500000000000001,0.375,0.375,0.0,0.0,0.0,0.375,0.0,0.0,0.0,0.0,0.0,0.25,0.125,18.88,7.53,6.25,0.159,3.72,0.113,925.0,148.0
jQc-Fd07WSo,True,True,61.0,65,59,148,0,0,7550,2528,Neutral,5,76.05,6.11,9.1,8.18,1.379,0.078,0.654,0.050632911392405,8.0,7.0,0.8571428571428571,0.75,True,0.5,0.5,0.0,0.0,0.125,0.0,0.0,0.25,0.0,0.125,0.0,0.25,0.25,0.154,12.31,8.63,4.85,0.155,2.68,0.163,847.0,164.0
jRivbMime1s,True,True,213.0,112,74,6985,78,0,55000,668,Neutral,6,72.1,7.18,11.28,10.36,1.4,0.106,0.433,0.0354131534569983,21.0,20.0,0.95,0.9047619047619048,True,0.6095238095238096,0.7142857142857143,0.0476190476190476,0.0476190476190476,0.0,0.0,0.0,0.0,0.0476190476190476,0.0,0.0,0.0952380952380952,0.7619047619047619,0.098,15.24,11.11,5.29,0.064,2.97,0.155,3158.0,592.0
jSMEktkyAFs,True,True,239.0,20,19,377,1,0,6800,555,Neutral,1,-546.27,238.51,62.77,246.07,1.703,0.182,0.412,0.076158940397351,46.0,40.0,0.925,0.8043478260869565,True,0.4347826086956523,0.4347826086956521,0.0217391304347826,0.0,0.2826086956521739,0.0,0.0217391304347826,0.0434782608695652,0.1739130434782608,0.0,0.0,0.0,0.4565217391304347,16.0,609.0,0.0,25.0,0.97,6.77,0.092,3760.0,605.0
jTGtmTY0KPs,True,True,312.0,251,154,49763,398,0,1220000,11882,Neutral,14,-641.83,276.43,67.51,286.01,1.645,0.182,0.392,0.0764872521246459,54.0,38.0,0.8421052631578947,0.5925925925925926,True,0.3777777777777777,0.3703703703703703,0.0925925925925925,0.0555555555555555,0.3148148148148148,0.0,0.0,0.037037037037037,0.074074074074074,0.037037037037037,0.0,0.0,0.3888888888888889,4.5,355.5,484.37,14.5,0.939,12.86,0.108,4099.0,705.0
jVcX_UfKD-E,True,True,32.0,32,30,740,5,0,3210,503,Positive,2,-7.5,30.2,22.92,31.85,1.766,0.188,0.781,0.28125,18.0,17.0,0.9411764705882352,0.8888888888888888,True,0.3333333333333335,0.5,0.1111111111111111,0.0,0.0555555555555555,0.0,0.0,0.0,0.1666666666666666,0.0,0.0,0.0,0.6666666666666666,0.0,67.0,0.0,9.0,0.75,3.24,0.06,421.0,64.0
jYUj8ZVNO3A,True,True,208.0,89,66,172,4,0,45300,2832,Neutral,3,67.59,7.28,11.0,9.65,1.479,0.108,0.39,0.0093283582089552,5.0,5.0,1.0,1.0,True,0.72,0.8,0.0,0.6,0.0,0.0,0.0,0.0,0.2,0.0,0.0,0.0,0.2,0.41,13.92,6.61,5.62,0.053,2.7,0.074,3048.0,537.0
jdShUNBaeLc,True,True,1941.0,133,96,1823,27,3,46000,861,Very Positive,7,-6045.26,2358.2,128.42,2420.79,1.376,0.08,0.158,0.0077150361129349,47.0,37.0,0.8378378378378378,0.6595744680851063,True,0.8,1.0,0.0425531914893617,0.0212765957446808,0.2340425531914893,0.0,0.0,0.0,0.1489361702127659,0.0851063829787234,0.0,0.0,0.4680851063829787,0.301,37.99,40.02,6.44,0.013,3.69,0.161,31532.0,6063.0
jhu6OI9AWgY,True,True,3627.0,116,93,577,5,0,24900,211,Neutral,5,-8515.87,3304.24,196.6,3391.23,1.533,0.135,0.155,0.0064846416382252,57.0,46.0,0.8695652173913043,0.7017543859649122,True,0.8,1.0,0.0175438596491228,0.0,0.1228070175438596,0.0,0.0,0.0701754385964912,0.087719298245614,0.0,0.0,0.0,0.7017543859649122,0.419,77.5,91.47,9.67,0.014,4.46,0.114,49134.0,8741.0
ji_FWub99PA,True,True,4175.0,144,102,145,4,1,674,262,Neutral,5,-11548.47,4471.52,207.75,4588.65,1.435,0.112,0.14,0.0068392346982945,79.0,63.0,0.8412698412698413,0.6708860759493671,True,0.8,1.0,0.0759493670886076,0.0,0.1265822784810126,0.0,0.0,0.0,0.1265822784810126,0.050632911392405,0.0,0.0,0.620253164556962,0.381,54.93,62.18,8.28,0.01,4.1,0.141,60504.0,11513.0
joQGSOx0sME,True,True,688.0,23,21,1699,1,0,14700,1456,Neutral,2,-2019.87,810.73,84.52,833.69,1.413,0.098,0.249,0.0354442344045368,75.0,53.0,0.8113207547169812,0.5733333333333334,True,0.7786666666666666,0.9466666666666668,0.1733333333333333,0.0266666666666666,0.1466666666666666,0.0,0.0,0.0666666666666666,0.0533333333333333,0.0,0.0,0.0933333333333333,0.44,0.218,39.45,45.49,6.71,0.033,3.81,0.166,11324.0,2093.0
jq-_7hyIEZ0,True,True,266.0,348,216,15281,61,17,569000,3032,Positive,21,-572.04,255.77,36.93,263.95,1.348,0.053,0.434,0.1092814371257485,73.0,62.0,0.935483870967742,0.7945205479452054,True,0.4109589041095891,0.410958904109589,0.0273972602739726,0.0410958904109589,0.0684931506849315,0.0,0.0,0.0273972602739726,0.0547945205479452,0.136986301369863,0.0,0.0410958904109589,0.6027397260273972,0.333,76.22,70.81,8.0,0.246,4.5,0.156,3413.0,664.0
jqo2i_iE-RA,True,True,4644.0,136,90,531,7,0,191000,1170,Neutral,8,-12132.95,4692.66,255.85,4815.42,1.601,0.163,0.166,0.0092676125645862,113.0,80.0,0.85,0.6017699115044248,True,0.8,1.0,0.1592920353982301,0.1150442477876106,0.2212389380530973,0.0,0.0,0.0353982300884955,0.0265486725663716,0.1592920353982301,0.0,0.0,0.2831858407079646,0.709,84.16,122.96,9.56,0.017,4.73,0.102,70717.0,12161.0
jsLa9itfNFU,True,True,172.0,74,59,414,1,0,145000,1134,Neutral,2,47.42,14.22,14.01,16.38,1.518,0.119,0.43,0.0080645161290322,4.0,3.0,0.6666666666666666,0.5,True,0.5,0.5,0.0,0.0,0.25,0.0,0.0,0.0,0.0,0.0,0.0,0.0,0.75,0.222,28.17,18.68,7.5,0.113,3.88,0.118,2838.0,498.0
ju0OfsPBjtg,True,True,383.0,204,139,10477,137,4,45800,539,Very Positive,10,-870.07,370.62,49.89,382.36,1.332,0.071,0.368,0.08016443987667,78.0,69.0,0.9130434782608696,0.8076923076923077,True,0.5692307692307692,0.5,0.1025641025641025,0.1794871794871795,0.1282051282051282,0.0,0.0128205128205128,0.0256410256410256,0.1282051282051282,0.0897435897435897,0.0,0.0128205128205128,0.3205128205128205,0.097,32.84,45.23,6.35,0.06,3.74,0.184,4899.0,965.0
jxPQ5gaG6wQ,True,True,86.0,290,150,1283,6,1,16500,1455,Positive,18,49.99,11.91,13.61,14.36,1.582,0.149,0.506,0.032,8.0,6.0,0.8333333333333334,0.625,True,0.3500000000000001,0.375,0.375,0.125,0.125,0.0,0.0,0.0,0.125,0.0,0.0,0.0,0.25,0.0,21.67,17.54,6.58,0.131,3.03,0.162,1442.0,248.0
k0QBfCfrkb0,True,True,264.0,34,32,1897,9,0,569000,3032,Neutral,2,61.33,7.19,11.21,8.0,1.6,0.2,1.0,0.1,1.0,1.0,1.0,1.0,True,0.8,1.0,0.0,0.0,1.0,0.0,0.0,0.0,0.0,0.0,0.0,0.0,0.0,1.0,10.0,0.0,5.0,0.0,1.8,0.0,63.0,10.0
k2MCw4r2cBk,True,True,83.0,93,75,4281,13,1,697000,6101,Neutral,6,-94.22,70.37,28.03,74.42,1.435,0.107,0.633,0.1787709497206704,32.0,29.0,0.9310344827586208,0.84375,True,0.2624999999999999,0.3125,0.125,0.125,0.09375,0.0,0.0,0.125,0.0,0.15625,0.0,0.0,0.375,0.25,45.5,50.82,8.0,0.393,3.82,0.121,964.0,178.0
k2yLsjspxN4,True,True,1177.0,5,5,215,4,0,15400,728,Neutral,1,-2492.07,990.37,100.75,1017.74,1.5,0.115,0.306,0.0222395630120952,57.0,44.0,0.9090909090909092,0.7017543859649122,True,0.8,1.0,0.0,0.0,0.2982456140350877,0.0,0.087719298245614,0.0,0.175438596491228,0.0175438596491228,0.0,0.0,0.4210526315789473,11.0,1299.0,182.43,29.0,0.68,9.62,0.113,14629.0,2562.0
k32QBKhK3SI,True,True,5698.0,38,32,119,0,0,939,79,Neutral,2,-13466.09,5205.04,260.52,5340.45,1.594,0.152,0.165,0.0047010430439253,64.0,53.0,0.8113207547169812,0.671875,True,0.8,1.0,0.015625,0.109375,0.328125,0.0,0.0,0.015625,0.078125,0.015625,0.0,0.0,0.4375,1.377,106.65,131.28,10.42,0.014,5.4,0.091,78282.0,13574.0
k5XsfMv5Pz0,True,True,137.0,53,47,4477,36,0,45800,539,Negative,4,-243.68,122.27,46.64,127.42,1.702,0.192,0.566,0.2901234567901234,94.0,82.0,0.8902439024390244,0.776595744680851,False,0.0851063829787235,0.2553191489361702,0.0638297872340425,0.0,0.2340425531914893,0.0,0.0319148936170212,0.0531914893617021,0.0212765957446808,0.0319148936170212,0.0,0.0,0.5638297872340425,8.0,330.0,0.0,16.0,0.917,6.4,0.015,2095.0,323.0
kAPlNsy-CJ0,True,True,199.0,176,110,1319,15,1,135000,2612,Neutral,7,74.74,7.64,9.91,10.19,1.33,0.073,0.458,0.0318949343339587,17.0,14.0,0.8571428571428571,0.7058823529411765,True,0.3764705882352941,0.3529411764705882,0.0,0.0588235294117647,0.0588235294117647,0.0,0.0,0.3529411764705882,0.1764705882352941,0.0,0.0,0.0,0.3529411764705882,0.143,19.68,11.68,6.14,0.056,3.3,0.134,2858.0,525.0
kBIxxUPiGxE,True,True,173.0,44,37,1312,0,0,42900,959,Neutral,3,-446.38,203.21,47.01,209.65,1.554,0.115,0.405,0.1298449612403101,67.0,54.0,0.8703703703703703,0.7014925373134329,True,0.2268656716417911,0.3432835820895522,0.0149253731343283,0.0298507462686567,0.2985074626865671,0.0,0.0,0.0,0.044776119402985,0.0746268656716417,0.0,0.0,0.5373134328358209,4.0,519.0,0.0,21.0,0.969,5.6,0.081,2917.0,516.0
kC5lnwxHH1o,True,True,227.0,111,77,3480,7,2,16600,1353,Neutral,3,-453.93,207.49,42.71,213.84,1.488,0.091,0.417,0.1094339622641509,58.0,46.0,0.8913043478260869,0.7068965517241379,False,0.193103448275862,0.2586206896551724,0.2758620689655172,0.0689655172413793,0.1379310344827586,0.0,0.0,0.0172413793103448,0.0,0.0172413793103448,0.0,0.0172413793103448,0.4655172413793103,1.75,136.0,113.73,14.0,0.328,4.97,0.153,2859.0,528.0
kGlGGqoF5-o,True,True,254.0,75,52,388,4,0,13500,719,Neutral,4,54.27,9.48,13.82,11.0,1.621,0.15,0.452,0.0141043723554301,10.0,8.0,0.875,0.7,True,0.52,0.5,0.0,0.2,0.2,0.0,0.4,0.0,0.0,0.0,0.0,0.0,0.2,0.109,16.0,7.41,6.11,0.04,2.98,0.14,4376.0,707.0
kHkp1SQKBJQ,True,True,95.0,256,160,11,0,0,21200,1769,Neutral,10,63.32,8.12,10.84,9.75,1.518,0.123,0.522,0.01171875,3.0,2.0,0.5,0.3333333333333333,True,0.6666666666666667,0.6666666666666666,0.0,0.0,0.0,0.0,0.0,0.6666666666666666,0.0,0.0,0.0,0.0,0.3333333333333333,0.167,15.06,10.96,5.67,0.088,2.89,0.148,1470.0,252.0
kIqpOtzogfg,True,True,415.0,26,26,278,0,0,56400,1114,Neutral,2,40.65,12.29,18.28,15.54,1.738,0.215,0.354,0.0049850448654037,5.0,5.0,1.0,1.0,True,0.8,1.0,0.2,0.0,0.0,0.0,0.2,0.0,0.2,0.0,0.0,0.0,0.4,0.245,19.43,10.94,6.58,0.034,2.99,0.089,6372.0,1002.0
kKA3Wjh6WsQ,True,True,40.0,61,47,7917,16,5,27400,964,Neutral,4,55.86,15.65,14.55,19.33,1.293,0.098,0.732,0.1707317073170731,7.0,6.0,0.8333333333333334,0.7142857142857143,True,0.4000000000000001,0.4285714285714285,0.0,0.0,0.2857142857142857,0.0,0.0,0.1428571428571428,0.0,0.0,0.0,0.0,0.5714285714285714,2.0,45.0,0.0,7.0,0.889,3.07,0.244,210.0,41.0
kLuuo9Yymnc,True,True,239.0,51,40,1493,6,2,216000,5950,Neutral,3,68.12,8.41,9.97,10.04,1.415,0.074,0.434,0.0387858347386172,23.0,21.0,0.9523809523809524,0.8695652173913043,True,0.4173913043478261,0.4782608695652174,0.0434782608695652,0.1304347826086956,0.3043478260869565,0.0,0.0434782608695652,0.1739130434782608,0.0,0.0,0.0,0.0434782608695652,0.2608695652173913,0.189,17.03,12.4,5.92,0.047,3.58,0.103,3297.0,605.0
kNkqR1ObKLY,True,True,186.0,209,145,1626,40,3,74500,586,Neutral,13,50.92,9.98,11.46,10.7,1.659,0.138,0.691,0.0,0.0,0.0,0.0,0.0,False,0.0,0.0,0.0,0.0,0.0,0.0,0.0,0.0,0.0,0.0,0.0,0.0,0.0,0.125,16.5,5.37,6.38,0.27,2.79,0.091,930.0,127.0
kOFVP0dPl-Q,True,True,548.0,39,34,1105,19,0,5490,571,Positive,3,-1383.24,566.91,64.92,583.2,1.375,0.081,0.29,0.0376712328767123,55.0,40.0,0.825,0.6,True,0.6472727272727272,0.6181818181818182,0.0181818181818181,0.0,0.109090909090909,0.0,0.0,0.0,0.0363636363636363,0.0545454545454545,0.0,0.0,0.7818181818181819,0.286,35.86,37.8,7.33,0.043,3.41,0.192,7652.0,1463.0
kQ9xD7ZARJk,True,True,160.0,100,70,7183,67,12,3900,286,Neutral,5,-424.11,199.11,35.95,206.04,1.339,0.065,0.453,0.1240458015267175,65.0,57.0,0.8771929824561403,0.7692307692307693,False,0.2276923076923076,0.2923076923076923,0.0307692307692307,0.2461538461538461,0.1538461538461538,0.0,0.0307692307692307,0.123076923076923,0.0615384615384615,0.0307692307692307,0.0,0.0307692307692307,0.2923076923076923,0.333,44.5,46.52,6.83,0.126,3.94,0.159,2689.0,516.0
kUBQZZS6Bfk,True,True,171.0,20,20,988,8,0,23100,1473,Neutral,2,-402.8,189.18,45.88,197.12,1.423,0.116,0.434,0.0580912863070539,28.0,24.0,0.8333333333333334,0.7142857142857143,False,0.2285714285714286,0.2857142857142857,0.0,0.0,0.2857142857142857,0.0,0.0,0.1785714285714285,0.2142857142857142,0.0357142857142857,0.0,0.0,0.2857142857142857,0.5,63.5,55.04,8.0,0.215,3.73,0.138,2584.0,484.0
kUnK7Rd5EEU,True,True,5704.0,81,52,113,0,0,14700,1456,Neutral,6,-14621.19,5651.35,240.33,5798.4,1.474,0.119,0.137,0.0054325955734406,81.0,45.0,0.7111111111111111,0.3950617283950617,True,0.8,1.0,0.4567901234567901,0.074074074074074,0.0617283950617283,0.0,0.0,0.0,0.0864197530864197,0.037037037037037,0.0,0.0,0.2839506172839506,0.536,60.63,102.19,7.71,0.008,4.75,0.112,79674.0,14862.0
kVuEjXojqrA,True,True,187.0,43,35,654,1,0,50000,1839,Neutral,5,-434.14,199.02,46.64,205.81,1.53,0.115,0.367,0.1163708086785009,59.0,35.0,0.8,0.4745762711864407,True,0.2033898305084747,0.3050847457627119,0.0,0.0,0.0847457627118644,0.0,0.0,0.0,0.0169491525423728,0.0677966101694915,0.0,0.0,0.8305084745762712,0.75,129.25,103.91,12.0,0.38,5.89,0.101,2790.0,509.0
kVx_Ww9ssBE,True,True,979.0,144,105,410,3,0,17100,551,Neutral,8,-2948.82,1165.87,113.76,1198.09,1.5,0.126,0.252,0.0075608152531229,23.0,21.0,0.9523809523809524,0.8695652173913043,True,0.8,1.0,0.0,0.0434782608695652,0.0434782608695652,0.0,0.0,0.0,0.1304347826086956,0.0434782608695652,0.0,0.0,0.7391304347826086,0.619,74.14,64.11,9.55,0.053,4.13,0.116,16692.0,3017.0
kWFZZsIEE9M,True,True,476.0,202,138,9309,72,0,113000,553,Neutral,6,43.81,13.69,15.34,15.62,1.611,0.153,0.344,0.0207877461706783,19.0,18.0,0.9444444444444444,0.8947368421052632,True,0.5684210526315789,0.5789473684210527,0.0526315789473684,0.0,0.3157894736842105,0.0,0.0,0.0,0.0,0.1578947368421052,0.0,0.0,0.4736842105263157,0.088,27.5,15.02,7.44,0.056,3.44,0.114,5447.0,914.0
kZZ0qnRUpyw,True,True,197.0,53,44,9732,132,59,42900,959,Neutral,4,-401.64,189.27,41.02,196.35,1.398,0.091,0.476,0.1710794297352342,84.0,78.0,0.935897435897436,0.8690476190476191,False,0.1666666666666667,0.2976190476190476,0.0,0.0476190476190476,0.1428571428571428,0.0,0.0,0.0357142857142857,0.0595238095238095,0.0476190476190476,0.0,0.0476190476190476,0.6190476190476191,0.214,37.14,40.33,7.43,0.131,3.47,0.158,2542.0,492.0
kZdKCWCytTc,True,True,558.0,48,42,1219,9,0,21200,805,Positive,2,61.33,7.19,11.21,8.0,1.6,0.2,1.0,0.1,1.0,1.0,1.0,1.0,True,0.8,1.0,0.0,0.0,1.0,0.0,0.0,0.0,0.0,0.0,0.0,0.0,0.0,1.0,10.0,0.0,5.0,0.0,1.8,0.0,63.0,10.0
kbJS4zEQ9bs,True,True,177.0,78,59,1342,10,1,569000,3032,Neutral,4,-309.4,149.33,41.02,153.56,1.615,0.118,0.471,0.1622340425531915,61.0,42.0,0.9285714285714286,0.639344262295082,False,0.2229508196721312,0.2786885245901639,0.0327868852459016,0.0,0.2622950819672131,0.0,0.0,0.2295081967213114,0.0655737704918032,0.0655737704918032,0.0,0.0,0.3442622950819672,0.0,127.33,194.24,10.0,0.435,6.22,0.107,2209.0,378.0
kbiJzdALB8M,True,True,16.0,29,28,584,2,1,56400,1114,Neutral,3,57.23,11.98,14.55,15.24,1.444,0.148,0.963,0.3103448275862069,9.0,9.0,1.0,1.0,True,0.4000000000000001,0.4444444444444444,0.0,0.0,0.0,0.0,0.0,0.1111111111111111,0.3333333333333333,0.0,0.0,0.0,0.5555555555555556,1.0,32.0,0.0,9.0,0.8,2.78,0.125,180.0,29.0
kdfBpm8rwyU,True,True,63.0,51,44,197,4,1,47600,2491,Positive,2,-76.4,63.41,25.98,67.37,1.44,0.101,0.535,0.0625,10.0,9.0,0.8888888888888888,0.8,True,0.24,0.3,0.1,0.0,0.3,0.0,0.0,0.0,0.1,0.0,0.0,0.0,0.5,0.0,54.67,17.9,11.0,0.462,3.35,0.146,859.0,160.0
ke0BMw75oN4,True,True,401.0,14,14,919,3,0,98900,2838,Neutral,2,-171.26,97.68,35.95,102.34,1.546,0.135,0.343,0.1246612466124661,92.0,61.0,0.7868852459016393,0.5217391304347826,True,0.4304347826086956,0.3804347826086957,0.0,0.0543478260869565,0.4239130434782608,0.0,0.0,0.0,0.0,0.1304347826086956,0.0,0.0,0.391304347826087,1.143,107.71,128.47,9.29,0.228,5.52,0.105,4119.0,736.0
keQgMdhp9cQ,True,True,145.0,79,64,2171,17,3,100000,867,Negative,6,66.74,7.76,10.61,9.11,1.472,0.112,0.571,0.0182370820668693,6.0,4.0,0.75,0.5,True,0.5333333333333334,0.5,0.0,0.0,0.0,0.0,0.0,0.5,0.3333333333333333,0.0,0.0,0.0,0.1666666666666666,0.238,16.0,11.26,5.76,0.084,3.27,0.158,1876.0,333.0
kfgZ0TK6vwM,True,True,38.0,85,70,390,0,0,20300,1285,Neutral,5,61.33,7.19,11.21,8.0,1.6,0.2,1.0,0.1,1.0,1.0,1.0,1.0,True,0.8,1.0,0.0,0.0,1.0,0.0,0.0,0.0,0.0,0.0,0.0,0.0,0.0,1.0,10.0,0.0,5.0,0.0,1.8,0.0,63.0,10.0
kh2Nb0huvQs,True,True,211.0,151,104,3165,52,0,1220000,11882,Neutral,7,-441.73,206.29,34.42,213.41,1.319,0.057,0.429,0.1548269581056466,85.0,71.0,0.943661971830986,0.788235294117647,True,0.2776470588235293,0.3294117647058823,0.0823529411764705,0.0470588235294117,0.1294117647058823,0.0,0.0,0.1529411764705882,0.0117647058823529,0.1529411764705882,0.0,0.0,0.4235294117647059,0.2,55.9,87.85,8.7,0.163,4.57,0.159,2733.0,541.0
khKxbCThvJI,True,True,2130.0,121,88,562,6,0,17100,551,Neutral,7,-5439.53,2123.66,156.1,2181.13,1.463,0.132,0.176,0.0086720867208672,48.0,46.0,0.9565217391304348,0.9166666666666666,True,0.8,1.0,0.125,0.0416666666666666,0.1666666666666666,0.0,0.0,0.0,0.1041666666666666,0.0208333333333333,0.0,0.0,0.5416666666666666,0.308,49.03,62.34,7.23,0.018,4.46,0.156,29736.0,5478.0
kkalPNn2qGw,True,True,4244.0,94,69,288,1,0,1400,201,Neutral,4,-10767.7,4170.33,209.82,4279.43,1.492,0.122,0.144,0.0035003684598378,38.0,34.0,0.8823529411764706,0.7894736842105263,True,0.8,1.0,0.0,0.0,0.131578947368421,0.0,0.0,0.0,0.0263157894736842,0.0263157894736842,0.0,0.0,0.8157894736842105,1.369,132.62,187.6,12.96,0.02,5.99,0.12,59133.0,10820.0
kmxmYldNeyI,True,True,140.0,68,65,332,2,0,45400,902,Neutral,4,-291.85,144.39,39.26,149.45,1.527,0.11,0.489,0.1212938005390835,45.0,40.0,0.925,0.8222222222222222,False,0.1777777777777778,0.2666666666666666,0.0,0.0,0.2222222222222222,0.0,0.0222222222222222,0.0444444444444444,0.0444444444444444,0.0,0.0,0.0,0.6666666666666666,3.5,192.5,7.78,16.0,0.667,3.95,0.132,2162.0,372.0
knUgPUc-mtM,True,True,161.0,22,21,5034,12,0,6120,485,Neutral,1,70.23,8.09,10.71,10.72,1.391,0.095,0.455,0.0127551020408163,5.0,5.0,1.0,1.0,True,0.48,0.4,0.0,0.2,0.2,0.0,0.2,0.0,0.0,0.0,0.0,0.0,0.4,0.0,17.7,17.45,5.35,0.088,2.93,0.157,2098.0,391.0
kpFZji9qHqU,True,True,64.0,41,33,5372,28,0,75200,1684,Neutral,2,-118.93,81.27,26.68,85.12,1.367,0.082,0.493,0.2511848341232227,53.0,49.0,0.9387755102040816,0.8679245283018868,False,0.0830188679245282,0.2452830188679245,0.0754716981132075,0.0188679245283018,0.2452830188679245,0.0,0.0,0.0566037735849056,0.0188679245283018,0.0754716981132075,0.0,0.0377358490566037,0.4716981132075472,1.0,72.0,54.03,8.67,0.423,3.89,0.19,1051.0,211.0
kqlIugrHp38,True,False,145.0,0,0,1798,4,0,16600,1353,,0,-269.57,136.07,41.02,141.4,1.516,0.128,0.536,0.2057142857142857,72.0,56.0,0.875,0.6805555555555556,True,0.2277777777777778,0.375,0.0555555555555555,0.0694444444444444,0.1944444444444444,0.0,0.0,0.1805555555555555,0.0416666666666666,0.1111111111111111,0.0,0.0,0.3472222222222222,0.333,121.33,190.24,8.0,0.303,4.65,0.077,2017.0,347.0
krjuiYAzBkk,True,True,320.0,58,43,21669,187,25,477000,4732,Positive,4,-754.61,323.96,56.72,334.52,1.443,0.106,0.401,0.0707434052757793,59.0,51.0,0.8823529411764706,0.7627118644067796,True,0.4610169491525424,0.4067796610169492,0.0677966101694915,0.1186440677966101,0.1694915254237288,0.0,0.0,0.0338983050847457,0.1016949152542373,0.0338983050847457,0.0,0.0,0.4745762711864407,0.176,49.71,50.66,8.0,0.147,3.36,0.151,4408.0,834.0
krxCR7wt50Y,True,True,730.0,14,14,1727,12,0,10700,653,Neutral,1,56.32,9.89,18.21,11.92,1.562,0.129,0.302,0.0024183796856106,4.0,4.0,1.0,1.0,True,0.7,0.75,0.0,0.0,0.75,0.0,0.0,0.0,0.0,0.0,0.0,0.0,0.25,0.222,18.7,10.02,6.6,0.021,3.1,0.119,10058.0,1649.0
kspzJlE0fko,True,True,3594.0,68,52,17341,106,0,1220000,11882,Neutral,5,-9793.27,3795.93,203.56,3895.78,1.492,0.127,0.143,0.007322282111258,72.0,61.0,0.8688524590163934,0.7361111111111112,True,0.8,1.0,0.2222222222222222,0.2083333333333333,0.0694444444444444,0.0,0.0,0.1527777777777778,0.0277777777777777,0.0,0.0,0.0,0.3194444444444444,1.144,97.02,123.52,10.74,0.019,5.1,0.124,54758.0,9789.0
ku2cm72SvfI,True,True,386.0,70,56,4447,39,3,34300,1590,Neutral,3,-1237.69,511.83,60.54,527.33,1.334,0.077,0.289,0.0381736526946107,51.0,44.0,0.8636363636363636,0.7450980392156863,True,0.6431372549019607,0.6078431372549019,0.0196078431372549,0.0196078431372549,0.1764705882352941,0.0,0.0392156862745098,0.0,0.0,0.0392156862745098,0.0,0.0196078431372549,0.6862745098039216,0.246,24.12,25.27,5.72,0.031,3.33,0.191,6532.0,1322.0
kv3PN9sti9Y,True,True,178.0,53,40,452,6,0,477000,4732,Neutral,4,-348.86,163.03,48.11,168.4,1.686,0.152,0.428,0.1225490196078431,50.0,42.0,0.8571428571428571,0.72,True,0.28,0.32,0.02,0.0,0.56,0.0,0.0,0.08,0.06,0.02,0.0,0.0,0.26,4.0,415.0,0.0,22.0,0.933,8.05,0.104,2604.0,409.0
kv8-Acay5YY,True,True,5218.0,108,78,123,3,0,3640,696,Neutral,2,-12617.98,4881.05,227.31,5008.31,1.503,0.123,0.139,0.006990260760289,89.0,72.0,0.9166666666666666,0.7415730337078652,True,0.8,1.0,0.0786516853932584,0.0,0.1348314606741573,0.0,0.0112359550561797,0.0337078651685393,0.0337078651685393,0.0224719101123595,0.0,0.0,0.6853932584269663,1.114,113.82,111.5,11.38,0.017,4.8,0.12,70795.0,12701.0
kyaQYIuzm_k,True,True,94.0,187,134,4853,54,0,44000,2439,Neutral,10,-189.17,109.45,25.98,114.39,1.31,0.057,0.509,0.1478873239436619,42.0,39.0,0.9230769230769232,0.8571428571428571,False,0.2285714285714286,0.2857142857142857,0.0238095238095238,0.2142857142857142,0.0952380952380952,0.0,0.0476190476190476,0.0238095238095238,0.0238095238095238,0.0476190476190476,0.0,0.0238095238095238,0.5,0.111,32.44,36.94,5.89,0.221,3.71,0.164,1454.0,282.0
l--agdcsR0I,True,True,321.0,25,24,3601,27,3,27400,964,Neutral,2,-476.42,215.35,51.6,223.45,1.526,0.132,0.368,0.1369369369369369,76.0,51.0,0.8823529411764706,0.5921052631578947,False,0.2736842105263157,0.2894736842105263,0.1973684210526315,0.0131578947368421,0.1578947368421052,0.0,0.0657894736842105,0.2236842105263158,0.0526315789473684,0.1710526315789473,0.0,0.0,0.1184210526315789,0.0,186.67,99.51,18.0,0.575,5.65,0.102,3181.0,554.0
l0fENCO74KA,True,True,348.0,111,72,78,2,0,477000,4732,Neutral,8,45.83,13.48,14.55,15.96,1.584,0.15,0.34,0.0159151193633952,12.0,12.0,1.0,1.0,True,0.6000000000000001,0.6666666666666666,0.0833333333333333,0.0833333333333333,0.75,0.0,0.0,0.0,0.0,0.0833333333333333,0.0,0.0,0.0,0.321,27.39,15.18,8.14,0.066,3.14,0.132,4349.0,750.0
l3DxH4gVvWs,True,True,51.0,78,62,329,2,0,1220000,11882,Neutral,4,-50.07,50.8,22.92,53.1,1.561,0.098,0.691,0.1707317073170731,21.0,17.0,0.8235294117647058,0.6666666666666666,False,0.1904761904761904,0.2857142857142857,0.0,0.0,0.1428571428571428,0.0,0.0,0.0,0.0476190476190476,0.0476190476190476,0.0,0.0,0.7619047619047619,0.0,63.0,79.2,7.0,0.818,3.8,0.087,698.0,123.0
l5MNmKJtCJA,True,True,361.0,63,48,4185,18,0,6120,485,Neutral,3,-805.03,344.66,51.27,355.61,1.379,0.08,0.33,0.0257847533632287,23.0,20.0,0.95,0.8260869565217391,True,0.4869565217391305,0.4782608695652174,0.0434782608695652,0.0434782608695652,0.2608695652173913,0.0,0.0,0.0434782608695652,0.1304347826086956,0.0,0.0,0.0,0.4782608695652174,0.615,71.0,63.93,10.38,0.107,3.69,0.186,4628.0,888.0
l7uEbtKpN7s,True,True,497.0,83,56,1925,8,2,53500,1701,Neutral,5,73.19,7.69,13.56,9.89,1.356,0.071,0.32,0.0169491525423728,24.0,22.0,0.9090909090909092,0.8333333333333334,True,0.7666666666666666,0.9166666666666666,0.0833333333333333,0.0416666666666666,0.1666666666666666,0.0,0.0,0.0,0.0416666666666666,0.0,0.0,0.0,0.6666666666666666,0.087,18.26,11.11,5.96,0.025,3.13,0.156,7496.0,1416.0
lBcTR5OiS_E,True,False,130.0,0,0,1858,15,1,14700,1456,,0,-181.53,106.15,31.69,111.59,1.327,0.092,0.485,0.2274368231046931,63.0,55.0,0.8909090909090909,0.7777777777777778,True,0.1269841269841269,0.3015873015873015,0.0158730158730158,0.0476190476190476,0.1269841269841269,0.0,0.0,0.0158730158730158,0.0,0.1746031746031746,0.0,0.0,0.6190476190476191,0.444,31.44,21.61,6.22,0.141,3.9,0.233,1337.0,274.0
lD6HJ-xGB48,True,True,141.0,16,16,737,5,0,23100,1473,Neutral,2,-218.64,114.81,41.02,119.85,1.598,0.154,0.465,0.1118881118881118,32.0,24.0,0.8333333333333334,0.625,False,0.0875000000000001,0.25,0.0,0.03125,0.0,0.0,0.0,0.0,0.1875,0.0625,0.0,0.0,0.71875,1.0,286.0,0.0,18.0,0.929,6.16,0.059,1697.0,286.0
lDODENmsuog,True,True,16.0,105,80,55,1,0,7550,2528,Neutral,8,89.39,3.96,7.17,6.67,1.235,0.039,0.725,0.1346153846153846,7.0,7.0,1.0,1.0,False,0.1714285714285714,0.2857142857142857,0.1428571428571428,0.1428571428571428,0.0,0.0,0.0,0.0,0.0,0.0,0.0,0.0,0.7142857142857143,0.0,13.0,11.22,4.75,0.231,2.68,0.231,257.0,53.0
lGktTbcUu3E,True,True,116.0,40,36,4330,24,0,697000,6101,Neutral,3,-207.69,113.53,34.94,118.56,1.456,0.108,0.523,0.256140350877193,73.0,63.0,0.9047619047619048,0.7808219178082192,False,0.1479452054794521,0.2602739726027397,0.0,0.0958904109589041,0.273972602739726,0.0,0.0136986301369863,0.0410958904109589,0.0136986301369863,0.0958904109589041,0.0,0.0684931506849315,0.3972602739726027,0.5,144.0,200.82,8.0,0.472,4.89,0.115,1637.0,287.0
lJzp4hAe2Fw,True,True,127.0,150,110,2534,0,0,128000,2724,Neutral,4,61.33,7.19,11.21,8.0,1.6,0.2,1.0,0.1,1.0,1.0,1.0,1.0,True,0.8,1.0,0.0,0.0,1.0,0.0,0.0,0.0,0.0,0.0,0.0,0.0,0.0,1.0,10.0,0.0,5.0,0.0,1.8,0.0,63.0,10.0
lLNlKzFOk0g,True,True,9.0,6,6,2495,11,0,27100,1786,Neutral,1,61.33,7.19,11.21,8.0,1.6,0.2,1.0,0.1,1.0,1.0,1.0,1.0,True,0.8,1.0,0.0,0.0,1.0,0.0,0.0,0.0,0.0,0.0,0.0,0.0,0.0,1.0,10.0,0.0,5.0,0.0,1.8,0.0,63.0,10.0
lP3lbWYgzWY,True,True,494.0,112,77,1726,15,2,191000,1170,Neutral,5,-559.67,249.2,46.64,257.22,1.436,0.091,0.323,0.0606060606060606,78.0,61.0,0.8852459016393442,0.6923076923076923,True,0.6153846153846154,0.5384615384615384,0.141025641025641,0.0641025641025641,0.1923076923076923,0.0,0.0,0.0641025641025641,0.0256410256410256,0.0512820512820512,0.0,0.0,0.4615384615384615,0.471,77.94,62.8,10.18,0.121,4.22,0.154,6887.0,1286.0
lRvkg5skHRo,True,True,118.0,18,18,2692,26,1,50000,1839,Neutral,2,-211.03,118.71,25.98,124.23,1.268,0.052,0.5,0.1414790996784566,44.0,39.0,0.8974358974358975,0.7954545454545454,False,0.1181818181818181,0.25,0.0,0.0909090909090909,0.0681818181818181,0.0,0.0,0.0681818181818181,0.0227272727272727,0.0909090909090909,0.0,0.0,0.6590909090909091,0.0,24.54,25.48,5.77,0.194,3.53,0.191,1511.0,307.0
lWo1ZUKjKj4,True,True,141.0,38,35,403,5,0,50000,1839,Neutral,4,-254.37,126.25,41.87,129.42,1.708,0.147,0.51,0.1650485436893204,51.0,34.0,0.7352941176470589,0.4901960784313725,True,0.1803921568627451,0.3137254901960784,0.0392156862745098,0.0,0.1176470588235294,0.0,0.0,0.0,0.1176470588235294,0.0,0.0,0.0,0.7254901960784313,1.5,79.5,76.82,9.25,0.327,3.42,0.069,1885.0,313.0
lZl8tISca5E,True,True,61.0,33,31,1674,15,3,50000,1839,Negative,3,-95.21,74.98,15.9,79.03,1.231,0.026,0.61,0.173469387755102,34.0,27.0,0.8148148148148148,0.6470588235294118,True,0.2352941176470588,0.3235294117647059,0.0588235294117647,0.0,0.1764705882352941,0.0,0.0,0.0294117647058823,0.1470588235294117,0.0294117647058823,0.0,0.0,0.5588235294117647,2.0,98.5,132.23,11.0,0.455,3.5,0.168,933.0,195.0
la_g3rjwd-g,True,True,901.0,70,60,171,1,0,21200,805,Neutral,5,-1869.94,745.84,115.37,766.11,1.765,0.203,0.334,0.0491209927611168,95.0,62.0,0.7741935483870968,0.5052631578947369,True,0.7326315789473685,0.8315789473684211,0.2526315789473684,0.0,0.2210526315789473,0.0,0.0,0.0105263157894736,0.0210526315789473,0.1473684210526315,0.0,0.0,0.3473684210526316,1.9,196.8,352.14,10.5,0.204,6.62,0.076,12233.0,1938.0
lcobppiMAX4,True,False,329.0,0,0,1253,9,0,21200,805,,0,-962.0,402.82,62.77,414.86,1.482,0.106,0.356,0.0466019417475728,48.0,40.0,0.875,0.7291666666666666,True,0.6083333333333334,0.6041666666666666,0.0,0.0208333333333333,0.1666666666666666,0.0,0.0416666666666666,0.1666666666666666,0.2083333333333333,0.0,0.0,0.0,0.3958333333333333,1.2,106.5,123.21,10.5,0.173,7.19,0.136,5693.0,1029.0
leTF-FRI434,True,True,1119.0,63,49,3871,32,5,569000,3032,Neutral,3,-1541.14,626.07,76.06,644.31,1.447,0.102,0.204,0.0221062327295056,72.0,43.0,0.6976744186046512,0.4166666666666667,True,0.8,1.0,0.0,0.0138888888888888,0.0833333333333333,0.0,0.0,0.0,0.0555555555555555,0.0416666666666666,0.0,0.0,0.8055555555555556,0.489,71.66,92.25,8.36,0.041,5.0,0.137,17349.0,3249.0
lfNXTGD0SeU,True,True,324.0,50,42,1634,25,1,15600,1174,Neutral,3,61.33,7.19,11.21,8.0,1.6,0.2,1.0,0.1,1.0,1.0,1.0,1.0,True,0.8,1.0,0.0,0.0,1.0,0.0,0.0,0.0,0.0,0.0,0.0,0.0,0.0,1.0,10.0,0.0,5.0,0.0,1.8,0.0,63.0,10.0
lfRIozS_h9E,True,True,72.0,14,14,52,0,0,10900,1747,Neutral,1,-129.49,79.02,35.45,82.01,1.672,0.167,0.583,0.0837696335078534,16.0,13.0,0.7692307692307693,0.625,False,0.175,0.25,0.0,0.0,0.125,0.0,0.125,0.0,0.0,0.0,0.0,0.0625,0.6875,3.0,199.0,0.0,22.0,0.923,4.19,0.106,1195.0,192.0
llFHgRuFuTw,True,True,31.0,65,55,87761,7,0,2140,197,Positive,4,41.19,11.82,14.55,13.09,1.75,0.231,0.846,0.0192307692307692,1.0,1.0,1.0,1.0,True,0.8,1.0,0.0,0.0,0.0,0.0,0.0,0.0,0.0,0.0,0.0,0.0,1.0,0.333,18.67,7.77,7.33,0.222,2.86,0.071,388.0,55.0
llIfp6lVePI,True,True,93.0,35,30,78,1,0,11700,1438,Neutral,3,51.69,10.87,12.31,12.23,1.601,0.133,0.489,0.0550847457627118,13.0,6.0,0.6666666666666666,0.3076923076923077,True,0.1538461538461539,0.3076923076923077,0.1538461538461538,0.0,0.2307692307692307,0.0,0.0,0.5384615384615384,0.0,0.0,0.0,0.0,0.0769230769230769,0.077,18.23,11.38,6.15,0.141,3.55,0.084,1400.0,235.0
ln69iJGFong,True,True,4234.0,198,118,5415,34,21,3640,696,Neutral,4,-5304.33,2070.64,146.8,2125.31,1.514,0.119,0.147,0.0030493439290334,33.0,19.0,0.6842105263157895,0.3939393939393939,True,0.8,1.0,0.2121212121212121,0.0,0.1212121212121212,0.0,0.0,0.0,0.0909090909090909,0.0303030303030303,0.0,0.0,0.5454545454545454,1.282,100.3,131.78,11.15,0.016,5.13,0.122,60069.0,10774.0
lnRLsPNrEdw,True,True,404.0,102,76,143,0,0,50000,1839,Neutral,5,-685.96,291.78,66.74,300.32,1.723,0.168,0.39,0.0958164642375168,71.0,60.0,0.8833333333333333,0.7464788732394366,True,0.4619718309859155,0.4366197183098591,0.0,0.0,0.5492957746478874,0.0,0.0,0.0,0.056338028169014,0.0,0.0,0.0,0.3943661971830985,1.0,189.75,141.76,11.75,0.323,5.55,0.096,4820.0,748.0
lqNqJyOtEr0,True,True,121.0,5,5,9659,35,2,13600,1174,Neutral,1,-263.51,136.72,35.95,142.92,1.372,0.095,0.398,0.0945558739255014,33.0,25.0,0.8,0.6060606060606061,True,0.193939393939394,0.3333333333333333,0.2424242424242424,0.0909090909090909,0.303030303030303,0.0,0.0,0.0909090909090909,0.0303030303030303,0.0,0.0,0.0,0.2424242424242424,0.333,119.33,132.67,10.67,0.376,8.09,0.165,1850.0,350.0
lsAVcx-3sWs,True,True,36.0,221,132,166,3,0,47600,2491,Neutral,5,-15.47,38.77,22.92,42.28,1.5,0.128,0.606,0.0744680851063829,7.0,7.0,1.0,1.0,False,0.2857142857142858,0.2857142857142857,0.0,0.0,0.0,0.0,0.0,0.0,0.1428571428571428,0.0,0.0,0.0,0.8571428571428571,0.0,48.0,8.49,9.0,0.5,2.69,0.177,488.0,94.0
lsCbw4bbb6s,True,True,3796.0,127,94,2552,26,0,17100,551,Neutral,7,-8965.94,3478.56,179.86,3569.82,1.466,0.107,0.136,0.0044247787610619,40.0,29.0,0.8620689655172413,0.625,True,0.8,1.0,0.25,0.025,0.1,0.0,0.0,0.25,0.05,0.025,0.0,0.0,0.3,0.683,75.34,85.4,10.28,0.016,4.5,0.132,49330.0,9016.0
ltf9IGjGJos,True,True,195.0,20,19,282,1,0,25300,876,Neutral,1,72.73,6.57,11.07,8.64,1.418,0.095,0.431,0.017799352750809,11.0,8.0,0.75,0.5454545454545454,True,0.5818181818181818,0.5454545454545454,0.1818181818181818,0.0,0.0,0.0,0.0,0.0909090909090909,0.0909090909090909,0.0,0.0,0.0,0.6363636363636364,0.022,14.02,9.98,5.29,0.036,2.94,0.177,3344.0,615.0
ltlbGQPq89k,True,True,554.0,76,57,231,0,0,7550,2528,Neutral,4,41.07,10.92,20.08,12.87,1.796,0.213,0.352,0.0040032025620496,5.0,5.0,1.0,1.0,True,0.8,1.0,0.0,0.0,0.2,0.0,0.0,0.0,0.2,0.0,0.0,0.0,0.6,0.244,13.93,9.81,5.56,0.016,2.96,0.065,7897.0,1248.0
lvKBxaOpOHs,True,True,66.0,68,55,943,5,1,12500,530,Neutral,4,-74.55,62.91,25.98,67.0,1.43,0.101,0.532,0.1875,30.0,22.0,0.9090909090909092,0.6666666666666666,True,0.28,0.3333333333333333,0.1,0.0,0.2333333333333333,0.0,0.0,0.0,0.0333333333333333,0.0333333333333333,0.0,0.0,0.6,0.4,32.0,37.92,6.2,0.216,3.52,0.125,826.0,159.0
lvSks9_fu0A,True,True,1876.0,71,56,413,0,0,17400,646,Neutral,3,-5738.4,2239.63,135.88,2299.29,1.408,0.094,0.179,0.0089454670565972,52.0,40.0,0.85,0.6538461538461539,True,0.8,1.0,0.0769230769230769,0.0192307692307692,0.1538461538461538,0.0,0.0192307692307692,0.0,0.1538461538461538,0.0576923076923076,0.0,0.0,0.5192307692307693,0.156,42.7,44.67,7.84,0.014,3.55,0.15,30986.0,5782.0
lxVGPACR5ok,True,False,389.0,0,0,601,1,1,53500,1701,,0,-832.48,352.46,60.83,362.85,1.511,0.114,0.34,0.0581140350877193,53.0,36.0,0.7777777777777778,0.5283018867924528,True,0.5132075471698114,0.4339622641509434,0.0,0.0188679245283018,0.2075471698113207,0.0,0.0,0.1886792452830188,0.0566037735849056,0.0188679245283018,0.0,0.0188679245283018,0.490566037735849,1.571,132.57,122.43,14.71,0.204,4.89,0.138,5106.0,911.0
m0gwFLSpSCU,True,True,16.0,34,33,200,1,0,56400,1114,Neutral,2,62.84,12.94,11.21,15.95,1.294,0.059,0.912,0.1470588235294117,5.0,5.0,1.0,1.0,True,0.56,0.6,0.0,0.0,0.2,0.0,0.0,0.0,0.0,0.2,0.0,0.0,0.6,0.0,35.0,0.0,7.0,0.833,2.71,0.143,188.0,34.0
m0y4hLA8Zec,True,True,942.0,54,46,15995,106,9,25800,453,Neutral,3,-1903.55,761.46,103.87,782.53,1.634,0.16,0.305,0.0431910569105691,85.0,71.0,0.8450704225352113,0.7058823529411765,True,0.7341176470588235,0.8352941176470589,0.1176470588235294,0.2705882352941176,0.1411764705882353,0.0,0.0,0.3058823529411765,0.0,0.0235294117647058,0.0,0.0,0.1411764705882353,4.3,199.4,243.89,12.6,0.127,6.83,0.07,11426.0,1972.0
m1eHAeYZYxk,True,True,3596.0,29,27,4342,77,11,15600,1174,Neutral,1,-9398.14,3641.2,230.13,3736.67,1.632,0.169,0.196,0.0121141894027177,115.0,98.0,0.8469387755102041,0.7217391304347827,True,0.8,1.0,0.0608695652173913,0.0434782608695652,0.1217391304347826,0.0,0.0,0.008695652173913,0.1217391304347826,0.0695652173913043,0.0,0.0,0.5739130434782609,0.967,107.68,160.64,10.78,0.019,5.22,0.098,55535.0,9475.0
m1k2k6Q--J8,True,True,80.0,54,45,1086,6,0,5390,505,Positive,3,74.11,5.67,9.33,7.83,1.436,0.106,0.58,0.0259067357512953,5.0,5.0,1.0,1.0,True,0.6400000000000001,0.6,0.0,0.2,0.2,0.0,0.0,0.0,0.4,0.0,0.0,0.0,0.2,0.0,10.0,9.27,4.25,0.076,3.32,0.175,1031.0,192.0
m1nd3zhnMgs,True,True,448.0,31,27,2576,24,0,170000,3304,Neutral,2,-988.25,409.96,78.27,423.1,1.625,0.166,0.342,0.1011450381679389,106.0,74.0,0.7297297297297297,0.5094339622641509,True,0.588679245283019,0.5094339622641509,0.1981132075471698,0.2075471698113207,0.1037735849056603,0.0,0.0566037735849056,0.1981132075471698,0.0094339622641509,0.0,0.0,0.0,0.2264150943396226,2.0,152.29,226.89,12.43,0.213,6.22,0.103,6041.0,1046.0
m32nueJjIeU,True,True,204.0,539,260,1652,6,0,16500,1455,Very Positive,43,-424.33,200.14,35.95,207.78,1.294,0.064,0.428,0.1532567049808429,80.0,75.0,0.9333333333333332,0.875,True,0.2250000000000001,0.325,0.0375,0.1375,0.1125,0.0,0.0,0.025,0.0625,0.05,0.0,0.025,0.55,0.0,29.39,48.64,5.67,0.124,4.77,0.161,2510.0,518.0
m3MebGrtoj0,True,True,734.0,14,14,604,4,2,16200,1421,Neutral,1,-2116.63,845.34,97.35,868.58,1.537,0.126,0.298,0.0233623453962437,51.0,28.0,0.6785714285714286,0.3725490196078431,True,0.7686274509803921,0.9215686274509804,0.1372549019607843,0.0196078431372549,0.4509803921568627,0.0,0.0,0.1176470588235294,0.0392156862745098,0.0,0.0,0.0,0.2352941176470588,6.4,445.0,632.51,17.8,0.544,7.13,0.126,12439.0,2178.0
m40JLvX5u3s,True,True,219.0,4,4,5390,0,0,24400,946,Negative,1,81.48,5.17,10.93,8.02,1.324,0.08,0.36,0.0155807365439093,11.0,9.0,0.8888888888888888,0.7272727272727273,True,0.6181818181818182,0.6363636363636364,0.0,0.1818181818181818,0.5454545454545454,0.0,0.0,0.0,0.0,0.0,0.0,0.0,0.2727272727272727,0.0,11.2,10.09,4.07,0.024,3.12,0.168,3766.0,737.0
m4M2gvayUCY,True,True,3151.0,44,38,2535,36,1,569000,3032,Neutral,2,-8371.52,3249.08,193.63,3334.66,1.519,0.134,0.165,0.008228517691313,70.0,47.0,0.7659574468085106,0.5142857142857142,True,0.8,1.0,0.0285714285714285,0.0,0.1571428571428571,0.0,0.0,0.0142857142857142,0.0285714285714285,0.0857142857142857,0.0,0.0142857142857142,0.6714285714285714,0.934,82.01,76.54,10.75,0.02,4.93,0.11,47496.0,8487.0
m7qMAZ4ALKU,True,True,999.0,28,27,5129,56,0,569000,3032,Neutral,2,-2774.89,1094.9,130.49,1124.64,1.7,0.178,0.275,0.0183875530410183,52.0,50.0,0.96,0.9230769230769232,True,0.8,1.0,0.0576923076923076,0.0961538461538461,0.2692307692307692,0.0,0.0192307692307692,0.0384615384615384,0.0961538461538461,0.0192307692307692,0.0,0.0,0.4038461538461538,1.45,144.1,205.94,10.9,0.104,7.29,0.088,16819.0,2824.0
m7w0PsGiz3w,True,True,390.0,110,81,911,13,0,88900,1346,Positive,5,-719.24,312.07,47.38,322.0,1.36,0.075,0.404,0.0925,74.0,70.0,0.9428571428571428,0.8918918918918919,True,0.464864864864865,0.4189189189189189,0.054054054054054,0.1081081081081081,0.1351351351351351,0.0,0.027027027027027,0.027027027027027,0.0405405405405405,0.027027027027027,0.0,0.0405405405405405,0.5405405405405406,0.333,55.0,63.08,9.33,0.11,4.39,0.165,4089.0,804.0
m8_voizePDQ,True,True,186.0,124,90,1419,9,0,13500,719,Negative,8,-454.18,208.28,44.32,215.62,1.455,0.098,0.383,0.1098696461824953,59.0,42.0,0.8809523809523809,0.6271186440677966,False,0.223728813559322,0.2711864406779661,0.0169491525423728,0.0338983050847457,0.3050847457627119,0.0,0.0,0.288135593220339,0.0508474576271186,0.0169491525423728,0.0,0.0,0.288135593220339,1.75,140.5,122.51,12.0,0.483,6.46,0.107,2916.0,537.0
mB2ltH0MlKM,True,True,289.0,79,59,1177,3,0,15600,1174,Neutral,3,-678.05,296.14,47.75,305.73,1.365,0.08,0.373,0.0545454545454545,42.0,36.0,0.8333333333333334,0.7142857142857143,True,0.4190476190476191,0.3571428571428571,0.0476190476190476,0.1428571428571428,0.2857142857142857,0.0,0.0,0.0,0.0952380952380952,0.0476190476190476,0.0,0.0238095238095238,0.3571428571428571,0.143,56.0,54.58,9.0,0.104,3.57,0.166,3850.0,756.0
mDbMxIybx84,True,True,1158.0,127,89,1868,23,0,1220000,11882,Neutral,6,-3343.09,1319.74,96.13,1355.54,1.385,0.078,0.198,0.027317640220866,94.0,62.0,0.8387096774193549,0.5531914893617021,True,0.8,1.0,0.0,0.0106382978723404,0.1595744680851064,0.0,0.0,0.0,0.0638297872340425,0.0851063829787234,0.0,0.0,0.6808510638297872,0.232,35.96,41.12,6.33,0.017,3.82,0.151,18106.0,3419.0
mFKvBeWsDzc,True,True,195.0,44,43,4290,33,6,45400,902,Neutral,3,-451.44,205.41,47.38,212.23,1.542,0.115,0.421,0.1130268199233716,59.0,46.0,0.9130434782608696,0.711864406779661,False,0.2101694915254237,0.288135593220339,0.0,0.0338983050847457,0.2203389830508474,0.0,0.0,0.0338983050847457,0.0169491525423728,0.0,0.0,0.0,0.6949152542372882,3.0,176.67,194.92,10.0,0.569,5.86,0.119,2991.0,522.0
mGxPeSXNZs4,True,True,56.0,14,14,1309,11,0,11500,201,Neutral,1,-75.08,66.21,19.29,69.8,1.281,0.047,0.526,0.1040462427745664,18.0,18.0,1.0,1.0,True,0.2444444444444444,0.3333333333333333,0.0,0.1111111111111111,0.0,0.0,0.0,0.0555555555555555,0.0,0.0,0.0,0.0,0.8333333333333334,0.0,31.17,33.53,6.0,0.179,3.55,0.251,887.0,172.0
mH-_fDRScpI,True,True,92.0,9,9,327,0,0,24400,946,Neutral,1,64.42,8.62,11.63,11.57,1.473,0.127,0.527,0.0121951219512195,3.0,2.0,0.5,0.3333333333333333,True,0.4000000000000001,0.3333333333333333,0.0,0.0,0.6666666666666666,0.0,0.0,0.0,0.0,0.0,0.0,0.0,0.3333333333333333,0.0,15.29,11.84,5.12,0.109,3.33,0.127,1418.0,253.0
mHRJzSSTJWk,True,True,1619.0,4,4,551,6,0,60900,808,Neutral,1,-4505.95,1766.13,117.38,1813.45,1.405,0.088,0.232,0.0130747439529309,60.0,46.0,0.7391304347826086,0.5666666666666667,True,0.8,1.0,0.2166666666666666,0.1333333333333333,0.0833333333333333,0.0,0.0166666666666666,0.1,0.1166666666666666,0.0,0.0,0.0,0.3333333333333333,0.923,121.26,107.39,10.49,0.054,5.18,0.145,24795.0,4551.0
mImRavHbomg,True,True,110.0,67,54,296,3,1,27400,964,Neutral,4,-135.84,86.11,29.92,90.67,1.447,0.101,0.516,0.064516129032258,14.0,13.0,0.9230769230769232,0.8571428571428571,True,0.3428571428571429,0.3571428571428571,0.0,0.0714285714285714,0.2142857142857142,0.0,0.0,0.0,0.0,0.0,0.0,0.0,0.7142857142857143,0.75,55.25,78.67,7.0,0.5,4.3,0.113,1140.0,217.0
mKEHbyzjxnU,True,True,1263.0,75,52,67811,376,0,952,151,Neutral,2,-3402.0,1340.13,114.2,1376.42,1.494,0.11,0.207,0.0143719459614831,50.0,32.0,0.8125,0.52,True,0.8,1.0,0.06,0.0,0.44,0.0,0.08,0.0,0.06,0.0,0.0,0.0,0.36,1.385,138.54,158.63,12.08,0.078,5.36,0.116,19457.0,3468.0
mM-73BNm-lk,True,True,256.0,71,63,10102,85,2,45400,902,Neutral,6,-667.05,291.63,49.19,301.3,1.379,0.087,0.429,0.0941644562334217,71.0,62.0,0.9032258064516128,0.7887323943661971,True,0.4450704225352113,0.4084507042253521,0.0985915492957746,0.1408450704225352,0.0704225352112676,0.0,0.0,0.1267605633802817,0.0422535211267605,0.0845070422535211,0.0,0.056338028169014,0.380281690140845,0.385,59.46,60.21,9.62,0.123,3.28,0.167,3909.0,751.0
mN2C1tKseLQ,True,True,125.0,144,103,1882,5,0,45400,902,Neutral,9,-94.11,68.62,26.68,71.53,1.518,0.1,0.588,0.1204819277108433,20.0,17.0,0.8235294117647058,0.7,True,0.48,0.45,0.0,0.05,0.15,0.0,0.0,0.2,0.05,0.2,0.0,0.0,0.35,0.5,45.25,37.32,7.25,0.306,3.4,0.166,948.0,170.0
mPwX8P6EL4s,True,True,138.0,179,138,54,1,0,674,262,Neutral,8,-240.41,119.58,50.24,124.71,1.771,0.232,0.577,0.1480263157894736,45.0,36.0,0.8888888888888888,0.7111111111111111,True,0.2933333333333334,0.3777777777777777,0.0888888888888888,0.0444444444444444,0.2666666666666666,0.0,0.0,0.0888888888888888,0.0444444444444444,0.0,0.0,0.0,0.4666666666666667,1.0,156.0,210.72,9.5,0.7,6.53,0.058,2013.0,302.0
mSY4kKVe5pQ,True,True,1725.0,37,35,446,6,0,15600,1174,Very Positive,2,-4012.08,1576.26,114.34,1618.61,1.41,0.094,0.25,0.0221680876979293,91.0,69.0,0.855072463768116,0.6483516483516484,True,0.8,1.0,0.0,0.1208791208791208,0.1098901098901098,0.0,0.0,0.1428571428571428,0.1648351648351648,0.0439560439560439,0.0,0.0,0.4175824175824176,0.356,57.42,77.76,8.05,0.026,4.76,0.148,21887.0,4090.0
mS_xYFWDa8M,True,True,64.0,225,132,580,0,1,47600,2491,Neutral,5,-47.32,50.42,24.5,53.43,1.528,0.114,0.618,0.1788617886178861,22.0,16.0,0.875,0.6363636363636364,True,0.2363636363636363,0.3181818181818182,0.2272727272727272,0.0909090909090909,0.3181818181818182,0.0,0.0,0.1818181818181818,0.0,0.0,0.0,0.0,0.1818181818181818,0.0,125.0,0.0,12.0,0.909,4.85,0.096,658.0,123.0
mSeblARXJ7U,True,True,317.0,64,48,247,7,2,477000,4732,Neutral,5,42.27,15.71,14.3,17.32,1.542,0.114,0.322,0.0606451612903225,47.0,26.0,0.6153846153846154,0.3404255319148936,True,0.451063829787234,0.3829787234042553,0.1702127659574468,0.0,0.3829787234042553,0.0,0.0,0.1063829787234042,0.0425531914893617,0.1276595744680851,0.0,0.0,0.1702127659574468,0.261,34.43,17.54,8.87,0.087,3.61,0.092,4499.0,779.0
mTowOIbypHA,True,True,457.0,90,72,1209,16,2,11500,201,Neutral,5,-975.75,411.95,50.93,425.03,1.297,0.066,0.321,0.0802238805970149,86.0,74.0,0.8783783783783784,0.7558139534883721,True,0.558139534883721,0.4767441860465116,0.0232558139534883,0.1511627906976744,0.0697674418604651,0.0,0.0232558139534883,0.0,0.0697674418604651,0.0,0.0,0.0697674418604651,0.5930232558139535,0.139,30.67,33.74,6.61,0.042,3.28,0.192,5232.0,1064.0
mTr_VCwUK8s,True,True,217.0,110,85,112,3,0,15400,480,Neutral,6,60.1,9.25,12.63,11.71,1.523,0.127,0.403,0.0153374233128834,10.0,9.0,0.8888888888888888,0.8,True,0.4399999999999999,0.4,0.0,0.0,0.4,0.0,0.0,0.0,0.1,0.0,0.0,0.0,0.5,0.216,17.86,7.87,6.51,0.047,2.86,0.113,3835.0,652.0
mUHXXeYUX_A,True,True,368.0,144,90,1454,20,3,191000,1170,Neutral,5,-1167.99,483.97,59.68,498.38,1.386,0.079,0.301,0.0304731355252606,38.0,32.0,0.90625,0.7631578947368421,True,0.6631578947368422,0.6578947368421053,0.2894736842105263,0.0789473684210526,0.1578947368421052,0.0,0.0,0.0263157894736842,0.1052631578947368,0.0,0.0,0.0,0.3421052631578947,0.154,49.19,68.52,8.42,0.06,4.72,0.133,6728.0,1244.0
mUnmuB2X7pI,True,True,149.0,66,49,1519,9,1,145000,1134,Neutral,2,70.58,7.86,10.37,10.47,1.396,0.09,0.425,0.0048309178743961,2.0,2.0,1.0,1.0,True,0.8,1.0,0.0,0.0,0.0,0.0,0.0,0.0,0.0,0.0,0.0,0.0,1.0,0.04,17.08,15.23,6.0,0.092,3.28,0.148,2280.0,419.0
mUy197lg-9U,True,False,32.0,0,0,34463,311,6,46000,861,,0,-6.33,32.28,21.19,33.04,1.644,0.137,0.712,0.2876712328767123,21.0,17.0,0.8235294117647058,0.6666666666666666,False,0.1714285714285714,0.2857142857142857,0.3333333333333333,0.1904761904761904,0.0,0.0,0.0,0.0476190476190476,0.0952380952380952,0.0,0.0,0.0,0.3333333333333333,2.0,74.0,0.0,11.0,0.5,2.87,0.081,437.0,74.0
mVKoNKP5zUk,True,True,97.0,126,86,576,4,0,16600,1353,Neutral,4,-91.48,70.74,25.25,74.89,1.367,0.083,0.572,0.1722222222222222,31.0,29.0,0.9310344827586208,0.8709677419354839,True,0.1677419354838709,0.3225806451612903,0.064516129032258,0.2580645161290322,0.0967741935483871,0.0,0.0,0.0,0.064516129032258,0.064516129032258,0.0,0.0967741935483871,0.3548387096774194,0.75,45.75,15.54,10.5,0.353,2.79,0.186,899.0,180.0
mWiTgXHwuJI,True,True,181.0,46,37,91917,177,10,216000,5950,Neutral,2,61.58,8.52,11.29,10.17,1.531,0.132,0.514,0.042079207920792,17.0,15.0,0.8666666666666667,0.7647058823529411,True,0.5882352941176472,0.5294117647058824,0.0,0.0,0.2941176470588235,0.0,0.0,0.0588235294117647,0.0,0.0,0.0,0.2352941176470588,0.4117647058823529,0.333,15.04,7.63,5.33,0.05,2.87,0.079,2359.0,404.0
mWo-G3UQ-zU,True,True,161.0,549,258,6568,54,8,3900,286,Positive,48,86.82,3.69,8.24,6.04,1.296,0.056,0.41,0.0069124423963133,3.0,3.0,1.0,1.0,True,0.4000000000000001,0.3333333333333333,0.0,0.3333333333333333,0.0,0.0,0.0,0.0,0.3333333333333333,0.0,0.0,0.0,0.3333333333333333,0.049,10.66,5.53,4.88,0.068,2.62,0.208,2211.0,430.0
mYTKDineB5k,True,True,207.0,24,22,465,3,1,98900,2838,Neutral,2,-449.97,204.46,49.89,211.29,1.561,0.13,0.501,0.260038240917782,136.0,114.0,0.868421052631579,0.7279411764705882,False,0.1794117647058823,0.2647058823529412,0.0294117647058823,0.0294117647058823,0.3088235294117647,0.0,0.1397058823529411,0.0,0.0,0.0661764705882353,0.0,0.0073529411764705,0.4191176470588235,2.0,525.0,0.0,15.0,0.963,9.34,0.072,3125.0,522.0
mZPu52zlrpI,True,True,79.0,51,37,1720,15,2,135000,2612,Neutral,2,52.95,11.16,12.16,12.84,1.563,0.117,0.516,0.1031390134529148,23.0,11.0,0.8181818181818182,0.391304347826087,True,0.2260869565217391,0.3478260869565217,0.0,0.0,0.1739130434782608,0.0,0.0,0.391304347826087,0.0869565217391304,0.1739130434782608,0.0,0.0,0.1739130434782608,0.1,22.8,12.41,8.2,0.178,3.21,0.101,1320.0,223.0
mbgAG9Qpbz0,True,True,52.0,83,71,253,5,0,16700,496,Neutral,6,-27.95,47.47,15.9,50.44,1.311,0.041,0.639,0.1916666666666666,23.0,21.0,0.9047619047619048,0.8260869565217391,True,0.1739130434782609,0.3478260869565217,0.0,0.2608695652173913,0.1739130434782608,0.0,0.0,0.0,0.0,0.0434782608695652,0.0,0.1304347826086956,0.391304347826087,0.25,31.5,31.09,8.25,0.323,2.94,0.159,612.0,122.0
mbkuWmBI5ik,True,True,195.0,79,67,409,2,0,98900,2838,Neutral,4,-402.08,183.37,52.93,188.83,1.691,0.166,0.475,0.1623931623931624,76.0,59.0,0.8813559322033898,0.6842105263157895,False,0.1421052631578947,0.2631578947368421,0.1710526315789473,0.0657894736842105,0.131578947368421,0.0,0.0,0.0,0.0131578947368421,0.0526315789473684,0.0,0.0,0.5657894736842105,14.0,472.0,0.0,13.0,0.97,5.35,0.047,2832.0,468.0
mdXTf-seIYU,True,True,127.0,226,147,16995,266,0,1220000,11882,Neutral,13,-253.36,129.09,41.45,134.41,1.552,0.139,0.407,0.1804281345565749,59.0,29.0,0.6206896551724138,0.3050847457627119,False,0.1559322033898305,0.2711864406779661,0.2711864406779661,0.0,0.2542372881355932,0.0,0.0338983050847457,0.0338983050847457,0.0338983050847457,0.0,0.0,0.0677966101694915,0.3050847457627119,3.0,330.0,0.0,15.0,0.963,6.16,0.176,1844.0,324.0
me0zy_fuWyc,True,True,603.0,190,129,6317,45,0,1220000,11882,Neutral,11,-1378.86,565.06,67.51,581.7,1.383,0.088,0.35,0.0579809004092769,85.0,78.0,0.935897435897436,0.8588235294117647,True,0.6447058823529412,0.611764705882353,0.0588235294117647,0.0705882352941176,0.0705882352941176,0.0,0.0235294117647058,0.0470588235294117,0.0117647058823529,0.1176470588235294,0.0,0.0352941176470588,0.5647058823529412,0.65,75.15,158.08,8.55,0.166,6.72,0.166,7676.0,1464.0
mioatMDYVew,True,True,109.0,17,16,80,1,0,1630,242,Positive,2,-146.0,89.52,29.31,93.38,1.471,0.093,0.547,0.1441048034934497,33.0,28.0,0.8928571428571429,0.7575757575757576,True,0.206060606060606,0.303030303030303,0.0,0.0,0.3939393939393939,0.0,0.0,0.0303030303030303,0.0,0.0606060606060606,0.0,0.0303030303030303,0.4848484848484848,1.333,78.67,44.84,11.33,0.489,4.17,0.11,1271.0,229.0
mks84XYGzWQ,True,True,137.0,143,93,9584,32,0,1220000,11882,Neutral,8,-326.7,158.2,37.88,163.5,1.508,0.092,0.38,0.1321695760598503,53.0,35.0,0.8571428571428571,0.5660377358490566,False,0.1132075471698113,0.2452830188679245,0.0377358490566037,0.0188679245283018,0.5094339622641509,0.0,0.0,0.0188679245283018,0.0,0.0566037735849056,0.0,0.0,0.3584905660377358,3.0,401.0,0.0,17.0,0.97,4.96,0.132,2192.0,401.0
mo6R0BY--F4,True,True,64.0,84,70,734,6,0,1220000,11882,Negative,6,-100.1,71.69,27.37,75.62,1.48,0.101,0.698,0.3005464480874317,55.0,51.0,0.9607843137254902,0.8909090909090909,False,0.1381818181818181,0.2909090909090909,0.0363636363636363,0.0,0.1272727272727272,0.0,0.0,0.0181818181818181,0.1454545454545454,0.0545454545454545,0.0,0.0909090909090909,0.5272727272727272,0.5,93.5,115.26,7.5,0.714,4.09,0.096,1020.0,182.0
moTpKU0fEKU,True,True,105.0,43,35,647,5,0,34900,832,Neutral,3,-175.88,99.4,35.95,103.88,1.548,0.133,0.56,0.095617529880478,24.0,21.0,0.9047619047619048,0.7916666666666666,False,0.1,0.25,0.0,0.2083333333333333,0.125,0.0,0.0833333333333333,0.0,0.125,0.0,0.0,0.0,0.4583333333333333,1.0,133.0,152.74,12.5,0.49,4.16,0.165,1450.0,250.0
mqef5Jqjrfo,True,True,38.0,28,27,983,10,0,144000,1700,Neutral,2,61.33,7.19,11.21,8.0,1.6,0.2,1.0,0.1,1.0,1.0,1.0,1.0,True,0.8,1.0,0.0,0.0,1.0,0.0,0.0,0.0,0.0,0.0,0.0,0.0,0.0,1.0,10.0,0.0,5.0,0.0,1.8,0.0,63.0,10.0
mr2Povf2Dhs,True,True,1342.0,19,18,525,1,0,1400,201,Neutral,1,-3226.23,1270.64,129.59,1305.13,1.588,0.151,0.241,0.0198795180722891,66.0,52.0,0.8846153846153846,0.696969696969697,True,0.8,1.0,0.0,0.0,0.1666666666666666,0.0,0.0,0.0303030303030303,0.0303030303030303,0.0151515151515151,0.0,0.0,0.7575757575757576,1.083,94.25,96.15,11.53,0.06,3.93,0.111,19242.0,3311.0
mrMZWoy0OJs,True,True,131.0,116,89,69,3,0,4820,1001,Positive,8,61.33,7.19,11.21,8.0,1.6,0.2,1.0,0.1,1.0,1.0,1.0,1.0,True,0.8,1.0,0.0,0.0,1.0,0.0,0.0,0.0,0.0,0.0,0.0,0.0,0.0,1.0,10.0,0.0,5.0,0.0,1.8,0.0,63.0,10.0
mrzhpcauJ4s,True,True,567.0,105,81,152568,693,71,46000,861,Neutral,7,-1293.26,531.01,70.48,547.0,1.439,0.102,0.297,0.0481751824817518,66.0,57.0,0.8947368421052632,0.7727272727272727,True,0.6363636363636365,0.5909090909090909,0.1363636363636363,0.3181818181818182,0.2424242424242424,0.0,0.0151515151515151,0.0,0.0151515151515151,0.0454545454545454,0.0,0.1212121212121212,0.106060606060606,0.667,156.0,161.61,11.56,0.197,7.4,0.159,7515.0,1364.0
msEpbc-iG0c,True,True,138.0,61,53,10275,71,16,45400,902,Neutral,4,-295.79,139.97,53.91,145.97,1.814,0.23,0.555,0.1440922190201729,50.0,40.0,0.9,0.72,True,0.2239999999999999,0.34,0.16,0.04,0.3,0.0,0.02,0.1,0.1,0.0,0.0,0.0,0.28,1.0,176.5,9.19,17.0,0.69,4.67,0.079,2207.0,347.0
mxNW4Wrd-_Y,True,True,61.0,212,137,32894,126,0,1220000,11882,Neutral,10,-90.36,63.13,31.12,64.8,1.713,0.16,0.633,0.3133333333333333,47.0,35.0,0.8285714285714286,0.6170212765957447,False,0.1106382978723403,0.2553191489361702,0.1276595744680851,0.3191489361702128,0.1063829787234042,0.0,0.0,0.1702127659574468,0.0212765957446808,0.0212765957446808,0.0,0.0638297872340425,0.1702127659574468,3.0,153.0,0.0,15.0,0.875,4.78,0.065,909.0,150.0
myoLz-N71U4,True,True,123.0,149,109,895,11,0,135000,2612,Neutral,7,-242.3,128.79,32.81,134.15,1.362,0.082,0.462,0.1246200607902735,41.0,38.0,0.9473684210526316,0.8780487804878049,True,0.2926829268292683,0.3902439024390244,0.048780487804878,0.1219512195121951,0.0975609756097561,0.0,0.0,0.073170731707317,0.1463414634146341,0.073170731707317,0.0,0.0,0.4390243902439024,0.25,84.0,53.55,11.25,0.424,3.56,0.176,1667.0,328.0
mz1gtgZ_rOg,True,True,163.0,80,67,2768,52,1,135000,2612,Negative,5,-404.63,192.67,37.88,200.91,1.289,0.075,0.398,0.1282051282051282,65.0,51.0,0.8431372549019608,0.6615384615384615,False,0.1476923076923078,0.2923076923076923,0.0,0.0615384615384615,0.1076923076923077,0.0,0.0,0.0,0.0615384615384615,0.0923076923076923,0.0,0.123076923076923,0.5538461538461539,0.0,32.88,33.01,8.06,0.083,3.73,0.2,2434.0,497.0
n-IKtQMpob0,True,True,397.0,73,56,1816,15,0,22900,642,Neutral,4,-860.63,361.6,72.63,373.3,1.592,0.161,0.415,0.0657327586206896,61.0,47.0,0.7872340425531915,0.6065573770491803,True,0.5442622950819673,0.4754098360655737,0.0163934426229508,0.1311475409836065,0.2459016393442623,0.0,0.0,0.0163934426229508,0.0491803278688524,0.0163934426229508,0.0,0.0,0.5245901639344263,2.5,474.0,94.75,26.0,0.632,4.68,0.109,5523.0,927.0
n0aYj8fnqUw,True,True,702.0,102,77,10688,21,0,1220000,11882,Neutral,6,35.61,8.79,3.13,0.8,2.0,0.0,1.0,0.0,0.0,0.0,0.0,0.0,False,0.0,0.0,0.0,0.0,0.0,0.0,0.0,0.0,0.0,0.0,0.0,0.0,0.0,0.0,2.0,0.0,2.0,0.0,1.0,0.0,11.0,2.0
n2flQv5UZVs,True,True,240.0,40,40,7946,29,3,216000,5950,Neutral,2,50.66,10.25,13.3,13.01,1.65,0.188,0.48,0.0252427184466019,13.0,9.0,0.7777777777777778,0.5384615384615384,True,0.4000000000000001,0.3846153846153846,0.0,0.4615384615384615,0.0769230769230769,0.0,0.0,0.0,0.0,0.2307692307692307,0.0,0.0,0.2307692307692307,0.161,16.84,12.64,5.87,0.064,3.53,0.105,3229.0,520.0
n7A2uQhrOB8,True,True,205.0,52,42,3460,37,2,697000,6101,Neutral,2,32.08,14.7,14.35,15.04,1.78,0.162,0.46,0.0119284294234592,6.0,4.0,0.75,0.5,True,0.6000000000000001,0.5,0.0,0.0,0.3333333333333333,0.0,0.0,0.0,0.0,0.0,0.0,0.0,0.6666666666666666,0.143,24.19,15.5,7.38,0.066,3.39,0.026,3152.0,504.0
n7g8aul7P_U,True,True,128.0,49,39,842,8,0,135000,2612,Negative,3,-175.53,103.33,28.03,107.57,1.352,0.072,0.564,0.2113207547169811,56.0,53.0,0.9622641509433962,0.9107142857142856,False,0.0857142857142858,0.25,0.0714285714285714,0.1964285714285714,0.1071428571428571,0.0,0.125,0.0,0.0535714285714285,0.0357142857142857,0.0,0.0714285714285714,0.3392857142857143,0.176,16.41,18.22,4.18,0.139,3.19,0.194,1375.0,266.0
n8skoBVca38,True,True,176.0,24,23,1871,17,1,21200,805,Neutral,2,-315.85,153.7,42.71,160.05,1.523,0.124,0.425,0.1733668341708542,69.0,44.0,0.8181818181818182,0.5217391304347826,True,0.2202898550724639,0.3333333333333333,0.1014492753623188,0.0289855072463768,0.4347826086956521,0.0,0.0144927536231884,0.0,0.0144927536231884,0.2028985507246377,0.0,0.0,0.2028985507246377,0.0,104.0,38.5,10.5,0.337,4.39,0.118,2201.0,396.0
nAcy0QvN6k8,True,True,3463.0,214,153,556,13,0,697000,6101,Neutral,7,-9268.29,3593.77,195.42,3688.04,1.513,0.123,0.18,0.0106734977051979,100.0,74.0,0.8513513513513513,0.63,True,0.8,1.0,0.13,0.04,0.22,0.0,0.12,0.01,0.0,0.12,0.0,0.0,0.36,0.979,100.57,123.48,9.51,0.017,5.81,0.099,51421.0,9351.0
nBaT6tVEQAQ,True,True,134.0,53,49,1269,6,0,88900,1346,Neutral,5,-156.26,95.17,29.31,99.44,1.388,0.087,0.504,0.2049180327868852,50.0,45.0,0.9333333333333332,0.84,False,0.1200000000000001,0.26,0.0,0.16,0.12,0.0,0.02,0.02,0.0,0.08,0.0,0.0,0.6,0.1,26.3,39.11,5.8,0.111,3.94,0.171,1324.0,242.0
nC2vXbWYGGE,True,True,317.0,144,88,7435,28,1,88900,1346,Neutral,6,-605.54,267.65,47.75,276.35,1.396,0.089,0.408,0.0953757225433526,66.0,53.0,0.8867924528301887,0.7121212121212122,True,0.393939393939394,0.3484848484848485,0.0,0.1666666666666666,0.1969696969696969,0.0,0.0303030303030303,0.0454545454545454,0.0606060606060606,0.0151515151515151,0.0,0.0151515151515151,0.4696969696969697,0.125,43.56,53.59,7.88,0.101,3.18,0.175,3599.0,686.0
nClKe9M3CKw,True,True,1359.0,168,100,621,8,1,697000,6101,Neutral,5,-3300.5,1300.38,123.5,1335.6,1.53,0.133,0.242,0.0207653515277365,70.0,58.0,0.8620689655172413,0.7142857142857143,True,0.8,1.0,0.0571428571428571,0.0,0.2857142857142857,0.0,0.0142857142857142,0.0142857142857142,0.0428571428571428,0.0428571428571428,0.0,0.0,0.5428571428571428,0.789,90.97,122.24,10.92,0.059,4.89,0.136,18846.0,3368.0
nGaR7u_LRxo,True,True,25.0,65,56,683,14,0,10400,247,Neutral,3,36.18,22.37,17.12,26.31,1.333,0.105,0.649,0.1607142857142857,9.0,6.0,0.6666666666666666,0.4444444444444444,True,0.4444444444444444,0.4444444444444444,0.0,0.0,0.0,0.0,0.0,0.0,0.0,0.0,0.0,0.0,1.0,0.0,11.4,6.02,4.4,0.167,1.98,0.263,271.0,57.0
nGpwOCgfxo4,True,True,211.0,112,72,7733,13,9,16600,1353,Neutral,6,-460.5,209.9,47.38,217.1,1.493,0.113,0.447,0.1447124304267161,78.0,56.0,0.8035714285714286,0.5769230769230769,False,0.2461538461538461,0.2692307692307692,0.0384615384615384,0.1153846153846153,0.1538461538461538,0.0,0.0128205128205128,0.1923076923076923,0.1025641025641025,0.0641025641025641,0.0,0.0,0.3205128205128205,0.8,109.4,78.36,11.4,0.342,4.34,0.113,2928.0,539.0
nI2c-d3skFw,True,True,1156.0,27,21,1562,9,2,14700,1456,Neutral,2,-2966.19,1172.27,112.12,1204.2,1.513,0.121,0.225,0.0235021516054286,71.0,41.0,0.7560975609756098,0.4366197183098591,True,0.8,1.0,0.1830985915492957,0.0422535211267605,0.2112676056338028,0.0,0.1267605633802817,0.1971830985915492,0.0140845070422535,0.0422535211267605,0.0,0.0,0.1830985915492957,0.964,110.39,113.44,10.18,0.073,5.02,0.097,17206.0,3015.0
nJa_sYU2GSA,True,True,148.0,138,68,3227,20,0,1220000,11882,Neutral,5,-293.81,147.4,30.53,151.92,1.419,0.061,0.381,0.1417322834645669,54.0,34.0,0.7647058823529411,0.4814814814814814,True,0.1925925925925926,0.3333333333333333,0.0,0.0555555555555555,0.2962962962962963,0.0,0.0,0.1111111111111111,0.0925925925925925,0.1851851851851851,0.0,0.0,0.2592592592592592,3.0,388.0,0.0,22.0,0.968,5.66,0.093,2076.0,381.0
nK3kUM3zQjw,True,True,3628.0,37,30,778,16,0,144000,1700,Neutral,2,61.33,7.19,11.21,8.0,1.6,0.2,1.0,0.1,1.0,1.0,1.0,1.0,True,0.8,1.0,0.0,0.0,1.0,0.0,0.0,0.0,0.0,0.0,0.0,0.0,0.0,1.0,10.0,0.0,5.0,0.0,1.8,0.0,63.0,10.0
nNhIivlMhFI,True,True,61.0,55,49,3492,16,0,5490,571,Neutral,5,58.65,8.68,11.21,11.32,1.578,0.138,0.629,0.0847457627118644,10.0,7.0,0.8571428571428571,0.6,True,0.1600000000000001,0.3,0.0,0.4,0.0,0.0,0.1,0.0,0.1,0.0,0.0,0.0,0.4,0.25,15.62,10.64,6.0,0.115,3.22,0.04,680.0,119.0
nTe60stNjHM,True,True,1367.0,75,56,549,4,0,13800,709,Neutral,3,-3311.33,1303.38,131.13,1338.56,1.586,0.151,0.24,0.0201123927832002,68.0,53.0,0.8301886792452831,0.6470588235294118,True,0.8,1.0,0.1617647058823529,0.0735294117647058,0.2352941176470588,0.0,0.0,0.0588235294117647,0.1470588235294117,0.0,0.0,0.0,0.3235294117647059,1.28,138.92,148.96,14.44,0.089,5.33,0.107,19712.0,3378.0
nUh1z2VN55s,True,True,92.0,18,16,14850,74,11,27400,964,Neutral,1,80.1,6.31,5.99,7.39,1.294,0.015,0.647,0.0476190476190476,3.0,3.0,1.0,1.0,True,0.6666666666666667,0.6666666666666666,0.0,0.3333333333333333,0.0,0.0,0.0,0.0,0.0,0.3333333333333333,0.0,0.0,0.3333333333333333,0.0,10.29,12.82,3.71,0.158,3.55,0.167,368.0,69.0
nV9JW3AHqfg,True,True,3103.0,50,47,609,8,2,477000,4732,Neutral,5,-8432.86,3273.54,179.49,3359.55,1.476,0.114,0.133,0.0045995990093171,39.0,35.0,0.8857142857142857,0.7948717948717948,True,0.8,1.0,0.0,0.0,0.2564102564102564,0.0,0.0,0.0,0.1794871794871795,0.0,0.0,0.0,0.5641025641025641,0.419,67.09,64.6,10.68,0.013,4.06,0.146,46536.0,8466.0
nXN-xHWxTLw,True,True,153.0,156,118,532,0,0,128000,2724,Very Positive,5,-274.17,141.43,30.53,147.12,1.343,0.064,0.483,0.1594594594594594,59.0,53.0,0.9056603773584906,0.8135593220338984,True,0.3389830508474576,0.3220338983050847,0.0338983050847457,0.0677966101694915,0.1525423728813559,0.0,0.0,0.0,0.0677966101694915,0.0508474576271186,0.0,0.0338983050847457,0.5932203389830508,0.375,48.0,34.46,6.62,0.198,4.35,0.188,1904.0,366.0
n_bwwxGH9Bw,True,True,273.0,42,34,122567,836,94,697000,6101,Neutral,1,64.98,9.66,12.46,12.29,1.413,0.098,0.376,0.0169491525423728,14.0,8.0,0.875,0.5,True,0.5428571428571429,0.5714285714285714,0.0,0.0,0.1428571428571428,0.0,0.0,0.5,0.1428571428571428,0.0,0.0,0.0,0.2142857142857142,0.162,23.05,11.93,6.65,0.049,3.34,0.127,4548.0,826.0
naHdNzp24n8,True,False,405.0,0,0,6042,43,0,5390,505,,0,47.13,10.8,17.62,13.24,1.689,0.191,0.374,0.0,0.0,0.0,0.0,0.0,False,0.0,0.0,0.0,0.0,0.0,0.0,0.0,0.0,0.0,0.0,0.0,0.0,0.0,0.197,16.98,7.65,6.33,0.032,3.04,0.076,6427.0,1024.0
naNE1XQsGDM,True,True,151.0,157,114,7015,85,32,569000,3032,Neutral,6,-297.3,149.13,32.26,154.32,1.4,0.068,0.518,0.1974358974358974,77.0,61.0,0.8524590163934426,0.6753246753246753,False,0.0987012987012987,0.2337662337662337,0.0129870129870129,0.0,0.0909090909090909,0.0,0.0,0.0,0.0779220779220779,0.1038961038961039,0.0,0.0,0.7142857142857143,0.667,65.83,70.54,7.33,0.207,3.91,0.122,1999.0,388.0
nakb7Jjuxwg,True,True,257.0,92,65,1853,8,0,697000,6101,Neutral,3,-606.5,259.33,69.26,267.26,1.815,0.206,0.418,0.0866261398176291,57.0,41.0,0.8048780487804879,0.5789473684210527,True,0.3228070175438597,0.3859649122807017,0.0175438596491228,0.0526315789473684,0.2105263157894736,0.0,0.0,0.0175438596491228,0.087719298245614,0.0,0.0,0.0,0.6140350877192983,7.5,331.5,465.98,18.0,0.48,5.55,0.027,4074.0,659.0
nawJ3wQUuDM,True,True,33.0,72,49,1523,3,0,3900,286,Neutral,3,-9.87,39.23,17.12,40.41,1.374,0.061,0.727,0.2912621359223301,30.0,26.0,0.9230769230769232,0.8,False,0.1466666666666667,0.2666666666666666,0.0333333333333333,0.1333333333333333,0.0,0.0,0.0,0.1,0.1666666666666666,0.1,0.0,0.0,0.4666666666666667,0.0,34.67,11.59,6.67,0.2,3.2,0.173,529.0,101.0
nesk2NaNSfw,True,True,10648.0,20,19,1452,2,0,98800,3649,Positive,1,-21364.43,8241.21,302.76,8454.53,1.529,0.13,0.124,0.0035159141376757,76.0,51.0,0.7450980392156863,0.5,True,0.8,1.0,0.0131578947368421,0.0,0.1578947368421052,0.0,0.3026315789473684,0.0,0.0,0.1052631578947368,0.0,0.0,0.4210526315789473,0.486,49.45,85.73,7.52,0.004,4.54,0.113,118620.0,21535.0
nhx78yRIBsQ,True,True,270.0,51,44,2902,28,0,697000,6101,Neutral,2,-537.51,242.5,44.32,251.43,1.348,0.084,0.414,0.0996835443037974,63.0,56.0,0.9285714285714286,0.8253968253968254,True,0.3809523809523809,0.3809523809523809,0.0317460317460317,0.0476190476190476,0.238095238095238,0.0,0.0,0.0,0.0793650793650793,0.0476190476190476,0.0,0.0,0.5555555555555556,0.364,59.36,64.42,9.73,0.194,3.99,0.193,3228.0,625.0
niRTFVom1EE,True,True,61.0,24,24,2728,6,1,50000,1839,Neutral,2,-79.96,68.14,21.19,72.45,1.278,0.057,0.568,0.1483516483516483,27.0,24.0,0.9166666666666666,0.8148148148148148,True,0.251851851851852,0.3333333333333333,0.037037037037037,0.1481481481481481,0.2592592592592592,0.0,0.0,0.1111111111111111,0.037037037037037,0.0,0.0,0.0,0.4074074074074074,0.0,48.0,75.18,5.25,0.241,3.81,0.198,909.0,178.0
njmpa_Z_rJs,True,True,120.0,52,48,201,5,0,17400,646,Neutral,5,50.73,11.08,13.93,14.41,1.609,0.181,0.554,0.028673835125448,8.0,7.0,0.8571428571428571,0.75,True,0.7,0.75,0.0,0.0,0.125,0.0,0.0,0.0,0.125,0.0,0.0,0.0,0.75,0.071,20.36,13.89,6.79,0.102,3.37,0.161,1662.0,278.0
njx7yw0uS9c,True,True,73.0,99,75,1477,5,0,11700,1438,Neutral,5,38.05,15.36,13.97,16.22,1.638,0.121,0.523,0.0700636942675159,11.0,11.0,1.0,1.0,True,0.509090909090909,0.5454545454545454,0.0,0.0,0.0909090909090909,0.0,0.0,0.0,0.1818181818181818,0.4545454545454545,0.0,0.0,0.2727272727272727,0.4,32.0,11.98,8.8,0.125,3.31,0.062,989.0,157.0
nm9I5cz2uQQ,True,True,56.0,283,168,480,1,0,74500,586,Neutral,14,67.46,7.16,10.32,9.33,1.488,0.119,0.562,0.0125,2.0,2.0,1.0,1.0,True,0.6000000000000001,0.5,0.5,0.0,0.5,0.0,0.0,0.0,0.0,0.0,0.0,0.0,0.0,0.0,12.85,7.71,4.85,0.134,2.58,0.222,893.0,161.0
nmtmWZ7oUIY,True,True,183.0,98,70,11893,94,0,113000,553,Neutral,4,39.76,18.33,16.06,21.31,1.462,0.12,0.526,0.0922190201729106,32.0,29.0,0.896551724137931,0.8125,True,0.2624999999999999,0.34375,0.125,0.15625,0.0,0.0,0.0,0.03125,0.03125,0.0625,0.0,0.1875,0.40625,0.286,25.79,24.71,6.43,0.095,3.57,0.136,1936.0,346.0
noBv58QoAJo,True,True,278.0,35,29,7441,42,4,6800,1417,Neutral,3,62.2,9.16,12.91,12.37,1.489,0.133,0.392,0.0150375939849624,10.0,10.0,1.0,1.0,True,0.4399999999999999,0.5,0.0,0.1,0.5,0.0,0.0,0.1,0.2,0.0,0.0,0.0,0.1,0.222,18.67,8.39,6.64,0.056,2.91,0.134,3821.0,667.0
noPInsSVYMU,True,True,6001.0,75,65,76,0,0,14700,1456,Neutral,4,-7044.32,2738.52,183.24,2810.89,1.548,0.142,0.162,0.0040882498061605,58.0,47.0,0.8936170212765957,0.7241379310344828,True,0.8,1.0,0.1896551724137931,0.0344827586206896,0.3103448275862069,0.0,0.0,0.0,0.0517241379310344,0.0,0.0,0.0,0.4137931034482758,0.783,90.23,142.61,9.7,0.011,5.65,0.114,80933.0,14159.0
noypViDJ5WI,True,True,383.0,21,20,344,5,0,131000,1453,Neutral,1,70.85,6.62,12.86,9.18,1.451,0.107,0.43,0.0158536585365853,13.0,11.0,0.8181818181818182,0.6923076923076923,True,0.6461538461538463,0.6923076923076923,0.1538461538461538,0.0769230769230769,0.0,0.0,0.0,0.0,0.0,0.0,0.0,0.0,0.7692307692307693,0.118,12.25,8.76,4.74,0.032,3.18,0.166,4579.0,831.0
nqlY-Vc0kno,True,True,170.0,124,96,1341,15,0,569000,3032,Negative,3,-346.4,168.9,36.44,175.58,1.356,0.079,0.505,0.1241379310344827,54.0,44.0,0.8636363636363636,0.7037037037037037,False,0.1703703703703705,0.2777777777777778,0.037037037037037,0.037037037037037,0.0925925925925925,0.0,0.0,0.037037037037037,0.0925925925925925,0.037037037037037,0.0,0.0555555555555555,0.6111111111111112,0.286,31.57,22.31,7.0,0.118,2.85,0.167,2229.0,432.0
nrN3RoctiF8,True,True,61.0,170,103,1459,8,1,16500,1455,Positive,11,54.82,10.37,12.03,12.13,1.567,0.127,0.627,0.0373134328358208,5.0,5.0,1.0,1.0,True,0.72,0.8,0.0,0.0,0.2,0.0,0.0,0.2,0.6,0.0,0.0,0.0,0.0,0.143,20.0,9.17,7.57,0.24,3.3,0.114,760.0,134.0
nrberl9cddU,True,True,991.0,35,33,470,3,0,569000,3032,Neutral,2,-2605.66,1032.79,111.07,1061.02,1.559,0.135,0.275,0.0270470544646165,73.0,61.0,0.918032786885246,0.7671232876712328,True,0.8,1.0,0.273972602739726,0.0273972602739726,0.1917808219178082,0.0,0.0136986301369863,0.0,0.0,0.1232876712328767,0.0,0.0,0.3698630136986301,1.25,98.32,91.13,11.11,0.073,4.88,0.098,15247.0,2696.0
nsWmEuW_NWI,True,True,1810.0,170,120,53433,658,91,46000,861,Neutral,6,-4812.48,1883.91,121.04,1934.22,1.405,0.088,0.165,0.0158338474192885,77.0,51.0,0.8627450980392157,0.5714285714285714,True,0.8,1.0,0.1558441558441558,0.3376623376623376,0.1038961038961039,0.0,0.0,0.0,0.0519480519480519,0.0649350649350649,0.0,0.0,0.2857142857142857,0.183,35.28,36.91,6.95,0.012,3.53,0.167,25549.0,4847.0
nsimm-zLZcs,True,True,220.0,44,36,1550,10,0,50000,1839,Neutral,2,-418.84,191.92,54.54,199.22,1.589,0.167,0.428,0.1460446247464503,72.0,57.0,0.8245614035087719,0.6527777777777778,False,0.1333333333333333,0.25,0.0416666666666666,0.0138888888888888,0.2638888888888889,0.0,0.0,0.0138888888888888,0.1527777777777778,0.0138888888888888,0.0,0.0,0.5,8.0,250.0,8.49,15.0,0.649,4.22,0.068,2892.0,493.0
nt23y9IhnAE,True,True,4915.0,7,7,870,14,0,28300,1065,Neutral,1,-14913.97,5764.97,213.88,5914.78,1.42,0.092,0.108,0.0026695141484249,40.0,36.0,0.8888888888888888,0.8,True,0.8,1.0,0.0,0.0,0.375,0.0,0.025,0.0,0.1,0.0,0.0,0.0,0.5,1.122,90.22,107.06,9.91,0.011,4.82,0.163,79969.0,14909.0
nz5xGubxjOM,True,True,4024.0,57,54,646,11,0,13800,709,Neutral,2,-12790.48,4948.33,209.11,5077.22,1.455,0.102,0.118,0.0031837241807734,41.0,31.0,0.8064516129032258,0.6097560975609756,True,0.8,1.0,0.2439024390243902,0.048780487804878,0.1219512195121951,0.0,0.0,0.024390243902439,0.073170731707317,0.0,0.0,0.0,0.4878048780487805,0.362,48.03,51.09,7.69,0.007,3.99,0.146,69383.0,12818.0
nzN8so9SWCw,True,False,106.0,0,0,699,10,1,27400,964,,0,-80.77,68.75,17.12,72.55,1.264,0.034,0.635,0.231638418079096,41.0,37.0,0.918918918918919,0.8292682926829268,True,0.2048780487804877,0.3170731707317073,0.0,0.024390243902439,0.073170731707317,0.0,0.0,0.0,0.048780487804878,0.1463414634146341,0.0,0.0,0.7073170731707317,0.0,92.5,129.4,9.0,0.464,4.98,0.13,914.0,180.0
o-Kvlxyj43I,True,True,254.0,51,44,111533,701,56,15400,480,Neutral,3,61.33,7.19,11.21,8.0,1.6,0.2,1.0,0.1,1.0,1.0,1.0,1.0,True,0.8,1.0,0.0,0.0,1.0,0.0,0.0,0.0,0.0,0.0,0.0,0.0,0.0,1.0,10.0,0.0,5.0,0.0,1.8,0.0,63.0,10.0
o0WlzapSwN4,True,True,82.0,30,28,1860,11,2,16500,1455,Neutral,3,-142.34,89.26,29.31,93.76,1.416,0.093,0.527,0.0960698689956331,22.0,21.0,0.9523809523809524,0.9090909090909092,True,0.4000000000000001,0.3636363636363636,0.1363636363636363,0.0,0.1818181818181818,0.0,0.0,0.0,0.1818181818181818,0.1818181818181818,0.0,0.0,0.3181818181818182,0.167,38.83,57.87,7.5,0.292,4.06,0.159,1200.0,227.0
o1XNQs21gGA,True,True,128.0,79,64,1088,4,0,45400,902,Neutral,5,-231.1,120.77,40.59,126.22,1.541,0.142,0.545,0.1877022653721682,58.0,49.0,0.8367346938775511,0.7068965517241379,False,0.0344827586206897,0.2241379310344827,0.0344827586206896,0.0862068965517241,0.4482758620689655,0.0,0.0,0.0172413793103448,0.0517241379310344,0.0862068965517241,0.0,0.0,0.2758620689655172,0.5,161.5,112.43,14.5,0.727,4.33,0.127,1835.0,309.0
o1iG80Cte4U,True,True,146.0,45,37,322,5,0,10700,653,Neutral,4,63.48,8.66,10.81,10.63,1.489,0.106,0.453,0.0138121546961325,5.0,5.0,1.0,1.0,True,0.32,0.4,0.2,0.0,0.2,0.0,0.0,0.0,0.0,0.0,0.0,0.0,0.6,0.0,17.05,8.52,6.5,0.069,2.96,0.088,1992.0,364.0
o46eZI0j_w4,True,True,122.0,81,63,1461,11,0,5490,571,Neutral,5,62.67,8.6,12.06,11.98,1.507,0.149,0.486,0.0033112582781456,1.0,1.0,1.0,1.0,True,0.8,1.0,0.0,0.0,1.0,0.0,0.0,0.0,0.0,0.0,0.0,0.0,0.0,0.167,17.44,8.76,5.67,0.095,3.1,0.143,1729.0,303.0
o4FBN9rqxDA,True,True,1263.0,5,5,660,10,0,98900,2838,Neutral,1,-3539.49,1390.61,134.02,1427.88,1.607,0.148,0.198,0.0225752508361204,81.0,44.0,0.7727272727272727,0.419753086419753,True,0.8,1.0,0.0,0.0,0.0123456790123456,0.0,0.0,0.0,0.037037037037037,0.0,0.0,0.0,0.9506172839506172,9.857,519.71,371.64,16.57,0.251,7.67,0.057,20842.0,3584.0
o4d-HKnLnOQ,True,True,3823.0,131,84,529,6,0,24900,211,Neutral,4,-9966.56,3861.59,206.39,3962.45,1.536,0.128,0.177,0.0077450104259755,78.0,61.0,0.8360655737704918,0.6538461538461539,True,0.8,1.0,0.0,0.0,0.4487179487179487,0.0,0.0,0.0897435897435897,0.141025641025641,0.0,0.0,0.0,0.3205128205128205,0.602,80.59,89.45,9.37,0.015,4.47,0.1,56306.0,10045.0
o4zf5GK_xj0,True,True,3088.0,80,67,4431,32,0,45300,2832,Neutral,3,-6900.52,2681.2,192.6,2751.51,1.647,0.16,0.194,0.0095607593182762,69.0,52.0,0.7884615384615384,0.5942028985507246,True,0.8,1.0,0.2463768115942029,0.0144927536231884,0.2608695652173913,0.0,0.0,0.0,0.0289855072463768,0.0289855072463768,0.0,0.0,0.4202898550724637,1.66,150.04,215.73,10.42,0.037,6.35,0.078,43375.0,7220.0
o72e6TBzu8E,True,True,61.0,5,5,236,1,0,13600,1174,Neutral,1,-66.68,59.08,28.68,62.88,1.469,0.136,0.571,0.1216216216216216,18.0,17.0,0.9411764705882352,0.8888888888888888,False,0.2444444444444444,0.2777777777777778,0.0555555555555555,0.0,0.1111111111111111,0.0,0.0,0.0,0.1111111111111111,0.0,0.0,0.0,0.7222222222222222,0.0,76.0,29.7,10.0,0.556,4.87,0.178,800.0,148.0
oBzWEtWY--0,True,True,3761.0,103,86,854,10,0,1100,430,Neutral,4,-7981.41,3097.04,213.65,3178.66,1.623,0.171,0.2,0.0068552910382649,55.0,45.0,0.8666666666666667,0.7090909090909091,True,0.8,1.0,0.0181818181818181,0.0,0.2363636363636363,0.0,0.0,0.0,0.0727272727272727,0.0181818181818181,0.0,0.0,0.6545454545454545,1.342,111.25,175.2,9.9,0.019,5.55,0.084,46446.0,8019.0
oDSInV7HlA4,True,True,312.0,29,23,297,3,0,17400,646,Neutral,2,73.11,6.57,12.75,9.11,1.411,0.096,0.41,0.0187637969094922,17.0,14.0,0.8571428571428571,0.7058823529411765,True,0.611764705882353,0.6470588235294118,0.0,0.0,0.1764705882352941,0.0,0.0,0.1176470588235294,0.0,0.0588235294117647,0.0,0.0,0.6470588235294118,0.125,14.59,10.19,5.41,0.028,3.09,0.154,4967.0,901.0
oFFAIe_38Ok,True,True,286.0,97,73,160111,1703,0,1220000,11882,Neutral,3,42.41,15.05,15.1,17.42,1.572,0.142,0.358,0.1087719298245614,62.0,24.0,0.5,0.1935483870967742,True,0.2838709677419355,0.3064516129032258,0.5,0.0483870967741935,0.0967741935483871,0.0,0.1451612903225806,0.032258064516129,0.0,0.0483870967741935,0.0,0.0,0.1290322580645161,0.4,28.7,19.37,8.3,0.09,3.65,0.07,3164.0,570.0
oFYX05sfmGk,True,True,133.0,23,23,4678,30,0,23100,1473,Neutral,2,-182.59,100.09,39.26,104.63,1.64,0.162,0.53,0.2369477911646586,59.0,50.0,0.88,0.7457627118644068,False,0.0745762711864406,0.2542372881355932,0.0508474576271186,0.1694915254237288,0.3220338983050847,0.0,0.0169491525423728,0.0,0.0,0.0338983050847457,0.0,0.0,0.4067796610169492,1.0,252.0,0.0,13.0,0.947,5.69,0.091,1570.0,248.0
oHfXYFDXk40,True,True,3756.0,52,43,376,14,2,98900,2838,Neutral,3,67.0,8.84,35.39,11.05,1.415,0.09,0.141,0.0015752409191994,17.0,11.0,0.7272727272727273,0.4705882352941176,True,0.8,1.0,0.7058823529411765,0.0,0.0588235294117647,0.0,0.0,0.0,0.0,0.0588235294117647,0.0,0.1176470588235294,0.0588235294117647,0.14,19.39,15.37,5.89,0.004,3.28,0.131,57675.0,10739.0
oHh6zwtmpYw,True,True,113.0,32,30,1082,12,1,35300,1846,Neutral,1,92.45,2.85,7.31,5.71,1.232,0.054,0.461,0.0421052631578947,12.0,10.0,0.8,0.6666666666666666,True,0.5333333333333334,0.5,0.1666666666666666,0.0,0.0833333333333333,0.0,0.0,0.0,0.1666666666666666,0.0,0.0,0.0,0.5833333333333334,0.103,10.28,9.6,3.79,0.069,3.03,0.181,1442.0,284.0
oIaznPF1u1c,True,False,179.0,0,0,761,6,23,67000,1102,,0,-397.29,188.17,38.81,194.98,1.37,0.081,0.445,0.1311475409836065,64.0,59.0,0.9491525423728814,0.875,True,0.2125000000000001,0.328125,0.03125,0.03125,0.140625,0.0,0.0,0.015625,0.0625,0.125,0.0,0.0,0.59375,0.571,71.43,76.13,9.71,0.25,4.04,0.136,2487.0,485.0
oKQNiKU69qM,True,True,92.0,74,57,368,3,0,5490,571,Neutral,4,-132.02,84.09,29.92,88.38,1.474,0.104,0.521,0.1751152073732718,38.0,31.0,0.935483870967742,0.7631578947368421,False,0.0736842105263158,0.2368421052631578,0.0,0.0263157894736842,0.2105263157894736,0.0,0.0,0.0526315789473684,0.1052631578947368,0.0526315789473684,0.0,0.0,0.5526315789473685,1.0,224.0,0.0,15.0,0.933,5.75,0.08,1242.0,218.0
oLxxq-ihXeY,True,False,99.0,0,0,117,1,0,6020,213,,0,61.33,7.19,11.21,8.0,1.6,0.2,1.0,0.1,1.0,1.0,1.0,1.0,True,0.8,1.0,0.0,0.0,1.0,0.0,0.0,0.0,0.0,0.0,0.0,0.0,0.0,1.0,10.0,0.0,5.0,0.0,1.8,0.0,63.0,10.0
oMdwNFFftzk,True,True,4079.0,126,90,477,0,0,1400,201,Neutral,5,-10329.18,4000.86,218.17,4105.43,1.539,0.138,0.178,0.0048118564142046,50.0,44.0,0.8863636363636364,0.78,True,0.8,1.0,0.06,0.02,0.1,0.0,0.0,0.0,0.04,0.0,0.0,0.0,0.78,0.991,90.78,127.53,8.93,0.015,5.06,0.11,58254.0,10367.0
oMimcciFDr4,True,True,2770.0,352,237,80,0,0,3640,696,Neutral,11,-6813.49,2652.17,153.84,2722.38,1.435,0.102,0.177,0.0113802159323023,78.0,56.0,0.8392857142857143,0.6025641025641025,True,0.8,1.0,0.1025641025641025,0.0128205128205128,0.1025641025641025,0.0,0.0128205128205128,0.0,0.0384615384615384,0.0256410256410256,0.0,0.0128205128205128,0.6923076923076923,0.302,55.6,82.61,8.48,0.013,4.2,0.147,36279.0,6832.0
oNSWObWncA8,True,True,127.0,67,51,355,5,0,34900,832,Neutral,4,61.33,7.19,11.21,8.0,1.6,0.2,1.0,0.1,1.0,1.0,1.0,1.0,True,0.8,1.0,0.0,0.0,1.0,0.0,0.0,0.0,0.0,0.0,0.0,0.0,0.0,1.0,10.0,0.0,5.0,0.0,1.8,0.0,63.0,10.0
oNr40ajykIs,True,True,96.0,117,86,180,1,0,674,262,Neutral,6,61.33,7.19,11.21,8.0,1.6,0.2,1.0,0.1,1.0,1.0,1.0,1.0,True,0.8,1.0,0.0,0.0,1.0,0.0,0.0,0.0,0.0,0.0,0.0,0.0,0.0,1.0,10.0,0.0,5.0,0.0,1.8,0.0,63.0,10.0
oNr5TUvtdpQ,True,True,630.0,179,122,16672,76,0,1220000,11882,Neutral,12,-1909.29,765.99,90.33,787.55,1.522,0.119,0.276,0.0354071825998988,70.0,55.0,0.8545454545454545,0.6714285714285714,True,0.7257142857142858,0.8142857142857143,0.0714285714285714,0.1714285714285714,0.1428571428571428,0.0,0.0571428571428571,0.2428571428571428,0.0142857142857142,0.0,0.0,0.0,0.3,6.0,668.33,772.23,17.67,0.833,7.39,0.115,11177.0,1973.0
oS4VL7hjFKo,True,True,171.0,162,94,890,4,1,12500,530,Neutral,9,88.78,5.17,7.49,7.78,1.188,0.034,0.378,0.0260047281323877,11.0,10.0,0.9,0.8181818181818182,True,0.6181818181818182,0.6363636363636364,0.1818181818181818,0.0909090909090909,0.0,0.0,0.0,0.0,0.0909090909090909,0.0,0.0,0.0909090909090909,0.5454545454545454,0.083,18.12,14.08,5.12,0.071,3.64,0.225,2013.0,417.0
oS9To0WeSoI,True,True,118.0,46,32,294,2,0,135000,2612,Neutral,1,74.52,7.51,9.33,9.75,1.34,0.063,0.5,0.0124223602484472,4.0,4.0,1.0,1.0,True,0.5,0.5,0.0,0.0,0.0,0.0,0.0,0.0,0.25,0.0,0.0,0.0,0.75,0.045,15.14,10.36,5.09,0.085,3.08,0.171,1698.0,319.0
oTNmnqfuoEQ,True,True,191.0,129,90,4462,50,0,1220000,11882,Neutral,7,-438.77,202.4,43.93,209.5,1.452,0.099,0.495,0.1935483870967742,102.0,85.0,0.8823529411764706,0.7352941176470589,True,0.2470588235294117,0.3235294117647059,0.0784313725490196,0.1568627450980392,0.1568627450980392,0.0,0.0,0.088235294117647,0.0686274509803921,0.0392156862745098,0.0,0.0,0.4117647058823529,0.5,68.62,58.51,8.38,0.16,3.84,0.113,2861.0,525.0
oWT8_BOEtRk,True,True,108.0,135,103,2844,0,0,7800,361,Neutral,8,-148.43,95.08,22.92,100.03,1.248,0.049,0.512,0.2341269841269841,59.0,51.0,0.8823529411764706,0.7627118644067796,False,0.1288135593220338,0.2542372881355932,0.0,0.2203389830508474,0.0677966101694915,0.0,0.0169491525423728,0.0,0.1186440677966101,0.0338983050847457,0.0,0.0508474576271186,0.4915254237288136,0.062,16.19,19.27,4.31,0.073,3.2,0.232,1189.0,249.0
oXBT0uIdjU4,True,True,111.0,17,15,10755,46,4,27400,964,Neutral,3,-156.87,94.02,32.81,99.02,1.456,0.114,0.553,0.2510460251046025,60.0,53.0,0.9056603773584906,0.8,False,0.1,0.25,0.0,0.0833333333333333,0.1666666666666666,0.0,0.0666666666666666,0.05,0.1333333333333333,0.0666666666666666,0.0,0.0,0.4333333333333333,3.0,248.0,0.0,12.0,0.917,6.92,0.105,1374.0,241.0
oZPANn1S0oo,True,True,348.0,45,38,1270,24,3,25800,453,Neutral,2,-764.22,329.28,48.83,339.34,1.364,0.076,0.335,0.0575117370892018,49.0,43.0,0.9302325581395348,0.8163265306122449,True,0.5387755102040817,0.5102040816326531,0.0,0.2040816326530612,0.2448979591836734,0.0,0.0204081632653061,0.0,0.0204081632653061,0.1224489795918367,0.0,0.0204081632653061,0.3673469387755102,0.269,34.04,29.02,7.38,0.101,3.22,0.208,4321.0,837.0
oaLDD3Ggus4,True,True,130.0,129,84,10736,70,0,1220000,11882,Neutral,8,-290.4,143.2,40.59,148.0,1.558,0.119,0.492,0.1602209944751381,58.0,43.0,0.813953488372093,0.603448275862069,False,0.1586206896551725,0.2586206896551724,0.1206896551724138,0.396551724137931,0.0862068965517241,0.0,0.0,0.1379310344827586,0.0172413793103448,0.0,0.0,0.0,0.2413793103448276,3.0,369.0,0.0,23.0,0.977,5.83,0.103,2116.0,363.0
obQdKlTg9IU,True,True,80.0,116,78,2442,2,0,1220000,11882,Neutral,8,-118.39,79.96,27.37,83.77,1.421,0.089,0.535,0.1826923076923076,38.0,30.0,0.8,0.631578947368421,False,0.168421052631579,0.2894736842105263,0.0,0.0263157894736842,0.0789473684210526,0.0,0.0,0.0263157894736842,0.1052631578947368,0.1052631578947368,0.0,0.0,0.6578947368421053,0.5,105.5,14.85,12.5,0.562,4.61,0.194,1077.0,206.0
obss0_8xIBs,True,True,117.0,70,63,1188,8,0,45400,902,Neutral,4,-247.62,130.27,32.81,135.93,1.389,0.081,0.515,0.1775147928994082,60.0,50.0,0.86,0.7166666666666667,False,0.1200000000000001,0.2333333333333333,0.0166666666666666,0.0166666666666666,0.2,0.0,0.0833333333333333,0.0166666666666666,0.1166666666666666,0.0,0.0,0.1333333333333333,0.4166666666666667,2.5,176.5,149.2,13.5,0.769,5.0,0.161,1858.0,334.0
oc6vCBmvrzk,True,True,213.0,104,77,20170,133,0,55000,668,Neutral,5,71.66,8.0,10.13,10.37,1.369,0.079,0.45,0.0059642147117296,3.0,3.0,1.0,1.0,True,0.6666666666666667,0.6666666666666666,0.0,0.0,0.0,0.0,0.0,0.0,0.3333333333333333,0.0,0.0,0.0,0.6666666666666666,0.067,17.7,11.37,5.6,0.055,2.99,0.147,2702.0,497.0
ofLDgqgnzlg,True,True,149.0,84,67,411,4,1,45400,902,Neutral,6,-329.0,161.5,39.26,168.2,1.391,0.097,0.476,0.1607565011820331,68.0,55.0,0.8363636363636363,0.6764705882352942,False,0.1352941176470588,0.25,0.0,0.1323529411764706,0.4117647058823529,0.0,0.0,0.0,0.0588235294117647,0.1323529411764706,0.0,0.0,0.2647058823529412,0.75,108.75,66.94,12.0,0.313,3.99,0.133,2238.0,421.0
ogYXxFmt6ro,True,True,3773.0,59,38,1039,10,0,42900,959,Neutral,2,-4873.02,1906.27,135.2,1957.4,1.449,0.109,0.168,0.0049295774647887,49.0,35.0,0.8,0.5714285714285714,True,0.8,1.0,0.0,0.0,0.1632653061224489,0.0,0.0,0.0,0.3265306122448979,0.0204081632653061,0.0,0.0,0.4897959183673469,0.605,61.51,61.29,8.49,0.011,4.32,0.14,53228.0,9870.0
ohGLSYxHFzg,True,True,308.0,66,49,1972,23,0,35300,1846,Neutral,5,-682.23,289.02,73.56,298.28,1.787,0.209,0.417,0.130315500685871,95.0,84.0,0.9047619047619048,0.8,True,0.4757894736842105,0.4947368421052631,0.0736842105263157,0.0210526315789473,0.2736842105263158,0.0,0.0,0.0105263157894736,0.0421052631578947,0.031578947368421,0.0,0.0210526315789473,0.5263157894736842,1.5,376.0,528.92,14.5,0.488,8.57,0.094,4562.0,732.0
oi3nd2llhHM,True,True,3867.0,55,40,560,10,0,1220000,11882,Neutral,3,70.59,7.27,33.66,9.45,1.424,0.09,0.139,0.0,0.0,0.0,0.0,0.0,False,0.0,0.0,0.0,0.0,0.0,0.0,0.0,0.0,0.0,0.0,0.0,0.0,0.0,0.196,16.03,10.74,5.66,0.003,3.19,0.137,52786.0,9690.0
oj2xlp7a55c,True,True,32.0,29,27,440,6,0,28800,1415,Very Positive,4,1.75,35.37,17.12,38.22,1.344,0.067,0.667,0.2666666666666666,24.0,22.0,0.9090909090909092,0.8333333333333334,False,0.1166666666666667,0.2916666666666667,0.0,0.0416666666666666,0.1666666666666666,0.0,0.0,0.0416666666666666,0.0416666666666666,0.0416666666666666,0.0,0.0416666666666666,0.625,0.0,45.5,34.65,10.0,0.545,4.56,0.209,443.0,90.0
oj7ynfHNl4A,True,True,134.0,82,61,3228,0,0,128000,2724,Positive,3,69.22,6.99,9.85,8.95,1.463,0.102,0.523,0.0252808988764044,9.0,9.0,1.0,1.0,True,0.5333333333333334,0.4444444444444444,0.5555555555555556,0.0,0.0,0.0,0.0,0.0,0.0,0.0,0.0,0.0,0.4444444444444444,0.038,14.27,7.78,5.96,0.071,2.71,0.148,2069.0,358.0
ojK3ND-vOO4,True,True,160.0,5,5,251,2,0,1400,201,Very Positive,1,61.33,7.19,11.21,8.0,1.6,0.2,1.0,0.1,1.0,1.0,1.0,1.0,True,0.8,1.0,0.0,0.0,1.0,0.0,0.0,0.0,0.0,0.0,0.0,0.0,0.0,1.0,10.0,0.0,5.0,0.0,1.8,0.0,63.0,10.0
ojpVFlkMUnA,True,True,164.0,107,67,137,0,0,10700,653,Neutral,4,-344.95,163.48,47.38,169.27,1.591,0.146,0.438,0.1605839416058394,66.0,43.0,0.7441860465116279,0.4848484848484848,True,0.2242424242424243,0.303030303030303,0.0757575757575757,0.0757575757575757,0.3787878787878788,0.0,0.0,0.0606060606060606,0.2121212121212121,0.0,0.0,0.0,0.1969696969696969,8.0,421.0,0.0,22.0,0.958,6.07,0.102,2415.0,413.0
ojpeeno-ppg,True,True,165.0,159,97,605,4,0,11700,1438,Neutral,7,40.2,14.64,15.15,17.04,1.632,0.157,0.442,0.0101010101010101,4.0,4.0,1.0,1.0,True,0.7,0.75,0.25,0.0,0.5,0.0,0.0,0.0,0.25,0.0,0.0,0.0,0.0,0.071,29.07,11.08,8.0,0.112,3.77,0.096,2469.0,396.0
olA9HeRKAs4,True,True,502.0,365,214,5871,32,0,113000,553,Very Positive,16,-1111.14,463.37,56.11,477.56,1.326,0.072,0.322,0.0677685950413223,82.0,74.0,0.9054054054054054,0.8170731707317073,True,0.6487804878048782,0.6219512195121951,0.0365853658536585,0.0365853658536585,0.0975609756097561,0.0,0.0121951219512195,0.0121951219512195,0.0609756097560975,0.048780487804878,0.0,0.048780487804878,0.6463414634146342,0.214,29.4,27.65,6.43,0.038,3.26,0.166,5914.0,1205.0
olShnT7Oyo0,True,True,101.0,39,31,46804,190,21,50000,1839,Neutral,2,50.92,9.98,11.46,10.7,1.659,0.138,0.691,0.0,0.0,0.0,0.0,0.0,False,0.0,0.0,0.0,0.0,0.0,0.0,0.0,0.0,0.0,0.0,0.0,0.0,0.0,0.125,16.5,5.37,6.38,0.27,2.79,0.091,930.0,127.0
onw0ie_Z4S4,True,True,90.0,77,68,598,5,0,45400,902,Neutral,5,-146.36,87.58,33.89,91.22,1.571,0.134,0.576,0.1330275229357798,29.0,25.0,0.92,0.7931034482758621,False,0.1517241379310345,0.2758620689655172,0.0,0.0,0.3448275862068966,0.0,0.0,0.0689655172413793,0.0,0.0,0.0,0.0689655172413793,0.5172413793103449,5.0,225.0,0.0,13.0,0.933,4.12,0.124,1332.0,220.0
ood9znmcap8,True,True,205.0,599,277,2374,22,5,3900,286,Positive,37,-419.99,197.3,36.93,203.98,1.35,0.069,0.422,0.1196078431372549,61.0,46.0,0.8478260869565217,0.639344262295082,False,0.1180327868852459,0.2786885245901639,0.0,0.0491803278688524,0.1475409836065573,0.0,0.0,0.0163934426229508,0.180327868852459,0.0327868852459016,0.0,0.0491803278688524,0.5245901639344263,0.667,86.67,121.16,8.83,0.241,4.5,0.194,2612.0,506.0
opHxsx-GWuE,True,True,419.0,44,39,3104,37,1,13900,447,Neutral,2,78.53,6.12,12.34,8.41,1.332,0.065,0.338,0.0156765676567656,19.0,18.0,0.9444444444444444,0.8947368421052632,True,0.6736842105263159,0.6842105263157895,0.0,0.0526315789473684,0.2105263157894736,0.0,0.1052631578947368,0.0,0.0526315789473684,0.0,0.0,0.0,0.5789473684210527,0.024,15.11,11.88,5.11,0.029,3.12,0.17,6277.0,1196.0
osdITKClWmk,True,True,119.0,122,85,472,4,1,697000,6101,Neutral,3,61.33,7.19,11.21,8.0,1.6,0.2,1.0,0.1,1.0,1.0,1.0,1.0,True,0.8,1.0,0.0,0.0,1.0,0.0,0.0,0.0,0.0,0.0,0.0,0.0,0.0,1.0,10.0,0.0,5.0,0.0,1.8,0.0,63.0,10.0
oucaQ0NW6SI,True,True,458.0,36,31,158012,1661,172,56400,1114,Positive,3,50.92,9.98,11.46,10.7,1.659,0.138,0.691,0.0,0.0,0.0,0.0,0.0,False,0.0,0.0,0.0,0.0,0.0,0.0,0.0,0.0,0.0,0.0,0.0,0.0,0.0,0.125,16.5,5.37,6.38,0.27,2.79,0.091,930.0,127.0
oyp_XInRObU,True,True,202.0,57,44,4542,18,4,16200,1421,Neutral,5,84.88,3.85,9.21,6.3,1.324,0.066,0.465,0.0535372848948374,28.0,25.0,0.88,0.7857142857142857,True,0.3,0.3214285714285714,0.0714285714285714,0.0357142857142857,0.2142857142857142,0.0,0.0,0.1071428571428571,0.1071428571428571,0.0357142857142857,0.0,0.0,0.4285714285714285,0.109,9.76,9.07,4.13,0.042,2.63,0.153,2748.0,523.0
ozeKt1pkcyY,True,True,16508.0,20,19,850,4,0,98800,3649,Positive,1,61.33,7.19,11.21,8.0,1.6,0.2,1.0,0.1,1.0,1.0,1.0,1.0,True,0.8,1.0,0.0,0.0,1.0,0.0,0.0,0.0,0.0,0.0,0.0,0.0,0.0,1.0,10.0,0.0,5.0,0.0,1.8,0.0,63.0,10.0
p-jCVMlIfHE,True,True,2926.0,70,58,1147,24,1,17100,551,Neutral,5,-8321.64,3231.94,165.82,3317.1,1.421,0.098,0.171,0.0076108930907361,64.0,46.0,0.8695652173913043,0.625,True,0.8,1.0,0.28125,0.0,0.109375,0.0,0.0,0.125,0.0,0.046875,0.0,0.0,0.4375,0.4,61.54,86.35,8.28,0.01,4.69,0.168,44566.0,8361.0
p1IS4UGEiCI,True,True,749.0,28,27,920,7,0,135000,2612,Neutral,2,-2101.46,841.98,82.9,865.61,1.418,0.09,0.254,0.0232983097304705,51.0,40.0,0.775,0.6078431372549019,True,0.7921568627450981,0.9803921568627452,0.1372549019607843,0.0,0.196078431372549,0.0,0.0,0.1764705882352941,0.0784313725490196,0.0784313725490196,0.0,0.0196078431372549,0.3137254901960784,0.449,46.24,40.52,7.8,0.054,3.58,0.151,11404.0,2183.0
p1oK5GyVakE,True,True,16.0,5,5,413,0,0,12500,1337,Neutral,1,61.33,7.19,11.21,8.0,1.6,0.2,1.0,0.1,1.0,1.0,1.0,1.0,True,0.8,1.0,0.0,0.0,1.0,0.0,0.0,0.0,0.0,0.0,0.0,0.0,0.0,1.0,10.0,0.0,5.0,0.0,1.8,0.0,63.0,10.0
p2TQkdgZPB8,True,True,294.0,28,22,576,2,0,42900,959,Neutral,2,83.17,5.78,9.73,8.64,1.263,0.057,0.336,0.0114285714285714,8.0,7.0,0.8571428571428571,0.75,True,0.4499999999999999,0.375,0.0,0.0,0.375,0.0,0.125,0.0,0.0,0.125,0.0,0.0,0.375,0.133,16.04,10.46,5.16,0.043,2.94,0.198,3463.0,696.0
p2yOZveRKhA,True,True,193.0,143,102,955,9,2,952,151,Neutral,6,61.33,7.19,11.21,8.0,1.6,0.2,1.0,0.1,1.0,1.0,1.0,1.0,True,0.8,1.0,0.0,0.0,1.0,0.0,0.0,0.0,0.0,0.0,0.0,0.0,0.0,1.0,10.0,0.0,5.0,0.0,1.8,0.0,63.0,10.0
p3YhamjV-yU,True,True,99.0,16,16,30827,114,58,170000,3304,Neutral,1,-191.54,107.3,35.95,112.39,1.458,0.122,0.55,0.16,44.0,31.0,0.7419354838709677,0.5227272727272727,False,0.1545454545454545,0.2727272727272727,0.0909090909090909,0.1590909090909091,0.1363636363636363,0.0,0.0,0.0681818181818181,0.0681818181818181,0.0,0.0,0.0,0.4772727272727273,0.833,47.33,61.97,6.5,0.51,4.47,0.141,1483.0,273.0
p3xNrlp2y30,True,True,269.0,93,71,4665,18,0,569000,3032,Neutral,5,75.41,6.42,11.28,8.57,1.376,0.081,0.385,0.0052770448548812,4.0,2.0,0.5,0.25,True,0.7,0.75,0.0,0.0,0.25,0.0,0.0,0.0,0.0,0.0,0.0,0.0,0.75,0.053,13.79,12.19,4.67,0.031,2.89,0.159,3971.0,757.0
p6MpAi_n73U,True,True,228.0,148,102,178631,1177,178,477000,4732,Neutral,8,75.09,6.24,10.5,8.64,1.39,0.086,0.414,0.037037037037037,22.0,15.0,0.8666666666666667,0.5909090909090909,True,0.3818181818181818,0.3636363636363636,0.0,0.2272727272727272,0.0909090909090909,0.0,0.0,0.3636363636363636,0.0454545454545454,0.0,0.0,0.0,0.2727272727272727,0.057,11.94,10.85,4.36,0.035,2.99,0.158,3141.0,600.0
p7XaXR5vgHU,True,True,204.0,51,45,1300,6,0,144000,1700,Negative,2,61.33,7.19,11.21,8.0,1.6,0.2,1.0,0.1,1.0,1.0,1.0,1.0,True,0.8,1.0,0.0,0.0,1.0,0.0,0.0,0.0,0.0,0.0,0.0,0.0,0.0,1.0,10.0,0.0,5.0,0.0,1.8,0.0,63.0,10.0
pBJ2HpHncOo,True,True,1369.0,28,26,962,5,0,42900,959,Neutral,2,-3921.6,1542.03,93.82,1583.01,1.385,0.064,0.163,0.01925,77.0,51.0,0.8627450980392157,0.5714285714285714,True,0.8,1.0,0.0129870129870129,0.0779220779220779,0.2987012987012987,0.0,0.0,0.0,0.0129870129870129,0.1038961038961039,0.0,0.0,0.4935064935064935,0.5,92.98,143.69,9.57,0.042,4.94,0.133,20970.0,3981.0
pBn4tCeI4tA,True,True,226.0,53,40,161,4,0,477000,4732,Neutral,4,61.33,7.19,11.21,8.0,1.6,0.2,1.0,0.1,1.0,1.0,1.0,1.0,True,0.8,1.0,0.0,0.0,1.0,0.0,0.0,0.0,0.0,0.0,0.0,0.0,0.0,1.0,10.0,0.0,5.0,0.0,1.8,0.0,63.0,10.0
pDCUzL8EktQ,True,True,115.0,44,37,726,4,0,22200,1782,Neutral,2,55.24,9.55,12.82,13.27,1.599,0.179,0.545,0.0190114068441064,5.0,4.0,0.75,0.6,True,0.72,0.8,0.2,0.0,0.0,0.0,0.0,0.0,0.4,0.2,0.0,0.0,0.2,0.0,16.81,11.14,6.06,0.107,3.42,0.13,1548.0,262.0
pDeQhVrQMeo,True,True,1373.0,267,136,3287,40,5,10700,653,Neutral,23,61.85,9.92,23.49,12.47,1.458,0.11,0.193,0.0045990227076746,16.0,10.0,0.6,0.375,True,0.8,1.0,0.25,0.125,0.125,0.0,0.0,0.25,0.0625,0.0,0.0,0.0,0.1875,0.14,20.95,14.73,6.15,0.013,3.24,0.142,18948.0,3465.0
pFv2U2EmOBk,True,True,3333.0,100,86,100,2,0,24900,211,Neutral,4,-8681.25,3369.54,174.8,3457.99,1.448,0.105,0.176,0.0035481286482774,31.0,24.0,0.7916666666666666,0.6129032258064516,True,0.8,1.0,0.032258064516129,0.0,0.1290322580645161,0.0,0.0,0.0,0.1290322580645161,0.0,0.0,0.0,0.7096774193548387,0.503,61.96,103.84,8.09,0.011,4.66,0.121,46156.0,8707.0
pGdHt-qvpkw,True,True,61.0,104,74,108,0,0,7550,2528,Neutral,6,76.22,6.66,10.5,10.6,1.349,0.103,0.644,0.0466666666666666,7.0,7.0,1.0,1.0,True,0.4000000000000001,0.4285714285714285,0.0,0.0,0.0,0.0,0.1428571428571428,0.0,0.0,0.0,0.0,0.1428571428571428,0.7142857142857143,0.0,16.78,7.93,5.33,0.194,3.08,0.205,786.0,150.0
pIHygTNTUXQ,True,True,3647.0,74,63,1274,14,0,24900,211,Neutral,1,-9121.96,3536.59,213.88,3629.26,1.559,0.15,0.177,0.0050136239782016,46.0,39.0,0.8461538461538461,0.717391304347826,True,0.8,1.0,0.0,0.0,0.1956521739130435,0.0,0.0,0.0,0.0434782608695652,0.2391304347826087,0.0,0.0,0.5217391304347826,0.472,65.92,95.99,8.58,0.013,4.77,0.126,51706.0,9154.0
pIMrgAltmTk,True,True,1196.0,54,43,930,9,2,53500,1701,Neutral,3,-3494.15,1378.82,91.63,1416.36,1.335,0.068,0.188,0.0105938109841092,38.0,30.0,0.7666666666666667,0.6052631578947368,True,0.8,1.0,0.0,0.0,0.2368421052631578,0.0,0.0,0.0,0.0263157894736842,0.0263157894736842,0.0,0.0263157894736842,0.6842105263157895,0.148,41.99,45.08,7.98,0.022,3.76,0.191,18071.0,3551.0
pIarXrl9o_I,True,False,172.0,0,0,7646,0,0,11900,866,,0,-450.76,206.56,45.88,214.27,1.474,0.107,0.417,0.1681901279707495,92.0,74.0,0.8918918918918919,0.717391304347826,True,0.291304347826087,0.3369565217391304,0.0,0.0760869565217391,0.1956521739130435,0.0,0.0217391304347826,0.0652173913043478,0.0543478260869565,0.108695652173913,0.0,0.0,0.4782608695652174,1.833,95.33,101.01,8.83,0.225,4.9,0.107,2962.0,545.0
pKCCjEINOQE,True,True,5299.0,110,67,5860,42,7,2020,191,Neutral,6,-11682.88,4519.83,236.09,4637.26,1.596,0.144,0.167,0.0038897344833417,46.0,38.0,0.868421052631579,0.717391304347826,True,0.8,1.0,0.1304347826086956,0.0217391304347826,0.0869565217391304,0.0,0.0434782608695652,0.0,0.0,0.0217391304347826,0.0,0.0,0.6956521739130435,0.756,70.28,114.09,9.02,0.01,5.43,0.102,67712.0,11793.0
pM5OClHVfyU,True,True,386.0,89,60,298,2,0,135000,2612,Neutral,3,-767.69,323.05,69.51,332.14,1.729,0.165,0.339,0.1242532855436081,104.0,61.0,0.7377049180327869,0.4326923076923077,True,0.4807692307692308,0.4230769230769231,0.173076923076923,0.0961538461538461,0.2211538461538461,0.0,0.0,0.0673076923076923,0.0288461538461538,0.1057692307692307,0.0,0.0,0.3076923076923077,12.0,840.0,0.0,21.0,0.976,5.2,0.052,5042.0,837.0
pQjFsKCRfw8,True,True,133.0,142,98,758,4,0,27400,964,Neutral,7,-238.93,125.09,34.42,129.69,1.478,0.095,0.487,0.1050955414012738,33.0,25.0,0.92,0.696969696969697,True,0.1696969696969696,0.3333333333333333,0.1212121212121212,0.0,0.3939393939393939,0.0,0.0,0.0,0.0303030303030303,0.0,0.0,0.0303030303030303,0.4242424242424242,0.5,162.0,117.38,15.0,0.591,4.52,0.114,1744.0,316.0
pSADIwaD4aQ,True,True,16.0,29,28,348,0,0,3210,503,Neutral,2,51.05,16.82,11.21,18.13,1.326,0.047,0.767,0.2272727272727272,10.0,9.0,0.8888888888888888,0.8,True,0.48,0.5,0.2,0.0,0.1,0.0,0.0,0.0,0.0,0.1,0.0,0.0,0.6,0.0,45.0,0.0,9.0,0.667,3.15,0.067,225.0,43.0
pSqS-w8OxNQ,True,True,75.0,232,131,11501,90,32,16500,1455,Neutral,11,44.71,14.06,15.02,16.51,1.576,0.153,0.547,0.0232558139534883,4.0,4.0,1.0,1.0,True,0.5,0.5,0.0,0.0,0.25,0.0,0.0,0.0,0.0,0.0,0.0,0.0,0.75,0.333,29.0,18.56,7.0,0.259,4.43,0.052,1022.0,172.0
pSvXNuTjJII,True,True,121.0,379,207,1289,4,0,16500,1455,Very Positive,20,74.59,7.68,9.77,10.19,1.33,0.07,0.488,0.003030303030303,1.0,1.0,1.0,1.0,True,0.8,1.0,0.0,0.0,1.0,0.0,0.0,0.0,0.0,0.0,0.0,0.0,0.0,0.0,20.29,13.21,6.94,0.09,3.03,0.148,1701.0,330.0
pTWFkWqaSlk,True,True,52.0,33,30,149,0,0,443000,2444,Neutral,2,38.07,13.17,14.55,14.88,1.743,0.19,0.695,0.0476190476190476,5.0,2.0,0.5,0.2,True,0.56,0.6,0.0,0.0,0.8,0.0,0.0,0.0,0.0,0.0,0.0,0.2,0.0,0.2,21.0,8.25,7.0,0.267,3.6,0.029,693.0,105.0
pVkN5VZNuiY,True,True,152.0,66,57,4181,28,9,477000,4732,Neutral,3,-273.62,138.37,38.81,144.0,1.48,0.111,0.511,0.1843575418994413,66.0,58.0,0.9482758620689656,0.8333333333333334,True,0.2484848484848485,0.3333333333333333,0.0151515151515151,0.0,0.1212121212121212,0.0,0.0,0.0,0.0454545454545454,0.0303030303030303,0.0,0.0,0.7878787878787878,0.111,41.44,41.85,6.22,0.229,3.55,0.158,1934.0,357.0
pXdclusBP0E,True,True,2933.0,44,34,1425,17,0,15400,480,Neutral,2,-7369.93,2864.18,168.9,2939.17,1.521,0.115,0.184,0.0064611657019787,48.0,35.0,0.8857142857142857,0.6458333333333334,True,0.8,1.0,0.0833333333333333,0.0208333333333333,0.1041666666666666,0.0,0.0,0.0416666666666666,0.1458333333333333,0.0208333333333333,0.0,0.0,0.5833333333333334,1.318,115.03,107.6,12.2,0.034,4.68,0.111,41792.0,7413.0
pZlJ2bT026E,True,True,97.0,65,49,1558,18,0,34900,832,Neutral,4,-206.54,114.11,35.45,120.14,1.407,0.11,0.479,0.1802721088435374,53.0,44.0,0.8636363636363636,0.7169811320754716,False,0.1283018867924528,0.2641509433962264,0.1509433962264151,0.1698113207547169,0.0943396226415094,0.0,0.0,0.0188679245283018,0.0754716981132075,0.0377358490566037,0.0,0.0,0.4528301886792453,0.0,76.5,97.46,8.5,0.269,4.45,0.134,1566.0,293.0
pdZFceZaiik,True,True,139.0,59,48,1688,36,0,144000,1700,Neutral,3,-36.24,48.37,22.92,51.38,1.421,0.099,0.678,0.1967213114754098,24.0,22.0,0.9545454545454546,0.875,True,0.3500000000000001,0.4166666666666667,0.1666666666666666,0.0,0.125,0.0,0.0,0.125,0.125,0.125,0.0,0.0416666666666666,0.2916666666666667,1.5,63.5,3.54,7.5,0.6,4.08,0.15,669.0,122.0
peMUOkpRkkY,True,True,103.0,46,41,856,8,2,34900,832,Neutral,3,-163.31,95.66,32.81,99.67,1.496,0.113,0.567,0.1708333333333333,41.0,37.0,0.945945945945946,0.8536585365853658,True,0.3121951219512195,0.3658536585365853,0.0,0.0,0.1951219512195122,0.0,0.0,0.048780487804878,0.048780487804878,0.073170731707317,0.0,0.024390243902439,0.6097560975609756,0.0,62.0,62.08,11.25,0.373,3.08,0.161,1331.0,240.0
pf-d5fLLEmk,True,True,42.0,5,5,694,1,1,13600,1174,Neutral,1,14.81,26.1,17.12,28.0,1.55,0.1,0.733,0.0666666666666666,4.0,4.0,1.0,1.0,True,0.5,0.5,0.0,0.25,0.25,0.0,0.0,0.0,0.0,0.0,0.0,0.0,0.5,0.0,60.0,0.0,8.0,0.667,3.8,0.083,355.0,60.0
pfA8RzAHvdE,True,True,2424.0,146,97,1861,30,3,46000,861,Very Positive,7,73.28,7.02,27.79,9.34,1.386,0.083,0.15,0.0028077434609132,19.0,16.0,0.875,0.7368421052631579,True,0.8,1.0,0.0526315789473684,0.0526315789473684,0.2631578947368421,0.0,0.0,0.0526315789473684,0.1052631578947368,0.0,0.0,0.0,0.4736842105263157,0.118,15.89,13.64,5.14,0.004,3.28,0.16,35890.0,6745.0
pjj7TYibGwk,True,False,67.0,0,0,725,3,1,23900,1354,,0,-38.34,48.67,23.73,51.71,1.446,0.107,0.636,0.2131147540983606,26.0,26.0,1.0,1.0,False,0.1846153846153846,0.2692307692307692,0.0,0.0,0.1538461538461538,0.0,0.0384615384615384,0.0,0.0769230769230769,0.0384615384615384,0.0,0.1538461538461538,0.5384615384615384,0.0,63.5,88.39,10.5,0.4,3.19,0.126,651.0,124.0
pke1WhLNoHc,True,True,559.0,44,42,1338471,14151,949,56400,1114,Neutral,3,50.92,9.98,11.46,10.7,1.659,0.138,0.691,0.0,0.0,0.0,0.0,0.0,False,0.0,0.0,0.0,0.0,0.0,0.0,0.0,0.0,0.0,0.0,0.0,0.0,0.0,0.125,16.5,5.37,6.38,0.27,2.79,0.091,930.0,127.0
plNUfhcTJnI,True,True,3504.0,135,99,332,6,0,674,262,Neutral,1,-9617.54,3728.94,194.06,3826.84,1.466,0.117,0.158,0.0067957166392092,66.0,46.0,0.717391304347826,0.5,True,0.8,1.0,0.0454545454545454,0.0,0.303030303030303,0.0,0.0,0.0,0.0909090909090909,0.0,0.0,0.0,0.5606060606060606,0.535,62.14,77.66,8.65,0.011,4.45,0.115,51679.0,9681.0
plgXlCrTdDQ,True,True,99.0,76,57,274,1,0,952,151,Neutral,3,-161.85,96.95,27.37,101.33,1.407,0.073,0.488,0.0923694779116465,23.0,17.0,0.7647058823529411,0.5652173913043478,False,0.1391304347826087,0.2608695652173913,0.0,0.0,0.1739130434782608,0.0,0.0,0.1304347826086956,0.3043478260869565,0.0869565217391304,0.0,0.0,0.3043478260869565,0.333,87.67,7.09,12.0,0.438,3.87,0.129,1335.0,250.0
pn7x1GLjyoE,True,True,229.0,17,16,937,8,0,98900,2838,Neutral,2,-530.95,234.39,55.17,241.66,1.618,0.14,0.458,0.1283333333333333,77.0,65.0,0.8769230769230769,0.7402597402597403,False,0.2961038961038962,0.2987012987012987,0.1818181818181818,0.0,0.4025974025974026,0.0,0.0129870129870129,0.0,0.0259740259740259,0.0259740259740259,0.0,0.0129870129870129,0.3376623376623376,5.0,613.0,0.0,21.0,0.97,5.24,0.109,3626.0,600.0
ppQYVSaLN-Y,True,True,3112.0,70,53,809,7,1,477000,4732,Neutral,4,70.45,7.53,29.84,9.62,1.414,0.085,0.135,0.0007600709399543,6.0,5.0,0.8,0.6666666666666666,True,0.8,1.0,0.0,0.0,0.3333333333333333,0.0,0.0,0.0,0.0,0.0,0.0,0.0,0.6666666666666666,0.109,17.23,10.04,5.94,0.004,3.07,0.138,42674.0,7853.0
prI4kVbD7_A,True,True,93.0,88,67,1669,14,0,135000,2612,Neutral,3,-201.58,113.42,30.53,119.03,1.348,0.079,0.541,0.1768707482993197,52.0,49.0,0.9591836734693876,0.903846153846154,True,0.2692307692307694,0.3269230769230769,0.2115384615384615,0.173076923076923,0.1153846153846153,0.0,0.0,0.0384615384615384,0.0769230769230769,0.0192307692307692,0.0,0.0576923076923076,0.3076923076923077,3.0,301.0,0.0,15.0,0.941,7.02,0.166,1486.0,291.0
puEFzAnxz_o,True,True,115.0,115,73,504,1,0,53500,1701,Neutral,6,77.1,7.62,9.52,10.18,1.286,0.061,0.447,0.0,0.0,0.0,0.0,0.0,False,0.0,0.0,0.0,0.0,0.0,0.0,0.0,0.0,0.0,0.0,0.0,0.0,0.0,0.045,18.91,12.22,6.14,0.068,3.3,0.192,1979.0,389.0
q0PRVH_f-ok,True,True,139.0,81,66,256,1,0,5490,571,Neutral,5,49.24,10.73,12.42,12.24,1.653,0.152,0.465,0.05,15.0,12.0,0.8333333333333334,0.6666666666666666,True,0.2933333333333334,0.3333333333333333,0.0,0.0666666666666666,0.1333333333333333,0.0,0.0,0.0,0.1333333333333333,0.0,0.0,0.0,0.6666666666666666,0.118,17.82,10.2,6.35,0.138,3.17,0.046,1836.0,301.0
q16CFwsDx1c,True,True,560.0,185,123,7841,75,0,1220000,11882,Neutral,9,-1477.78,600.97,76.73,618.15,1.484,0.108,0.27,0.0595084087968952,92.0,60.0,0.75,0.4891304347826087,True,0.691304347826087,0.7282608695652174,0.1847826086956521,0.1521739130434782,0.1521739130434782,0.0,0.0,0.1521739130434782,0.0326086956521739,0.0,0.0,0.0,0.3260869565217391,0.941,92.71,89.96,10.59,0.143,5.19,0.107,8563.0,1547.0
q3EtUcJI6nI,True,True,142.0,55,49,359,2,0,45400,902,Neutral,3,-278.31,139.52,35.45,144.1,1.511,0.091,0.472,0.2253521126760563,80.0,62.0,0.8870967741935484,0.6875,False,0.145,0.2625,0.025,0.05,0.475,0.0,0.0,0.1375,0.0125,0.0375,0.0,0.0,0.2625,5.0,362.0,0.0,14.0,0.952,6.44,0.11,2080.0,356.0
q3baLrZtLok,True,True,22.0,38,34,431,4,0,13100,2911,Neutral,3,59.28,8.63,11.21,10.41,1.568,0.136,0.841,0.0869565217391304,4.0,4.0,1.0,1.0,True,0.5,0.5,0.0,0.25,0.25,0.0,0.0,0.0,0.0,0.25,0.0,0.25,0.0,0.333,16.0,11.53,5.33,0.2,3.11,0.167,287.0,45.0
qB2xDwqlXcg,True,True,343.0,87,72,3992,21,0,45300,2832,Neutral,5,59.96,9.08,14.27,10.91,1.534,0.138,0.358,0.0071599045346062,6.0,6.0,1.0,1.0,True,0.6000000000000001,0.5,0.1666666666666666,0.1666666666666666,0.6666666666666666,0.0,0.0,0.0,0.0,0.0,0.0,0.0,0.0,0.245,17.27,6.82,6.57,0.043,2.9,0.078,4926.0,839.0
qEffgHlRR7M,True,True,3493.0,141,103,1223,14,1,98900,2838,Neutral,4,-9404.6,3648.06,174.61,3743.73,1.42,0.096,0.142,0.003913687328115,37.0,33.0,0.9090909090909092,0.8108108108108109,True,0.8,1.0,0.081081081081081,0.027027027027027,0.1351351351351351,0.0,0.054054054054054,0.0,0.1621621621621621,0.027027027027027,0.0,0.0,0.5135135135135135,0.258,37.16,34.1,7.23,0.008,3.49,0.144,50199.0,9411.0
qFHqc2szcKg,True,True,808.0,505,274,591,5,1,53500,1701,Neutral,29,63.17,8.95,17.69,11.07,1.481,0.106,0.285,0.0096826250672404,18.0,15.0,0.9333333333333332,0.7777777777777778,True,0.7333333333333334,0.8333333333333334,0.0,0.0,0.1111111111111111,0.0,0.0,0.2777777777777778,0.0,0.0555555555555555,0.0,0.0,0.5555555555555556,0.107,18.48,13.42,6.07,0.024,3.21,0.128,10263.0,1852.0
qGDjOgQ2FrY,True,True,843.0,49,37,191,2,0,6800,1417,Neutral,3,52.34,10.66,21.93,12.36,1.599,0.14,0.255,0.0029965753424657,7.0,5.0,0.8,0.5714285714285714,True,0.8,1.0,0.0,0.0,0.8571428571428571,0.0,0.0,0.0,0.0,0.1428571428571428,0.0,0.0,0.0,0.228,19.22,8.27,7.14,0.015,3.06,0.113,14702.0,2337.0
qGXVjGDdLzY,True,True,216.0,31,28,2630,29,0,3880,230,Neutral,2,-473.4,217.91,38.81,225.49,1.346,0.07,0.364,0.0933098591549295,53.0,37.0,0.7837837837837838,0.5471698113207547,True,0.3094339622641511,0.3773584905660377,0.0,0.0,0.1509433962264151,0.0,0.0,0.0,0.0,0.1132075471698113,0.0,0.0,0.7358490566037735,0.273,53.09,77.49,8.09,0.126,4.4,0.19,2829.0,564.0
qLhKfH6om84,True,True,92.0,20,17,1947,0,0,128000,2724,Neutral,1,48.1,11.52,12.87,13.27,1.636,0.145,0.527,0.0769230769230769,17.0,11.0,0.7272727272727273,0.4705882352941176,True,0.3294117647058823,0.3529411764705882,0.0,0.0,0.3529411764705882,0.0,0.0,0.2941176470588235,0.0588235294117647,0.0,0.0,0.0,0.2941176470588235,0.273,20.27,8.59,5.64,0.129,3.0,0.072,1354.0,223.0
qN2kdsUuDp8,True,True,189.0,25,25,7746,79,14,11500,201,Neutral,1,82.64,4.67,8.94,7.34,1.326,0.075,0.507,0.0119331742243436,5.0,5.0,1.0,1.0,True,0.48,0.4,0.4,0.2,0.0,0.0,0.0,0.0,0.0,0.0,0.0,0.0,0.4,0.086,12.4,8.14,4.94,0.055,2.8,0.207,2184.0,415.0
qRGb-KBK4VI,True,True,144.0,90,63,1594,14,2,477000,4732,Neutral,7,26.6,17.5,18.12,20.72,1.747,0.215,0.389,0.1279461279461279,38.0,19.0,0.7368421052631579,0.3684210526315789,False,0.168421052631579,0.2894736842105263,0.1842105263157894,0.0,0.1052631578947368,0.0,0.1052631578947368,0.0263157894736842,0.0,0.0526315789473684,0.0,0.0,0.5263157894736842,0.143,21.57,20.66,6.79,0.19,3.32,0.093,1854.0,297.0
qRH7vBcaddg,True,True,188.0,71,54,887,11,0,34900,832,Neutral,3,-342.51,166.12,37.88,172.32,1.418,0.087,0.466,0.1137440758293838,48.0,38.0,0.8157894736842105,0.6458333333333334,True,0.2083333333333334,0.3541666666666667,0.0625,0.0833333333333333,0.1041666666666666,0.0,0.0,0.0,0.0416666666666666,0.0208333333333333,0.0,0.0,0.6875,0.444,48.44,51.53,7.33,0.2,3.96,0.147,2262.0,425.0
qRw4d4i1ZGU,True,True,83.0,34,33,854,22,2,12600,950,Neutral,3,54.15,9.88,11.73,11.64,1.603,0.135,0.556,0.0622568093385214,16.0,11.0,0.8181818181818182,0.5625,True,0.1500000000000001,0.3125,0.125,0.0,0.0625,0.0,0.0,0.0625,0.125,0.0,0.0,0.0,0.625,0.0,17.33,8.57,5.8,0.101,2.87,0.1,1506.0,257.0
qUgH6G_fIOQ,True,True,180.0,174,130,9967,45,1,251000,1949,Neutral,10,64.12,8.81,10.74,11.06,1.47,0.098,0.51,0.0390243902439024,16.0,14.0,0.8571428571428571,0.75,True,0.375,0.5,0.0,0.0,0.125,0.0,0.0,0.0625,0.1875,0.125,0.0,0.0,0.5,0.0,19.5,10.44,6.55,0.102,3.49,0.119,2464.0,408.0
qUz-WRTzh04,True,True,87.0,29,27,489,1,0,5490,571,Neutral,1,-174.78,98.5,38.34,103.39,1.571,0.155,0.518,0.1336032388663967,33.0,31.0,0.935483870967742,0.8787878787878788,True,0.2545454545454546,0.303030303030303,0.0,0.1515151515151515,0.2424242424242424,0.0,0.0,0.2121212121212121,0.0909090909090909,0.1212121212121212,0.0,0.0,0.1818181818181818,1.0,128.5,116.67,14.5,0.511,3.12,0.105,1389.0,246.0
qVpXjONDAtk,True,True,134.0,44,37,2863,27,0,22200,1782,Neutral,2,49.76,13.23,14.16,15.7,1.523,0.134,0.497,0.0476190476190476,15.0,11.0,0.9090909090909092,0.6666666666666666,True,0.2933333333333334,0.3333333333333333,0.0666666666666666,0.0,0.1333333333333333,0.0,0.0,0.3333333333333333,0.0666666666666666,0.0,0.0,0.0,0.4,0.1,31.8,16.86,9.1,0.152,3.41,0.119,1772.0,315.0
qWg70b6fEe0,True,True,5049.0,67,48,277,10,0,191000,1170,Neutral,1,-11759.47,4553.12,192.43,4672.05,1.409,0.094,0.141,0.0038187372708757,45.0,32.0,0.8125,0.5777777777777777,True,0.8,1.0,0.0,0.0,0.2222222222222222,0.0,0.0,0.0,0.0666666666666666,0.2666666666666666,0.0,0.0,0.4444444444444444,0.3,37.08,48.61,6.32,0.006,3.78,0.129,61317.0,11733.0
qX9j_dHRYF8,True,True,112.0,109,94,1102,8,0,27400,964,Positive,9,-206.96,115.16,28.68,119.5,1.364,0.068,0.551,0.1700680272108843,50.0,47.0,0.9361702127659576,0.88,False,0.1120000000000001,0.26,0.04,0.12,0.16,0.0,0.0,0.06,0.02,0.06,0.0,0.06,0.48,0.2,60.0,70.62,8.6,0.278,3.58,0.213,1530.0,295.0
qYR2ZJvleJI,True,True,130.0,103,77,18613,33,0,18300,1549,Neutral,5,68.82,7.29,10.91,10.02,1.456,0.127,0.492,0.0032258064516129,1.0,1.0,1.0,1.0,True,0.8,1.0,0.0,0.0,1.0,0.0,0.0,0.0,0.0,0.0,0.0,0.0,0.0,0.238,15.71,11.32,5.48,0.072,3.33,0.145,1715.0,311.0
qagT7QouPDM,True,True,115.0,160,102,232,1,1,16600,1353,Neutral,5,-159.4,95.61,32.26,100.6,1.426,0.107,0.512,0.1234567901234567,30.0,28.0,0.9285714285714286,0.8666666666666667,True,0.1200000000000001,0.3,0.0666666666666666,0.1,0.0333333333333333,0.0,0.0,0.0666666666666666,0.1333333333333333,0.0,0.0,0.0333333333333333,0.5666666666666667,0.4,24.9,16.8,8.0,0.193,2.62,0.185,1265.0,243.0
qdbVBLmpOpw,True,True,71.0,117,99,264,3,0,44000,2439,Neutral,5,-101.21,73.34,28.03,77.03,1.422,0.103,0.568,0.1783783783783784,33.0,29.0,0.8620689655172413,0.7575757575757576,True,0.2787878787878788,0.3636363636363636,0.0909090909090909,0.0606060606060606,0.4242424242424242,0.0,0.0303030303030303,0.0,0.0606060606060606,0.0,0.0,0.0,0.3333333333333333,1.0,95.0,131.52,7.0,0.469,4.92,0.158,961.0,186.0
qe8I0CZD7eM,True,False,459.0,0,0,371,1,0,21200,1769,,0,-1077.73,446.04,74.94,459.83,1.543,0.139,0.318,0.0783132530120482,91.0,54.0,0.7037037037037037,0.4175824175824176,True,0.5978021978021979,0.5274725274725275,0.0879120879120879,0.0219780219780219,0.1978021978021978,0.0,0.3956043956043956,0.0109890109890109,0.0,0.0,0.0,0.0,0.2857142857142857,5.0,595.5,731.86,15.0,0.493,10.18,0.141,6757.0,1158.0
qg8Z8SinIdE,True,True,31.0,82,55,977991,4594,378,697000,6101,Very Positive,2,61.33,7.19,11.21,8.0,1.6,0.2,1.0,0.1,1.0,1.0,1.0,1.0,True,0.8,1.0,0.0,0.0,1.0,0.0,0.0,0.0,0.0,0.0,0.0,0.0,0.0,1.0,10.0,0.0,5.0,0.0,1.8,0.0,63.0,10.0
qgnb3QLd01A,True,True,798.0,8,8,57,0,0,21200,805,Neutral,1,-1015.94,425.38,59.39,438.58,1.394,0.089,0.246,0.016378525932666,36.0,19.0,0.7894736842105263,0.4166666666666667,True,0.7666666666666666,0.9166666666666666,0.0,0.0,0.6388888888888888,0.0,0.0,0.0,0.1111111111111111,0.0,0.0,0.0,0.25,1.714,315.57,223.25,14.29,0.315,5.78,0.134,11788.0,2190.0
qjJT4c1bucA,True,True,4740.0,194,145,5746,125,13,15400,480,Neutral,6,-6440.13,2509.54,139.76,2576.18,1.395,0.089,0.123,0.004677555402193,61.0,51.0,0.9411764705882352,0.7868852459016393,True,0.8,1.0,0.1475409836065573,0.0,0.2786885245901639,0.0,0.0,0.0491803278688524,0.081967213114754,0.0,0.0,0.0,0.4426229508196721,0.111,36.32,48.91,6.71,0.005,3.87,0.167,67950.0,12972.0
qk97R_-DeA4,True,True,2666.0,45,41,160,0,0,14600,3587,Neutral,3,-7785.36,3025.47,154.92,3104.76,1.441,0.091,0.171,0.0058740901545141,46.0,41.0,0.902439024390244,0.8043478260869565,True,0.8,1.0,0.0,0.0217391304347826,0.3260869565217391,0.0,0.0,0.0217391304347826,0.0434782608695652,0.0217391304347826,0.0,0.0217391304347826,0.5434782608695652,0.294,45.72,58.07,7.42,0.01,4.07,0.139,42257.0,7798.0
qkWLnyHua1g,True,True,592.0,34,31,298,0,0,50000,1839,Neutral,2,-1560.19,633.08,78.05,651.38,1.463,0.106,0.278,0.046068796068796,75.0,44.0,0.7272727272727273,0.4266666666666667,True,0.6720000000000002,0.68,0.16,0.12,0.0933333333333333,0.0,0.0266666666666666,0.1866666666666666,0.0133333333333333,0.0,0.0,0.0266666666666666,0.3733333333333333,0.647,97.47,173.4,10.18,0.102,4.69,0.126,9045.0,1626.0
qlxtqiHUYpo,True,True,107.0,27,24,1047,14,0,46100,596,Positive,3,-87.59,68.45,25.98,71.74,1.405,0.092,0.584,0.1724137931034483,30.0,25.0,0.88,0.7333333333333333,False,0.1466666666666667,0.2666666666666666,0.0,0.0333333333333333,0.3666666666666666,0.0,0.0,0.0333333333333333,0.0,0.0666666666666666,0.0,0.0333333333333333,0.4666666666666667,2.0,175.0,0.0,12.0,0.917,4.7,0.189,870.0,174.0
qq-GAIPh-kI,True,True,218.0,13,13,156,0,0,36000,6286,Neutral,1,63.83,7.43,12.22,9.02,1.542,0.123,0.44,0.0300157977883096,19.0,15.0,0.7333333333333333,0.5789473684210527,True,0.5052631578947369,0.4736842105263157,0.2631578947368421,0.3684210526315789,0.2105263157894736,0.0,0.0,0.0526315789473684,0.0,0.0,0.0,0.0,0.1052631578947368,0.04,13.0,9.15,5.34,0.036,2.99,0.114,3787.0,643.0
qs8iH4yjVkw,True,True,243.0,306,181,1456,17,0,55000,668,Neutral,20,73.0,7.9,11.21,10.57,1.349,0.086,0.402,0.0142045454545454,10.0,10.0,1.0,1.0,True,0.76,0.9,0.2,0.0,0.0,0.0,0.0,0.1,0.1,0.0,0.0,0.0,0.6,0.195,17.95,10.95,5.71,0.067,3.08,0.155,3664.0,704.0
qtwAEZnOgIw,True,True,102.0,65,44,17,0,0,674,262,Neutral,3,42.48,12.57,13.89,14.3,1.69,0.168,0.552,0.0862068965517241,20.0,8.0,0.625,0.25,True,0.2199999999999999,0.3,0.25,0.0,0.0,0.0,0.0,0.0,0.0,0.0,0.0,0.0,0.75,0.0,21.55,6.25,7.09,0.149,3.37,0.118,1402.0,232.0
qvjfG_Uljps,True,True,52.0,18,18,658,7,0,10700,653,Positive,2,66.21,7.56,10.95,10.61,1.491,0.132,0.658,0.0434782608695652,5.0,2.0,0.5,0.2,True,0.48,0.4,0.0,0.0,0.0,0.0,0.0,0.8,0.0,0.0,0.0,0.0,0.2,0.0,14.62,8.77,5.5,0.143,2.93,0.077,611.0,115.0
qx2gSLPicm0,True,True,173.0,319,191,3980,55,0,1220000,11882,Negative,15,-426.1,199.39,42.71,206.98,1.363,0.094,0.441,0.1171875,60.0,55.0,0.9090909090909092,0.8333333333333334,True,0.2866666666666666,0.3833333333333333,0.05,0.1333333333333333,0.1666666666666666,0.0,0.0166666666666666,0.0166666666666666,0.0833333333333333,0.1666666666666666,0.0,0.0666666666666666,0.3,0.133,35.2,35.68,7.13,0.136,3.08,0.159,2639.0,511.0
qyO3DGHOtAE,True,True,92.0,41,35,2274,9,0,1220000,11882,Neutral,3,-160.79,96.3,28.03,100.06,1.418,0.078,0.557,0.1387755102040816,34.0,29.0,0.8620689655172413,0.7352941176470589,True,0.1411764705882352,0.3235294117647059,0.0,0.088235294117647,0.2352941176470588,0.0,0.0,0.0,0.088235294117647,0.0294117647058823,0.0,0.0,0.5588235294117647,0.5,125.0,42.43,11.0,0.536,3.57,0.14,1345.0,245.0
qzVhYs8-TB4,True,True,601.0,107,78,5214,50,18,12400,354,Neutral,5,49.53,11.03,17.47,13.0,1.634,0.148,0.332,0.0082831325301204,11.0,11.0,1.0,1.0,True,0.6909090909090909,0.7272727272727273,0.0909090909090909,0.0,0.1818181818181818,0.0,0.0,0.0909090909090909,0.0,0.0,0.0,0.0,0.6363636363636364,0.162,19.97,11.44,6.44,0.029,3.2,0.082,8029.0,1330.0
qzklA8C6D74,True,True,1223.0,8,6,713,5,1,569000,3032,Neutral,1,-4017.24,1578.23,113.02,1620.92,1.411,0.091,0.191,0.01320293398533,54.0,40.0,0.8,0.5925925925925926,True,0.8,1.0,0.0,0.037037037037037,0.2222222222222222,0.0,0.074074074074074,0.0185185185185185,0.037037037037037,0.1481481481481481,0.0,0.0,0.4629629629629629,0.284,44.27,39.59,7.54,0.02,3.88,0.17,21277.0,4075.0
qzsrVAC32qA,True,True,3659.0,50,44,556,8,3,56400,1114,Neutral,2,-9993.99,3874.61,167.02,3975.63,1.417,0.083,0.144,0.0069630955933552,70.0,59.0,0.8813559322033898,0.7428571428571429,True,0.8,1.0,0.1142857142857142,0.0,0.2142857142857142,0.0,0.0,0.0142857142857142,0.0857142857142857,0.0571428571428571,0.0,0.0,0.5142857142857142,0.783,72.08,100.45,8.58,0.013,5.03,0.124,53045.0,10029.0
r0IxszNIybQ,True,True,207.0,62,52,556,1,0,12500,530,Neutral,5,69.37,9.1,10.71,11.55,1.359,0.079,0.389,0.015929203539823,9.0,9.0,1.0,1.0,True,0.5777777777777777,0.5555555555555556,0.1111111111111111,0.1111111111111111,0.2222222222222222,0.0,0.0,0.0,0.0,0.0,0.0,0.0,0.5555555555555556,0.148,21.44,12.4,6.19,0.067,3.36,0.18,2934.0,563.0
r1DVG7s8vcI,True,True,3056.0,80,67,2127,18,0,1220000,11882,Neutral,6,-8981.62,3485.72,166.62,3577.2,1.412,0.092,0.132,0.0045358999889368,41.0,29.0,0.7241379310344828,0.5121951219512195,True,0.8,1.0,0.0,0.0,0.1463414634146341,0.0,0.0,0.0,0.0975609756097561,0.0,0.0,0.0,0.7560975609756098,0.592,61.61,62.53,8.8,0.012,4.06,0.152,48217.0,8995.0
r1LhPrf7TgA,True,True,354.0,53,47,18545,166,0,1220000,11882,Neutral,5,-970.35,408.46,53.26,420.73,1.365,0.074,0.369,0.0677966101694915,72.0,58.0,0.896551724137931,0.7222222222222222,True,0.6333333333333333,0.6388888888888888,0.0416666666666666,0.0833333333333333,0.1111111111111111,0.0,0.0,0.0694444444444444,0.0277777777777777,0.1944444444444444,0.0,0.0,0.4722222222222222,0.077,83.54,83.72,11.69,0.116,4.87,0.136,5426.0,1053.0
r4v-X9uT6nI,True,True,266.0,15,15,1827,23,2,3730,707,Neutral,1,49.64,10.3,13.77,11.33,1.667,0.159,0.417,0.0576631259484066,38.0,34.0,0.8823529411764706,0.7894736842105263,True,0.3789473684210527,0.3421052631578947,0.0789473684210526,0.0263157894736842,0.2631578947368421,0.0,0.1052631578947368,0.0,0.0263157894736842,0.0526315789473684,0.0,0.0263157894736842,0.4210526315789473,0.171,16.22,7.17,5.66,0.05,3.02,0.093,4200.0,658.0
r92eCFbknyQ,True,True,191.0,112,72,31565,100,10,16600,1353,Neutral,6,51.57,11.13,13.31,13.79,1.591,0.156,0.475,0.0849256900212314,40.0,29.0,0.8275862068965517,0.6,False,0.1999999999999999,0.275,0.325,0.075,0.2,0.0,0.025,0.175,0.05,0.0,0.0,0.0,0.15,0.348,20.87,11.75,6.52,0.121,3.06,0.108,2727.0,472.0
rD21YoffHmI,True,True,72.0,32,31,3144,14,1,477000,4732,Neutral,3,60.39,9.84,11.77,12.31,1.489,0.113,0.667,0.0769230769230769,11.0,6.0,0.6666666666666666,0.3636363636363636,True,0.3636363636363637,0.4545454545454545,0.0,0.0,0.0909090909090909,0.0,0.0,0.6363636363636364,0.0,0.0,0.0,0.0,0.2727272727272727,0.143,21.0,12.03,7.71,0.219,3.0,0.061,845.0,144.0
rDXtgobnWsQ,True,True,37.0,173,122,3107,12,0,13100,2911,Neutral,7,63.09,6.98,10.29,9.13,1.577,0.155,0.704,0.0958904109589041,7.0,7.0,1.0,1.0,True,0.5714285714285714,0.5714285714285714,0.0,0.5714285714285714,0.0,0.0,0.0,0.0,0.0,0.0,0.0,0.2857142857142857,0.1428571428571428,0.0,10.43,4.39,4.71,0.083,2.63,0.137,420.0,71.0
rGz-4aGYbvE,True,True,3709.0,258,174,192,4,0,3640,696,Neutral,9,61.89,9.19,34.85,11.36,1.493,0.113,0.183,0.0006057669008965,5.0,3.0,0.3333333333333333,0.2,True,0.8,1.0,0.0,0.0,0.0,0.0,0.0,0.0,0.0,0.0,0.0,0.0,1.0,0.078,18.25,13.23,6.01,0.004,3.19,0.132,46195.0,8231.0
rHaisEsuu00,True,True,552.0,87,61,507,5,0,7550,2528,Neutral,6,48.39,9.62,19.42,11.1,1.723,0.184,0.319,0.0015037593984962,2.0,2.0,1.0,1.0,True,0.8,1.0,0.0,0.0,0.0,0.0,0.0,0.0,1.0,0.0,0.0,0.0,0.0,0.231,12.41,9.28,5.15,0.016,2.82,0.051,8249.0,1329.0
rHkKtgXeop0,True,True,31.0,35,35,287,0,0,3210,503,Neutral,3,-7.5,30.2,22.92,31.85,1.766,0.188,0.781,0.28125,18.0,17.0,0.9411764705882352,0.8888888888888888,True,0.3333333333333335,0.5,0.1111111111111111,0.0,0.0555555555555555,0.0,0.0,0.0,0.1666666666666666,0.0,0.0,0.0,0.6666666666666666,0.0,67.0,0.0,9.0,0.75,3.24,0.06,421.0,64.0
rI7YngXtZrQ,True,True,77.0,102,78,228,5,1,46000,861,Very Positive,6,-135.34,87.78,25.98,91.03,1.357,0.071,0.567,0.1830357142857142,41.0,38.0,0.9473684210526316,0.8780487804878049,False,0.0878048780487805,0.2682926829268293,0.0975609756097561,0.1463414634146341,0.1463414634146341,0.0,0.0,0.0,0.024390243902439,0.073170731707317,0.0,0.024390243902439,0.4878048780487805,0.857,32.86,26.92,7.14,0.194,2.9,0.161,1121.0,222.0
rKiWh5fQmCE,True,True,88.0,102,78,122,2,1,46000,861,Very Positive,6,-126.59,85.07,24.5,89.03,1.326,0.064,0.537,0.2100456621004566,46.0,40.0,0.875,0.7608695652173914,False,0.1391304347826087,0.2608695652173913,0.0434782608695652,0.0,0.0652173913043478,0.0,0.0,0.0652173913043478,0.0652173913043478,0.0652173913043478,0.0,0.0869565217391304,0.6086956521739131,2.5,113.5,157.68,11.5,0.474,4.71,0.137,1109.0,219.0
rLWHUMOwCg4,True,True,3767.0,51,42,627,2,1,98900,2838,Neutral,1,-3188.79,1258.13,116.86,1292.42,1.497,0.123,0.155,0.0076577496426383,75.0,68.0,0.9117647058823528,0.8266666666666667,True,0.8,1.0,0.04,0.0266666666666666,0.2666666666666666,0.0,0.0,0.0,0.04,0.04,0.0,0.0,0.5866666666666667,0.898,84.46,142.46,9.57,0.014,5.67,0.115,53620.0,9786.0
rLxTozspBxk,True,True,132.0,96,76,322892,244,9,46000,861,Very Positive,5,-149.48,88.02,31.69,90.86,1.608,0.115,0.53,0.3333333333333333,71.0,49.0,0.8367346938775511,0.5774647887323944,False,0.1633802816901408,0.2816901408450704,0.2676056338028169,0.0985915492957746,0.1690140845070422,0.0,0.0140845070422535,0.1126760563380281,0.0,0.0704225352112676,0.0,0.0422535211267605,0.2253521126760563,1.0,218.0,0.0,16.0,0.889,4.84,0.06,1323.0,217.0
rM_gz1Gz9gE,True,True,69.0,115,85,719,3,0,74500,586,Neutral,5,51.07,13.06,13.02,14.92,1.507,0.108,0.534,0.0711111111111111,16.0,11.0,0.8181818181818182,0.5625,True,0.1500000000000001,0.3125,0.3125,0.375,0.0,0.0,0.0625,0.0,0.0625,0.0625,0.0,0.0625,0.0625,0.25,29.0,26.95,7.5,0.238,3.32,0.138,1263.0,224.0
rP05zGjuZu8,True,True,728.0,31,28,3223,23,0,13500,719,Neutral,1,-1620.48,654.66,89.2,673.44,1.539,0.136,0.271,0.0414201183431952,70.0,45.0,0.7111111111111111,0.4571428571428571,True,0.6971428571428573,0.7428571428571429,0.0,0.0142857142857142,0.4142857142857143,0.0,0.0428571428571428,0.0428571428571428,0.0857142857142857,0.0,0.0,0.0,0.4,5.6,341.8,457.03,14.2,0.505,6.82,0.123,9890.0,1690.0
rPC2qiSags0,True,True,289.0,97,78,485,4,0,45300,2832,Neutral,6,60.55,9.07,12.46,10.94,1.523,0.117,0.392,0.0014430014430014,1.0,1.0,1.0,1.0,True,0.8,1.0,0.0,0.0,1.0,0.0,0.0,0.0,0.0,0.0,0.0,0.0,0.0,0.35,17.48,10.33,6.0,0.037,3.18,0.074,3895.0,695.0
rTjgXZM8yN8,True,True,144.0,17,16,2946,22,1,50000,1839,Neutral,1,-361.86,173.04,41.45,179.55,1.443,0.102,0.389,0.0647321428571428,29.0,16.0,0.75,0.4137931034482758,True,0.3724137931034483,0.4827586206896552,0.0,0.0689655172413793,0.2068965517241379,0.0,0.0,0.1379310344827586,0.0,0.0344827586206896,0.0,0.0,0.5517241379310345,2.0,150.67,142.21,10.0,0.37,4.28,0.128,2357.0,447.0
rVyQbCtRKeA,True,True,1679.0,18,17,10883,77,7,569000,3032,Neutral,1,-4087.44,1602.92,132.27,1646.03,1.521,0.125,0.216,0.0173396674584323,73.0,56.0,0.8928571428571429,0.684931506849315,True,0.8,1.0,0.0821917808219178,0.0410958904109589,0.2054794520547945,0.0,0.0,0.136986301369863,0.1095890410958904,0.0273972602739726,0.0,0.0,0.3972602739726027,0.921,112.74,109.91,9.63,0.045,5.3,0.132,23100.0,4202.0
rWPzysGwWig,True,True,1658.0,56,51,783,10,0,21200,805,Neutral,3,-3661.72,1440.7,112.12,1479.34,1.456,0.099,0.262,0.0205497731518548,77.0,67.0,0.9104477611940298,0.7922077922077922,True,0.8,1.0,0.0129870129870129,0.1038961038961039,0.1428571428571428,0.0,0.0129870129870129,0.0,0.2077922077922078,0.0909090909090909,0.0,0.0129870129870129,0.4155844155844156,0.612,78.29,83.94,9.61,0.047,4.93,0.132,20532.0,3739.0
rX7g2i88HvI,True,True,99.0,128,92,484,2,1,75200,1684,Neutral,6,26.62,14.76,16.18,16.65,1.878,0.249,0.614,0.082051282051282,16.0,12.0,0.8333333333333334,0.625,True,0.2250000000000001,0.3125,0.0,0.125,0.1875,0.0,0.0,0.25,0.0,0.0625,0.0,0.0,0.375,0.2,19.8,15.93,7.2,0.152,3.36,0.051,1326.0,196.0
raocyVK_IaA,True,True,2962.0,29,28,1170,18,0,144000,1700,Neutral,2,61.33,7.19,11.21,8.0,1.6,0.2,1.0,0.1,1.0,1.0,1.0,1.0,True,0.8,1.0,0.0,0.0,1.0,0.0,0.0,0.0,0.0,0.0,0.0,0.0,0.0,1.0,10.0,0.0,5.0,0.0,1.8,0.0,63.0,10.0
rf8wInU9Qu0,True,True,548.0,92,66,4,0,0,21200,805,Neutral,5,-1813.06,729.71,83.11,750.04,1.488,0.105,0.256,0.0197333333333333,37.0,27.0,0.925925925925926,0.6756756756756757,True,0.7135135135135136,0.7837837837837838,0.081081081081081,0.054054054054054,0.2162162162162162,0.0,0.0,0.0,0.1081081081081081,0.081081081081081,0.0,0.0,0.4594594594594595,0.31,66.97,74.88,9.97,0.067,4.06,0.131,10518.0,1870.0
riNF85JGK7E,True,True,133.0,22,22,706,4,0,1220000,11882,Neutral,1,41.89,12.35,13.45,13.45,1.711,0.164,0.473,0.0746753246753246,23.0,17.0,0.7058823529411765,0.5217391304347826,True,0.5565217391304349,0.4782608695652174,0.3043478260869565,0.0,0.1304347826086956,0.0,0.1304347826086956,0.0869565217391304,0.0869565217391304,0.1304347826086956,0.0,0.0,0.1304347826086956,0.333,20.87,10.97,7.93,0.122,3.16,0.099,1935.0,308.0
rl1QZRsOsNs,True,True,83.0,108,76,40,1,0,45300,2832,Neutral,5,61.33,7.19,11.21,8.0,1.6,0.2,1.0,0.1,1.0,1.0,1.0,1.0,True,0.8,1.0,0.0,0.0,1.0,0.0,0.0,0.0,0.0,0.0,0.0,0.0,0.0,1.0,10.0,0.0,5.0,0.0,1.8,0.0,63.0,10.0
rlERDpxoIaA,True,True,78.0,38,35,406,3,0,41000,831,Very Positive,1,-129.41,85.71,23.73,89.43,1.347,0.059,0.607,0.2217194570135746,49.0,45.0,0.9333333333333332,0.8571428571428571,True,0.2448979591836735,0.3265306122448979,0.0408163265306122,0.0816326530612244,0.1632653061224489,0.0,0.0,0.0816326530612244,0.0816326530612244,0.0816326530612244,0.0,0.0,0.4693877551020408,4.0,230.0,0.0,12.0,0.923,9.09,0.187,1172.0,222.0
roFq7UmFeFI,True,True,231.0,57,44,1830,0,0,24400,946,Neutral,4,64.07,8.38,11.73,10.37,1.492,0.113,0.407,0.011400651465798,7.0,6.0,0.8333333333333334,0.7142857142857143,True,0.4571428571428573,0.4285714285714285,0.2857142857142857,0.0,0.0,0.0,0.0,0.2857142857142857,0.2857142857142857,0.0,0.0,0.0,0.1428571428571428,0.087,14.26,11.63,5.09,0.039,3.11,0.123,3531.0,637.0
rp5eI2qP-kw,True,True,74.0,124,88,298,6,1,46000,861,Neutral,6,-103.04,73.59,25.98,77.03,1.443,0.086,0.524,0.1329787234042553,25.0,19.0,0.8421052631578947,0.64,True,0.2239999999999999,0.36,0.0,0.04,0.24,0.0,0.28,0.0,0.0,0.12,0.0,0.0,0.32,1.0,64.0,19.29,11.33,0.426,3.08,0.13,1017.0,186.0
rpuUWRPkx0c,True,True,3597.0,35,29,1853,19,0,698000,6325,Neutral,1,41.92,11.65,42.21,13.15,1.745,0.194,0.182,0.0005353319057815,4.0,4.0,1.0,1.0,True,0.8,1.0,0.25,0.0,0.0,0.0,0.5,0.0,0.0,0.0,0.0,0.0,0.25,0.247,17.65,12.92,6.16,0.004,3.11,0.065,47227.0,7491.0
rrajxcaj5bw,True,True,3614.0,122,80,131,2,0,674,262,Neutral,5,-7420.27,2881.39,208.07,2957.63,1.624,0.174,0.215,0.0159645827743493,119.0,84.0,0.8452380952380952,0.5966386554621849,True,0.8,1.0,0.1512605042016806,0.1764705882352941,0.2689075630252101,0.0,0.0168067226890756,0.0168067226890756,0.0084033613445378,0.0168067226890756,0.0,0.0,0.3445378151260504,0.661,62.34,91.28,7.62,0.013,5.21,0.084,42490.0,7444.0
rt7y2ViREDQ,True,True,205.0,73,60,136,2,1,34900,832,Neutral,4,-295.97,148.94,35.95,154.95,1.384,0.087,0.5,0.1227154046997389,47.0,42.0,0.9047619047619048,0.8085106382978723,True,0.2978723404255319,0.3404255319148936,0.0212765957446808,0.2553191489361702,0.1276595744680851,0.0,0.0,0.0425531914893617,0.0212765957446808,0.1489361702127659,0.0,0.0,0.3829787234042553,0.5,33.0,33.83,6.92,0.153,3.59,0.174,1978.0,384.0
rvjoJGas074,True,True,171.0,145,102,2378,12,5,32100,748,Neutral,7,-364.47,171.91,48.11,178.21,1.546,0.143,0.53,0.1662870159453303,73.0,52.0,0.8269230769230769,0.589041095890411,False,0.0986301369863014,0.2465753424657534,0.0821917808219178,0.1780821917808219,0.273972602739726,0.0,0.0136986301369863,0.0136986301369863,0.0273972602739726,0.0684931506849315,0.0,0.0410958904109589,0.3013698630136986,0.222,49.89,48.97,10.33,0.261,3.01,0.134,2504.0,437.0
rw0HCius2HM,True,True,237.0,26,24,1392,4,0,22900,642,Neutral,1,-463.63,214.06,41.02,221.9,1.35,0.08,0.414,0.1099099099099099,61.0,55.0,0.9454545454545454,0.8524590163934426,True,0.2622950819672132,0.360655737704918,0.1311475409836065,0.081967213114754,0.2622950819672131,0.0,0.0327868852459016,0.0163934426229508,0.081967213114754,0.0491803278688524,0.0,0.0163934426229508,0.3278688524590163,0.714,80.86,125.01,7.29,0.151,6.91,0.163,2881.0,551.0
rwFOG_rk4Nk,True,False,1787.0,0,0,9341,59,0,5390,505,,0,-4697.66,1836.1,148.21,1884.84,1.584,0.137,0.206,0.0157662392264031,75.0,62.0,0.9193548387096774,0.76,True,0.8,1.0,0.0533333333333333,0.12,0.52,0.0,0.0,0.04,0.0133333333333333,0.04,0.0,0.0,0.2133333333333333,3.1,241.1,275.26,13.8,0.085,6.95,0.101,27429.0,4747.0
rwMVSX5mSm0,True,True,771.0,24,23,412792,2320,269,697000,6101,Neutral,1,50.92,9.98,11.46,10.7,1.659,0.138,0.691,0.0,0.0,0.0,0.0,0.0,False,0.0,0.0,0.0,0.0,0.0,0.0,0.0,0.0,0.0,0.0,0.0,0.0,0.0,0.125,16.5,5.37,6.38,0.27,2.79,0.091,930.0,127.0
ryne5PWA-Ro,True,True,57.0,44,41,1363,31,2,239000,4402,Neutral,4,1.5,34.42,17.12,36.73,1.395,0.07,0.64,0.367816091954023,32.0,29.0,0.9310344827586208,0.84375,True,0.1999999999999999,0.3125,0.15625,0.0,0.15625,0.0,0.0,0.03125,0.03125,0.0,0.0,0.03125,0.59375,0.0,93.0,0.0,13.0,0.875,4.47,0.183,473.0,88.0
s-rkK3Clvuw,True,True,4628.0,256,185,154,3,0,15400,480,Neutral,7,61.33,7.19,11.21,8.0,1.6,0.2,1.0,0.1,1.0,1.0,1.0,1.0,True,0.8,1.0,0.0,0.0,1.0,0.0,0.0,0.0,0.0,0.0,0.0,0.0,0.0,1.0,10.0,0.0,5.0,0.0,1.8,0.0,63.0,10.0
s2U1I1txCuw,True,True,101.0,103,72,465,0,0,36100,2341,Neutral,5,-103.48,70.92,31.69,74.43,1.58,0.144,0.563,0.1494252873563218,26.0,16.0,0.875,0.5384615384615384,True,0.2153846153846155,0.3461538461538461,0.0,0.0,0.1538461538461538,0.0,0.0,0.4230769230769231,0.0,0.0769230769230769,0.0,0.0,0.3461538461538461,0.333,59.0,8.19,12.33,0.5,3.57,0.096,1016.0,173.0
s4ZVdc9sz2A,True,True,136.0,114,85,2912,13,0,18300,1549,Negative,6,79.12,5.77,8.96,7.82,1.338,0.073,0.461,0.0588235294117647,21.0,21.0,1.0,1.0,False,0.2666666666666666,0.2857142857142857,0.0,0.1428571428571428,0.0,0.0,0.0,0.0476190476190476,0.1428571428571428,0.0,0.0,0.0952380952380952,0.5714285714285714,0.04,14.68,11.91,5.48,0.064,3.12,0.161,1806.0,356.0
s9tpCo6yuMI,True,True,115.0,46,39,6695,73,8,477000,4732,Neutral,3,48.33,12.96,13.94,15.64,1.563,0.138,0.505,0.0352564102564102,11.0,11.0,1.0,1.0,True,0.4727272727272726,0.5454545454545454,0.0909090909090909,0.0,0.6363636363636364,0.0,0.0,0.0,0.0909090909090909,0.0,0.0,0.0,0.1818181818181818,0.154,24.38,15.31,8.15,0.137,3.38,0.098,1857.0,313.0
sAIZeb7RxSM,True,True,35.0,43,36,107,1,0,10700,653,Neutral,3,-10.78,34.64,20.27,36.0,1.613,0.113,0.762,0.3170731707317073,26.0,24.0,0.9166666666666666,0.8461538461538461,False,0.1538461538461539,0.2692307692307692,0.0,0.0,0.1923076923076923,0.0,0.0,0.0384615384615384,0.0769230769230769,0.0384615384615384,0.0,0.0384615384615384,0.6153846153846154,0.0,42.5,45.96,10.0,0.5,3.67,0.141,496.0,82.0
sCJSgjG_1ns,True,True,58.0,96,83,12,0,0,1100,430,Positive,2,30.32,13.53,15.9,15.8,1.869,0.276,0.676,0.0408163265306122,6.0,6.0,1.0,1.0,True,0.4000000000000001,0.5,0.0,0.0,0.1666666666666666,0.0,0.0,0.1666666666666666,0.0,0.0,0.0,0.0,0.6666666666666666,0.111,16.67,6.5,7.44,0.2,2.76,0.093,948.0,147.0
sCzlfHu2xSU,True,True,71.0,61,42,17759,2,1,477000,4732,Positive,2,-30.77,43.14,23.73,46.25,1.573,0.126,0.68,0.1553398058252427,16.0,16.0,1.0,1.0,True,0.2250000000000001,0.3125,0.0,0.0,0.3125,0.0,0.0,0.0,0.1875,0.0625,0.0,0.0,0.4375,1.0,106.0,0.0,11.0,0.833,4.35,0.066,620.0,105.0
sHNM9CRbq5s,True,True,67.0,42,36,1914,5,0,88900,1346,Neutral,2,-74.53,61.66,26.68,65.12,1.49,0.111,0.608,0.1538461538461538,24.0,21.0,0.8571428571428571,0.75,True,0.3,0.4166666666666667,0.0,0.0,0.0,0.0,0.0833333333333333,0.0,0.0,0.0833333333333333,0.0,0.0,0.8333333333333334,0.5,80.5,53.03,14.5,0.542,5.43,0.081,843.0,156.0
sKi-Ddwb4PE,True,True,1218.0,17,17,413,13,0,191000,1170,Neutral,1,13.9,16.04,15.9,13.92,2.053,0.263,0.947,1.3461538461538465,35.0,35.0,1.0,1.0,True,0.3085714285714287,0.3714285714285714,0.0,0.0571428571428571,0.5142857142857142,0.0,0.0,0.0,0.0,0.2857142857142857,0.0,0.0,0.1428571428571428,0.0,30.0,0.0,6.0,0.5,5.4,0.0,363.0,22.0
sLjOR7deSkw,True,True,47.0,35,33,200,2,0,135000,2612,Neutral,3,-44.97,48.6,25.25,51.93,1.573,0.128,0.615,0.1694915254237288,20.0,16.0,0.8125,0.65,True,0.1999999999999999,0.3,0.0,0.0,0.1,0.0,0.0,0.2,0.15,0.0,0.0,0.0,0.55,1.0,120.0,0.0,14.0,0.5,3.52,0.117,669.0,118.0
sOxTIanaXBA,True,True,345.0,37,26,28436,160,35,697000,6101,Neutral,1,81.61,4.34,12.04,6.57,1.361,0.084,0.352,0.0149942329873125,13.0,13.0,1.0,1.0,True,0.6153846153846154,0.5384615384615384,0.1538461538461538,0.0,0.5384615384615384,0.0,0.0,0.0769230769230769,0.0,0.0,0.0,0.0,0.2307692307692307,0.08,10.57,9.59,4.18,0.018,2.98,0.216,4700.0,867.0
sShFtn7dBKc,True,True,5495.0,64,49,153,1,0,14700,1456,Neutral,2,-14882.44,5750.39,255.66,5899.65,1.539,0.133,0.126,0.0037838555496548,57.0,31.0,0.8064516129032258,0.4385964912280701,True,0.8,1.0,0.2105263157894736,0.0,0.0526315789473684,0.0,0.0350877192982456,0.1578947368421052,0.0526315789473684,0.087719298245614,0.0,0.0,0.4035087719298245,0.722,59.13,100.44,7.89,0.007,4.79,0.105,83772.0,15016.0
sW7PyNcMGy0,True,True,116.0,25,21,598,6,0,50000,1839,Neutral,2,-218.81,117.56,35.95,122.17,1.468,0.111,0.461,0.1174496644295302,35.0,33.0,0.9393939393939394,0.8857142857142857,False,0.217142857142857,0.2857142857142857,0.0,0.0,0.2,0.0,0.0,0.0285714285714285,0.0857142857142857,0.0857142857142857,0.0,0.0,0.6,1.0,150.0,127.28,17.0,0.528,5.03,0.137,1656.0,298.0
sXx0cbRPPUw,True,True,2919.0,251,173,387,8,1,3640,696,Neutral,10,-3899.71,1532.39,118.1,1573.88,1.444,0.103,0.179,0.0054026887799974,43.0,32.0,0.84375,0.627906976744186,True,0.8,1.0,0.1162790697674418,0.0,0.1860465116279069,0.0,0.0,0.0465116279069767,0.0,0.0,0.0,0.0,0.6511627906976745,0.488,63.58,95.57,7.47,0.013,5.35,0.157,42610.0,7903.0
sYDMzXFdU0g,True,True,108.0,43,40,3216,27,0,1220000,11882,Neutral,4,-208.06,110.35,39.71,114.71,1.617,0.15,0.588,0.1745454545454545,48.0,42.0,0.9285714285714286,0.8125,True,0.3083333333333333,0.3958333333333333,0.0208333333333333,0.0833333333333333,0.0625,0.0,0.0,0.1041666666666666,0.0833333333333333,0.0208333333333333,0.0,0.0416666666666666,0.5833333333333334,4.0,278.0,0.0,17.0,0.933,3.81,0.068,1613.0,275.0
sYMJ9ZAR6Zg,True,True,69.0,101,74,342,0,0,4820,1001,Neutral,5,-105.69,69.74,34.42,73.63,1.679,0.179,0.583,0.2023809523809523,34.0,29.0,0.896551724137931,0.7647058823529411,False,0.2352941176470588,0.2941176470588235,0.1176470588235294,0.0,0.2941176470588235,0.0,0.0,0.0588235294117647,0.2058823529411764,0.0294117647058823,0.0,0.0,0.2941176470588235,0.0,56.33,43.88,11.67,0.463,3.19,0.16,968.0,168.0
s_MYXtZbmA4,True,True,2403.0,97,80,256,1,0,24900,211,Neutral,8,-5253.72,2051.04,156.84,2105.76,1.522,0.138,0.181,0.0068077276908923,37.0,35.0,0.9428571428571428,0.8918918918918919,True,0.8,1.0,0.0,0.0,0.1891891891891892,0.0,0.0,0.0,0.054054054054054,0.0,0.0,0.0,0.7567567567567568,0.368,52.17,84.09,7.25,0.013,4.14,0.115,29887.0,5413.0
s_VUhInkSs4,True,True,220.0,25,23,226,2,0,16500,578,Neutral,2,-588.01,263.96,33.89,272.95,1.249,0.043,0.324,0.0923753665689149,63.0,47.0,0.7872340425531915,0.5873015873015873,True,0.4571428571428573,0.4444444444444444,0.0,0.1269841269841269,0.2222222222222222,0.0,0.0158730158730158,0.0317460317460317,0.0634920634920634,0.1269841269841269,0.0,0.0,0.4126984126984127,0.103,24.28,29.54,5.0,0.055,3.05,0.224,3258.0,681.0
sdboRWaWLyg,True,True,120.0,26,25,2758,16,2,16500,1455,Neutral,3,-206.41,109.62,40.59,114.39,1.621,0.158,0.596,0.2124542124542124,58.0,55.0,0.9454545454545454,0.896551724137931,False,0.1448275862068966,0.2586206896551724,0.1379310344827586,0.0689655172413793,0.2586206896551724,0.0,0.0,0.1379310344827586,0.0517241379310344,0.0172413793103448,0.0,0.0,0.3275862068965517,1.5,142.5,177.48,12.0,0.84,5.22,0.116,1581.0,273.0
shX5xqZSAjk,True,True,210.0,28,26,1595,10,0,50000,1839,Neutral,3,-376.28,175.05,47.75,180.91,1.614,0.139,0.448,0.195067264573991,87.0,55.0,0.8181818181818182,0.5172413793103449,False,0.0413793103448276,0.2183908045977011,0.160919540229885,0.057471264367816,0.2528735632183908,0.0,0.0,0.0804597701149425,0.1149425287356321,0.0229885057471264,0.0,0.0,0.3103448275862069,3.5,228.0,309.71,12.0,0.485,5.56,0.099,2704.0,446.0
skshT2TimrY,True,True,105.0,165,113,111,2,0,674,262,Neutral,6,65.06,9.35,11.34,11.53,1.426,0.099,0.554,0.0157232704402515,5.0,5.0,1.0,1.0,True,0.8,1.0,0.0,0.0,0.0,0.0,0.0,0.0,0.0,0.0,0.0,0.0,1.0,0.0,21.93,14.17,6.13,0.145,3.16,0.164,1744.0,318.0
soniQyHK5Uc,True,True,141.0,73,53,1329,7,6,3900,286,Neutral,3,-193.74,109.1,30.53,113.98,1.412,0.083,0.542,0.1637010676156583,46.0,39.0,0.8974358974358975,0.7608695652173914,False,0.1217391304347825,0.2608695652173913,0.0434782608695652,0.0652173913043478,0.1956521739130435,0.0,0.0,0.0652173913043478,0.108695652173913,0.1304347826086956,0.0,0.0869565217391304,0.3043478260869565,0.5,48.5,80.88,5.33,0.339,6.86,0.182,1485.0,281.0
ssy2HTyhoYg,True,True,68.0,123,76,1309,10,1,135000,2612,Neutral,7,58.51,10.69,11.46,12.78,1.483,0.094,0.561,0.0611111111111111,11.0,9.0,0.7777777777777778,0.6363636363636364,True,0.290909090909091,0.3636363636363636,0.0909090909090909,0.0,0.1818181818181818,0.0,0.1818181818181818,0.0,0.0,0.0909090909090909,0.0,0.0,0.4545454545454545,0.111,20.44,13.23,6.22,0.25,3.04,0.12,1036.0,180.0
surRUZ1yAg0,True,True,96.0,18,18,169,14,0,144000,1700,Neutral,2,61.33,7.19,11.21,8.0,1.6,0.2,1.0,0.1,1.0,1.0,1.0,1.0,True,0.8,1.0,0.0,0.0,1.0,0.0,0.0,0.0,0.0,0.0,0.0,0.0,0.0,1.0,10.0,0.0,5.0,0.0,1.8,0.0,63.0,10.0
swnEQYLH9VU,True,False,37.0,0,0,170341,427,0,22200,1782,,0,-18.79,42.46,20.27,45.79,1.383,0.084,0.589,0.1759259259259259,19.0,17.0,0.9411764705882352,0.8421052631578947,True,0.1473684210526316,0.3157894736842105,0.0,0.1052631578947368,0.0,0.0,0.0,0.4210526315789473,0.0,0.0,0.0,0.0,0.4736842105263157,0.0,55.0,43.84,9.0,0.455,5.33,0.127,527.0,107.0
sx5j-XcMYSM,True,True,94.0,80,58,321,0,0,4820,1001,Neutral,4,-109.98,75.3,29.92,79.03,1.489,0.117,0.58,0.2328042328042328,44.0,40.0,0.9,0.8181818181818182,False,0.1545454545454545,0.2954545454545454,0.0227272727272727,0.0,0.0454545454545454,0.0,0.0,0.0454545454545454,0.1818181818181818,0.0,0.0,0.0681818181818181,0.6363636363636364,0.0,38.6,32.02,6.8,0.32,3.61,0.181,1008.0,189.0
sxCSmVzMxZk,True,True,172.0,67,60,2433,10,0,45400,902,Neutral,4,-321.5,153.75,48.83,159.71,1.626,0.166,0.514,0.2137404580152671,84.0,67.0,0.8656716417910447,0.6904761904761905,False,0.0428571428571429,0.2261904761904762,0.0119047619047619,0.0119047619047619,0.3333333333333333,0.0,0.1071428571428571,0.0119047619047619,0.1071428571428571,0.0119047619047619,0.0,0.0,0.4047619047619047,11.0,407.0,0.0,14.0,0.95,8.98,0.086,2356.0,394.0
szMgN68kijg,True,True,392.0,39,35,591,4,0,13800,709,Neutral,2,-872.94,367.3,68.26,378.75,1.545,0.139,0.384,0.0646186440677966,61.0,48.0,0.8958333333333334,0.7049180327868853,True,0.4983606557377049,0.4426229508196721,0.0163934426229508,0.081967213114754,0.2131147540983606,0.0,0.2622950819672131,0.0327868852459016,0.081967213114754,0.0163934426229508,0.0,0.0163934426229508,0.2786885245901639,8.0,959.0,0.0,21.0,0.98,8.98,0.122,5566.0,943.0
szir6MfH8Lg,True,True,139.0,29,26,3640,25,0,697000,6101,Neutral,2,-301.6,152.21,34.42,157.95,1.331,0.077,0.446,0.1406649616368286,55.0,52.0,0.9615384615384616,0.9090909090909092,False,0.1890909090909092,0.2909090909090909,0.0181818181818181,0.0727272727272727,0.1272727272727272,0.0,0.0,0.0,0.0909090909090909,0.0,0.0,0.0727272727272727,0.6181818181818182,0.0,33.25,24.91,7.5,0.144,3.53,0.175,1948.0,391.0
szxSYlfHGSE,True,True,133.0,75,60,5140,56,2,135000,2612,Neutral,5,72.47,7.6,9.13,8.92,1.374,0.062,0.532,0.0547550432276657,19.0,16.0,0.875,0.7368421052631579,True,0.2736842105263157,0.3157894736842105,0.1052631578947368,0.0,0.1578947368421052,0.0,0.0,0.0526315789473684,0.0,0.0,0.0,0.1052631578947368,0.5789473684210527,0.158,18.89,10.34,5.58,0.068,3.3,0.153,1913.0,345.0
t-SIRbrtODc,True,True,171.0,22,22,7673,0,0,128000,2724,Neutral,1,58.02,10.2,12.16,11.66,1.516,0.123,0.42,0.0820895522388059,33.0,16.0,0.6875,0.3333333333333333,True,0.2303030303030304,0.3333333333333333,0.0303030303030303,0.0303030303030303,0.1515151515151515,0.0,0.0303030303030303,0.3636363636363636,0.0606060606060606,0.0,0.0,0.0,0.3333333333333333,0.55,20.6,12.11,5.35,0.085,3.27,0.083,2270.0,405.0
t1H7yi7VHK4,True,True,108.0,55,47,1818,9,0,1220000,11882,Negative,3,58.94,8.36,10.47,9.83,1.588,0.124,0.596,0.0297397769516728,8.0,6.0,0.8333333333333334,0.625,True,0.4499999999999999,0.375,0.125,0.0,0.125,0.0,0.0,0.375,0.0,0.125,0.0,0.0,0.25,0.1,13.55,6.15,4.95,0.136,3.12,0.103,1611.0,268.0
t2_yNxYmewU,True,True,308.0,81,63,2261,26,1,100000,1450,Neutral,6,-513.43,232.44,43.52,240.23,1.387,0.084,0.426,0.0912106135986733,55.0,46.0,0.8478260869565217,0.7090909090909091,True,0.4363636363636365,0.4,0.0363636363636363,0.0363636363636363,0.0545454545454545,0.0,0.0,0.0,0.1818181818181818,0.0181818181818181,0.0,0.0363636363636363,0.6363636363636364,0.286,44.36,53.53,8.5,0.105,3.68,0.18,3085.0,602.0
t47lVNDuwpE,True,True,75.0,32,30,795,5,0,35300,1846,Neutral,2,-19.07,37.53,24.88,40.78,1.626,0.167,0.638,0.2486187845303867,45.0,39.0,0.8974358974358975,0.7777777777777778,False,0.1422222222222222,0.2888888888888888,0.0,0.0222222222222222,0.2,0.0,0.0,0.0222222222222222,0.1333333333333333,0.2,0.0,0.0222222222222222,0.4,0.333,61.33,94.3,7.0,0.625,5.12,0.076,1063.0,181.0
t5NFb4QyMr0,True,True,131.0,102,67,235208,814,242,697000,6101,Neutral,2,68.73,10.33,10.25,13.03,1.311,0.058,0.398,0.1120331950207468,27.0,16.0,0.6875,0.4074074074074074,True,0.2666666666666666,0.3703703703703703,0.0,0.074074074074074,0.037037037037037,0.0,0.0,0.6666666666666666,0.0,0.0,0.0,0.0,0.2222222222222222,0.333,26.78,10.99,6.89,0.18,3.23,0.046,1248.0,241.0
t5QjkBZj1co,True,True,77.0,157,118,50856,267,0,1220000,11882,Neutral,8,-192.0,108.11,33.89,113.1,1.427,0.106,0.526,0.1552346570397112,43.0,34.0,0.7941176470588235,0.627906976744186,True,0.2604651162790699,0.3255813953488372,0.0465116279069767,0.0465116279069767,0.2093023255813953,0.0,0.0,0.1162790697674418,0.0,0.0,0.0,0.0,0.5813953488372093,4.5,142.0,96.17,22.5,0.812,2.87,0.095,1503.0,275.0
t5s4eef0ExE,True,True,61.0,290,173,638,8,2,74500,586,Neutral,13,30.72,18.04,17.69,20.35,1.644,0.178,0.61,0.0342465753424657,5.0,5.0,1.0,1.0,True,0.56,0.6,0.0,0.2,0.2,0.0,0.0,0.4,0.0,0.2,0.0,0.0,0.0,0.25,36.5,23.17,9.5,0.433,3.09,0.164,893.0,146.0
t6928gST0Sg,True,True,174.0,16,16,1314,9,0,14600,3587,Neutral,3,50.92,9.98,11.46,10.7,1.659,0.138,0.691,0.0078125,1.0,1.0,1.0,1.0,True,0.8,1.0,0.0,0.0,0.0,0.0,0.0,0.0,0.0,0.0,0.0,0.0,1.0,0.125,16.5,5.37,6.38,0.27,2.82,0.091,930.0,127.0
t6_tl5yu-Ko,True,True,47.0,30,27,115,0,0,443000,2444,Neutral,2,41.16,11.45,13.82,14.33,1.768,0.221,0.737,0.0515463917525773,5.0,5.0,1.0,1.0,True,0.6400000000000001,0.6,0.0,0.0,0.4,0.0,0.0,0.0,0.0,0.0,0.0,0.0,0.6,0.167,16.33,5.43,7.0,0.182,2.68,0.082,661.0,97.0
t6if2JzrNVQ,True,True,40.0,34,28,38166,48,16,216000,5950,Neutral,2,47.83,10.44,12.6,12.65,1.694,0.177,0.806,0.125,8.0,8.0,1.0,1.0,True,0.5,0.625,0.0,0.125,0.25,0.0,0.0,0.125,0.0,0.0,0.0,0.0,0.5,0.2,13.2,9.34,4.4,0.25,2.69,0.061,398.0,71.0
t9CGEdbqigw,True,True,75.0,155,102,1290,21,0,1220000,11882,Neutral,7,52.31,10.16,12.08,11.71,1.624,0.145,0.608,0.0572916666666666,11.0,6.0,0.8333333333333334,0.4545454545454545,True,0.2181818181818182,0.3636363636363636,0.1818181818181818,0.0,0.0909090909090909,0.0,0.0,0.5454545454545454,0.0909090909090909,0.0,0.0,0.0,0.0909090909090909,0.182,18.27,8.13,7.27,0.13,3.14,0.085,1182.0,190.0
tArFtF4N65g,True,True,187.0,45,34,669,4,1,216000,5950,Neutral,2,51.6,10.24,11.91,11.86,1.633,0.14,0.398,0.0070093457943925,3.0,2.0,0.5,0.3333333333333333,True,0.6666666666666667,0.6666666666666666,0.0,0.0,0.0,0.0,0.0,0.0,0.0,0.0,0.0,0.0,1.0,0.208,17.92,18.18,6.12,0.139,3.08,0.049,2504.0,433.0
tDS3y0OZSNY,True,False,2538.0,0,0,294,0,0,24400,946,,0,-7252.02,2817.43,190.96,2891.75,1.591,0.15,0.18,0.0046057978867515,34.0,22.0,0.6818181818181818,0.4411764705882353,True,0.8,1.0,0.2352941176470588,0.0294117647058823,0.4117647058823529,0.0,0.0,0.1176470588235294,0.0588235294117647,0.0,0.0,0.0,0.1470588235294117,0.766,98.16,102.67,9.68,0.023,4.89,0.103,42609.0,7342.0
tDrKOe8cs_0,True,True,218.0,19,17,2705,14,0,16500,1455,Neutral,1,-475.32,216.94,45.88,224.74,1.429,0.101,0.438,0.125,70.0,56.0,0.9285714285714286,0.7428571428571429,True,0.2342857142857144,0.3,0.0571428571428571,0.1857142857142857,0.2,0.0,0.0,0.0,0.1,0.0142857142857142,0.0,0.0,0.4428571428571428,0.667,63.11,41.51,9.11,0.209,3.62,0.153,2917.0,559.0
tEfXXJ3al4U,True,True,198.0,10,10,7215,25,7,477000,4732,Neutral,1,84.76,4.41,8.34,6.27,1.299,0.058,0.401,0.0206896551724137,9.0,8.0,0.875,0.7777777777777778,True,0.4000000000000001,0.4444444444444444,0.0,0.2222222222222222,0.1111111111111111,0.0,0.0,0.2222222222222222,0.0,0.0,0.0,0.0,0.4444444444444444,0.024,11.17,9.17,4.34,0.039,2.79,0.229,2250.0,438.0
tFGzQQKmADQ,True,True,410.0,26,25,605,3,0,144000,1700,Neutral,2,61.33,7.19,11.21,8.0,1.6,0.2,1.0,0.1,1.0,1.0,1.0,1.0,True,0.8,1.0,0.0,0.0,1.0,0.0,0.0,0.0,0.0,0.0,0.0,0.0,0.0,1.0,10.0,0.0,5.0,0.0,1.8,0.0,63.0,10.0
tGjv2vSu-28,True,True,204.0,175,110,4984,14,8,12500,530,Neutral,8,85.01,4.6,7.71,6.6,1.285,0.05,0.427,0.0489130434782608,18.0,16.0,0.875,0.7777777777777778,True,0.3333333333333335,0.3888888888888889,0.1666666666666666,0.1111111111111111,0.1111111111111111,0.0,0.0,0.0555555555555555,0.0555555555555555,0.0555555555555555,0.0,0.0555555555555555,0.3888888888888889,0.067,12.5,9.33,4.5,0.075,3.11,0.165,1828.0,367.0
tGvOkJJLXQQ,True,True,2872.0,70,56,5126,32,0,569000,3032,Neutral,3,-5555.34,2166.4,163.7,2224.43,1.548,0.142,0.2,0.0173974791407775,98.0,83.0,0.891566265060241,0.7551020408163265,True,0.8,1.0,0.3163265306122449,0.1836734693877551,0.0408163265306122,0.0,0.0,0.0306122448979591,0.0612244897959183,0.0918367346938775,0.0,0.010204081632653,0.2653061224489796,0.429,62.71,81.3,7.74,0.018,4.33,0.098,31104.0,5615.0
tJDYOP_6DOI,True,True,3916.0,85,62,576,8,0,3900,286,Neutral,3,-8064.96,3128.56,211.55,3210.64,1.65,0.166,0.193,0.0086892669195936,71.0,58.0,0.913793103448276,0.7464788732394366,True,0.8,1.0,0.1126760563380281,0.0,0.1549295774647887,0.0,0.0,0.0704225352112676,0.1690140845070422,0.0704225352112676,0.0,0.0,0.4225352112676056,1.329,114.44,155.3,11.32,0.024,5.47,0.111,48539.0,8156.0
tJKQoODrwrE,True,True,196.0,63,59,790,1,0,45400,902,Neutral,4,61.33,7.19,11.21,8.0,1.6,0.2,1.0,0.1,1.0,1.0,1.0,1.0,True,0.8,1.0,0.0,0.0,1.0,0.0,0.0,0.0,0.0,0.0,0.0,0.0,0.0,1.0,10.0,0.0,5.0,0.0,1.8,0.0,63.0,10.0
tLR2AE8UPcw,True,True,181.0,114,87,272,2,0,15400,480,Neutral,5,-418.85,189.19,53.91,195.29,1.721,0.167,0.516,0.150313152400835,72.0,57.0,0.8947368421052632,0.7083333333333334,False,0.1166666666666667,0.25,0.0138888888888888,0.0,0.375,0.0,0.0,0.0277777777777777,0.0277777777777777,0.0555555555555555,0.0,0.0,0.5,1.25,122.75,132.88,12.0,0.348,3.88,0.059,2925.0,479.0
tLpvdZfDGWc,True,True,2007.0,55,47,485,7,0,216000,5950,Neutral,3,-6433.54,2505.52,159.68,2572.17,1.467,0.117,0.18,0.0047641001997848,31.0,25.0,0.88,0.7096774193548387,True,0.8,1.0,0.0967741935483871,0.0,0.1935483870967742,0.0,0.0,0.0,0.064516129032258,0.032258064516129,0.0,0.0,0.6129032258064516,0.421,50.62,50.89,7.76,0.015,3.96,0.136,34939.0,6475.0
tNPrEoLgbNM,True,True,60.0,351,180,156,2,1,16500,1455,Neutral,24,70.6,7.02,9.96,9.35,1.436,0.098,0.485,0.0032467532467532,1.0,1.0,1.0,1.0,True,0.8,1.0,0.0,0.0,0.0,0.0,0.0,0.0,0.0,0.0,0.0,0.0,1.0,0.095,15.24,11.87,5.52,0.152,3.07,0.134,1670.0,306.0
tQZ6cGxXMdQ,True,True,2388.0,27,21,360,2,0,952,151,Neutral,1,-5606.04,2186.63,156.31,2244.78,1.511,0.128,0.187,0.0112300403579575,64.0,57.0,0.9298245614035088,0.828125,True,0.8,1.0,0.078125,0.0,0.109375,0.0,0.0,0.0,0.046875,0.109375,0.0,0.03125,0.625,0.476,56.41,76.01,8.61,0.023,4.44,0.11,31306.0,5691.0
tTBZgzLqS9Y,True,True,72.0,59,49,1980,48,2,697000,6101,Negative,4,-99.94,71.92,27.37,75.11,1.467,0.1,0.528,0.1497326203208556,28.0,25.0,0.88,0.7857142857142857,False,0.1571428571428572,0.25,0.25,0.0357142857142857,0.1071428571428571,0.0,0.0357142857142857,0.0357142857142857,0.0357142857142857,0.0357142857142857,0.0,0.0,0.4642857142857143,0.667,63.0,59.81,6.33,0.526,3.87,0.143,983.0,184.0
tUZaEuBnycc,True,True,92.0,88,76,267193,2000,119,697000,6101,Neutral,6,61.33,7.19,11.21,8.0,1.6,0.2,1.0,0.1,1.0,1.0,1.0,1.0,True,0.8,1.0,0.0,0.0,1.0,0.0,0.0,0.0,0.0,0.0,0.0,0.0,0.0,1.0,10.0,0.0,5.0,0.0,1.8,0.0,63.0,10.0
tVniQL8aPxs,True,True,2698.0,25,24,10717,96,6,98900,2838,Neutral,1,-6111.55,2379.87,172.21,2443.32,1.56,0.144,0.16,0.0110843373493975,69.0,39.0,0.7435897435897436,0.4202898550724637,True,0.8,1.0,0.0144927536231884,0.0869565217391304,0.1884057971014492,0.0,0.4927536231884058,0.0,0.0289855072463768,0.0144927536231884,0.0,0.0,0.1739130434782608,4.533,424.47,490.24,15.2,0.102,9.81,0.136,36296.0,6213.0
tWn54DCLva4,True,True,225.0,35,32,764,0,0,10700,653,Neutral,2,71.44,7.37,10.79,9.33,1.404,0.089,0.446,0.0065252854812398,4.0,4.0,1.0,1.0,True,0.7,0.75,0.25,0.0,0.25,0.0,0.0,0.25,0.0,0.0,0.0,0.0,0.25,0.175,15.38,9.92,5.38,0.046,2.99,0.167,3389.0,593.0
tXSVha4Ou2E,True,True,131.0,58,53,1062,5,0,45400,902,Neutral,5,-217.92,113.96,41.87,119.28,1.625,0.163,0.548,0.2253521126760563,64.0,53.0,0.9245283018867924,0.765625,False,0.1937500000000001,0.296875,0.015625,0.046875,0.546875,0.0,0.0,0.125,0.03125,0.0,0.0,0.0,0.234375,2.0,290.0,0.0,15.0,0.917,6.2,0.138,1694.0,285.0
t_r2QzCzRl8,True,True,120.0,71,59,5645,24,0,22200,1782,Neutral,3,59.47,8.69,11.63,11.14,1.562,0.148,0.543,0.0473933649289099,10.0,4.0,0.5,0.2,True,0.48,0.4,0.4,0.0,0.1,0.0,0.0,0.0,0.0,0.0,0.0,0.0,0.5,0.0,15.71,9.08,5.71,0.115,3.22,0.145,1220.0,210.0
th-oxjfpsfc,True,True,227.0,14,12,1898,25,1,53500,1701,Positive,1,-451.09,206.6,47.75,214.19,1.478,0.116,0.371,0.1024667931688804,54.0,43.0,0.8604651162790697,0.6851851851851852,True,0.2592592592592593,0.3148148148148148,0.0,0.0,0.2962962962962963,0.0,0.0,0.0,0.2037037037037037,0.0,0.0,0.0,0.5,0.0,59.56,57.26,8.44,0.303,3.53,0.162,2788.0,527.0
tiy5_U66S7s,True,True,618.0,34,31,821,8,0,216000,5950,Neutral,2,-1596.19,645.55,81.87,663.65,1.528,0.115,0.287,0.0611877624475105,102.0,73.0,0.821917808219178,0.5882352941176471,True,0.6666666666666667,0.6666666666666666,0.2352941176470588,0.3823529411764705,0.0098039215686274,0.0,0.0,0.1764705882352941,0.0098039215686274,0.0196078431372549,0.0,0.0,0.1666666666666666,1.111,187.78,266.03,10.56,0.147,6.44,0.119,9360.0,1656.0
tj0zvHPPtWo,True,True,85.0,62,56,710,2,0,216000,5950,Neutral,5,50.92,9.98,11.46,10.7,1.659,0.138,0.691,0.0,0.0,0.0,0.0,0.0,False,0.0,0.0,0.0,0.0,0.0,0.0,0.0,0.0,0.0,0.0,0.0,0.0,0.0,0.125,16.5,5.37,6.38,0.27,2.79,0.091,930.0,127.0
tkIfrPyh8vM,True,True,257.0,59,48,1242,0,0,24400,946,Neutral,3,81.79,5.57,10.13,7.95,1.298,0.061,0.416,0.0320427236315086,24.0,23.0,0.9565217391304348,0.9166666666666666,True,0.6666666666666667,0.7083333333333334,0.0416666666666666,0.0833333333333333,0.1666666666666666,0.0,0.0,0.0833333333333333,0.0416666666666666,0.0,0.0,0.0833333333333333,0.5,0.136,12.2,10.45,4.52,0.027,2.96,0.137,3902.0,770.0
tl7iYSl8HjE,True,True,288.0,68,50,305374,1766,642,6800,1417,Neutral,4,67.74,9.04,12.04,12.02,1.392,0.094,0.344,0.015267175572519,12.0,9.0,0.7777777777777778,0.5833333333333334,True,0.7666666666666666,0.9166666666666666,0.25,0.25,0.0,0.0,0.0,0.0,0.0,0.0,0.0,0.0,0.5,0.079,20.89,10.81,7.05,0.049,3.23,0.127,4130.0,785.0
tlvwtaPkmCU,True,True,177.0,29,28,34738,126,53,12500,530,Neutral,2,50.92,9.98,11.46,10.7,1.659,0.138,0.691,0.0,0.0,0.0,0.0,0.0,False,0.0,0.0,0.0,0.0,0.0,0.0,0.0,0.0,0.0,0.0,0.0,0.0,0.0,0.125,16.5,5.37,6.38,0.27,2.79,0.091,930.0,127.0
tnj10J930i8,True,True,161.0,88,66,6376,67,0,98900,2838,Neutral,5,-233.45,117.62,41.45,120.72,1.737,0.156,0.457,0.2048611111111111,59.0,37.0,0.6486486486486487,0.4067796610169492,False,0.1152542372881355,0.2542372881355932,0.1525423728813559,0.0847457627118644,0.2203389830508474,0.0,0.1694915254237288,0.0169491525423728,0.0,0.0,0.0,0.0,0.3559322033898305,3.0,298.0,0.0,38.0,0.952,7.23,0.054,1824.0,290.0
toB6n7nbdAk,True,False,175.0,0,0,4977,24,0,21200,1769,,0,-413.07,191.11,46.26,198.06,1.521,0.118,0.355,0.152129817444219,75.0,48.0,0.8125,0.52,False,0.1333333333333333,0.2533333333333333,0.0,0.12,0.32,0.0,0.24,0.0533333333333333,0.0133333333333333,0.04,0.0,0.0,0.2133333333333333,2.0,495.0,0.0,19.0,0.97,3.97,0.141,2782.0,493.0
tprFIbWsTbA,True,True,4959.0,33,29,1148,15,0,698000,6325,Neutral,1,39.47,12.07,50.98,13.22,1.77,0.201,0.139,0.0014742467520501,16.0,14.0,0.8571428571428571,0.75,True,0.8,1.0,0.0625,0.0,0.0625,0.0,0.3125,0.0,0.0,0.0,0.0,0.0,0.5625,0.21,17.3,13.34,5.87,0.004,3.53,0.066,69519.0,10944.0
tyIjI9Ly3v8,True,True,95.0,123,82,310,1,0,16600,1353,Neutral,5,-88.36,66.08,31.12,69.37,1.534,0.147,0.589,0.0674846625766871,11.0,9.0,0.7777777777777778,0.6363636363636364,True,0.290909090909091,0.3636363636363636,0.1818181818181818,0.0909090909090909,0.0,0.0,0.0,0.0,0.2727272727272727,0.0909090909090909,0.0,0.0,0.3636363636363636,3.0,165.0,0.0,12.0,0.944,4.05,0.152,867.0,163.0
u-hHkujzWhY,True,True,55.0,12,12,2898,18,3,11500,201,Neutral,1,-116.39,81.91,23.73,86.86,1.289,0.062,0.493,0.0654205607476635,14.0,13.0,0.9230769230769232,0.8571428571428571,False,0.2857142857142858,0.2857142857142857,0.0,0.0714285714285714,0.1428571428571428,0.0,0.0,0.0,0.0,0.1428571428571428,0.0,0.0714285714285714,0.5714285714285714,0.25,55.25,15.97,9.25,0.339,3.35,0.167,1033.0,211.0
u-oO5artghw,True,True,206.0,74,48,72,1,0,13500,719,Neutral,4,61.89,9.97,12.19,12.65,1.455,0.117,0.364,0.0063897763578274,4.0,4.0,1.0,1.0,True,0.6000000000000001,0.5,0.0,0.0,0.25,0.0,0.0,0.0,0.5,0.0,0.0,0.0,0.25,0.103,22.9,16.2,6.72,0.062,3.34,0.17,3605.0,625.0
u0c4LazpcHQ,True,True,56.0,121,72,178,3,0,55000,668,Neutral,6,61.33,7.19,11.21,8.0,1.6,0.2,1.0,0.1,1.0,1.0,1.0,1.0,True,0.8,1.0,0.0,0.0,1.0,0.0,0.0,0.0,0.0,0.0,0.0,0.0,0.0,1.0,10.0,0.0,5.0,0.0,1.8,0.0,63.0,10.0
u1fybCe0-js,True,True,605.0,18,18,161,2,0,20300,1285,Negative,1,-1650.62,667.06,81.67,685.8,1.5,0.111,0.279,0.0300925925925925,52.0,34.0,0.7647058823529411,0.5,True,0.6461538461538463,0.6153846153846154,0.0,0.0384615384615384,0.2307692307692307,0.0,0.0,0.0,0.0384615384615384,0.0384615384615384,0.0,0.0,0.6538461538461539,30.0,1742.0,0.0,35.0,0.99,11.35,0.073,9644.0,1728.0
u1k_X99eXVQ,True,True,16.0,18,18,8432,1,0,16000,397,Neutral,2,30.77,15.43,15.9,15.02,1.769,0.192,0.962,0.32,8.0,8.0,1.0,1.0,True,0.3,0.5,0.0,0.0,0.25,0.0,0.0,0.0,0.125,0.25,0.0,0.0,0.375,0.0,13.5,17.68,4.0,0.25,2.33,0.037,176.0,26.0
u1pg9QjrNzs,True,True,101.0,42,41,67,0,0,50000,1839,Neutral,3,-100.29,73.21,26.68,77.24,1.411,0.092,0.6,0.1868131868131868,34.0,31.0,0.9032258064516128,0.8235294117647058,True,0.3411764705882354,0.4705882352941176,0.0294117647058823,0.0294117647058823,0.088235294117647,0.0,0.0,0.0,0.0294117647058823,0.0588235294117647,0.0,0.0,0.7647058823529411,0.5,95.0,108.89,9.5,0.909,3.61,0.126,1000.0,186.0
u4_OMqy01G8,True,True,153.0,29,29,1464,4,0,13800,709,Neutral,2,-358.04,171.02,37.88,176.18,1.47,0.085,0.419,0.1080459770114942,47.0,32.0,0.75,0.5106382978723404,False,0.1617021276595744,0.2978723404255319,0.0,0.0,0.1063829787234042,0.0,0.0,0.0638297872340425,0.1276595744680851,0.0638297872340425,0.0,0.0,0.6382978723404256,0.4,90.0,87.91,12.4,0.243,3.53,0.133,2454.0,436.0
u4e3FkT4Me0,True,True,273.0,35,33,1812,10,1,53500,1701,Neutral,3,-653.84,288.04,43.12,297.98,1.307,0.066,0.384,0.0770252324037184,58.0,51.0,0.9411764705882352,0.8275862068965517,True,0.517241379310345,0.5,0.0517241379310344,0.0172413793103448,0.1379310344827586,0.0,0.0,0.0,0.0689655172413793,0.0862068965517241,0.0,0.0,0.6379310344827587,0.28,31.4,33.11,6.08,0.09,3.11,0.18,3696.0,748.0
u5J-GGtINkk,True,True,3407.0,80,69,167,5,0,22200,1782,Neutral,6,-10396.67,4029.4,182.6,4135.05,1.413,0.096,0.134,0.0060189165950128,63.0,51.0,0.8431372549019608,0.6825396825396826,True,0.8,1.0,0.0952380952380952,0.0476190476190476,0.1111111111111111,0.0,0.0317460317460317,0.0476190476190476,0.0158730158730158,0.0952380952380952,0.0,0.0,0.5555555555555556,0.189,31.56,36.7,6.05,0.005,3.64,0.163,54049.0,10393.0
u836QeLwzoA,True,True,66.0,135,89,1801,17,0,1220000,11882,Neutral,5,-93.44,67.28,33.89,71.82,1.57,0.176,0.636,0.2455089820359281,41.0,34.0,0.9117647058823528,0.7560975609756098,True,0.224390243902439,0.3170731707317073,0.0975609756097561,0.073170731707317,0.1951219512195122,0.0,0.0,0.073170731707317,0.024390243902439,0.048780487804878,0.0,0.0,0.4878048780487805,3.0,169.0,0.0,14.0,0.917,4.26,0.071,979.0,167.0
u8FgQdrUX8w,True,False,663.0,0,0,1847,12,0,60900,808,,0,-1764.77,710.06,93.09,730.12,1.541,0.137,0.322,0.0427397260273972,78.0,59.0,0.847457627118644,0.6410256410256411,True,0.6820512820512821,0.7051282051282052,0.0128205128205128,0.0128205128205128,0.2948717948717949,0.0,0.0256410256410256,0.0512820512820512,0.2051282051282051,0.0,0.0,0.0128205128205128,0.3846153846153846,4.857,263.0,235.01,17.0,0.351,7.35,0.099,10469.0,1823.0
u9TSMfvq4LY,True,True,522.0,42,37,1013750,13731,1028,56400,1114,Neutral,2,50.92,9.98,11.46,10.7,1.659,0.138,0.691,0.0,0.0,0.0,0.0,0.0,False,0.0,0.0,0.0,0.0,0.0,0.0,0.0,0.0,0.0,0.0,0.0,0.0,0.0,0.125,16.5,5.37,6.5,0.27,2.79,0.091,930.0,127.0
uGcLOfUlzfc,True,True,274.0,337,164,20731,83,4,74500,586,Neutral,11,54.65,11.0,13.82,14.14,1.54,0.152,0.353,0.0057720057720057,4.0,2.0,0.5,0.25,True,0.7,0.75,0.0,0.25,0.0,0.0,0.0,0.75,0.0,0.0,0.0,0.0,0.0,0.25,21.84,12.32,6.66,0.061,3.31,0.07,3847.0,693.0
uGp3pga9oNE,True,True,3254.0,265,169,367,9,1,3640,696,Neutral,8,-3869.54,1518.5,136.49,1559.43,1.555,0.14,0.177,0.0097604259094942,77.0,62.0,0.8387096774193549,0.6753246753246753,True,0.8,1.0,0.1168831168831168,0.0389610389610389,0.0779220779220779,0.0,0.0129870129870129,0.0,0.1298701298701298,0.0129870129870129,0.0,0.0,0.6103896103896104,0.904,110.3,128.16,11.68,0.026,5.32,0.125,44759.0,7866.0
uIAFrvKDkWQ,True,True,297.0,79,61,271,4,0,3900,286,Neutral,4,-757.41,327.09,49.89,337.87,1.344,0.08,0.344,0.0646298472385428,55.0,51.0,0.9411764705882352,0.8727272727272727,True,0.48,0.4181818181818181,0.0181818181818181,0.1818181818181818,0.1272727272727272,0.0,0.0,0.0,0.1636363636363636,0.0181818181818181,0.0,0.0,0.4909090909090909,0.6,88.0,104.24,8.8,0.148,4.08,0.189,4315.0,847.0
uIrNKRnmgkk,True,True,219.0,56,49,7862,12,0,16700,496,Neutral,3,52.67,10.55,13.02,13.06,1.599,0.156,0.391,0.0360824742268041,21.0,15.0,0.9333333333333332,0.6666666666666666,True,0.3809523809523809,0.3809523809523809,0.3809523809523809,0.1904761904761904,0.0,0.0,0.0476190476190476,0.0,0.1428571428571428,0.0,0.0,0.0476190476190476,0.1904761904761904,0.032,19.23,11.18,6.94,0.06,2.93,0.092,3514.0,580.0
uJfF2cfq13g,True,True,258.0,109,80,15668,144,32,191000,1170,Positive,7,87.34,3.75,9.73,6.34,1.283,0.06,0.418,0.0249266862170087,17.0,16.0,0.9375,0.8823529411764706,True,0.4705882352941177,0.4117647058823529,0.0588235294117647,0.1176470588235294,0.2941176470588235,0.0,0.0,0.1764705882352941,0.1764705882352941,0.0588235294117647,0.0,0.0,0.1176470588235294,0.119,10.39,9.35,4.19,0.027,2.85,0.18,3477.0,674.0
uK3BVkDWL2k,True,True,187.0,116,92,14089,77,9,12500,530,Neutral,9,-475.62,216.98,45.88,224.96,1.432,0.101,0.382,0.0828828828828828,46.0,39.0,0.9230769230769232,0.782608695652174,True,0.2260869565217391,0.3043478260869565,0.0,0.0217391304347826,0.0652173913043478,0.0,0.0869565217391304,0.0,0.0652173913043478,0.0,0.0,0.0,0.7608695652173914,3.0,281.0,390.32,8.5,0.944,7.2,0.139,3116.0,555.0
uKQ3BeBXV-I,True,True,750.0,45,41,1938,11,1,22200,1782,Neutral,3,-1743.53,704.61,76.73,724.75,1.41,0.092,0.309,0.0460273972602739,84.0,62.0,0.7580645161290323,0.5595238095238095,True,0.6904761904761905,0.7261904761904762,0.0238095238095238,0.0476190476190476,0.0952380952380952,0.0,0.1428571428571428,0.0119047619047619,0.0119047619047619,0.0476190476190476,0.0,0.0,0.6190476190476191,1.0,125.33,180.54,9.93,0.102,5.12,0.16,9940.0,1807.0
uSOS7VG83DQ,True,True,199.0,482,260,4585,26,4,53500,1701,Positive,33,81.78,4.68,8.94,7.46,1.342,0.078,0.49,0.0575,23.0,18.0,0.8888888888888888,0.6956521739130435,True,0.3652173913043479,0.391304347826087,0.0434782608695652,0.2608695652173913,0.0869565217391304,0.0,0.0,0.1739130434782608,0.0,0.0,0.0,0.0,0.4347826086956521,0.028,11.78,8.73,4.44,0.044,2.74,0.172,2127.0,398.0
uSVLTBsn9tk,True,True,473.0,20,20,871,4,1,10700,653,Neutral,2,63.38,8.83,15.2,11.11,1.483,0.12,0.373,0.0062277580071174,7.0,6.0,0.8333333333333334,0.7142857142857143,True,0.6857142857142857,0.7142857142857143,0.0,0.0,0.2857142857142857,0.0,0.0,0.1428571428571428,0.1428571428571428,0.1428571428571428,0.0,0.0,0.2857142857142857,0.136,17.11,10.93,6.24,0.03,3.08,0.121,6591.0,1096.0
uWhvUpcxaDI,True,True,235.0,123,100,633,0,1,47600,2491,Positive,7,-537.97,243.31,40.15,251.65,1.317,0.067,0.405,0.1261829652996845,80.0,69.0,0.855072463768116,0.7375,True,0.29,0.3,0.0375,0.0875,0.0625,0.0,0.0,0.0125,0.1,0.0375,0.0,0.0625,0.6,0.118,38.71,37.89,6.82,0.096,3.51,0.179,3190.0,632.0
uY1_O5m4zgo,True,True,45.0,59,43,524,17,0,1220000,11882,Neutral,3,61.33,7.19,11.21,8.0,1.6,0.2,1.0,0.1,1.0,1.0,1.0,1.0,True,0.8,1.0,0.0,0.0,1.0,0.0,0.0,0.0,0.0,0.0,0.0,0.0,0.0,1.0,10.0,0.0,5.0,0.0,1.8,0.0,63.0,10.0
uYMi-n2vZ6M,True,True,140.0,104,71,993,8,0,5490,571,Neutral,8,56.51,8.75,10.81,10.06,1.614,0.133,0.463,0.0,0.0,0.0,0.0,0.0,False,0.0,0.0,0.0,0.0,0.0,0.0,0.0,0.0,0.0,0.0,0.0,0.0,0.0,0.19,14.52,6.74,5.52,0.057,3.25,0.036,1776.0,295.0
uZMK2RTQIHE,True,True,368.0,27,20,158,0,0,674,262,Neutral,1,-1167.99,483.97,59.68,498.38,1.386,0.079,0.301,0.0304731355252606,38.0,32.0,0.90625,0.7631578947368421,True,0.6631578947368422,0.6578947368421053,0.2894736842105263,0.0789473684210526,0.1578947368421052,0.0,0.0,0.0263157894736842,0.1052631578947368,0.0,0.0,0.0,0.3421052631578947,0.154,49.19,68.52,8.42,0.06,4.72,0.133,6728.0,1244.0
u_I8W9FMA6w,True,True,16.0,28,25,711630,0,0,144000,1700,Neutral,3,34.74,11.06,13.56,11.77,1.906,0.312,0.812,0.28125,9.0,8.0,0.875,0.7777777777777778,True,0.2666666666666666,0.3333333333333333,0.2222222222222222,0.1111111111111111,0.1111111111111111,0.0,0.0,0.4444444444444444,0.0,0.0,0.0,0.0,0.1111111111111111,0.0,11.0,6.93,4.33,0.0,3.19,0.03,236.0,32.0
uadRWE8sjHQ,True,True,4617.0,74,58,759,11,1,98900,2838,Neutral,2,-6310.34,2458.4,152.92,2523.6,1.456,0.109,0.129,0.0048539888827996,62.0,47.0,0.7659574468085106,0.5806451612903226,True,0.8,1.0,0.2258064516129032,0.0161290322580645,0.1129032258064516,0.0,0.032258064516129,0.032258064516129,0.0483870967741935,0.2580645161290322,0.0,0.0,0.2741935483870967,0.296,52.7,63.57,8.28,0.008,4.13,0.143,68804.0,12702.0
uag1jIEuKTw,True,True,458.0,11,11,2810,14,0,98900,2838,Neutral,1,-1530.69,624.24,64.66,642.73,1.342,0.072,0.239,0.0301724137931034,49.0,38.0,0.868421052631579,0.673469387755102,True,0.726530612244898,0.8163265306122449,0.0,0.0204081632653061,0.0408163265306122,0.0,0.2244897959183673,0.0816326530612244,0.1632653061224489,0.0204081632653061,0.0,0.0,0.4489795918367347,1.0,105.81,103.08,10.56,0.11,4.18,0.185,8442.0,1609.0
ub7bttYeqB8,True,True,1071.0,16,16,1656,13,0,21200,805,Neutral,1,-2684.76,1063.95,110.77,1093.58,1.522,0.13,0.28,0.0250352609308885,71.0,58.0,0.8103448275862069,0.6619718309859155,True,0.8,1.0,0.028169014084507,0.0845070422535211,0.3098591549295774,0.0,0.0140845070422535,0.0704225352112676,0.0,0.2816901408450704,0.0,0.0,0.2112676056338028,1.0,88.61,88.39,8.97,0.06,5.12,0.12,15627.0,2811.0
ubFoS8QAtjw,True,True,180.0,62,44,1091,14,2,10700,653,Neutral,3,-308.38,153.41,32.81,158.45,1.399,0.069,0.465,0.1131105398457583,44.0,33.0,0.8787878787878788,0.6590909090909091,False,0.1090909090909091,0.25,0.0,0.0227272727272727,0.0681818181818181,0.0,0.0,0.1590909090909091,0.0,0.0454545454545454,0.0,0.0,0.7045454545454546,0.167,33.5,40.66,6.92,0.156,4.69,0.167,2013.0,394.0
ubrZS1KEMM0,True,True,3561.0,86,62,2273,34,0,1220000,11882,Neutral,3,-8414.49,3266.01,188.16,3352.05,1.499,0.125,0.134,0.0066807313642756,57.0,39.0,0.7692307692307693,0.5263157894736842,True,0.8,1.0,0.2456140350877192,0.0175438596491228,0.1929824561403508,0.0,0.0,0.0,0.0701754385964912,0.0175438596491228,0.0,0.0,0.4561403508771929,0.5,54.0,67.28,7.88,0.012,4.51,0.132,46522.0,8487.0
uc5jwXXyDzw,True,True,329.0,61,53,1393,6,1,41000,831,Neutral,3,40.64,13.49,15.51,15.58,1.68,0.165,0.389,0.0011574074074074,1.0,1.0,1.0,1.0,True,0.8,1.0,1.0,0.0,0.0,0.0,0.0,0.0,0.0,0.0,0.0,0.0,0.0,0.1,22.0,14.59,7.05,0.049,3.49,0.109,5299.0,863.0
udOlD9ztx-o,True,True,333.0,35,30,10401,119,0,5490,571,Neutral,1,59.63,11.21,12.04,13.26,1.437,0.093,0.335,0.0337922403003754,27.0,19.0,0.9473684210526316,0.6666666666666666,True,0.5333333333333334,0.4444444444444444,0.037037037037037,0.2222222222222222,0.4074074074074074,0.0,0.0,0.037037037037037,0.0,0.037037037037037,0.0,0.0,0.2592592592592592,0.677,26.03,17.66,6.58,0.059,3.67,0.084,4468.0,796.0
udmgS4DuDxg,True,True,221.0,31,26,1206,9,0,100000,1450,Neutral,3,-363.33,172.5,42.29,178.74,1.497,0.108,0.476,0.136986301369863,60.0,50.0,0.9,0.75,True,0.2666666666666666,0.4166666666666667,0.0666666666666666,0.1833333333333333,0.1666666666666666,0.0,0.0333333333333333,0.0333333333333333,0.0,0.0166666666666666,0.0,0.0,0.5,0.167,74.67,54.88,9.83,0.222,4.24,0.114,2411.0,440.0
ue53qB4tfog,True,True,1183.0,154,100,4175,150,3,1310,160,Neutral,7,-2666.81,1055.48,116.81,1084.23,1.598,0.147,0.254,0.0260168559912055,71.0,57.0,0.7894736842105263,0.6338028169014085,True,0.8,1.0,0.2112676056338028,0.0,0.2112676056338028,0.0,0.028169014084507,0.0,0.028169014084507,0.1126760563380281,0.0,0.0,0.4084507042253521,0.714,199.5,275.59,11.93,0.107,7.17,0.106,16193.0,2729.0
ufCSlPAmhI8,True,True,247.0,33,31,11527,120,7,75200,1684,Negative,3,-624.09,277.19,37.88,286.71,1.279,0.052,0.382,0.0890410958904109,65.0,60.0,0.95,0.8769230769230769,True,0.4492307692307693,0.4153846153846154,0.0769230769230769,0.0461538461538461,0.1384615384615384,0.0,0.0,0.0153846153846153,0.0461538461538461,0.0615384615384615,0.0,0.0615384615384615,0.5538461538461539,0.077,29.15,26.32,6.92,0.078,3.33,0.199,3610.0,716.0
ufDWuv5UwQo,True,True,150.0,89,69,132,5,0,46000,861,Very Positive,4,61.33,7.19,11.21,8.0,1.6,0.2,1.0,0.1,1.0,1.0,1.0,1.0,True,0.8,1.0,0.0,0.0,1.0,0.0,0.0,0.0,0.0,0.0,0.0,0.0,0.0,1.0,10.0,0.0,5.0,0.0,1.8,0.0,63.0,10.0
ugc5k7z2Ga0,True,True,158.0,30,26,535,5,0,477000,4732,Neutral,2,37.95,13.05,14.4,14.77,1.751,0.19,0.506,0.0406091370558375,16.0,15.0,0.9333333333333332,0.875,True,0.7750000000000001,0.9375,0.25,0.125,0.0625,0.0,0.0,0.0,0.0,0.0,0.0,0.0,0.5625,0.136,18.23,13.39,5.91,0.073,3.45,0.032,2481.0,395.0
uiuy8ESUc3M,True,True,486.0,143,104,3619,36,7,121000,1041,Very Negative,8,92.03,2.34,11.67,4.95,1.264,0.054,0.308,0.0104333868378812,13.0,13.0,1.0,1.0,True,0.676923076923077,0.6923076923076923,0.0,0.0,0.2307692307692307,0.0,0.0769230769230769,0.0,0.0769230769230769,0.0,0.0,0.0769230769230769,0.5384615384615384,0.045,8.37,8.39,3.79,0.012,2.82,0.183,6586.0,1310.0
umKpI3rOj68,True,True,1634.0,5,5,1783,8,2,13600,1174,Neutral,1,-3661.02,1434.88,151.77,1473.08,1.724,0.185,0.248,0.0209059233449477,78.0,62.0,0.8709677419354839,0.6923076923076923,True,0.8,1.0,0.0256410256410256,0.0,0.4230769230769231,0.0,0.0,0.0128205128205128,0.0769230769230769,0.0,0.0,0.0,0.4615384615384615,12.6,755.6,866.64,14.8,0.33,16.2,0.06,23274.0,3730.0
uo14qA9YNCM,True,True,208.0,66,49,887,2,0,53500,1701,Neutral,6,-477.59,220.73,33.36,228.35,1.287,0.049,0.399,0.0998248686514886,57.0,48.0,0.8958333333333334,0.7543859649122807,True,0.2596491228070177,0.3333333333333333,0.0526315789473684,0.0701754385964912,0.1403508771929824,0.0,0.0,0.0526315789473684,0.1403508771929824,0.1403508771929824,0.0,0.0,0.4035087719298245,0.312,36.38,35.91,6.94,0.124,3.36,0.174,2805.0,568.0
uoyXp4_I538,True,True,271.0,43,39,3694,64,0,1220000,11882,Neutral,3,-641.78,275.93,63.86,284.83,1.669,0.162,0.374,0.0988538681948424,69.0,51.0,0.8235294117647058,0.6086956521739131,True,0.4521739130434783,0.4202898550724637,0.2028985507246377,0.1304347826086956,0.2898550724637681,0.0,0.0,0.0,0.0,0.0434782608695652,0.0,0.0,0.3333333333333333,0.5,355.5,325.98,22.5,0.809,5.41,0.103,4223.0,698.0
upTj79dRmZk,True,True,26.0,8,8,869344,1582,38,477000,4732,Neutral,1,50.92,9.98,11.46,10.7,1.659,0.138,0.691,0.0,0.0,0.0,0.0,0.0,False,0.0,0.0,0.0,0.0,0.0,0.0,0.0,0.0,0.0,0.0,0.0,0.0,0.0,0.111,14.67,6.93,5.89,0.256,2.77,0.091,930.0,127.0
utPr6EJm008,True,True,368.0,46,41,4207,38,0,55000,668,Neutral,3,79.92,6.29,11.54,8.69,1.299,0.068,0.355,0.0104166666666666,10.0,10.0,1.0,1.0,True,0.56,0.5,0.1,0.2,0.0,0.0,0.0,0.0,0.0,0.0,0.0,0.0,0.7,0.074,14.99,10.01,5.24,0.048,3.13,0.157,5066.0,975.0
utuqQi9tQGY,True,True,158.0,7,7,587,6,1,34300,1590,Neutral,1,-337.79,161.98,42.29,167.22,1.531,0.115,0.521,0.1201923076923077,50.0,40.0,0.95,0.76,True,0.1280000000000001,0.3,0.0,0.0,0.22,0.0,0.0,0.02,0.02,0.12,0.0,0.0,0.62,1.0,141.33,243.06,7.67,0.318,6.67,0.101,2383.0,416.0
uuFU2dRXtGs,True,True,49.0,92,69,5671,8,0,55000,668,Neutral,5,74.84,7.86,10.61,11.49,1.317,0.085,0.613,0.0422535211267605,6.0,6.0,1.0,1.0,True,0.3333333333333335,0.3333333333333333,0.0,0.0,0.0,0.0,0.0,0.0,0.5,0.0,0.0,0.0,0.5,0.0,20.71,5.71,7.14,0.212,3.1,0.166,722.0,140.0
uvBpaAuXWPI,True,True,27.0,34,34,1319,8,0,10700,653,Positive,3,61.33,7.19,11.21,8.0,1.6,0.2,1.0,0.1,1.0,1.0,1.0,1.0,True,0.8,1.0,0.0,0.0,1.0,0.0,0.0,0.0,0.0,0.0,0.0,0.0,0.0,1.0,10.0,0.0,5.0,0.0,1.8,0.0,63.0,10.0
v0dydIi42hY,True,True,834.0,244,144,398,5,2,10700,653,Neutral,14,-1575.62,638.96,74.48,657.13,1.465,0.095,0.262,0.0358444714459295,59.0,44.0,0.7954545454545454,0.5932203389830508,True,0.7050847457627119,0.7627118644067796,0.1016949152542373,0.0508474576271186,0.3559322033898305,0.0,0.0169491525423728,0.0,0.0677966101694915,0.0508474576271186,0.0,0.0,0.3559322033898305,0.75,210.12,196.07,18.0,0.27,4.74,0.127,9052.0,1645.0
v15J9lo70cM,True,True,211.0,82,66,775,9,0,53500,1701,Neutral,4,-480.65,221.41,41.02,229.52,1.312,0.077,0.387,0.1509433962264151,88.0,70.0,0.8428571428571429,0.6704545454545454,True,0.3045454545454547,0.3068181818181818,0.0568181818181818,0.0568181818181818,0.1704545454545454,0.0,0.0,0.034090909090909,0.0454545454545454,0.2386363636363636,0.0,0.0,0.3977272727272727,0.545,55.18,74.56,6.91,0.133,6.39,0.186,2881.0,576.0
v1AWGBxstp4,True,True,118.0,89,74,477,4,0,45400,902,Neutral,5,-188.85,104.19,32.81,107.85,1.558,0.104,0.55,0.1274131274131274,33.0,20.0,0.8,0.4848484848484848,False,0.1212121212121213,0.2727272727272727,0.0,0.0,0.3636363636363636,0.0,0.0,0.1212121212121212,0.1212121212121212,0.1212121212121212,0.0,0.0,0.2727272727272727,1.0,268.0,0.0,22.0,0.95,4.48,0.123,1546.0,261.0
v3t3HzNFyAk,True,True,97.0,139,114,2169,22,0,44000,2439,Positive,7,-185.24,104.43,37.41,110.22,1.479,0.137,0.567,0.2519083969465648,66.0,62.0,0.935483870967742,0.8787878787878788,False,0.1515151515151516,0.2878787878787879,0.0454545454545454,0.0,0.2121212121212121,0.0,0.0,0.0606060606060606,0.0909090909090909,0.0606060606060606,0.0,0.0151515151515151,0.5151515151515151,0.143,39.0,53.24,6.43,0.278,3.96,0.165,1423.0,262.0
v6GGHwfgU6s,True,True,46.0,96,74,64,0,0,46000,861,Very Positive,5,-38.63,47.22,22.92,49.83,1.522,0.104,0.565,0.3043478260869565,35.0,26.0,0.6923076923076923,0.5142857142857142,False,0.1257142857142856,0.2571428571428571,0.0,0.0285714285714285,0.2285714285714285,0.0,0.0571428571428571,0.0,0.0285714285714285,0.0571428571428571,0.0,0.0,0.6,1.0,117.0,0.0,10.0,0.923,3.39,0.103,662.0,115.0
v7H95UZTyC4,True,True,292.0,73,58,775,6,0,9140,1878,Neutral,6,-650.02,283.79,54.54,293.69,1.442,0.112,0.37,0.0944669365721997,70.0,62.0,0.9516129032258064,0.8428571428571429,True,0.5142857142857142,0.4857142857142857,0.0142857142857142,0.2,0.0714285714285714,0.0,0.0142857142857142,0.0,0.0571428571428571,0.1142857142857142,0.0,0.0,0.5285714285714286,0.533,51.13,58.33,7.73,0.129,3.85,0.136,3972.0,733.0
v9LKiAJVIfQ,True,True,652.0,40,31,216823,1495,181,13800,709,Neutral,2,50.92,9.98,11.46,10.7,1.659,0.138,0.691,0.0,0.0,0.0,0.0,0.0,False,0.0,0.0,0.0,0.0,0.0,0.0,0.0,0.0,0.0,0.0,0.0,0.0,0.0,0.125,16.5,5.37,6.38,0.27,2.82,0.098,930.0,127.0
v9Z6-QVfw7M,True,True,121.0,45,42,677,0,0,878,241,Neutral,2,61.33,7.19,11.21,8.0,1.6,0.2,1.0,0.1,1.0,1.0,1.0,1.0,True,0.8,1.0,0.0,0.0,1.0,0.0,0.0,0.0,0.0,0.0,0.0,0.0,0.0,1.0,10.0,0.0,5.0,0.0,1.8,0.0,63.0,10.0
v9vDeyINVsc,True,True,157.0,32,28,3347,24,8,477000,4732,Neutral,3,47.4,11.38,13.38,13.69,1.656,0.169,0.475,0.0229226361031518,8.0,8.0,1.0,1.0,True,0.75,0.875,0.0,0.0,0.0,0.0,0.0,0.25,0.375,0.0,0.0,0.0,0.375,0.167,19.89,14.29,6.44,0.107,3.44,0.106,2100.0,349.0
vAtPL0_EUiY,True,True,137.0,78,67,2283,10,0,1220000,11882,Negative,6,65.14,8.57,10.83,10.57,1.463,0.103,0.506,0.0435897435897435,17.0,15.0,0.8666666666666667,0.7647058823529411,True,0.3058823529411765,0.3529411764705882,0.0,0.2941176470588235,0.0,0.0,0.0588235294117647,0.0,0.0,0.0,0.0,0.0,0.6470588235294118,0.136,18.18,14.36,5.82,0.094,3.3,0.135,2159.0,390.0
vAzY6Z3N_g8,True,True,371.0,100,69,13023,57,3,42900,959,Neutral,3,61.58,10.35,12.75,12.05,1.442,0.091,0.283,0.0031847133757961,3.0,3.0,1.0,1.0,True,0.6666666666666667,0.6666666666666666,0.0,0.0,0.3333333333333333,0.0,0.0,0.0,0.0,0.0,0.0,0.0,0.6666666666666666,0.238,22.86,15.55,6.6,0.039,3.29,0.161,5130.0,940.0
vBpSOIt_MBM,True,True,233.0,64,56,361,6,0,216000,5950,Neutral,6,50.92,9.98,11.46,10.7,1.659,0.138,0.691,0.0,0.0,0.0,0.0,0.0,False,0.0,0.0,0.0,0.0,0.0,0.0,0.0,0.0,0.0,0.0,0.0,0.0,0.0,0.125,16.5,5.37,6.38,0.27,2.79,0.091,930.0,127.0
vClUNukh610,True,True,308.0,47,41,4758,63,9,477000,4732,Neutral,3,73.03,6.35,11.98,8.58,1.423,0.099,0.419,0.0148648648648648,11.0,9.0,0.7777777777777778,0.6363636363636364,True,0.6181818181818182,0.6363636363636364,0.3636363636363636,0.1818181818181818,0.0,0.0,0.0,0.0,0.0909090909090909,0.0,0.0,0.0,0.3636363636363636,0.015,12.05,9.36,4.55,0.032,3.01,0.185,4006.0,744.0
vHdI6Jvmu1w,True,True,142.0,194,131,1296,18,0,113000,553,Neutral,9,84.73,5.89,6.98,7.98,1.228,0.025,0.386,0.0227272727272727,9.0,9.0,1.0,1.0,True,0.5777777777777777,0.5555555555555556,0.0,0.1111111111111111,0.3333333333333333,0.0,0.0,0.0,0.0,0.0,0.0,0.1111111111111111,0.4444444444444444,0.042,16.88,11.26,5.58,0.095,3.26,0.217,1936.0,398.0
vJhUXyBFaUI,True,True,985.0,153,103,1064,7,0,1220000,11882,Neutral,9,-2260.91,902.48,92.73,927.6,1.455,0.106,0.248,0.0395189003436426,92.0,76.0,0.868421052631579,0.717391304347826,True,0.8,1.0,0.0869565217391304,0.0978260869565217,0.1630434782608695,0.0,0.0217391304347826,0.108695652173913,0.0108695652173913,0.0108695652173913,0.0,0.0,0.5,1.235,70.35,84.95,9.62,0.051,5.42,0.122,12593.0,2320.0
vK7q4zoj7fM,True,True,94.0,112,76,4979,62,0,1220000,11882,Neutral,4,-136.14,83.42,30.53,86.67,1.583,0.112,0.539,0.1100478468899521,23.0,19.0,0.8421052631578947,0.6956521739130435,True,0.2782608695652173,0.3478260869565217,0.0,0.0,0.1304347826086956,0.0,0.0,0.217391304347826,0.0869565217391304,0.1304347826086956,0.0,0.0,0.4347826086956521,0.0,106.0,127.28,10.5,0.867,5.69,0.113,1231.0,209.0
vK98JdW8zT8,True,True,739.0,31,29,421,2,1,10700,653,Neutral,3,-1604.77,648.99,79.99,666.96,1.522,0.109,0.285,0.040167865707434,67.0,41.0,0.8292682926829268,0.5074626865671642,True,0.7044776119402985,0.7611940298507462,0.1641791044776119,0.0,0.2238805970149253,0.0,0.0298507462686567,0.0298507462686567,0.044776119402985,0.0597014925373134,0.0,0.0,0.4477611940298507,1.0,106.12,116.13,10.75,0.087,4.94,0.127,9499.0,1669.0
vMfopCQEf0s,True,True,271.0,22,20,472,3,0,41000,831,Neutral,1,61.33,7.19,11.21,8.0,1.6,0.2,1.0,0.1,1.0,1.0,1.0,1.0,True,0.8,1.0,0.0,0.0,1.0,0.0,0.0,0.0,0.0,0.0,0.0,0.0,0.0,1.0,10.0,0.0,5.0,0.0,1.8,0.0,63.0,10.0
vMzfegrylR4,True,True,80.0,78,60,427,7,1,569000,3032,Neutral,3,61.33,7.19,11.21,8.0,1.6,0.2,1.0,0.1,1.0,1.0,1.0,1.0,True,0.8,1.0,0.0,0.0,1.0,0.0,0.0,0.0,0.0,0.0,0.0,0.0,0.0,1.0,10.0,0.0,5.0,0.0,1.8,0.0,63.0,10.0
vRMDcFrEq4Y,True,True,121.0,134,96,111,1,0,674,262,Positive,7,63.95,8.6,11.11,10.63,1.483,0.114,0.494,0.0630136986301369,23.0,16.0,0.8125,0.5652173913043478,True,0.3478260869565217,0.391304347826087,0.217391304347826,0.0434782608695652,0.1739130434782608,0.0,0.0,0.0,0.1304347826086956,0.0,0.0,0.0,0.4347826086956521,0.136,17.27,9.95,5.82,0.071,3.32,0.15,2118.0,362.0
vRcaFfLIumE,True,True,135.0,246,167,151,2,0,44000,2439,Very Positive,12,75.39,6.13,8.61,7.45,1.39,0.067,0.472,0.0144508670520231,5.0,5.0,1.0,1.0,True,0.48,0.4,0.0,0.4,0.0,0.0,0.0,0.0,0.0,0.0,0.0,0.0,0.6,0.12,14.28,9.06,5.24,0.079,2.93,0.174,1839.0,345.0
vTXAWMO5mvE,True,True,8.0,37,33,154248,1027,27,13900,447,Neutral,3,61.33,7.19,11.21,8.0,1.6,0.2,1.0,0.1,1.0,1.0,1.0,1.0,True,0.8,1.0,0.0,0.0,1.0,0.0,0.0,0.0,0.0,0.0,0.0,0.0,0.0,1.0,10.0,0.0,5.0,0.0,1.8,0.0,63.0,10.0
vTbyIYG2DmM,True,True,148.0,41,33,593,4,0,50000,1839,Neutral,2,73.79,6.97,10.08,9.75,1.379,0.092,0.354,0.0091533180778032,4.0,3.0,0.6666666666666666,0.5,True,0.6000000000000001,0.5,0.0,0.0,0.0,0.0,0.0,0.0,0.0,0.0,0.0,0.0,1.0,0.0,16.21,8.38,5.79,0.073,2.97,0.165,2338.0,438.0
vU5RpLjZF8w,True,True,443.0,54,48,391,5,0,56400,1114,Neutral,2,-1173.32,482.23,74.94,496.42,1.569,0.129,0.338,0.0528422738190552,66.0,44.0,0.7272727272727273,0.4848484848484848,True,0.6121212121212121,0.5303030303030303,0.2727272727272727,0.0303030303030303,0.1818181818181818,0.0,0.0151515151515151,0.0909090909090909,0.0,0.0606060606060606,0.0,0.0,0.3484848484848485,2.429,183.43,170.24,15.43,0.237,4.49,0.103,7261.0,1246.0
vVAc7PEuivQ,True,True,58.0,341,187,372,0,0,74500,586,Positive,16,64.8,7.22,10.64,8.75,1.534,0.143,0.602,0.037593984962406,5.0,4.0,0.75,0.6,True,0.48,0.4,0.0,0.0,0.0,0.0,0.0,0.4,0.0,0.0,0.0,0.0,0.6,0.154,10.31,6.18,4.62,0.089,2.55,0.209,749.0,134.0
vVNW1_QmgE0,True,True,324.0,44,35,563,2,0,98900,2838,Neutral,3,-548.64,240.58,60.83,248.47,1.647,0.168,0.44,0.1105691056910569,68.0,46.0,0.8043478260869565,0.5441176470588235,True,0.3117647058823529,0.3235294117647059,0.1176470588235294,0.1764705882352941,0.1764705882352941,0.0,0.0,0.088235294117647,0.0,0.0294117647058823,0.0,0.0294117647058823,0.3823529411764705,1.5,308.5,45.96,17.5,0.674,5.67,0.058,3584.0,615.0
vX7b2dwkrwc,True,True,141.0,35,29,559,2,0,35300,1846,Neutral,2,-249.99,124.64,46.26,129.95,1.705,0.185,0.536,0.1277258566978193,41.0,33.0,0.9090909090909092,0.7317073170731707,False,0.1073170731707318,0.2439024390243902,0.0,0.048780487804878,0.3414634146341463,0.0,0.0,0.024390243902439,0.024390243902439,0.1463414634146341,0.0,0.0,0.4146341463414634,3.0,333.0,0.0,15.0,0.944,5.0,0.072,1942.0,322.0
vXgryOtLCV8,True,True,299.0,79,65,484,5,0,24900,211,Neutral,5,-716.91,311.75,45.88,321.85,1.333,0.07,0.342,0.0759651307596513,61.0,53.0,0.9245283018867924,0.8032786885245902,True,0.4459016393442623,0.4098360655737705,0.0655737704918032,0.2459016393442623,0.1147540983606557,0.0,0.0163934426229508,0.0,0.0491803278688524,0.0,0.0,0.0,0.5081967213114754,0.333,45.61,45.77,8.22,0.121,3.41,0.167,4029.0,799.0
vXxVFIgNTCE,True,True,39.0,94,70,201881,136,0,55000,668,Neutral,5,86.97,4.16,7.55,6.85,1.27,0.049,0.508,0.032520325203252,4.0,1.0,0.0,0.0,False,0.1999999999999999,0.25,0.0,0.0,0.5,0.0,0.0,0.0,0.0,0.0,0.0,0.0,0.5,0.0,11.33,9.13,5.33,0.143,2.84,0.191,643.0,124.0
vavGxnUyy9A,True,True,2237.0,31,28,6468,60,4,569000,3032,Neutral,2,-7001.39,2725.33,142.71,2797.49,1.388,0.085,0.155,0.0064898419864559,46.0,40.0,0.875,0.7608695652173914,True,0.8,1.0,0.108695652173913,0.0,0.1521739130434782,0.0,0.0,0.0,0.0869565217391304,0.0869565217391304,0.0,0.0,0.5652173913043478,0.631,46.51,48.88,7.25,0.013,3.94,0.157,37188.0,7036.0
vewV6Zv_4I4,True,True,262.0,34,31,510,7,2,56400,1114,Positive,2,78.62,5.47,9.89,7.79,1.362,0.08,0.459,0.0203703703703703,11.0,11.0,1.0,1.0,True,0.4363636363636365,0.3636363636363636,0.0,0.0,0.0909090909090909,0.0,0.0,0.0909090909090909,0.3636363636363636,0.0909090909090909,0.0,0.0,0.3636363636363636,0.07,13.09,8.63,4.63,0.038,3.04,0.188,2798.0,554.0
vhzd_ts3fQA,True,True,188.0,17,16,1734,14,0,57500,1308,Neutral,1,-326.62,160.42,36.44,166.53,1.399,0.083,0.499,0.1678657074340527,70.0,55.0,0.8909090909090909,0.7,False,0.1657142857142857,0.2857142857142857,0.0,0.0714285714285714,0.0714285714285714,0.0,0.0,0.0285714285714285,0.0428571428571428,0.0857142857142857,0.0,0.0142857142857142,0.6857142857142857,0.222,48.89,42.62,7.44,0.135,4.0,0.145,2264.0,412.0
vj-8ikMXPPk,True,True,189.0,18,17,3973,22,0,27400,964,Neutral,3,-381.09,178.7,48.47,185.76,1.527,0.139,0.471,0.1651982378854625,75.0,58.0,0.8275862068965517,0.64,True,0.2453333333333334,0.3066666666666666,0.0533333333333333,0.0266666666666666,0.16,0.0,0.0666666666666666,0.0266666666666666,0.2266666666666666,0.0133333333333333,0.0,0.0,0.4266666666666667,1.5,116.25,77.9,13.75,0.329,4.04,0.12,2638.0,455.0
vjih9pfBM6c,True,False,190.0,0,0,7263,36,0,21200,1769,,0,-415.1,191.89,49.54,199.26,1.521,0.136,0.407,0.1471774193548387,73.0,54.0,0.8333333333333334,0.6164383561643836,True,0.1972602739726028,0.3424657534246575,0.0,0.0684931506849315,0.273972602739726,0.0,0.2602739726027397,0.0136986301369863,0.0410958904109589,0.0547945205479452,0.0,0.0,0.2876712328767123,3.5,250.5,309.01,10.5,0.906,5.17,0.124,2862.0,495.0
vk3B1EmqhCM,True,True,262.0,121,84,8935,43,0,1220000,11882,Neutral,6,70.88,9.61,10.65,12.46,1.306,0.067,0.326,0.0507614213197969,40.0,31.0,0.8387096774193549,0.65,True,0.49,0.425,0.175,0.15,0.225,0.0,0.0,0.075,0.0,0.05,0.0,0.0,0.325,0.116,18.72,14.56,5.65,0.046,3.15,0.181,3887.0,785.0
vlkASwAkHaE,True,True,127.0,323,172,925,7,0,251000,1949,Neutral,23,-251.44,130.81,35.95,135.93,1.434,0.099,0.506,0.1407185628742515,47.0,36.0,0.8055555555555556,0.6170212765957447,False,0.1872340425531915,0.2978723404255319,0.0,0.0212765957446808,0.2340425531914893,0.0,0.0638297872340425,0.0212765957446808,0.1276595744680851,0.0425531914893617,0.0,0.0,0.4893617021276595,1.0,112.33,94.18,10.67,0.667,5.95,0.131,1845.0,335.0
voEQjWvxBRM,True,True,90.0,41,39,885,9,0,35300,1846,Neutral,3,-157.6,90.64,37.41,93.86,1.632,0.161,0.543,0.171806167400881,39.0,32.0,0.8125,0.6666666666666666,True,0.3076923076923077,0.3333333333333333,0.0,0.0,0.358974358974359,0.0,0.0,0.0256410256410256,0.1025641025641025,0.1538461538461538,0.0,0.0,0.358974358974359,0.25,59.0,58.03,12.75,0.326,3.46,0.165,1297.0,228.0
vpUDUvKcPIg,True,True,38.0,60,52,6883,5,0,55000,668,Neutral,5,89.71,3.66,7.45,6.64,1.244,0.049,0.744,0.0476190476190476,4.0,4.0,1.0,1.0,True,0.6000000000000001,0.5,0.0,0.0,0.25,0.0,0.0,0.0,0.25,0.0,0.0,0.0,0.5,0.143,12.43,4.54,5.57,0.2,2.84,0.241,412.0,84.0
vqeDdme8V08,True,True,29.0,89,69,547908,8897,476,46000,861,Very Positive,4,1.73,33.89,14.55,35.03,1.417,0.048,0.702,0.1954022988505747,17.0,14.0,0.8571428571428571,0.7058823529411765,True,0.3294117647058823,0.4117647058823529,0.1764705882352941,0.0588235294117647,0.1764705882352941,0.0,0.0,0.0,0.0,0.1176470588235294,0.0,0.0,0.4705882352941176,2.0,87.0,0.0,13.0,0.9,3.43,0.069,463.0,85.0
vw9RdfOeS1g,True,True,161.0,25,22,1600,6,4,13500,719,Neutral,2,-348.68,165.98,38.34,170.75,1.539,0.091,0.449,0.1375291375291375,59.0,43.0,0.813953488372093,0.5932203389830508,True,0.2440677966101696,0.3898305084745763,0.1016949152542373,0.0,0.3728813559322034,0.0,0.0,0.0508474576271186,0.0,0.2033898305084746,0.0,0.0,0.2711864406779661,3.0,440.0,0.0,18.0,0.966,5.29,0.102,2408.0,429.0
vxRLLRksj1c,True,True,3444.0,71,56,347,12,1,17100,551,Neutral,5,-9518.6,3691.04,189.91,3788.02,1.46,0.113,0.155,0.0081581424537182,78.0,55.0,0.8909090909090909,0.6282051282051282,True,0.8,1.0,0.0512820512820512,0.0256410256410256,0.1923076923076923,0.0,0.0256410256410256,0.0384615384615384,0.0256410256410256,0.141025641025641,0.0,0.0,0.5,0.671,65.64,111.43,7.71,0.02,5.47,0.135,51611.0,9519.0
vxr9NEzlDeU,True,True,5698.0,15,14,2265,8,0,24900,211,Neutral,1,-13288.95,5136.86,259.76,5270.5,1.6,0.153,0.176,0.0049143708116157,66.0,52.0,0.7884615384615384,0.6212121212121212,True,0.8,1.0,0.0303030303030303,0.0606060606060606,0.3787878787878788,0.0,0.0,0.0,0.0606060606060606,0.0303030303030303,0.0,0.0,0.4393939393939394,1.279,100.48,108.06,10.59,0.014,4.86,0.091,77399.0,13403.0
vzCO8LwyVnk,True,True,3816.0,225,145,302,5,1,15400,480,Neutral,8,-4619.1,1809.86,116.16,1858.3,1.393,0.084,0.144,0.0070332480818414,66.0,32.0,0.6875,0.3333333333333333,True,0.8,1.0,0.1818181818181818,0.0454545454545454,0.2272727272727272,0.0,0.0,0.2121212121212121,0.0,0.0151515151515151,0.0,0.0,0.3181818181818182,0.363,56.35,75.33,8.1,0.01,4.45,0.153,48492.0,9331.0
vzw7KPmSw-E,True,False,2409.0,0,0,370,0,0,24400,946,,0,-2794.05,1102.92,130.87,1133.4,1.668,0.177,0.196,0.0134575569358178,78.0,50.0,0.76,0.4871794871794871,True,0.8,1.0,0.1282051282051282,0.0,0.1923076923076923,0.0,0.0,0.0512820512820512,0.0512820512820512,0.0512820512820512,0.0,0.0,0.5256410256410257,1.14,137.72,133.21,11.77,0.052,5.32,0.083,34394.0,5762.0
w-H1eYdPhPI,True,True,184.0,62,48,486,4,0,50000,1839,Neutral,7,-399.6,189.73,39.26,197.12,1.337,0.082,0.434,0.1052631578947368,52.0,51.0,0.9803921568627452,0.9615384615384616,True,0.3692307692307692,0.3653846153846153,0.0769230769230769,0.0576923076923076,0.173076923076923,0.0,0.0,0.0,0.1923076923076923,0.0961538461538461,0.0,0.0,0.4038461538461538,0.538,39.31,61.6,6.23,0.108,3.6,0.186,2437.0,488.0
w-g2ipm2li4,True,True,2423.0,89,72,424,8,0,47600,2491,Neutral,6,-6046.55,2357.14,146.4,2419.62,1.451,0.104,0.182,0.0150770239265814,92.0,77.0,0.8831168831168831,0.7391304347826086,True,0.8,1.0,0.0434782608695652,0.0217391304347826,0.3260869565217391,0.0,0.0108695652173913,0.0543478260869565,0.0978260869565217,0.0760869565217391,0.0,0.0108695652173913,0.358695652173913,0.293,50.6,57.82,7.91,0.017,3.72,0.139,32538.0,6089.0
w0yVPUNNV_Q,True,True,149.0,96,72,585,5,0,1220000,11882,Neutral,3,-217.92,111.23,45.88,116.74,1.757,0.206,0.496,0.1745454545454545,48.0,33.0,0.7575757575757576,0.5208333333333334,False,0.125,0.2708333333333333,0.0,0.0,0.1458333333333333,0.0,0.0,0.0416666666666666,0.3125,0.0,0.0,0.0,0.5,0.5,140.5,17.68,13.5,0.6,4.65,0.093,1673.0,275.0
w3XIdjkGqqg,True,True,690.0,71,60,41,0,0,21200,805,Neutral,4,52.96,10.46,19.22,12.72,1.597,0.157,0.301,0.0078585461689587,12.0,7.0,0.7142857142857143,0.4166666666666667,True,0.6333333333333333,0.5833333333333334,0.5833333333333334,0.0,0.0,0.0,0.0,0.0,0.0,0.0,0.0,0.0,0.4166666666666667,0.106,16.96,13.28,5.84,0.022,3.17,0.109,9012.0,1540.0
w4T0wbeh8j4,True,True,195.0,67,44,852,5,0,18300,1549,Positive,3,82.65,5.63,8.24,8.0,1.28,0.049,0.444,0.0262626262626262,13.0,13.0,1.0,1.0,True,0.7384615384615385,0.8461538461538461,0.0,0.3846153846153846,0.0769230769230769,0.0,0.0769230769230769,0.0,0.0769230769230769,0.0,0.0,0.0,0.3846153846153846,0.132,13.34,8.37,4.84,0.059,2.77,0.166,2450.0,489.0
w4iz4OTCySM,True,True,178.0,53,46,2331,30,15,10700,653,Neutral,4,71.47,8.39,11.1,10.98,1.354,0.095,0.456,0.0451127819548872,18.0,17.0,0.9411764705882352,0.8888888888888888,True,0.3333333333333335,0.3333333333333333,0.0555555555555555,0.0,0.0,0.0,0.0555555555555555,0.0,0.0555555555555555,0.0,0.0,0.0,0.8333333333333334,0.05,20.15,12.65,6.15,0.126,3.21,0.176,2065.0,398.0
w79YUSOhPWI,True,True,468.0,80,60,170,3,0,24900,211,Neutral,4,-969.49,403.87,69.51,415.91,1.571,0.131,0.28,0.1017441860465116,105.0,72.0,0.7916666666666666,0.5428571428571428,True,0.5257142857142858,0.4571428571428571,0.0,0.0095238095238095,0.0857142857142857,0.0,0.0,0.0,0.0285714285714285,0.0,0.0,0.0,0.8761904761904762,0.286,75.14,65.42,11.57,0.126,4.15,0.091,5840.0,1032.0
w8HOmbrfjsc,True,True,71.0,672,333,465,3,0,74500,586,Neutral,24,70.21,7.99,9.15,9.73,1.396,0.061,0.634,0.0301204819277108,5.0,2.0,0.5,0.2,True,0.56,0.6,0.0,0.0,0.0,0.0,0.0,0.8,0.2,0.0,0.0,0.0,0.0,0.111,18.78,13.02,6.22,0.203,2.99,0.154,934.0,167.0
wApvCj3HDAU,True,True,374.0,34,31,161433,1523,0,144000,1700,Neutral,3,61.33,7.19,11.21,8.0,1.6,0.2,1.0,0.1,1.0,1.0,1.0,1.0,True,0.8,1.0,0.0,0.0,1.0,0.0,0.0,0.0,0.0,0.0,0.0,0.0,0.0,1.0,10.0,0.0,5.0,0.0,1.8,0.0,63.0,10.0
wBBlJh1vIZc,True,True,463.0,122,78,617396,1703,303,569000,3032,Neutral,6,62.67,8.9,14.46,10.04,1.493,0.097,0.345,0.0064620355411954,8.0,8.0,1.0,1.0,True,0.6500000000000001,0.625,0.0,0.25,0.125,0.0,0.0,0.125,0.0,0.125,0.0,0.0,0.375,0.114,18.21,11.34,5.44,0.028,3.3,0.129,7041.0,1229.0
wGQLv477cUg,True,True,3562.0,110,72,1430,24,0,1220000,11882,Neutral,8,54.22,10.75,40.23,13.08,1.56,0.137,0.177,0.0016065117275356,15.0,15.0,1.0,1.0,True,0.8,1.0,0.0,0.7333333333333333,0.0,0.0,0.0,0.0,0.0666666666666666,0.0666666666666666,0.0,0.0,0.1333333333333333,0.133,20.74,16.18,6.48,0.004,3.56,0.117,53575.0,9304.0
wGYYkk7ysp0,True,False,320.0,0,0,5834,74,9,11500,201,,0,-832.22,353.42,55.49,364.21,1.46,0.093,0.349,0.0471491228070175,43.0,40.0,0.95,0.8837209302325582,True,0.4744186046511629,0.4186046511627907,0.0232558139534883,0.0,0.1860465116279069,0.0,0.0232558139534883,0.0,0.1395348837209302,0.0930232558139534,0.0,0.0,0.5348837209302325,0.467,63.07,48.01,10.13,0.121,3.48,0.144,4945.0,911.0
wGadLXepF8s,True,False,197.0,0,0,19519,97,1,21200,1769,,0,-461.9,210.84,47.38,218.43,1.474,0.112,0.414,0.1428571428571428,78.0,55.0,0.7818181818181819,0.5512820512820513,True,0.3692307692307692,0.4230769230769231,0.0128205128205128,0.1666666666666666,0.2564102564102564,0.0,0.1794871794871795,0.0128205128205128,0.0256410256410256,0.0897435897435897,0.0,0.0128205128205128,0.2435897435897435,2.333,183.0,79.9,11.67,0.472,5.19,0.129,3085.0,545.0
wIaCbjUjduQ,True,True,31.0,99,70,62593,1,0,952,151,Neutral,5,-1.8,37.11,17.12,40.11,1.326,0.063,0.695,0.3157894736842105,30.0,30.0,1.0,1.0,False,0.1466666666666667,0.2666666666666666,0.0333333333333333,0.0333333333333333,0.1333333333333333,0.0,0.0,0.0,0.1,0.0666666666666666,0.0,0.1666666666666666,0.4666666666666667,1.0,96.0,0.0,11.0,0.667,3.34,0.156,473.0,95.0
wIn5-LK7Rvw,True,True,79.0,434,243,1883,18,1,74500,586,Neutral,24,50.13,13.84,15.25,17.66,1.486,0.148,0.585,0.0687830687830687,13.0,12.0,0.9166666666666666,0.8461538461538461,True,0.3692307692307692,0.4615384615384615,0.0,0.1538461538461538,0.0,0.0,0.0,0.1538461538461538,0.0,0.0,0.0,0.0,0.6923076923076923,0.0,32.0,16.11,8.67,0.237,3.75,0.177,1004.0,189.0
wIriYWb0TCo,True,True,138.0,35,30,1776,19,2,10900,1747,Neutral,2,-293.15,147.56,35.95,153.17,1.399,0.088,0.5,0.1855670103092783,72.0,65.0,0.953846153846154,0.8611111111111112,False,0.1388888888888888,0.2638888888888889,0.0555555555555555,0.1805555555555555,0.2083333333333333,0.0,0.0138888888888888,0.0277777777777777,0.0416666666666666,0.0416666666666666,0.0,0.0138888888888888,0.4166666666666667,1.0,80.6,76.52,10.6,0.341,4.45,0.161,2058.0,385.0
wJqS2kt5ers,True,True,146.0,152,87,1175,8,1,12500,530,Neutral,7,99.5,1.61,5.82,4.41,1.161,0.025,0.446,0.0537190082644628,13.0,11.0,0.8181818181818182,0.6923076923076923,True,0.6153846153846154,0.7692307692307693,0.0,0.0,0.0,0.0,0.0,0.0769230769230769,0.0,0.0,0.0,0.0,0.9230769230769232,0.031,8.03,5.17,3.69,0.052,2.54,0.241,1147.0,242.0
wKAl0kmasxg,True,True,224.0,91,73,1258,9,0,135000,2612,Neutral,3,82.86,5.37,9.73,8.06,1.288,0.069,0.377,0.0254668930390492,15.0,15.0,1.0,1.0,True,0.5866666666666667,0.5333333333333333,0.2,0.2666666666666666,0.0,0.0,0.0,0.0666666666666666,0.0,0.1333333333333333,0.0,0.2,0.1333333333333333,0.091,13.66,8.36,4.52,0.037,3.29,0.181,2955.0,578.0
wLCDCZ-jGyE,True,True,957.0,62,46,172,3,0,6800,1417,Neutral,4,58.28,9.53,21.93,11.14,1.543,0.13,0.248,0.0003951007506914,1.0,1.0,1.0,1.0,True,0.8,1.0,0.0,0.0,0.0,0.0,0.0,0.0,0.0,0.0,0.0,0.0,1.0,0.465,18.09,8.13,6.63,0.014,3.01,0.113,15302.0,2535.0
wN4UayDUow8,True,True,3454.0,45,40,276,1,0,1400,201,Neutral,3,53.89,10.28,39.69,11.93,1.589,0.136,0.153,0.000650547544183,6.0,6.0,1.0,1.0,True,0.8,1.0,0.0,0.1666666666666666,0.0,0.0,0.0,0.0,0.0,0.0,0.0,0.0,0.8333333333333334,0.242,18.56,12.61,6.01,0.004,3.15,0.102,54281.0,9218.0
wNSudshRp-U,True,True,86.0,110,87,8880,20,4,26800,915,Neutral,7,61.33,7.19,11.21,8.0,1.6,0.2,1.0,0.1,1.0,1.0,1.0,1.0,True,0.8,1.0,0.0,0.0,1.0,0.0,0.0,0.0,0.0,0.0,0.0,0.0,0.0,1.0,10.0,0.0,5.0,0.0,1.8,0.0,63.0,10.0
wRWNDwlieTA,True,True,202.0,89,71,209927,1227,231,477000,4732,Neutral,14,37.17,11.81,13.5,14.0,1.825,0.219,0.433,0.0569306930693069,23.0,16.0,0.8125,0.5652173913043478,True,0.3826086956521739,0.5217391304347826,0.1739130434782608,0.0,0.4347826086956521,0.0,0.0,0.0,0.0434782608695652,0.0,0.0,0.0,0.3478260869565217,0.222,15.41,7.29,6.89,0.086,3.13,0.05,2752.0,411.0
wRgilAyoAxs,True,True,3451.0,76,62,32832,201,0,45300,2832,Neutral,3,61.33,7.19,11.21,8.0,1.6,0.2,1.0,0.1,1.0,1.0,1.0,1.0,True,0.8,1.0,0.0,0.0,1.0,0.0,0.0,0.0,0.0,0.0,0.0,0.0,0.0,1.0,10.0,0.0,5.0,0.0,1.8,0.0,63.0,10.0
wTLB9QOTw3w,True,True,223.0,49,41,110,0,0,13500,719,Neutral,3,59.89,8.96,12.16,10.94,1.541,0.131,0.413,0.0,0.0,0.0,0.0,0.0,False,0.0,0.0,0.0,0.0,0.0,0.0,0.0,0.0,0.0,0.0,0.0,0.0,0.0,0.429,16.83,9.18,6.11,0.048,2.82,0.115,3340.0,577.0
wXcaKOrlgJY,True,False,459.0,0,0,197,0,0,21200,1769,,0,-1079.46,446.78,74.48,460.55,1.539,0.137,0.319,0.0754716981132075,88.0,51.0,0.7058823529411765,0.4090909090909091,True,0.5818181818181818,0.4886363636363636,0.0909090909090909,0.0227272727272727,0.2045454545454545,0.0,0.4204545454545454,0.0,0.0,0.0,0.0,0.0,0.2613636363636363,5.5,596.0,574.17,16.0,0.511,6.8,0.141,6758.0,1162.0
wXkjDb73mmM,True,True,411.0,26,24,8392,69,0,50000,1839,Neutral,2,-838.1,356.97,50.58,367.7,1.398,0.076,0.353,0.0826086956521739,76.0,63.0,0.8888888888888888,0.7368421052631579,True,0.468421052631579,0.4078947368421052,0.0657894736842105,0.1973684210526315,0.0526315789473684,0.0,0.0,0.0526315789473684,0.0657894736842105,0.0657894736842105,0.0,0.0657894736842105,0.4342105263157895,0.316,49.53,28.32,8.26,0.084,3.63,0.205,4709.0,913.0
wbot_LqAehQ,True,True,50.0,96,77,644,9,1,11700,1438,Neutral,7,76.12,4.78,8.24,7.16,1.442,0.093,0.667,0.0676691729323308,9.0,9.0,1.0,1.0,True,0.5333333333333334,0.4444444444444444,0.1111111111111111,0.0,0.0,0.0,0.0,0.0,0.0,0.0,0.0,0.1111111111111111,0.7777777777777778,0.067,9.2,5.62,3.87,0.117,2.6,0.181,720.0,131.0
wdY0jSBMY38,True,True,665.0,18,18,772,3,0,1220000,11882,Neutral,2,-2127.08,854.75,66.74,879.21,1.277,0.057,0.232,0.0333926981300089,75.0,62.0,0.8709677419354839,0.72,True,0.7626666666666666,0.9066666666666666,0.08,0.2133333333333333,0.1066666666666666,0.0,0.0,0.0266666666666666,0.1466666666666666,0.12,0.0,0.0,0.3066666666666666,0.064,16.5,14.08,5.16,0.016,2.71,0.19,11046.0,2218.0
we6A2wKYIQc,True,True,178.0,51,43,6093,47,6,697000,6101,Neutral,3,75.07,6.99,10.13,9.73,1.354,0.089,0.432,0.0189873417721519,9.0,8.0,0.875,0.7777777777777778,True,0.4444444444444444,0.4444444444444444,0.0,0.0,0.0,0.0,0.0,0.0,0.0,0.0,0.0,0.0,1.0,0.103,16.34,10.57,5.69,0.072,2.93,0.188,2423.0,459.0
weFrU6CS2OE,True,True,143.0,61,50,5111,9,0,88900,1346,Neutral,4,52.24,11.75,11.86,12.31,1.548,0.1,0.487,0.1363636363636363,39.0,23.0,0.7391304347826086,0.4358974358974359,True,0.4102564102564103,0.5128205128205128,0.0512820512820512,0.0,0.0512820512820512,0.0,0.0,0.0256410256410256,0.0512820512820512,0.0769230769230769,0.0,0.0,0.7435897435897436,0.25,24.42,9.23,7.67,0.158,3.16,0.078,1625.0,286.0
wfPxwiXwMbo,True,True,1205.0,139,104,49,1,0,17100,551,Neutral,10,-3267.38,1288.31,123.37,1324.02,1.498,0.134,0.258,0.0125598086124401,42.0,34.0,0.8235294117647058,0.6666666666666666,True,0.8,1.0,0.1428571428571428,0.0,0.0714285714285714,0.0,0.0,0.0,0.0952380952380952,0.0,0.0,0.0,0.6904761904761905,0.405,81.86,116.69,10.0,0.049,4.54,0.131,18369.0,3331.0
wiziIhGjUHA,True,True,216.0,238,152,145230,634,0,22200,1782,Neutral,10,59.44,11.84,12.25,14.24,1.41,0.092,0.383,0.0178890876565295,10.0,7.0,0.7142857142857143,0.5,True,0.6000000000000001,0.6,0.0,0.1,0.1,0.0,0.0,0.5,0.0,0.2,0.0,0.0,0.1,0.19,27.14,18.26,8.05,0.113,3.12,0.168,3055.0,559.0
wkQtrmGSMKw,True,True,3582.0,87,67,218,1,0,1100,430,Neutral,3,-9372.53,3634.89,191.82,3730.51,1.461,0.117,0.143,0.0089947089947089,85.0,53.0,0.8679245283018868,0.5411764705882353,True,0.8,1.0,0.2,0.0823529411764705,0.1411764705882353,0.0,0.0235294117647058,0.0470588235294117,0.0588235294117647,0.0117647058823529,0.0,0.0,0.4352941176470588,0.314,47.01,50.76,7.73,0.01,3.84,0.129,50159.0,9403.0
wle7zKNkg40,True,True,243.0,63,53,26926,360,0,1220000,11882,Positive,3,70.44,6.97,11.34,8.5,1.442,0.087,0.432,0.0195258019525801,14.0,9.0,0.6666666666666666,0.4285714285714285,True,0.6571428571428573,0.7142857142857143,0.4285714285714285,0.1428571428571428,0.0714285714285714,0.0,0.0,0.1428571428571428,0.0,0.0,0.0,0.0,0.2142857142857142,0.077,14.54,10.67,5.04,0.033,3.05,0.165,3901.0,717.0
wo7iYxplYcA,True,True,3494.0,28,22,437,3,0,60900,808,Neutral,1,-9206.38,3570.98,180.5,3664.34,1.465,0.105,0.155,0.0063502314067377,59.0,47.0,0.851063829787234,0.6779661016949152,True,0.8,1.0,0.0169491525423728,0.0,0.0677966101694915,0.0,0.0,0.0169491525423728,0.1525423728813559,0.0169491525423728,0.0,0.0,0.7288135593220338,0.536,52.54,62.74,8.35,0.009,4.03,0.134,50000.0,9225.0
womh7oCFIIc,True,True,15.0,68,54,710,3,0,75200,1684,Neutral,4,72.03,5.81,9.0,7.37,1.468,0.101,0.601,0.0729166666666666,14.0,13.0,0.9230769230769232,0.8571428571428571,True,0.3142857142857143,0.3571428571428571,0.1428571428571428,0.3571428571428571,0.0714285714285714,0.0,0.0,0.0,0.0,0.0,0.0,0.0,0.4285714285714285,0.278,11.11,7.82,4.72,0.076,2.74,0.09,1087.0,194.0
woqZSRRM5i0,True,True,679.0,94,62,109,1,0,75200,1684,Neutral,5,49.69,11.42,20.92,13.84,1.612,0.158,0.292,0.0149015433741351,28.0,22.0,0.8181818181818182,0.6428571428571429,True,0.8,1.0,0.5357142857142857,0.0357142857142857,0.0,0.0,0.0,0.1071428571428571,0.0714285714285714,0.0,0.0,0.0,0.25,0.233,21.3,13.97,7.07,0.024,3.14,0.103,11169.0,1874.0
wozaGreDFtI,True,True,265.0,41,38,661929,2484,133,60900,808,Neutral,3,50.92,9.98,11.46,10.7,1.659,0.138,0.691,0.015625,2.0,2.0,1.0,1.0,True,0.8,1.0,0.0,0.5,0.0,0.0,0.0,0.0,0.0,0.0,0.0,0.0,0.5,0.125,16.5,5.37,6.38,0.27,2.79,0.091,930.0,127.0
wp8Csa2KLx0,True,True,421.0,28,25,3117,57,0,1220000,11882,Neutral,2,-1015.56,424.21,61.67,436.7,1.444,0.097,0.365,0.0564149226569608,62.0,56.0,0.8928571428571429,0.8064516129032258,True,0.5870967741935484,0.5,0.0161290322580645,0.0806451612903225,0.1451612903225806,0.0,0.0,0.0161290322580645,0.064516129032258,0.0967741935483871,0.0,0.064516129032258,0.5161290322580645,0.583,93.58,123.61,9.92,0.207,3.92,0.136,5868.0,1093.0
wpj5L_nwkls,True,True,71.0,120,83,1208,31,0,1220000,11882,Neutral,5,-104.64,72.57,29.92,76.22,1.522,0.122,0.567,0.1774193548387097,33.0,28.0,0.8928571428571429,0.7575757575757576,True,0.2181818181818182,0.303030303030303,0.0,0.0,0.1818181818181818,0.0,0.0,0.0,0.0303030303030303,0.2727272727272727,0.0,0.0,0.5151515151515151,0.0,95.5,43.13,16.5,0.542,3.26,0.11,1026.0,186.0
wtlNapcs0j0,True,True,694.0,185,127,865,16,0,1220000,11882,Neutral,8,-1781.78,715.91,94.71,735.9,1.574,0.141,0.318,0.0312331717824448,58.0,37.0,0.7297297297297297,0.4655172413793103,True,0.7379310344827588,0.8448275862068966,0.1724137931034483,0.0517241379310344,0.1551724137931034,0.0,0.0,0.0172413793103448,0.0862068965517241,0.1034482758620689,0.0,0.0,0.4137931034482758,0.857,90.95,145.41,9.86,0.139,5.02,0.105,10795.0,1846.0
wtuwErTz_j0,True,True,546.0,64,42,2985,12,0,75200,1684,Neutral,2,58.98,9.53,16.85,11.89,1.53,0.138,0.291,0.0187207488299532,24.0,11.0,0.6363636363636364,0.2916666666666667,True,0.6500000000000001,0.625,0.4166666666666667,0.0,0.0,0.0,0.0,0.375,0.0,0.0,0.0,0.0,0.2083333333333333,0.155,18.45,13.6,5.75,0.024,3.14,0.106,7250.0,1281.0
wtzLU1IziFg,True,True,312.0,40,40,1951,6,1,216000,5950,Neutral,2,57.0,10.39,13.3,12.74,1.526,0.129,0.389,0.0026990553306342,2.0,2.0,1.0,1.0,True,0.8,1.0,0.0,0.0,0.0,0.0,0.0,0.5,0.0,0.0,0.0,0.0,0.5,0.541,20.3,11.48,6.03,0.051,3.06,0.121,4322.0,738.0
wxFQwyQ1mzE,True,True,210.0,46,36,5954,31,1,16600,1353,Neutral,4,69.19,7.33,10.79,9.39,1.447,0.109,0.441,0.0139442231075697,7.0,7.0,1.0,1.0,True,0.4571428571428573,0.4285714285714285,0.0,0.0,0.1428571428571428,0.0,0.0,0.0,0.0,0.0,0.0,0.0,0.8571428571428571,0.273,15.52,7.88,5.91,0.062,2.91,0.154,2799.0,500.0
wyouVOMd9Sw,True,True,2611.0,29,22,794,8,0,21200,805,Neutral,1,50.92,9.98,11.46,10.7,1.659,0.138,0.691,0.0,0.0,0.0,0.0,0.0,False,0.0,0.0,0.0,0.0,0.0,0.0,0.0,0.0,0.0,0.0,0.0,0.0,0.0,0.125,16.5,5.37,6.38,0.27,2.79,0.091,930.0,127.0
wzOSWDrRKwY,True,True,3101.0,122,85,13135,100,0,46900,1152,Neutral,6,-7820.03,3037.51,180.78,3117.58,1.503,0.124,0.165,0.007411193457705,58.0,49.0,0.8979591836734694,0.7586206896551724,True,0.8,1.0,0.2241379310344827,0.0,0.2586206896551724,0.0,0.0,0.0172413793103448,0.1034482758620689,0.0172413793103448,0.0,0.0,0.3793103448275862,0.308,59.8,76.95,8.37,0.013,4.3,0.131,42853.0,7813.0
x-SYDTIAHi0,True,True,154.0,13,13,782,0,0,25300,876,Positive,2,46.19,12.22,13.43,13.41,1.638,0.149,0.511,0.0455840455840455,16.0,13.0,0.8461538461538461,0.6875,True,0.6500000000000001,0.6875,0.0625,0.0,0.125,0.0,0.0,0.4375,0.25,0.0,0.0,0.0,0.125,0.125,22.12,12.1,7.62,0.116,3.27,0.113,2048.0,349.0
x0b_rYNuHEU,True,True,813.0,30,27,16075,132,0,1220000,11882,Neutral,3,-2510.32,1000.37,83.31,1028.31,1.356,0.077,0.249,0.0368946963873943,96.0,82.0,0.8658536585365854,0.7395833333333334,True,0.8,1.0,0.1875,0.03125,0.0520833333333333,0.0,0.0,0.0104166666666666,0.125,0.03125,0.0,0.03125,0.53125,0.112,23.3,21.7,5.55,0.018,3.09,0.169,13318.0,2590.0
x39MwasbHvw,True,True,4256.0,44,33,151,1,0,45300,2832,Neutral,2,-5977.88,2331.29,142.18,2393.12,1.426,0.099,0.126,0.0055371900826446,67.0,34.0,0.7941176470588235,0.4029850746268656,True,0.8,1.0,0.0597014925373134,0.0149253731343283,0.044776119402985,0.0,0.0,0.0,0.044776119402985,0.0,0.0,0.0,0.835820895522388,0.466,52.42,72.06,7.32,0.007,4.52,0.134,64602.0,12062.0
x3EsBtYJzlA,True,True,1881.0,118,99,1594,0,0,187000,3221,Neutral,6,-4691.45,1833.5,157.27,1882.45,1.595,0.155,0.186,0.0019063757678457,9.0,8.0,0.875,0.7777777777777778,True,0.8,1.0,0.0,0.0,0.2222222222222222,0.0,0.0,0.0,0.0,0.0,0.0,0.0,0.7777777777777778,1.444,89.54,104.76,10.19,0.029,4.97,0.115,27056.0,4717.0
x49Yje5VGbc,True,True,1046.0,51,44,4458,17,0,25800,453,Neutral,3,-2634.57,1043.29,117.95,1072.17,1.589,0.151,0.226,0.0152020763811642,41.0,29.0,0.8620689655172413,0.6097560975609756,True,0.8,1.0,0.024390243902439,0.1463414634146341,0.3902439024390244,0.0,0.024390243902439,0.0,0.1219512195121951,0.0,0.0,0.0,0.2926829268292683,3.857,396.0,317.42,18.14,0.33,7.73,0.144,16324.0,2687.0
x5XtogA0kVs,True,True,710.0,58,51,3961,66,8,569000,3032,Neutral,3,-2166.19,867.65,77.17,891.65,1.379,0.076,0.261,0.0350022153300841,79.0,61.0,0.8524590163934426,0.6582278481012658,True,0.7848101265822784,0.9620253164556962,0.0253164556962025,0.1139240506329113,0.189873417721519,0.0,0.0632911392405063,0.0126582278481012,0.0253164556962025,0.0759493670886076,0.0,0.0,0.4936708860759494,0.203,31.82,54.22,6.01,0.022,3.63,0.144,11954.0,2251.0
x8_su3paw5o,True,True,109.0,33,32,1215,4,1,6800,1417,Neutral,2,-190.3,101.66,45.88,107.63,1.707,0.225,0.518,0.1343873517786561,34.0,29.0,0.8275862068965517,0.7058823529411765,True,0.2235294117647059,0.3235294117647059,0.0,0.0294117647058823,0.2647058823529412,0.0,0.0,0.0,0.3235294117647059,0.0588235294117647,0.0,0.0,0.3235294117647059,0.5,64.5,105.69,12.0,0.692,3.19,0.081,1504.0,253.0
x8p65U7Kisc,True,True,433.0,22,21,15680,148,0,13500,719,Neutral,1,-1141.2,467.57,86.31,481.46,1.681,0.178,0.311,0.0620860927152317,75.0,40.0,0.775,0.4133333333333333,True,0.6186666666666667,0.5466666666666666,0.0666666666666666,0.04,0.1066666666666666,0.0,0.4266666666666667,0.0133333333333333,0.0,0.0,0.0,0.0,0.3466666666666667,3.75,308.0,541.62,12.0,0.472,8.15,0.116,7504.0,1207.0
x9BWVjKfET0,True,True,93.0,85,63,527,5,2,15600,1174,Neutral,3,-178.76,102.78,33.89,107.69,1.438,0.112,0.496,0.1102661596958174,29.0,26.0,0.9615384615384616,0.8620689655172413,True,0.3034482758620689,0.3448275862068966,0.1724137931034483,0.0344827586206896,0.1724137931034483,0.0,0.0,0.0344827586206896,0.1379310344827586,0.0,0.0,0.0,0.4482758620689655,0.0,38.71,17.39,9.86,0.241,3.01,0.17,1426.0,261.0
xCIJnebZHG8,True,True,108.0,112,88,1247,18,2,697000,6101,Neutral,6,71.78,6.77,9.84,9.3,1.426,0.097,0.453,0.020066889632107,6.0,5.0,0.8,0.6666666666666666,True,0.5333333333333334,0.5,0.0,0.3333333333333333,0.3333333333333333,0.0,0.0,0.1666666666666666,0.0,0.0,0.0,0.0,0.1666666666666666,0.19,14.71,8.84,5.43,0.088,2.83,0.172,1651.0,298.0
xGkDvEALUfs,True,True,2130.0,539,321,21,2,0,3640,696,Neutral,20,-4658.84,1820.5,146.86,1868.17,1.617,0.136,0.221,0.0190677966101694,90.0,68.0,0.8529411764705882,0.6444444444444445,True,0.8,1.0,0.2666666666666666,0.0111111111111111,0.1,0.0,0.0111111111111111,0.0222222222222222,0.0222222222222222,0.0333333333333333,0.0,0.0,0.5333333333333333,1.45,239.25,378.95,10.75,0.211,7.13,0.084,27829.0,4723.0
xGqRL-58mCg,True,True,222.0,125,96,358,4,0,145000,1134,Neutral,7,70.91,7.84,10.2,10.09,1.391,0.085,0.439,0.0235507246376811,13.0,12.0,0.9166666666666666,0.8461538461538461,True,0.3692307692307692,0.3846153846153846,0.0,0.1538461538461538,0.1538461538461538,0.0,0.0,0.0769230769230769,0.1538461538461538,0.0,0.0,0.0,0.4615384615384615,0.059,16.62,12.27,5.32,0.043,3.5,0.161,2997.0,560.0
xHiSpsZpMRs,True,True,297.0,54,43,1291,5,0,22200,1782,Neutral,3,74.4,7.17,10.05,9.22,1.359,0.077,0.38,0.019197207678883,11.0,9.0,0.7777777777777778,0.6363636363636364,True,0.5454545454545454,0.6363636363636364,0.0909090909090909,0.0,0.2727272727272727,0.0,0.0,0.0909090909090909,0.0,0.0,0.0,0.0,0.5454545454545454,0.114,17.2,9.76,5.71,0.071,3.21,0.163,3027.0,571.0
xIBHir8y3b8,True,True,40.0,26,23,374,2,0,18300,1549,Positive,1,61.33,7.19,11.21,8.0,1.6,0.2,1.0,0.1,1.0,1.0,1.0,1.0,True,0.8,1.0,0.0,0.0,1.0,0.0,0.0,0.0,0.0,0.0,0.0,0.0,0.0,1.0,10.0,0.0,5.0,0.0,1.8,0.0,63.0,10.0
xJ2oD_70mT4,True,True,361.0,37,32,2474,15,0,1220000,11882,Positive,2,70.85,7.05,13.13,8.99,1.43,0.096,0.429,0.01956745623069,19.0,15.0,0.8,0.631578947368421,True,0.6105263157894738,0.5789473684210527,0.0,0.0,0.1052631578947368,0.0,0.0,0.1578947368421052,0.3684210526315789,0.0526315789473684,0.0,0.0,0.3157894736842105,0.106,15.26,11.44,5.82,0.028,2.93,0.107,5407.0,973.0
xJLsrfTAh04,True,True,62.0,11,11,396,0,0,12600,950,Neutral,1,-69.13,60.41,26.68,64.11,1.45,0.113,0.603,0.2317880794701986,35.0,30.0,0.8333333333333334,0.7142857142857143,True,0.2285714285714286,0.3428571428571428,0.0285714285714285,0.1714285714285714,0.1142857142857142,0.0,0.2571428571428571,0.0857142857142857,0.0,0.0857142857142857,0.0,0.0,0.2571428571428571,1.0,152.0,0.0,12.0,0.923,3.85,0.112,831.0,151.0
xJqhnoDUKj8,True,True,49.0,127,92,280,6,0,36000,6286,Very Positive,7,70.1,7.75,10.23,9.31,1.41,0.09,0.497,0.0079155672823219,3.0,3.0,1.0,1.0,True,0.6666666666666667,0.6666666666666666,0.0,0.0,0.3333333333333333,0.0,0.0,0.0,0.3333333333333333,0.0,0.0,0.0,0.3333333333333333,0.182,17.32,13.0,6.23,0.081,3.08,0.171,2025.0,378.0
xLOZqwMx2iA,True,True,341.0,102,75,149,2,0,674,262,Neutral,4,-1024.29,427.16,64.92,439.96,1.463,0.107,0.323,0.0464480874316939,51.0,35.0,0.7714285714285715,0.5294117647058824,True,0.5647058823529412,0.5294117647058824,0.0588235294117647,0.0,0.0196078431372549,0.0,0.0,0.0196078431372549,0.0392156862745098,0.0,0.0,0.0,0.8627450980392157,0.03,34.12,34.53,6.97,0.056,3.21,0.156,5925.0,1096.0
xLjJk0dY2jM,True,True,118.0,12,12,1605,16,6,15600,1174,Neutral,1,-197.74,114.62,23.73,120.01,1.219,0.044,0.448,0.1092715231788079,33.0,32.0,0.96875,0.9393939393939394,True,0.2545454545454546,0.303030303030303,0.0303030303030303,0.1212121212121212,0.0606060606060606,0.0,0.0,0.0,0.0909090909090909,0.0606060606060606,0.0,0.1818181818181818,0.4545454545454545,0.1,30.6,29.76,6.5,0.131,3.51,0.212,1446.0,298.0
xNyxViXrghs,True,True,122.0,29,24,601,2,0,31200,935,Neutral,1,-149.9,88.82,36.93,93.82,1.577,0.159,0.582,0.2072072072072072,46.0,41.0,0.902439024390244,0.8043478260869565,False,0.1478260869565217,0.2826086956521739,0.0217391304347826,0.0,0.2826086956521739,0.0,0.0217391304347826,0.0217391304347826,0.108695652173913,0.0652173913043478,0.0,0.0,0.4782608695652174,3.0,225.0,0.0,13.0,0.938,6.42,0.08,1321.0,222.0
xO0xhyxjFR8,True,False,2322.0,0,0,154,0,0,14700,1456,,0,-6023.9,2348.01,147.43,2410.1,1.472,0.106,0.188,0.0055801739701296,34.0,28.0,0.8928571428571429,0.7352941176470589,True,0.8,1.0,0.2058823529411764,0.0294117647058823,0.0588235294117647,0.0,0.0,0.1176470588235294,0.0588235294117647,0.088235294117647,0.0,0.0,0.4411764705882353,0.376,67.51,78.99,9.08,0.023,4.63,0.133,33721.0,6068.0
xSwfR3UYZ4E,True,True,776.0,25,25,1397,13,1,56400,1114,Neutral,2,66.92,8.74,18.63,11.17,1.421,0.097,0.228,0.0043122035360068,10.0,10.0,1.0,1.0,True,0.8,1.0,0.2,0.2,0.2,0.0,0.0,0.0,0.0,0.0,0.0,0.0,0.4,0.322,20.45,13.87,6.29,0.016,3.14,0.153,12658.0,2278.0
xUV0eKlDJcY,True,True,97.0,42,39,608,15,0,100000,1450,Neutral,2,-188.37,101.64,41.45,106.24,1.672,0.18,0.552,0.1769230769230769,46.0,31.0,0.8064516129032258,0.5434782608695652,True,0.2608695652173913,0.3260869565217391,0.1956521739130435,0.0,0.1521739130434782,0.0,0.1521739130434782,0.108695652173913,0.0217391304347826,0.0434782608695652,0.0,0.0,0.3260869565217391,0.333,44.17,24.77,10.5,0.258,2.95,0.087,1565.0,260.0
xWK6JjX1Apc,True,True,603.0,67,53,1855,40,4,697000,6101,Neutral,5,50.92,9.98,11.46,10.7,1.659,0.138,0.691,0.0,0.0,0.0,0.0,0.0,False,0.0,0.0,0.0,0.0,0.0,0.0,0.0,0.0,0.0,0.0,0.0,0.0,0.0,0.125,16.5,5.37,6.38,0.27,2.79,0.091,930.0,127.0
xZfmLtPXQOo,True,True,283.0,46,44,80,1,0,14600,3587,Very Positive,3,83.17,4.57,10.5,6.63,1.321,0.059,0.403,0.0162037037037037,14.0,14.0,1.0,1.0,True,0.5714285714285714,0.5,0.0,0.0714285714285714,0.0,0.0,0.0,0.0,0.2857142857142857,0.0,0.0,0.2142857142857142,0.4285714285714285,0.137,12.19,8.88,4.52,0.025,2.9,0.164,4402.0,852.0
xc4wzcaO0i4,True,True,121.0,66,53,168,1,0,135000,2612,Neutral,4,-272.24,137.93,39.26,143.61,1.476,0.115,0.484,0.1910112359550561,68.0,57.0,0.8771929824561403,0.7352941176470589,False,0.0411764705882353,0.2205882352941176,0.0441176470588235,0.1029411764705882,0.1323529411764706,0.0,0.0,0.0147058823529411,0.3382352941176471,0.0294117647058823,0.0,0.0,0.3382352941176471,1.5,185.5,246.78,13.0,0.5,5.04,0.097,1947.0,354.0
xdHgr_BIcy4,True,True,110.0,73,60,852,2,0,1220000,11882,Negative,6,70.29,6.42,9.16,7.48,1.471,0.094,0.568,0.0660377358490566,21.0,20.0,0.95,0.9047619047619048,True,0.4000000000000001,0.4761904761904761,0.1428571428571428,0.0,0.0952380952380952,0.0,0.0476190476190476,0.0952380952380952,0.0476190476190476,0.0,0.0,0.0476190476190476,0.5238095238095238,0.148,12.3,6.41,4.74,0.054,2.75,0.108,1765.0,316.0
xdOBwXBxffI,True,True,376.0,21,20,14352,78,8,477000,4732,Neutral,1,56.62,9.26,12.75,10.83,1.588,0.115,0.319,0.0149863760217983,11.0,10.0,0.9,0.8181818181818182,True,0.6181818181818182,0.6363636363636364,0.5454545454545454,0.0,0.0909090909090909,0.0,0.0,0.0,0.0,0.0,0.0,0.0,0.3636363636363636,0.128,16.02,11.47,5.51,0.042,3.17,0.133,4488.0,742.0
xe-tja-CDi4,True,True,168.0,66,47,420,2,0,145000,1134,Neutral,2,52.05,10.32,12.46,12.61,1.621,0.153,0.448,0.0095238095238095,4.0,4.0,1.0,1.0,True,0.7,0.75,0.0,0.0,0.25,0.0,0.0,0.0,0.5,0.25,0.0,0.0,0.0,0.077,16.65,9.14,6.04,0.065,3.29,0.125,2548.0,426.0
xeBlz35iADs,True,True,88.0,54,45,2865,0,0,128000,2724,Positive,4,84.64,5.29,7.96,7.28,1.259,0.046,0.551,0.0458715596330275,10.0,10.0,1.0,1.0,True,0.4399999999999999,0.5,0.0,0.0,0.0,0.0,0.0,0.1,0.2,0.0,0.0,0.0,0.7,0.067,15.0,5.99,5.47,0.109,2.95,0.204,1092.0,217.0
xeRS9N1aV84,True,True,278.0,70,52,7992,47,0,11700,1438,Neutral,4,63.04,8.71,13.71,11.68,1.495,0.137,0.372,0.0496083550913838,38.0,33.0,0.8484848484848485,0.7368421052631579,True,0.5052631578947369,0.5,0.0526315789473684,0.0789473684210526,0.3157894736842105,0.0,0.0526315789473684,0.0789473684210526,0.1052631578947368,0.0263157894736842,0.0,0.0,0.2894736842105263,0.044,17.51,11.8,5.8,0.035,3.06,0.146,4205.0,763.0
xedc5Be-ZnI,True,True,225.0,71,57,10741,98,0,1220000,11882,Neutral,5,67.95,7.51,10.25,9.75,1.462,0.104,0.385,0.019753086419753,8.0,6.0,0.8333333333333334,0.625,True,0.5,0.5,0.0,0.0,0.0,0.0,0.0,0.0,0.125,0.0,0.0,0.0,0.875,0.034,14.69,9.03,5.34,0.068,2.99,0.162,2232.0,411.0
xgBbm5fInak,True,True,72.0,74,58,324,8,0,55000,668,Neutral,5,61.33,7.19,11.21,8.0,1.6,0.2,1.0,0.1,1.0,1.0,1.0,1.0,True,0.8,1.0,0.0,0.0,1.0,0.0,0.0,0.0,0.0,0.0,0.0,0.0,0.0,1.0,10.0,0.0,5.0,0.0,1.8,0.0,63.0,10.0
xjrbiIjrP18,True,False,32.0,0,0,206,3,0,16700,496,,0,4.02,32.08,18.24,34.28,1.462,0.09,0.718,0.2564102564102564,20.0,12.0,0.9166666666666666,0.55,True,0.26,0.4,0.0,0.0,0.1,0.0,0.0,0.0,0.05,0.05,0.0,0.0,0.8,0.0,79.0,0.0,16.0,0.833,3.05,0.101,412.0,78.0
xl03G2Nn2Tw,True,True,86.0,54,45,5422,0,0,128000,2724,Positive,5,-172.0,102.84,24.5,107.72,1.311,0.053,0.515,0.198501872659176,53.0,46.0,0.8478260869565217,0.7358490566037735,False,0.1358490566037735,0.2641509433962264,0.0,0.0377358490566037,0.1698113207547169,0.0,0.0754716981132075,0.0,0.0943396226415094,0.0754716981132075,0.0,0.1509433962264151,0.3962264150943396,0.0,22.0,26.16,4.85,0.098,2.87,0.203,1333.0,267.0
xnNEtOfKaNM,True,True,296.0,192,133,2650,9,1,53500,1701,Neutral,9,68.06,7.77,12.91,10.26,1.447,0.101,0.357,0.0101465614430665,9.0,9.0,1.0,1.0,True,0.6222222222222222,0.6666666666666666,0.1111111111111111,0.0,0.1111111111111111,0.0,0.0,0.0,0.0,0.0,0.0,0.0,0.7777777777777778,0.089,16.38,10.39,5.71,0.032,2.99,0.14,4808.0,884.0
xok9lDMkylg,True,True,61.0,97,73,703,4,0,15400,480,Neutral,6,-76.4,63.41,25.98,66.62,1.44,0.101,0.585,0.1635220125786163,26.0,22.0,0.9090909090909092,0.7692307692307693,True,0.1846153846153846,0.3076923076923077,0.0,0.0,0.3076923076923077,0.0,0.0,0.1538461538461538,0.0384615384615384,0.0384615384615384,0.0,0.0384615384615384,0.4230769230769231,0.333,55.0,45.9,7.67,0.308,3.43,0.109,897.0,161.0
xplVMcVH4bU,True,True,71.0,103,81,149,0,0,135000,2612,Neutral,5,28.83,16.74,15.11,17.64,1.742,0.146,0.55,0.0789473684210526,12.0,9.0,0.8888888888888888,0.6666666666666666,True,0.3666666666666667,0.3333333333333333,0.0,0.0,0.3333333333333333,0.0,0.0,0.25,0.1666666666666666,0.0,0.0,0.0,0.25,0.0,30.8,14.2,10.6,0.292,3.85,0.052,964.0,152.0
xptGB2ITGr0,True,True,634.0,11,11,5156,22,1,98900,2838,Neutral,1,-1732.19,698.81,82.29,718.52,1.48,0.107,0.255,0.0404880754298391,73.0,53.0,0.7735849056603774,0.5616438356164384,True,0.7397260273972603,0.8493150684931506,0.3013698630136986,0.0684931506849315,0.1643835616438356,0.0,0.0410958904109589,0.0684931506849315,0.0136986301369863,0.0,0.0,0.0,0.3424657534246575,5.286,262.14,224.73,13.71,0.304,5.18,0.146,9876.0,1799.0
xq9hXVPL1-U,True,True,240.0,54,49,1267,11,0,216000,5950,Neutral,5,50.92,9.98,11.46,10.7,1.659,0.138,0.691,0.0234375,3.0,3.0,1.0,1.0,True,0.6666666666666667,0.6666666666666666,0.0,0.0,0.0,0.0,0.0,0.0,0.0,0.0,0.0,0.0,1.0,0.125,16.5,5.37,6.38,0.27,2.79,0.091,930.0,127.0
xrBV2Q8Hf-A,True,True,3580.0,99,68,1120,17,1,75200,1684,Neutral,2,-8088.81,3137.36,215.27,3219.62,1.668,0.172,0.168,0.0091877986034546,75.0,55.0,0.8727272727272727,0.64,True,0.8,1.0,0.1066666666666666,0.0133333333333333,0.2533333333333333,0.0,0.0,0.1066666666666666,0.0933333333333333,0.04,0.0,0.0,0.3866666666666666,0.984,135.92,140.83,12.75,0.03,5.62,0.081,47853.0,8138.0
xriSU_Oj1OY,True,True,11.0,21,19,690,10,0,11700,1438,Very Positive,3,69.25,12.54,8.84,15.51,1.194,0.028,0.833,0.0833333333333333,3.0,3.0,1.0,1.0,True,0.6666666666666667,0.6666666666666666,0.0,0.0,0.0,0.0,0.0,0.0,0.0,0.0,0.0,0.3333333333333333,0.6666666666666666,0.0,38.0,0.0,7.0,0.667,3.22,0.158,169.0,36.0
xsCrRY33Meo,True,True,65.0,43,39,733,3,1,16500,1455,Neutral,2,61.33,7.19,11.21,8.0,1.6,0.2,1.0,0.1,1.0,1.0,1.0,1.0,True,0.8,1.0,0.0,0.0,1.0,0.0,0.0,0.0,0.0,0.0,0.0,0.0,0.0,1.0,10.0,0.0,5.0,0.0,1.8,0.0,63.0,10.0
xtDTwQr9XvE,True,True,7007.0,50,41,49,0,0,14700,1456,Neutral,3,-16458.09,6355.97,262.6,6520.5,1.531,0.127,0.135,0.0042183921899481,70.0,47.0,0.8085106382978723,0.5428571428571428,True,0.8,1.0,0.1428571428571428,0.0,0.2571428571428571,0.0,0.0,0.0285714285714285,0.0714285714285714,0.0142857142857142,0.0,0.0,0.4857142857142857,0.464,55.8,95.3,7.9,0.006,4.68,0.123,94293.0,16553.0
xtrOuE93fgo,True,True,202.0,93,75,1019,10,1,34900,832,Neutral,6,-421.46,198.74,32.81,206.04,1.308,0.053,0.422,0.1638095238095238,86.0,72.0,0.8611111111111112,0.7209302325581395,True,0.1767441860465117,0.313953488372093,0.0,0.0813953488372093,0.1511627906976744,0.0,0.0,0.0348837209302325,0.0581395348837209,0.1395348837209302,0.0,0.0116279069767441,0.5232558139534884,0.333,35.67,31.08,7.0,0.102,3.47,0.185,2564.0,523.0
xuuQdxq6cSM,True,True,153.0,17,17,475,2,0,98900,2838,Neutral,1,-305.11,145.5,54.54,152.71,1.72,0.224,0.457,0.1557377049180328,57.0,41.0,0.8536585365853658,0.6140350877192983,True,0.1754385964912281,0.3157894736842105,0.0,0.0,0.1929824561403508,0.0,0.1228070175438596,0.0,0.0526315789473684,0.0175438596491228,0.0,0.0,0.6140350877192983,1.0,184.0,8.49,14.0,0.577,3.67,0.084,2241.0,367.0
xwIByEkP-DA,True,False,212.0,0,0,1250,7,1,15600,1174,,0,-517.38,233.24,47.75,241.7,1.422,0.103,0.415,0.1076158940397351,65.0,54.0,0.8888888888888888,0.7384615384615385,True,0.276923076923077,0.3230769230769231,0.0153846153846153,0.0923076923076923,0.1384615384615384,0.0,0.0,0.0,0.0461538461538461,0.0615384615384615,0.0,0.0153846153846153,0.6307692307692307,0.125,38.5,59.51,5.69,0.075,4.45,0.14,3256.0,602.0
xxfWYUq6QY0,True,True,2326.0,186,126,585,4,0,22200,1782,Neutral,9,-5318.52,2076.23,147.54,2131.42,1.508,0.12,0.188,0.0172317954419121,93.0,76.0,0.868421052631579,0.7096774193548387,True,0.8,1.0,0.0,0.010752688172043,0.1935483870967742,0.0,0.0,0.0,0.0967741935483871,0.075268817204301,0.0,0.0,0.6236559139784946,0.712,75.38,116.05,8.04,0.02,4.72,0.114,29407.0,5381.0
xyeOzzSRqoY,True,True,80.0,345,199,722,9,3,74500,586,Positive,14,55.85,12.95,12.38,15.2,1.423,0.087,0.552,0.0165975103734439,4.0,4.0,1.0,1.0,True,0.7,0.75,0.25,0.0,0.25,0.0,0.0,0.0,0.0,0.0,0.0,0.0,0.5,0.0,30.62,23.35,7.25,0.227,4.23,0.127,1340.0,241.0
xzM05BcEHPM,True,True,52.0,153,104,344,3,0,21200,1769,Neutral,5,55.55,9.17,11.21,10.55,1.612,0.136,0.806,0.0925925925925925,10.0,9.0,0.8888888888888888,0.8,True,0.48,0.5,0.0,0.0,0.2,0.0,0.0,0.0,0.1,0.3,0.0,0.0,0.4,0.0,14.25,11.18,5.12,0.15,3.1,0.096,678.0,111.0
y-eTuleY-Vw,True,True,120.0,60,55,441,1,1,216000,5950,Neutral,5,50.92,9.98,11.46,10.7,1.659,0.138,0.691,0.0,0.0,0.0,0.0,0.0,False,0.0,0.0,0.0,0.0,0.0,0.0,0.0,0.0,0.0,0.0,0.0,0.0,0.0,0.125,16.5,5.37,6.38,0.27,2.79,0.091,930.0,127.0
y3UgmMntTk8,True,True,532.0,40,27,1103,5,0,216000,5950,Neutral,1,-1249.5,508.76,90.33,523.6,1.701,0.18,0.341,0.0526711813393529,70.0,45.0,0.7777777777777778,0.5,True,0.6457142857142857,0.6142857142857143,0.0571428571428571,0.0142857142857142,0.1714285714285714,0.0,0.0,0.0142857142857142,0.0,0.0714285714285714,0.0,0.0,0.6714285714285714,7.25,336.25,558.36,10.75,0.881,9.86,0.059,7915.0,1329.0
y3WyR0Bed68,True,True,353.0,70,60,20028,87,0,35300,1846,Positive,4,-643.32,283.35,45.11,293.04,1.339,0.074,0.379,0.0955585464333782,71.0,62.0,0.9032258064516128,0.7887323943661971,True,0.5295774647887324,0.5211267605633803,0.0,0.1690140845070422,0.1690140845070422,0.0,0.028169014084507,0.0,0.028169014084507,0.0985915492957746,0.0,0.0,0.5070422535211268,0.261,33.7,37.72,6.26,0.073,3.45,0.174,3784.0,740.0
y52itv5tpDI,True,True,278.0,355,227,947,15,3,21200,1769,Neutral,12,80.56,6.45,11.6,8.99,1.279,0.058,0.296,0.0163511187607573,19.0,19.0,1.0,1.0,True,0.736842105263158,0.8421052631578947,0.0526315789473684,0.1052631578947368,0.2631578947368421,0.0,0.0,0.0526315789473684,0.0,0.0,0.0,0.0,0.5263157894736842,0.029,17.47,14.47,5.21,0.027,3.69,0.202,5816.0,1154.0
y5fnxpUFhCk,True,True,72.0,23,22,709,3,0,16500,1455,Neutral,3,65.01,6.89,10.2,9.99,1.546,0.141,0.54,0.0308641975308641,5.0,5.0,1.0,1.0,True,0.32,0.4,0.0,0.0,0.0,0.0,0.0,0.0,0.2,0.0,0.0,0.0,0.8,0.0,11.27,9.71,5.13,0.118,2.92,0.166,899.0,163.0
y9EwhX7uyZ0,True,True,84.0,16,14,2083,0,0,7800,361,Neutral,1,-53.47,55.99,20.27,59.05,1.373,0.063,0.606,0.238095238095238,35.0,31.0,0.9032258064516128,0.8,True,0.2857142857142858,0.3714285714285714,0.0,0.0,0.1428571428571428,0.0,0.0285714285714285,0.0285714285714285,0.0285714285714285,0.0857142857142857,0.0,0.0,0.6857142857142857,0.5,76.5,99.7,7.5,0.714,3.97,0.216,738.0,147.0
yA5CLZWuaRc,True,True,69.0,27,23,359,5,0,7550,2528,Positive,2,-61.16,61.04,22.08,64.47,1.272,0.07,0.525,0.191358024691358,31.0,28.0,0.8928571428571429,0.8064516129032258,False,0.2451612903225806,0.2903225806451613,0.1290322580645161,0.0967741935483871,0.064516129032258,0.0,0.0,0.032258064516129,0.1612903225806451,0.1290322580645161,0.0,0.0,0.3870967741935484,0.25,20.88,19.82,5.88,0.143,3.19,0.269,788.0,162.0
yCWuxa1UHXc,True,True,123.0,33,30,124,0,0,42900,959,Neutral,2,-285.98,142.33,43.12,148.73,1.518,0.136,0.493,0.2246575342465753,82.0,70.0,0.8857142857142857,0.7560975609756098,False,0.1073170731707318,0.2560975609756097,0.0121951219512195,0.073170731707317,0.3292682926829268,0.0,0.024390243902439,0.0,0.048780487804878,0.0365853658536585,0.0,0.0,0.4756097560975609,0.0,92.75,43.05,9.75,0.412,4.57,0.111,1984.0,365.0
yEN21v_I9EA,True,True,192.0,67,59,30755,206,41,46900,1152,Neutral,5,-407.06,191.27,41.45,198.23,1.402,0.092,0.477,0.157258064516129,78.0,66.0,0.9696969696969696,0.8205128205128205,True,0.3641025641025641,0.358974358974359,0.1538461538461538,0.282051282051282,0.0256410256410256,0.0,0.0,0.141025641025641,0.0256410256410256,0.0128205128205128,0.0,0.0512820512820512,0.3076923076923077,4.0,507.0,0.0,17.0,0.974,11.01,0.17,2594.0,491.0
yF0HhMa3DYc,True,True,320.0,16,16,6272,90,14,13900,447,Neutral,2,75.7,6.27,11.21,8.65,1.378,0.089,0.4,0.0262773722627737,18.0,15.0,0.8666666666666667,0.7222222222222222,True,0.5111111111111111,0.5,0.0,0.3888888888888889,0.1666666666666666,0.0,0.0,0.1666666666666666,0.0,0.0,0.0,0.0,0.2777777777777778,0.082,14.39,7.68,5.41,0.041,2.88,0.152,3602.0,679.0
yFkJ_htamMw,True,True,79.0,175,109,330,2,0,16600,1353,Neutral,6,-57.97,54.63,28.68,58.67,1.522,0.149,0.575,0.0808823529411764,11.0,10.0,0.9,0.8181818181818182,True,0.4000000000000001,0.3636363636363636,0.3636363636363636,0.0,0.0,0.0,0.0,0.0,0.0,0.0,0.0,0.0,0.6363636363636364,1.0,35.0,39.29,6.25,0.25,3.46,0.221,720.0,134.0
yGurXfU0hEw,True,True,114.0,59,48,98820,937,303,46900,1152,Positive,4,80.65,4.96,9.15,7.87,1.349,0.093,0.483,0.0340557275541795,11.0,5.0,0.4,0.1818181818181818,True,0.6545454545454545,0.7272727272727273,0.6363636363636364,0.1818181818181818,0.0,0.0,0.0,0.1818181818181818,0.0,0.0,0.0,0.0,0.0,0.074,12.19,5.74,4.59,0.074,2.63,0.188,1749.0,313.0
yJMmbZuVAJ0,True,True,301.0,145,102,53770,266,6,251000,1949,Neutral,7,61.33,7.19,11.21,8.0,1.6,0.2,1.0,0.1,1.0,1.0,1.0,1.0,True,0.8,1.0,0.0,0.0,1.0,0.0,0.0,0.0,0.0,0.0,0.0,0.0,0.0,1.0,10.0,0.0,5.0,0.0,1.8,0.0,63.0,10.0
yKYEHMV6X2g,True,True,141.0,95,75,148,2,0,25300,876,Positive,6,71.65,7.74,9.83,9.79,1.382,0.076,0.442,0.0157657657657657,7.0,6.0,0.8333333333333334,0.7142857142857143,True,0.5714285714285714,0.5714285714285714,0.0,0.0,0.2857142857142857,0.0,0.0,0.0,0.2857142857142857,0.1428571428571428,0.0,0.0,0.2857142857142857,0.192,17.42,8.22,6.04,0.072,3.01,0.155,2327.0,453.0
yNNQ7PljGPY,True,True,229.0,80,64,1069,26,1,34900,832,Neutral,3,-482.44,222.15,37.88,230.25,1.309,0.065,0.437,0.1088082901554404,63.0,55.0,0.9454545454545454,0.8253968253968254,True,0.3174603174603174,0.365079365079365,0.0317460317460317,0.0952380952380952,0.1746031746031746,0.0,0.0,0.0,0.0,0.1904761904761904,0.0,0.0317460317460317,0.4761904761904761,0.0,49.58,45.53,9.33,0.161,3.66,0.192,2874.0,571.0
yPLV2MsjRXY,True,True,156.0,77,62,782,4,0,50000,1839,Neutral,3,-299.92,147.51,42.29,153.53,1.527,0.126,0.438,0.1233595800524934,47.0,29.0,0.6206896551724138,0.3829787234042553,False,0.246808510638298,0.2978723404255319,0.1702127659574468,0.0425531914893617,0.1702127659574468,0.0,0.0,0.0212765957446808,0.1276595744680851,0.0851063829787234,0.0,0.0,0.3829787234042553,0.667,132.0,166.93,12.33,0.522,4.37,0.101,2223.0,379.0
yQw8ykFmrl0,True,True,136.0,35,30,136,3,0,477000,4732,Neutral,3,48.67,12.27,13.86,15.19,1.589,0.151,0.484,0.0326633165829145,13.0,11.0,0.8181818181818182,0.6923076923076923,True,0.4000000000000001,0.3846153846153846,0.0,0.0,0.6153846153846154,0.0,0.0,0.0769230769230769,0.0769230769230769,0.0,0.0,0.0,0.2307692307692307,0.111,22.83,10.35,7.22,0.099,3.06,0.122,2371.0,399.0
ySZUR5TEgq0,True,True,270.0,65,51,34165,522,0,1220000,11882,Neutral,3,-554.38,249.83,40.59,258.9,1.307,0.067,0.371,0.0506134969325153,33.0,31.0,0.935483870967742,0.8787878787878788,True,0.3151515151515152,0.3333333333333333,0.0,0.0909090909090909,0.1212121212121212,0.0,0.0,0.0303030303030303,0.0909090909090909,0.1818181818181818,0.0,0.0,0.4848484848484848,0.25,34.15,38.16,7.15,0.087,3.04,0.173,3286.0,644.0
yVIy8xfp1vo,True,True,7142.0,77,60,105,1,0,14700,1456,Neutral,4,-21239.47,8193.97,291.44,8406.14,1.492,0.121,0.11,0.0020769412320037,44.0,34.0,0.8529411764705882,0.6590909090909091,True,0.8,1.0,0.1590909090909091,0.0227272727272727,0.3409090909090909,0.0,0.0,0.0454545454545454,0.0909090909090909,0.0454545454545454,0.0,0.0,0.2954545454545454,0.432,70.16,153.7,9.51,0.005,7.28,0.13,118443.0,21116.0
yVPZVI6Xcao,True,True,1343.0,39,31,1237,0,0,7800,361,Neutral,2,-1100.8,455.97,72.86,470.14,1.491,0.128,0.361,0.0587248322147651,70.0,64.0,0.921875,0.8428571428571429,True,0.6057142857142856,0.5142857142857142,0.0428571428571428,0.0142857142857142,0.1571428571428571,0.0,0.0,0.0285714285714285,0.0714285714285714,0.1714285714285714,0.0,0.0,0.5142857142857142,0.379,42.21,44.08,7.03,0.063,3.8,0.135,6510.0,1189.0
yWcGQ3dDC70,True,True,16.0,18,17,4641,15,0,16000,397,Positive,3,39.33,13.98,14.55,14.8,1.68,0.16,0.96,0.36,9.0,9.0,1.0,1.0,True,0.3111111111111111,0.4444444444444444,0.0,0.0,0.2222222222222222,0.0,0.0,0.0,0.1111111111111111,0.3333333333333333,0.0,0.0,0.3333333333333333,0.0,14.0,18.38,4.0,0.25,2.45,0.036,178.0,26.0
yYyP6JhwtwM,True,True,136.0,32,28,2054,5,0,1220000,11882,Positive,4,-240.19,125.02,38.81,130.06,1.505,0.124,0.511,0.0658307210031347,21.0,17.0,0.8235294117647058,0.6666666666666666,True,0.3238095238095237,0.3809523809523809,0.0,0.0,0.1428571428571428,0.0,0.0,0.1428571428571428,0.1428571428571428,0.1428571428571428,0.0,0.0,0.4285714285714285,1.0,333.0,0.0,17.0,0.963,5.63,0.135,1836.0,318.0
yZ2jdYoZeFw,True,True,72.0,43,36,1172,14,1,6800,1417,Neutral,2,-115.38,76.06,32.26,80.73,1.553,0.138,0.516,0.1789473684210526,34.0,31.0,0.9032258064516128,0.8235294117647058,False,0.1529411764705883,0.2941176470588235,0.088235294117647,0.1764705882352941,0.088235294117647,0.0,0.0,0.0588235294117647,0.0588235294117647,0.1176470588235294,0.0,0.0,0.4117647058823529,1.0,195.0,0.0,15.0,0.947,3.97,0.154,1102.0,189.0
yeIap1tcWyU,True,True,43.0,55,39,507,2,0,55000,668,Neutral,4,61.91,8.72,9.19,7.81,1.515,0.068,0.598,0.0687022900763358,9.0,5.0,0.6,0.3333333333333333,True,0.3555555555555556,0.3333333333333333,0.0,0.0,0.0,0.0,0.0,0.4444444444444444,0.0,0.0,0.0,0.0,0.5555555555555556,0.5,16.5,7.35,5.12,0.143,3.07,0.038,775.0,132.0
yfIUeBZ9Rtw,True,True,140.0,18,18,1273,6,1,477000,4732,Neutral,1,-417.41,195.69,41.02,202.96,1.38,0.088,0.402,0.09,45.0,40.0,0.875,0.7777777777777778,True,0.3466666666666667,0.3777777777777777,0.2222222222222222,0.1555555555555555,0.1555555555555555,0.0,0.0,0.0,0.0222222222222222,0.0,0.0,0.0,0.4444444444444444,0.778,57.11,72.97,9.67,0.141,3.68,0.144,2679.0,500.0
ygfr21KaGeA,True,False,249.0,0,0,571,2,0,144000,1700,,0,61.33,7.19,11.21,8.0,1.6,0.2,1.0,0.1,1.0,1.0,1.0,1.0,True,0.8,1.0,0.0,0.0,1.0,0.0,0.0,0.0,0.0,0.0,0.0,0.0,0.0,1.0,10.0,0.0,5.0,0.0,1.8,0.0,63.0,10.0
ym2-QTHdBuk,True,True,1073.0,113,79,1219675,7897,0,25300,876,Neutral,6,50.92,9.98,11.46,10.7,1.659,0.138,0.691,0.0,0.0,0.0,0.0,0.0,False,0.0,0.0,0.0,0.0,0.0,0.0,0.0,0.0,0.0,0.0,0.0,0.0,0.0,0.125,16.5,5.37,6.38,0.27,2.79,0.091,930.0,127.0
ymNk_1T7HMM,True,True,92.0,107,80,566,3,0,25300,876,Neutral,5,53.71,9.56,11.46,11.18,1.627,0.139,0.537,0.0122448979591836,3.0,3.0,1.0,1.0,True,0.4000000000000001,0.3333333333333333,0.3333333333333333,0.0,0.0,0.0,0.0,0.0,0.0,0.0,0.0,0.0,0.6666666666666666,0.0,15.56,10.81,5.38,0.094,3.37,0.141,1461.0,244.0
ymbpvsanMNk,True,True,231.0,47,40,16481,162,45,15600,1174,Neutral,3,-503.37,227.06,48.11,235.08,1.46,0.107,0.446,0.148972602739726,87.0,74.0,0.9054054054054054,0.7701149425287356,True,0.2942528735632184,0.3448275862068966,0.0344827586206896,0.2528735632183908,0.0459770114942528,0.0,0.057471264367816,0.057471264367816,0.1264367816091954,0.0229885057471264,0.0,0.0689655172413793,0.3333333333333333,0.455,54.27,80.24,6.73,0.136,5.56,0.152,3094.0,584.0
ymk4U52vdwc,True,True,127.0,117,76,1522,10,0,113000,553,Neutral,4,62.6,8.42,10.66,10.7,1.517,0.111,0.44,0.0033222591362126,1.0,1.0,1.0,1.0,True,0.8,1.0,0.0,0.0,0.0,0.0,0.0,1.0,0.0,0.0,0.0,0.0,0.0,0.053,16.32,10.34,5.74,0.101,2.93,0.129,1705.0,300.0
ynF_KkgdNFI,True,True,3037.0,101,69,286,3,3,12600,950,Neutral,4,61.33,7.19,11.21,8.0,1.6,0.2,1.0,0.1,1.0,1.0,1.0,1.0,True,0.8,1.0,0.0,0.0,1.0,0.0,0.0,0.0,0.0,0.0,0.0,0.0,0.0,1.0,10.0,0.0,5.0,0.0,1.8,0.0,63.0,10.0
ynTQcAweNNA,True,True,193.0,38,34,222,6,0,15400,480,Neutral,1,-387.91,179.16,52.27,186.13,1.631,0.164,0.389,0.0973451327433628,44.0,32.0,0.78125,0.5681818181818182,True,0.1818181818181818,0.3409090909090909,0.2045454545454545,0.0681818181818181,0.2954545454545454,0.0,0.1818181818181818,0.0227272727272727,0.0681818181818181,0.0681818181818181,0.0,0.0,0.0909090909090909,1.0,234.5,193.04,14.5,0.804,5.45,0.113,2718.0,450.0
ypFxZnlv1uQ,True,True,63.0,80,57,474,3,0,135000,2612,Neutral,3,-97.45,62.38,35.45,65.87,1.881,0.224,0.594,0.3013698630136986,44.0,39.0,0.8974358974358975,0.7954545454545454,True,0.2181818181818182,0.3181818181818182,0.0,0.0,0.25,0.0,0.0,0.0681818181818181,0.0909090909090909,0.1136363636363636,0.0,0.0,0.4772727272727273,0.0,75.0,104.65,8.0,0.429,4.24,0.067,957.0,147.0
yrXakep8ZXM,True,True,168.0,248,161,20,0,0,9660,2336,Neutral,10,20.88,20.06,18.88,22.6,1.729,0.194,0.46,0.0432569974554707,17.0,11.0,0.8181818181818182,0.5294117647058824,True,0.3764705882352941,0.4117647058823529,0.3529411764705882,0.0,0.2352941176470588,0.0,0.0,0.2352941176470588,0.0588235294117647,0.0,0.0,0.0,0.1176470588235294,0.182,35.82,27.68,9.64,0.168,3.23,0.102,2439.0,392.0
ysL6kVwgS_A,True,True,568.0,51,44,28006,294,0,45800,539,Neutral,2,50.92,9.98,11.46,10.7,1.659,0.138,0.691,0.0078125,1.0,1.0,1.0,1.0,True,0.8,1.0,0.0,0.0,0.0,0.0,0.0,0.0,0.0,0.0,0.0,0.0,1.0,0.125,16.5,5.37,6.38,0.27,2.79,0.091,930.0,127.0
ysNFfdkHnnM,True,True,296.0,87,65,387,6,0,10700,653,Positive,5,-655.76,286.57,49.89,296.19,1.414,0.092,0.396,0.1148648648648648,85.0,61.0,0.9016393442622952,0.6470588235294118,True,0.4188235294117648,0.388235294117647,0.1294117647058823,0.0588235294117647,0.2,0.0,0.0235294117647058,0.0588235294117647,0.0588235294117647,0.0117647058823529,0.0,0.0,0.4588235294117647,0.385,58.0,56.43,8.62,0.144,3.24,0.134,3910.0,741.0
yv_6ana0Pws,True,True,1207.0,102,83,929,9,0,17100,551,Neutral,7,-3877.06,1527.12,84.92,1568.66,1.278,0.052,0.187,0.0139546473959631,56.0,48.0,0.875,0.75,True,0.8,1.0,0.0714285714285714,0.1071428571428571,0.0892857142857142,0.0,0.0535714285714285,0.0178571428571428,0.0535714285714285,0.0892857142857142,0.0,0.0,0.5178571428571429,0.205,27.72,30.14,6.04,0.013,3.5,0.219,19483.0,3948.0
ywCBvQrblGY,True,True,97.0,73,53,1434,0,0,226000,1254,Neutral,4,58.9,9.17,11.33,11.17,1.55,0.124,0.493,0.0422535211267605,12.0,8.0,0.75,0.5,True,0.6333333333333333,0.6666666666666666,0.0,0.0,0.1666666666666666,0.0,0.0,0.3333333333333333,0.0833333333333333,0.0,0.0,0.0,0.4166666666666667,0.053,15.26,8.07,5.42,0.067,3.13,0.09,1711.0,285.0
yxzggpJuxfY,True,True,425.0,49,41,556,1,0,12400,354,Neutral,2,68.14,7.37,12.75,9.09,1.465,0.101,0.365,0.0184119677790563,16.0,16.0,1.0,1.0,True,0.55,0.5,0.0,0.0625,0.125,0.0,0.1875,0.0,0.0625,0.0,0.0,0.0,0.5625,0.19,15.29,7.98,5.79,0.027,3.18,0.089,5178.0,869.0
yzExwqHnDnE,True,True,131.0,81,64,257680,1612,0,1220000,11882,Positive,8,61.66,8.29,10.64,9.95,1.54,0.118,0.565,0.0632530120481927,21.0,16.0,0.8125,0.6190476190476191,True,0.5142857142857142,0.5238095238095238,0.4285714285714285,0.0476190476190476,0.0476190476190476,0.0,0.0,0.0,0.0952380952380952,0.1904761904761904,0.0,0.0,0.1904761904761904,0.182,15.59,10.01,6.18,0.064,3.01,0.079,1902.0,332.0
z0lRyJa8juo,True,True,26.0,43,36,1967,21,0,13100,2911,Neutral,3,13.17,26.58,19.29,29.65,1.557,0.131,0.787,0.2769230769230769,18.0,17.0,0.9411764705882352,0.8888888888888888,True,0.3555555555555556,0.3888888888888889,0.0,0.0555555555555555,0.2222222222222222,0.0,0.0,0.0,0.0,0.1111111111111111,0.0,0.0,0.6111111111111112,0.0,65.0,0.0,9.0,0.5,3.8,0.092,332.0,64.0
z1nCUmWHvsU,True,True,61.0,94,73,217861,1080,614,46000,861,Very Positive,5,51.65,11.91,12.54,13.55,1.552,0.115,0.533,0.0542168674698795,9.0,6.0,0.8333333333333334,0.5555555555555556,True,0.4000000000000001,0.4444444444444444,0.6666666666666666,0.0,0.0,0.0,0.1111111111111111,0.0,0.0,0.0,0.0,0.0,0.2222222222222222,0.0,23.86,8.8,6.57,0.278,3.26,0.144,976.0,165.0
z4OeRckGZTY,True,True,2757.0,29,27,1092,5,0,698000,6325,Neutral,1,31.84,13.27,41.76,13.97,1.853,0.22,0.175,0.001723327588908,11.0,9.0,0.7777777777777778,0.6363636363636364,True,0.8,1.0,0.4545454545454545,0.0,0.0,0.0,0.2727272727272727,0.0,0.0,0.0,0.0,0.0,0.2727272727272727,0.245,17.99,12.68,6.3,0.006,3.36,0.06,41795.0,6429.0
z4qP9D9RA3c,True,True,111.0,54,47,266,0,0,45400,902,Neutral,4,-187.93,102.08,37.41,106.04,1.643,0.143,0.599,0.1383399209486166,35.0,31.0,0.935483870967742,0.8285714285714286,True,0.3657142857142856,0.4285714285714285,0.0571428571428571,0.0,0.4,0.0,0.0,0.0285714285714285,0.0857142857142857,0.0,0.0,0.0,0.4285714285714285,0.0,259.0,0.0,16.0,0.938,5.19,0.12,1589.0,254.0
z85EBlIGp7c,True,True,3707.0,139,96,1176,10,0,24900,211,Neutral,3,-8881.54,3442.44,213.88,3532.08,1.644,0.154,0.167,0.007323568575233,66.0,48.0,0.8333333333333334,0.6060606060606061,True,0.8,1.0,0.0,0.0151515151515151,0.3787878787878788,0.0,0.0454545454545454,0.0,0.1363636363636363,0.0,0.0,0.0,0.4242424242424242,1.462,115.06,172.38,10.1,0.018,5.86,0.1,53542.0,8999.0
z9NHA4W-2Ms,True,True,69.0,215,130,1462,15,0,1220000,11882,Neutral,10,-87.95,71.49,23.73,75.51,1.265,0.07,0.47,0.0913978494623656,17.0,17.0,1.0,1.0,False,0.211764705882353,0.2941176470588235,0.0588235294117647,0.0588235294117647,0.1764705882352941,0.0,0.0,0.0,0.0588235294117647,0.1176470588235294,0.0,0.0,0.5294117647058824,0.0,15.46,12.27,4.77,0.1,2.57,0.259,881.0,185.0
zCCXA9odpNQ,True,True,51.0,15,15,410,4,0,18300,1549,Neutral,1,-71.83,58.06,30.53,62.0,1.614,0.164,0.593,0.1654676258992805,23.0,17.0,0.8235294117647058,0.6086956521739131,True,0.1565217391304347,0.3043478260869565,0.1739130434782608,0.0,0.3043478260869565,0.0,0.0869565217391304,0.0,0.0434782608695652,0.0869565217391304,0.0,0.0,0.3043478260869565,1.0,140.0,0.0,17.0,0.929,3.97,0.107,835.0,140.0
zDm4OMn74aM,True,True,154.0,70,53,196,4,0,67000,1102,Neutral,4,61.33,7.19,11.21,8.0,1.6,0.2,1.0,0.1,1.0,1.0,1.0,1.0,True,0.8,1.0,0.0,0.0,1.0,0.0,0.0,0.0,0.0,0.0,0.0,0.0,0.0,1.0,10.0,0.0,5.0,0.0,1.8,0.0,63.0,10.0
zH5UrjPyfno,True,True,481.0,55,38,126,0,0,6800,1417,Neutral,3,53.82,10.27,16.65,12.36,1.591,0.151,0.337,0.0106288751107174,12.0,12.0,1.0,1.0,True,0.6000000000000001,0.5,0.0,0.0,0.0,0.0,0.0,0.0,0.0,0.0,0.0,0.0,1.0,0.267,19.03,9.95,6.73,0.036,3.45,0.07,6761.0,1137.0
zJ99dU_mGCE,True,True,69.0,32,27,385,2,0,443000,2444,Neutral,2,52.55,10.38,13.51,13.64,1.609,0.184,0.62,0.1043956043956044,19.0,17.0,0.8823529411764706,0.7894736842105263,True,0.4210526315789473,0.4210526315789473,0.0,0.0526315789473684,0.1578947368421052,0.0,0.0,0.0526315789473684,0.2631578947368421,0.0,0.0,0.0,0.4736842105263157,0.3,18.2,4.42,5.9,0.152,3.08,0.11,1090.0,181.0
zJo9cYxn02o,True,False,241.0,0,0,91,1,0,12600,950,,0,61.33,7.19,11.21,8.0,1.6,0.2,1.0,0.1,1.0,1.0,1.0,1.0,True,0.8,1.0,0.0,0.0,1.0,0.0,0.0,0.0,0.0,0.0,0.0,0.0,0.0,1.0,10.0,0.0,5.0,0.0,1.8,0.0,63.0,10.0
zKUNcbeayq4,True,True,39.0,34,33,132,0,0,674,262,Very Positive,3,-22.11,37.71,24.5,40.91,1.674,0.163,0.686,0.2954545454545454,26.0,24.0,0.9166666666666666,0.8461538461538461,False,0.123076923076923,0.2692307692307692,0.1153846153846153,0.0,0.1923076923076923,0.0,0.0,0.0,0.1923076923076923,0.0,0.0,0.0,0.5,0.333,30.33,34.65,6.0,0.0,2.66,0.077,519.0,88.0
zKwo7duxwyc,True,True,4241.0,211,124,452,2,0,14700,1456,Neutral,13,-11427.84,4424.39,207.27,4539.95,1.473,0.113,0.146,0.0036842105263157,42.0,34.0,0.8235294117647058,0.6666666666666666,True,0.8,1.0,0.3809523809523809,0.0,0.0476190476190476,0.0,0.0,0.0476190476190476,0.1904761904761904,0.0,0.0,0.0,0.3333333333333333,0.533,63.91,89.91,8.52,0.01,4.43,0.127,61736.0,11370.0
zL2V2y8pBms,True,True,106.0,19,19,255,1,0,16500,1455,Positive,1,64.86,9.5,10.76,11.06,1.423,0.084,0.574,0.0299003322259136,9.0,9.0,1.0,1.0,True,0.5333333333333334,0.6666666666666666,0.1111111111111111,0.1111111111111111,0.1111111111111111,0.0,0.0,0.1111111111111111,0.1111111111111111,0.0,0.0,0.0,0.4444444444444444,0.25,19.38,12.74,5.88,0.117,2.99,0.113,1663.0,299.0
zMB5oUCpt5Y,True,True,360.0,14,14,481,9,0,98900,2838,Neutral,2,-847.77,355.34,73.56,366.44,1.656,0.169,0.352,0.0958149779735682,87.0,58.0,0.8448275862068966,0.5632183908045977,True,0.4229885057471265,0.367816091954023,0.0804597701149425,0.0459770114942528,0.1724137931034483,0.0,0.3908045977011494,0.0,0.0,0.0459770114942528,0.0,0.0,0.264367816091954,4.0,459.0,493.56,19.0,0.538,5.36,0.145,5514.0,908.0
zOQSY5oUBqk,True,True,37.0,76,55,752,9,1,697000,6101,Neutral,3,-11.41,37.21,15.9,38.22,1.5,0.056,0.556,0.2111111111111111,19.0,11.0,0.5454545454545454,0.3157894736842105,True,0.2526315789473685,0.3157894736842105,0.0,0.0,0.3684210526315789,0.0,0.0,0.2105263157894736,0.0,0.0526315789473684,0.0,0.0,0.3684210526315789,1.0,90.0,0.0,12.0,0.909,3.09,0.056,494.0,90.0
zPXphpl7gco,True,True,327.0,18,18,739735,12012,0,144000,1700,Positive,4,50.92,9.98,11.46,10.7,1.659,0.138,0.691,0.0,0.0,0.0,0.0,0.0,False,0.0,0.0,0.0,0.0,0.0,0.0,0.0,0.0,0.0,0.0,0.0,0.0,0.0,0.125,16.5,5.37,6.38,0.27,2.79,0.091,930.0,127.0
zREox08QmM0,True,True,831.0,28,27,251,1,0,569000,3032,Neutral,2,-2337.33,930.78,95.6,956.35,1.507,0.11,0.249,0.0150062526052521,36.0,30.0,0.9,0.75,True,0.8,1.0,0.0277777777777777,0.0,0.3333333333333333,0.0,0.1111111111111111,0.0,0.1111111111111111,0.0,0.0,0.0,0.4166666666666667,0.72,99.24,179.17,9.56,0.082,6.71,0.116,13499.0,2391.0
zRIEIE-sSn0,True,True,150.0,327,178,5143,35,0,251000,1949,Neutral,25,-240.18,127.0,34.94,132.3,1.409,0.096,0.52,0.1388888888888889,45.0,38.0,0.8947368421052632,0.7555555555555555,False,0.0977777777777777,0.2444444444444444,0.0,0.1111111111111111,0.1555555555555555,0.0,0.0222222222222222,0.0,0.2222222222222222,0.0888888888888888,0.0,0.0222222222222222,0.3777777777777777,1.0,168.5,235.47,10.0,0.9,7.41,0.119,1787.0,326.0
zWUPny-TIjk,True,True,167.0,13,13,957,2,1,22900,642,Neutral,1,-239.31,124.65,37.88,129.29,1.506,0.118,0.5,0.1337579617834395,42.0,33.0,0.8181818181818182,0.6428571428571429,True,0.2666666666666666,0.3571428571428571,0.0,0.0,0.1904761904761904,0.0,0.0,0.0,0.119047619047619,0.0476190476190476,0.0,0.0,0.6428571428571429,1.0,82.25,105.61,9.25,0.629,3.58,0.112,1823.0,314.0
zXppZFV1fTg,True,True,1095.0,75,62,470,6,1,14700,1456,Neutral,3,-2622.19,1042.31,92.18,1071.21,1.406,0.091,0.209,0.0107327905255366,29.0,23.0,0.7391304347826086,0.5862068965517241,True,0.8,1.0,0.0689655172413793,0.0344827586206896,0.3793103448275862,0.0,0.0,0.1034482758620689,0.0344827586206896,0.0344827586206896,0.0,0.0,0.3448275862068966,0.245,52.04,57.09,8.4,0.04,3.96,0.146,14442.0,2679.0
za78Uqroios,True,True,165.0,96,76,260914,440,19,46000,861,Very Positive,5,-174.84,100.25,26.68,103.02,1.488,0.067,0.536,0.316,79.0,61.0,0.8360655737704918,0.6455696202531646,False,0.0759493670886075,0.2658227848101265,0.2658227848101265,0.0886075949367088,0.3164556962025316,0.0,0.0126582278481012,0.0379746835443038,0.0,0.0759493670886076,0.0,0.0,0.2025316455696202,2.5,127.0,132.94,10.5,0.882,6.47,0.051,1453.0,253.0
zaOAOq0CoO4,True,True,120.0,14,14,1036,2,0,16500,1455,Neutral,2,-225.81,115.56,44.32,119.47,1.695,0.182,0.544,0.1223776223776223,35.0,25.0,0.8,0.5714285714285714,True,0.1828571428571428,0.3142857142857143,0.0,0.0285714285714285,0.3428571428571428,0.0,0.0,0.1428571428571428,0.1428571428571428,0.1428571428571428,0.0,0.0,0.2,0.0,293.0,0.0,13.0,0.962,4.77,0.154,1702.0,286.0
zagQa-9fJpM,True,True,142.0,52,46,11235,96,2,45400,902,Neutral,4,-256.67,131.29,41.87,137.11,1.508,0.139,0.562,0.1651651651651651,55.0,47.0,0.8936170212765957,0.7636363636363637,False,0.1527272727272728,0.2727272727272727,0.0,0.0545454545454545,0.2727272727272727,0.0,0.0181818181818181,0.0181818181818181,0.0909090909090909,0.0545454545454545,0.0,0.0545454545454545,0.4363636363636363,3.0,342.0,0.0,15.0,0.955,8.24,0.088,1915.0,333.0
zdY-udz9xpI,True,False,3267.0,0,0,71,2,0,24900,211,,0,-8806.21,3418.03,184.23,3508.58,1.426,0.115,0.155,0.0048125349748181,43.0,42.0,0.9761904761904762,0.9534883720930232,True,0.8,1.0,0.0,0.0465116279069767,0.2558139534883721,0.0,0.0,0.0,0.0930232558139534,0.0697674418604651,0.0,0.0,0.5348837209302325,0.463,68.18,108.3,8.11,0.014,5.02,0.155,47974.0,8868.0
zflHpFRXHsg,True,True,70.0,85,68,3783,22,11,569000,3032,Neutral,5,90.32,3.2,7.03,5.65,1.255,0.046,0.549,0.0522875816993464,8.0,7.0,0.8571428571428571,0.75,True,0.4499999999999999,0.375,0.0,0.0,0.0,0.0,0.0,0.0,0.0,0.0,0.0,0.0,1.0,0.062,10.31,7.98,3.75,0.096,2.95,0.188,772.0,153.0
zgb8yOYYc68,True,True,217.0,687,343,2473,16,1,16500,1455,Positive,43,64.21,9.1,11.28,11.27,1.454,0.102,0.479,0.0246305418719211,15.0,13.0,0.9230769230769232,0.8,True,0.4533333333333333,0.4666666666666667,0.2,0.0666666666666666,0.1333333333333333,0.0,0.0,0.1333333333333333,0.0666666666666666,0.0,0.0,0.0,0.4,0.226,20.1,10.73,6.65,0.067,3.44,0.151,3409.0,607.0
zhhBS3gO6qs,True,True,143.0,157,113,406082,249,5,46000,861,Neutral,8,60.07,9.14,9.96,9.52,1.529,0.083,0.621,0.1037344398340249,25.0,18.0,0.7222222222222222,0.52,False,0.1759999999999999,0.28,0.48,0.2,0.08,0.0,0.0,0.0,0.0,0.0,0.0,0.0,0.24,0.214,17.64,7.34,6.43,0.133,3.04,0.053,1457.0,242.0
zisvz4dbMfg,True,True,168.0,45,38,80,2,0,56400,1114,Neutral,2,80.29,5.97,8.34,8.1,1.307,0.053,0.529,0.0358974358974358,14.0,14.0,1.0,1.0,True,0.5428571428571429,0.5,0.0,0.1428571428571428,0.0,0.0,0.0,0.0,0.3571428571428571,0.0714285714285714,0.0,0.0,0.4285714285714285,0.172,13.72,6.58,5.14,0.072,2.85,0.168,1982.0,386.0
zjRDYdDlpiw,True,True,459.0,85,66,3307,33,0,135000,2612,Neutral,4,-1057.32,440.21,63.86,453.77,1.445,0.1,0.302,0.0973684210526315,111.0,89.0,0.8202247191011236,0.6576576576576577,True,0.5981981981981983,0.5045045045045045,0.018018018018018,0.027027027027027,0.3063063063063063,0.0,0.1621621621621621,0.0,0.018018018018018,0.036036036036036,0.0,0.0,0.4324324324324324,18.0,1147.0,0.0,18.0,0.984,9.89,0.115,6292.0,1140.0
zk2oTMxXMNU,True,True,191.0,92,67,123325,479,80,477000,4732,Neutral,16,64.88,7.92,10.4,9.76,1.499,0.109,0.453,0.0305164319248826,13.0,12.0,0.9166666666666666,0.8461538461538461,True,0.4615384615384617,0.4615384615384615,0.1538461538461538,0.0769230769230769,0.0769230769230769,0.0,0.0,0.2307692307692307,0.0769230769230769,0.0,0.0,0.0,0.3846153846153846,0.138,15.28,8.18,5.24,0.056,3.51,0.12,2535.0,434.0
zltJ2LZQb7s,True,False,42.0,0,0,77,2,0,16700,496,,0,-22.07,42.67,22.92,46.55,1.434,0.113,0.604,0.1851851851851851,20.0,16.0,0.875,0.7,False,0.1600000000000001,0.25,0.0,0.0,0.25,0.0,0.0,0.0,0.1,0.0,0.0,0.0,0.65,0.0,37.67,27.06,9.0,0.222,3.09,0.08,574.0,108.0
znkUgQVIBH4,True,True,392.0,80,62,13910,104,1,88900,1346,Neutral,3,-746.47,320.34,55.17,330.42,1.466,0.102,0.361,0.079136690647482,66.0,51.0,0.9019607843137256,0.696969696969697,True,0.4666666666666668,0.4242424242424242,0.0757575757575757,0.106060606060606,0.106060606060606,0.0,0.0,0.1212121212121212,0.0,0.1363636363636363,0.0,0.0,0.4545454545454545,2.0,424.0,144.25,23.0,0.641,9.05,0.114,4415.0,831.0
zoCLkLJHG1I,True,True,150.0,70,53,96,0,0,5490,571,Neutral,5,50.2,10.38,12.46,12.93,1.652,0.161,0.492,0.0066445182724252,2.0,2.0,1.0,1.0,True,0.8,1.0,0.0,0.0,0.0,0.0,0.0,0.0,0.0,0.0,0.0,0.0,1.0,0.278,17.0,7.27,6.28,0.08,3.02,0.075,1823.0,302.0
zqNTr084XTk,True,True,1468.0,107,81,286,6,0,15400,480,Neutral,5,-4307.15,1689.46,114.78,1734.77,1.419,0.088,0.161,0.0125886930647745,55.0,28.0,0.7142857142857143,0.3636363636363636,True,0.8,1.0,0.1818181818181818,0.2363636363636363,0.0545454545454545,0.0,0.0,0.2727272727272727,0.0181818181818181,0.0,0.0,0.0,0.2363636363636363,0.583,62.72,71.54,8.43,0.022,4.24,0.148,22904.0,4349.0
zqP3pJSM5T4,True,True,3405.0,129,91,325,1,0,24900,211,Neutral,6,-2791.19,1105.71,106.33,1136.03,1.48,0.115,0.159,0.0066889632107023,58.0,50.0,0.9,0.7758620689655172,True,0.8,1.0,0.0172413793103448,0.0,0.2758620689655172,0.0,0.0,0.0172413793103448,0.1724137931034483,0.0,0.0,0.0,0.5172413793103449,0.398,49.51,55.96,7.99,0.009,4.01,0.13,47333.0,8653.0
zrwWJL1iDug,True,True,268.0,40,32,908,5,1,47600,2491,Neutral,2,-497.77,222.8,56.11,231.2,1.562,0.152,0.36,0.1245614035087719,71.0,57.0,0.9298245614035088,0.7464788732394366,True,0.2647887323943663,0.3098591549295774,0.1690140845070422,0.0704225352112676,0.1971830985915492,0.0,0.0,0.1267605633802817,0.056338028169014,0.0985915492957746,0.0,0.0,0.2816901408450704,2.0,288.5,256.68,16.0,0.8,5.64,0.109,3233.0,568.0
zvpOkNknHVE,True,True,59.0,67,56,3361,31,2,3210,503,Neutral,4,39.39,12.7,13.93,14.27,1.741,0.18,0.647,0.0,0.0,0.0,0.0,0.0,False,0.0,0.0,0.0,0.0,0.0,0.0,0.0,0.0,0.0,0.0,0.0,0.0,0.0,0.0,21.14,14.75,6.71,0.0,3.18,0.047,937.0,144.0
zyMISooti_Y,True,False,203.0,0,0,1002,5,0,216000,5950,,0,-434.86,201.61,42.71,209.1,1.418,0.093,0.449,0.1393129770992366,73.0,65.0,0.9076923076923076,0.8082191780821918,True,0.2246575342465753,0.3013698630136986,0.0,0.0,0.2328767123287671,0.0,0.0,0.0136986301369863,0.0273972602739726,0.1095890410958904,0.0,0.0136986301369863,0.6027397260273972,0.222,59.22,68.49,8.0,0.199,4.58,0.148,2720.0,523.0
zzJbfyl9A5Y,True,True,153.0,117,88,938,10,0,5490,571,Neutral,6,71.05,7.65,9.62,8.17,1.398,0.075,0.4,0.0070588235294117,3.0,3.0,1.0,1.0,True,0.6666666666666667,0.6666666666666666,0.0,0.0,0.6666666666666666,0.0,0.0,0.0,0.0,0.0,0.0,0.0,0.3333333333333333,0.042,18.75,8.96,6.25,0.068,3.45,0.149,2389.0,422.0
