title,body_text
Fellow heart recipients - nasty smell and foul tasting snot?,"Been a minute since I posted here, but tomorrow marks exactly 3 months since I got a new heart in June! Things couldn't be going better, medically speaking. My tacro and prednisone are consistently being lowered, my test and biopsy results are all great, my team is super happy with how I'm doing. Not used to anything at all going this smoothly for me so I'm kinda waiting for that other shoe to drop. Anyway, since surgery, I've occasionally been smelling this really nasty scent. It's hard to describe, I can't really compare it to anything I've smelled before, but it's not chemically-smelling or anything. It's just gross, and with it my nose usually runs just a little bit too. When I can't blow it and have to just snort it back, it tastes chemically and almost burns a tiny bit going down. Right after surgery it was worse, any time I stood up it flooded my nose and just immediately started dripping. Now it only happens when I lie on my stomach or lean forward too far, but it's pretty consistent. They referred me to the ENT who gave me budesonide to use in a netti pot but it doesn't seem to be helping much (it's been weeks). None of my team seems all that concerned about it though, so I was just wondering if any of you have had something similar?"
How I found motivation as a transplant recipient: Hero-walks and their impact.,"I tried to leave this as a comment on a recent post about finding inspiration to keep going in tough times, but the word count escaped me and so I decided to make it a separate post! I'm a new poster on this subreddit/new to reddit, so please forgive any mistakes I might make. (Part 1. OUR SACRED DUTY) Im so glad you brought up gratitude and joy. Good job striving for that positive attitude. I know it can be difficult, but we owe it to our donors to honor their sacrifice by being kind and incredibly grateful everyday (and also joyous is a good goal too)! When I start feeling badly, I remember I owe it to my donor to be grateful and happy every hour of the rest of my life for my second chance. In a way, think of how lucky we are that we have someone to live for and keep going for (By living we are honoring out donors and their families, I hope). Most people when they are depressed, do not have that motivation. I think of how someone out there died, maybe horribly, maybe painfully. We will probably never know the specifics. All we know is they were most likely taken before their time, and tragically (since organ donation has to meet a very specific criteria, all while the donor is healthy enough to donate). And, in their dying breath, they/their family decided to sign off on donation. Have you ever seen that process? I have personally talked to people who have had loved ones pass away and be hero-donors, and they always say it is not an easy process. Imagine during one family's greatest period of grief, the donor still saved someone's life. What an incredible honor us recipients have to be the sacred vessel of such a donation, (I have talked to someone who lovingly referred to the person she donated to (her niece) as her ""kidney container."" But I have heard of being called ""sacred vessel/kidney container/heart container/lung container"" as recipients, and I love that as a new title 🥰). While the donor passes away, they still have to keep the body alive. This can often re-traumatize the family as they also might have to answer additional questions (remember, the patient is brain-dead, but the family is still answering questions while the body is kept alive. It's a sort of prolonged goodbye). For most donor families, this is the most difficult thing they will have to do in their entire time, to the point that many wish their loved ones were never organ donors. That long goodbye is so difficult. And we are now a part of that traumatization, forever. Through our own weakness, we are forever linked though trauma to a new family. Luckily, we have some ceremonies to help ease this transition. [https://youtube.com/shorts/0Le0pxG-gR8?si=Wcw9l-UmudEQTTbq](https://youtube.com/shorts/0Le0pxG-gR8?si=Wcw9l-UmudEQTTbq) [https://youtube.com/shorts/BCXAnJGJWrI?si=9Pq-boQWmkHOK7VK](https://youtube.com/shorts/BCXAnJGJWrI?si=9Pq-boQWmkHOK7VK) [https://youtu.be/pNZvGBm7kk8?si=hAEkfK\_uWGKNIF4A](https://youtu.be/pNZvGBm7kk8?si=hAEkfK_uWGKNIF4A) [https://youtube.com/shorts/W8sPYt7iWvo?si=x4FoETLL-A4ajDiM](https://youtube.com/shorts/W8sPYt7iWvo?si=x4FoETLL-A4ajDiM) [https://youtu.be/3q5ugWncrHM?si=iJDqlLCp3qhuIz3Y](https://youtu.be/3q5ugWncrHM?si=iJDqlLCp3qhuIz3Y) [https://youtu.be/C6lnSSF9XSA?si=D-9AjmhX1Jxt6hEc](https://youtu.be/C6lnSSF9XSA?si=D-9AjmhX1Jxt6hEc) [https://youtu.be/mlMh75eqFPA?si=ljhTA8ubWRVo5HgK](https://youtu.be/mlMh75eqFPA?si=ljhTA8ubWRVo5HgK) [https://youtu.be/MfK-n6OgrWE?si=T1rQX\_ZMcMg7PFMg](https://youtu.be/MfK-n6OgrWE?si=T1rQX_ZMcMg7PFMg) [https://youtu.be/phZ9JBhwQC4?si=RM7TCyHoHLQoeOkt](https://youtu.be/phZ9JBhwQC4?si=RM7TCyHoHLQoeOkt) [https://youtu.be/unjyOsQ0Wtk?si=K2MteRpoaCGeyDTk](https://youtu.be/unjyOsQ0Wtk?si=K2MteRpoaCGeyDTk) [https://youtu.be/fvSB4Iq2WEc?si=OxBgM151zTa\_GG8-](https://youtu.be/fvSB4Iq2WEc?si=OxBgM151zTa_GG8-) [https://youtu.be/\_DWa9RlWy\_M?si=RS3eVIJ1xt\_-KiBz](https://youtu.be/_DWa9RlWy_M?si=RS3eVIJ1xt_-KiBz) [https://youtu.be/L8qYwdgtq\_4?si=lbNnWJDj8O6FUThS](https://youtu.be/L8qYwdgtq_4?si=lbNnWJDj8O6FUThS) [https://youtu.be/QuXimC8f4OM?si=N3DyJ1ousvUAh0oj](https://youtu.be/QuXimC8f4OM?si=N3DyJ1ousvUAh0oj) (I have compiled a google doc of over 200+ donor walk videos, if anyone is interested, I can send the link for inspiration. Here is just a few examples you can see on the first few searches on YouTube. The list is ongoing and I watch a few almost everyday. If anyone finds a new one, I appreciate any DMs. Some of honor testimonies I have also found in written form in other websites like Facebook private groups). Here are some examples of hero-walks. They bring me to tears of gratitude and awe everytime. As an organ recipient, I recommend watching some of these videos as often as possible, to remind us of how lucky we truly are for our second chance. We can never repay the ultimate, greatest gift anyone can receive in the entire universe, in 1000 lifetimes. But we can honor their sacrifice. Hopefully the next time you are feeling in a rut, discouraged, or otherwise uninspired, watching these beautiful videos brings gratitude and joy back to your heart. And let us always remember that we are letting these people live on through organ donation. As long as we are alive, we are keeping these people's memories alive. How lucky we are to be sacred vessels. ❤️ (Also I must add, I said this was part 1. because it is heavily focused on deceased donors. However, I have thought deeply on, and have experience around live donors. If you want a part 2. Focused on the amazingness of being blessed with a live donor, you can comment below and I will write up a part 2. I apologize for this being so long, but this topic of gratitude and joy in the face of receiving a second chance in life makes me feel so passionate. I also feel extra gratitude after learning that deceased donation is still safe, and there are many safeguards protecting our donor-heroes. So also some relief in this comment!) Long live your organ, and good job on staying strong for your donor! You got this ❤️"
Liver transplant,"I have liver cancer. I have a current MELD score of 9. In 5 days I will have gone the 6 months to get the exception. My team has told me that due to the exception and a B blood type, I should be transplanted “ fairly quickly “. Anyone else been in this situation? If so how long before you were transplanted? I’m getting very nervous."
Insurance denied Prospera test,Is anyone else able to get this testing done? First time insurance has denied this.
Low chance of surviving surgery - looking for some positive stories,"Family member in ICU with liver failure, currently high up on the list but given a low chance of surviving the surgery (30/40%) apparently). Anyone had a similar situation and pull through?"
2-Year Anniversary - Navigating the marathon and the 'rut' of the new normal.,"​Hi everyone, ​I'm approaching my 2-year anniversary for my transplant, and I've been thinking a lot about the journey beyond the initial recovery. The new normal has settled in, and while I'm of course incredibly grateful every single day, I'm finding myself navigating the long-haul a little bit difficultly lately. ​It's the routine—the daily meds, the regular blood work, the constant mindfulness of diet, and the quiet worry about rejection. It can sometimes feel like a marathon, and honestly, it can feel like being stuck in a rut. ​I'm curious to hear how others have dealt with this. ​How do you cope with the feeling of being stuck in the routine of it all? ​When you feel that burnout, what helps you reconnect with the gratitude and joy of this second chance? ​What are the things that help boost your morale on tough days? ​Appreciate any insight you all can share. Thanks for being such a great community."
Emergency Surgery after Kidney transplant,TW: Mentions of Death So my cousin just had a kidney transplant 3 days ago and I woke up to my uncle saying that my cousin was slowly dying shortly after waking and that he was getting an emergency surgery. I am just hoping for some comfort or stories of survival in similar situations
Transplant Games,"I just learned about the Transplant Games. Have any of you competed? I am very interested in setting a goal for myself to compete next year in swimming. I used to be a competitive swimmer but am not yet allowed to get in a pool. I was told that at the six month mark I may be able to and that is coming up on October 20. I will see my transplant team on October 8, so I hope they give me the green light to get back to swimming!"
Steroids and Prednisone,I feel like this is a dumb question but why do some transplant recipients take prednisone indefinitely and others are weened off immediately after surgery? TYIA
"Homeopathy, can or not?","Hi ive been a kidney receiver since 2023, ive been wanting to ask, is there someone have taken any homeopathy medications after tx or have anyone asked their specialist if we can take any homeopathic medicine to ease symptoms of minor health issues or even symptoms from taking immune suppressants for too long?"
Pediatric case. CKD. Somewhat unknown cause (C3 Glomerulonephritis). Transplant potentially imminent.,Is this the best sub to ask questions as I navigate this process with my family? Suggestions welcome. Just finished the transplant evaluation at a well-known transplant center in the PNW.
Now there’s kidney disease,"My husband got some bad news today and I don’t know how to handle it. He had his heart transplant in December and his heart has been great. All the tests have been good, he completed cardiac rehab, everything. But his kidneys took a hit when he had his surgery, and he had to do dialysis a few times. They’ve been monitoring his levels and today diagnosed him with Stage 4 kidney disease with 26% kidney function. His levels have been steady but not improving. I don’t know what to do. This is hitting him hard and he’s already been through a lot. And I just feel lost. Has anyone else had to deal with kidney issues after transplant? And any ideas on how I can try to help him?"
"Dad just approved for liver transplant, meld of 43","Hi guys. My dad is currently suffering from alcoholic induced cirrhosis. We had a complicated relationship due to the alcohol, I hadn’t spoken to him in over 2 years when I got the call that he was hospitalized. It went from sepsis to full organ failure very rapidly. We had him life flighted from our local hospital to a transplant center and he just finished evaluation/was approved and listed because of his MELD being so high. He is currently on a ventilator and max doses of pressors. He still has high ammonia, edema pretty much all over his body, and is having bleeding they can’t seem to find/stop. He had two separate sepsis infections since being hospitalized over a month ago and his blood cultures finally just came back negative today. With all that being said, how long did it take you to get a liver if your meld was high? How was recovery? I want to be there to support him through all of this, to help make sure he maintains sobriety and be there for how difficult I know the recovery is bound to be. Is transplant a sure fire fix? Or will he still be in danger for a bit post transplant? I know a lot of this is questions for his team but I really wanted to hear from people that have been through it. Whether you were the patient or a family member. Any insight you have, I would love to hear how to best support him and what to expect. Thank you!"
Update & Question,"Hi all! I posted a while back that my mom received her liver transplant on June 19th of this year! She has been doing wonderful. We have had roughly no issues with recovery - it’s really been a blessed summer. She got her first MRI & CT scan since being in the hospital today. All bloodwork is perfect, and the liver is working perfectly - however, a 0.7cm lesion has popped up in liver segment 3. The doctors don’t seem too concerned, but will keep an eye on it in coming months (probably rescanning in 3 months or so). I was curious if anybody has had any experience with this? To my understanding, it could be absolutely nothing. But I can’t help but worry. Thanks so much in advance!"
Anyone Experience Cardiovascular Issues After COVID?,"Came down with Covid for first time last Monday (9/15/25). Took Paxlovid for five days. Last dose was on 9/19. Ever since I was diagnosed with Covid my heart rate has been in the 80’s, which is unusual for me as it’s normally in the low 60’s. Even when I’m asleep, my heart rate gets up to the 80’s. It really hasn’t gone below the 80’s since I was diagnosed. Has anyone else experienced high heart rates after Covid? I’ve already reached out to my PCP and transplant doctor."
Fever & vomiting after 3 months kidney transplant – anyone else experienced this?,"Hi everyone, I’m about 3 months post-kidney transplant and for the last 2 days I’ve been having fever and quite a lot of vomiting. My latest reports came out okay and my nephrologist said it’s just a viral fever. My BP was 116, pulse a bit on the higher side, but the vomiting is really bothering me. I’m just curious if anyone here has faced something similar around this stage post-transplant. Was it really just viral in your case? How long did it take for things to settle down? For now going to nephrologist see how things work. Any experiences or tips would be really helpful. Thank you so much."
"Getting my medical id as a tattoo, what do you guys put on your bracelets, etc?",I was planning on simply putting “heart transplant. Immunocompromised” what do you guys put on your bracelets?
Feeling cold?,"Anyone else constantly cold. I'm 2 months post transplant 37f who used to be warm and able to regulate temperature well. Now, I seem to always be cold no matter what. To give an example, I live in Texas with highs of 91F (32C) and I wear a jacket constantly. Could it be meds?"
I’ve got CAV (oh well lol),"Found out over the summer, just accepted it recently. I’m just about 8 years out now (heart transplant at age 11) and these have been the best years of my life! I knew my life would never be normal by any stretch of the imagination, but it never really hit that I will not die of old age. Vasculopathy though, that hit hard. I’ve recovered emotionally at this point but the realization that, odds are, I will need another transplant before I leave college is just so hard to tackle. I’ve done it before, I can do it again, but can I do this every 8 years for the rest of my life? I don’t know, but what I do know is that, since finding out, I’ve lived the happiest and carefree ever since then! There’s solace in knowing the clock has been shaved down. It could be a lot worse, but even if I don’t have just 10 years left I want to make it worthwhile! Sorry, just needed to vent a bit. I talk about this kind of thing a lot with anyone who will listen (I’m very open about it) and it’s just nice to dump it with people who can vaguely relate :)"
I’m feeling overwhelmed,"The last few weeks, I’ve truly been trying my best but I feel like I’m falling down a hill. It’s not a massive drop down, that I can’t get back out of. It’s just this big ass fucking hill that I can’t seem to get my footing on, or anytime I do, I slip, hit my head, and roll down more. I am just so exhausted about things in my life. I have an infinite amount of concerns, I have an infinite amount of anxiety, stress, and 37 year of extreme abuse and trauma. Where anytime I feel like I’m making headway into putting that stuff behind me, trying to grow, move on, or whatever. It’s like someone turned a memory into a Beanbag, put it into a beanbag launcher and just show me in the head with it. I feel beyond useless. I’m just a worthless dick, who, let’s be honest, doesn’t deserve to keep living over so many other people who are/were objectively better than me. I feel like a coward. I have three things in my life that are pretty much the only reason I keep going(outside of a fundamental law that I came up with in my head when I was a child). My wife, my dog, and recently, my 8 year old nephew. And I don’t know how long I’ll be able to keep my nephew in my life. Thanks to my wife’s parents(in-laws), they started this whole war bullshit for me, for some reason, and we haven’t spoken to them since February. My sister-In-law lives in their house with her daughter(18 year old and my niece in law), and her son, the awesome 8 year old who looks up to me like I’m his dad. I’ve even had people say things like “You and your dad have the same energy” “Is this your son?” “Is this your dad?” And that just makes me so happy. But his shitty ass sister(the niece) hates me for some reason, and her hatred for me is being stoked by her grandmas(mother in law) hatred for me. They’ve always been this passive aggressive rude to me since I met them but I always just tried to play it off, they act like they have this hard life, how my MIL isn’t “like other women” and “has no problem telling it like it is” and other dumb fucking boomer phrases. When they know the kind of horrible and abusive life I had. I’m stressed about that, I’m stressed about my own body, all the fucking time. I just keep thinking that some new and awful thing is going to happen. I’ve had my broken spine for 20 months now, and I honestly don’t know when I’ll be getting the spinal surgery that should fix it. Trying to even get a “1-6 month” type of time frame has been impossible. Then, there is the issue of money. I don’t qualify for any sort of government assistance of literally any kind. My own mother hates me so much that just last Friday, she gave my piece of shit brother 4,000 dollars for Magic the gathering cards, but if I were to ask for 5 dollars, she sends me photos of “bills” that are past due, then guilts me about how she’s about to homeless and how close she is to killing herself. I haven’t had a decent night sleep since I broke my back. I can’t get proper pain meds because all they want to see is a semi healthy looking man asking for pain meds(which I just say I want the pain to stop and have been doing my hardest to get this fucking surgery). My wife has medical issues, which I’m constantly scared for her about. I actively cause myself pain problems so I can just feel less like a burden, and yes, I know, my wife doesn’t see me like that and I know I’m not but try telling that to my asshole of a brain. I miss going for 2-5 hour walks, I miss my job, I miss playing video games. I miss the people I thought of as friends(that was more ignorance on my part. They were actually really awful people who took massive advantage of my kindness, and thankfully, my wife really made me see that. Well, her and cancer. It’s funny what some terminal cancer will reveal in people) I miss being this fun, dorky, goofball. I always tried my best to make others smiles. I’ve gotten to the point where I just feel wrong being alive. That with every new year, some new info hits me, or some new incident happens. I spent my life being told I would never live beyond 25. At 22 I was in a 10 day coma, where I should have died. I should have died during my double lung transplant. I should have died during stage 4 cancer, and I should have died atleast another 20 different times. I never expected to live this long. I never expected to have a wife, a house, or anything that brings me happiness. Christ. I’m 15 years post double lung transplant. I’m 7 years remission of stage 4 lymphoma. I PLANNED MY OWN FUNERAL. Christ, my own mother, when I was 15, made me sign over the trust fund my grandpa left for me because “you’re not going to live long enough to even use it”, and so much more. I’m just exhausted. And most importantly, I have never, am not, and will fucking never harm myself or anything of the sort. When I was young, after seeing enough friends die of Cystic Fibrosis, I made a law in my head that I will never give up or harm myself. That no matter how rough it gets, I will live out every single fucking day. After my Transplant, that law became a cosmically universal truth. To do anything that would ever put my lungs in danger. It would be nothing but pure disrespect not just to my donor, but to his wife and kids. So yeah. Not looking for pity or sympathy, I just wanted to get some words off my chest, I guess. I don’t know. Like I said, I just feel like I’m rolling down a hill."
Advice for living with immunocompromised partner and roommate,"Hello transplant community! I could use any and all advice. My current situation is me (34 F) living with my pre kidney transplant partner (33 M) as well as my post kidney transplant roommate (37 F) and her son (16 M). A couple things I work in child care and want to be respectful and effective in limiting germs/ exposure to germs. I have a skin condition that doesn't allow me to take daily showers. At least not hot ones. Is hand washing when I get home enough? So please chime in if you have insight on any of the following - If I come into work and there's is a sick kiddo I currently isolate in mine and my partners room. Post transplant for my partner this won't work. We don't have a guest room. Should I stay at my mother's in that case? It would suck constantly not being able to be in my home bc of a cold but I'm willing to make that sacrifice for my partner. Do I stay at my mother's at the first sign of exposure or just if I personally have symptoms? - advice on helping someone post transplant. Current recovery plan is for him to spend time at his parents recovery post surgery and then return home. - decontaminating the house before he returns. - we have cats and I know I will the poop scooper for the rest of our lives. - should I be carrying hand sanitizer with me everywhere? I'm pretty good about washing my hands. - my current routine is to enter the house, remove shoes, wash hands and then live normally. Should I also be doing a complete change of clothes? Are the dirty clothes in the hamper an issue, do I need to wash the clothing daily? - what changes do you make when you've been exposed to sickness or feel sick? - where could I find a support group for partners/family of those needing a transplant? -Also an advice in general to support my partner pre, during and post transplant! I'm terrified of adversely affecting my loved ones but don't want to feel on edge and would like some advice so I can relax in my home Thanks so much!"
Donor appreciation post,"My uncle just got out of surgery to have is lungs replaced after a battle with pulmonary fibrosis that we were certain was going to take him from us only a few short months ago. We got the call Friday and got the go ahead from surgery early Saturday after the donor was taken off life support. He went in for 13 grueling, nerve wracking hours and after some initial recovery and oxygen weaning is having his tube pulled today. Assuming everything goes well he will be woken up fully later today. Doctor says he is “progressing exceptionally well.” Surgeons say existing lungs, were in even more rough shape than originally thought, and that if we had to wait much longer, he might not have made been well enough to survive the surgery. There’s still obviously a long road of recovery ahead, but our family is breathing a massive sigh of relief. Especially considering that my other uncle had also been diagnosed with the same pulmonary fibrosis shortly before Covid, which ultimately took him from us. I want to just take a moment to thank the donor and their family. As well as all donors and their families. The donor had suffered from a brain tumor(glioblastoma) and was given less than a year to live. In a horrific moment of staring down your own mortality, you decided that you wanted to do something beautiful and impact the lives of others. To give the gift of life in a moment of loss. We will never stop thanking you."
In need of mental support for family support,"Hi everyone, I’m just looking to vent with people going through similar situations. My husband had a liver transplant in March of this year (reason for transplant was recurrent cholangitis d/t biliary atresia). He is only 34 years old and is very healthy besides this. In addition, I am currently 32 weeks pregnant and stressed. Overall his liver function was well, but he kept getting infections every week breaking through prophylactic antibiotics. His quality of life was so poor and it was time for a transplant according to his doctors. He was recovering well until 3 months post transplant, and then we ran into fevers, N/V, RUQ pain again. After a few weeks of attempted antibiotics, he ended up with another open procedure through his chevron incision where they lengthened his roux limb from his Kasai and in addition found a mucocele from his donors remnant bile duct. We had hope that one of these issues would fix the problem. Now we’re running into infection again. Today being the second time since his surgery in July. I’m tired of the constant sickness. I’m scared they wont be able to find the problem and this is just gonna lead us into poor quality of life again. I want my husband to be able to enjoy his baby and be the amazing father he already is. I fear they’ll open him again and “fix” a problem but then it will bring us right back to where we are. At this point I just need to vent and look for validation and words for hope. Thanks for listening ❤️"
Medicare Part B required for Kidney Transplant?,"Hello everyone. I could really use some help. I’ve made it through all of my work up for transplant and they are almost done with my donor as well. However, the hospital I’m working with told me they won’t proceed with my transplant without Medicare part B coverage. I had coverage but lost it last year due to miscommunication between my clinic social worker. I’ve been going through this hellish reinstatement process but I don’t have the 2K needed for reinstatement. Is it common for hospitals to require Medicare Part B before transplant? Is this based on what state you on are in? Please forgive my lack of knowledge. I’m only 29 and this has all been very confusing trying to navigate all of this. Please be nice 😩 I do currently have insurance coverage with my job."
Post transplant exercise,"Hey guys, I posted here a few days ago about things they don't warn you about post transplant. Today I'm a week post op and here to pick your brains again. I wanna use my recovery time to also work on good exercise and diet plans as to better my health and hopefully prolong the life of the transplant. I've started with going on walks, I can tolerate about half a mile so far, but I want to know what else I can do in these early stages to help build strength while I recover."
Any Heart Tx patients who have given birth?,"Hey all, Today is the 14th anniversary of my heart transplant! I am so grateful to be at this point in my life. I’m also getting married in less than 2 months so I guess you can say I’m in a pretty good mindset. My last transplant appointment was back in August and everything looks great, but I was actually surprised by my doctor bringing up pregnancy to me. In my early days post transplant, I was basically told I would never experience pregnancy or childbirth and it’s been something I’ve mourned and struggled with. So you can imagine my surprise when my doctor told me it wasn’t out of the question at all and that I’d need to switch medicines and have the transplant team involved in the process, but they’ve had about 50+ babies born recently. Obviously I’m currently more concerned about my upcoming wedding at the moment but I am hoping to learn more about what the process would be for me and what the risks are. I plan to ask my doctors at my next appointment in February, but wanted to see if anyone has had any experience with it themselves. Any insight would be so very appreciated!"
Costa Rica vs USA for liver transplant,My friend is a US citizen living in Costa Rica and needs a liver transplant. Which country do you think offers the best option?
Immunotherapy Post Kidney Transplant,Hi everyone! My husband received a kidney transplant 13 years ago but the meds have now led to him having squamous cell carcinoma of the lip and jaw that metastasized to the lymph nodes. He’s had radical surgery on his lip and now had his lymph nodes removed but they found more inside his mouth. The oncologist says the best treatment would be immunotherapy but he can’t have it due to the transplant drugs he’s currently taking. Anybody here by chance been able to have immunotherapy and not lose the kidney? Or similar cancer?
Big spike in Cyclosporine levels. Doctor is asking about how “true” is my 12-hour trough between doses. Am I missing something?,"I’m two years, four months out from a double-lung tx. I was just in for my quarterly after noticing a reduction in my ability to take a full breath. The only real treatment I received was a thoracentesis, which resulted in more stable oxygenation levels, though the feeling of not being able to take a deep breath has not gone away. My lab work was mostly stable, but my Cyclosporine levels were above 400. My goal has always been 150 to 200, though a recent drop was allowed due to my recently removed melanoma. But then this unexplained jump to above 400, when nothing like this has ever happened before. I am very conscientious about my meds taking. I make allowances when traveling across time zones (as I do for my quarterly, out-of-state visits to my transplant team), adding or subtracting anywhere from 15 to 30 minutes between 12-hour med sessions in order to maintain workable meds sessions when arriving at my team’s locale, or back home. Never an issue. Now, with this jump into “abnormal” levels, which my doctor termed “toxic”, I’m asked if I had a “true” 12 hour trough between doses. Indeed, I did. I make it a point to be fully acclimated upon arrival in a new time zone by a day or two before lab work. Have any of you experienced such a spike? Was it due to a 12-hour trough being less than “true”? Would a compressed trough of, say, 11.75 - 11.50 hours account for this large spike?"
Weekly Meds,Just finished my weekly meds. 5 months post transplant today! I finally feel like I have the meds process down. I’m sure others of you can relate! Have a great day/night (depending on where you are)!
Male fertility issues post transplant,"I had my Kidney transplant in 2016. I am doing healthy otherwise. I am taking mycophenolate (Cellcept) and tacrolimus (Pangraf) for immunosuppression, and I take blood pressure medicines (Clonidine, Metoprolol, and Cilnidipine) for managing high blood pressure. I have been married for more than a year, and my wife and I have been trying for two months. We have not conceived yet, and it is creating a lot of anxiety for both of us. I had asked my Nephrologist, and they said there's no strong evidence of male fertility-related disorders because of these medicines. Since most of the anecdotes we get are from healthy people who manage to conceive on their first or second try, this creates a lot more stress. I was not aware of the possibility of issues, and it breaks me to put my wife through this. **If you have experienced this, please share your pregnancy journey so that we can gather more anecdotal experiences.**"
Multiple issues the first year post transplant,"Hi all, first off, sorry for the long post but I just need a little bit of support from our community. I’m coming up on my one year kidney anniversary and overall, I feel fantastic. Hooray!! 🥳 I’m also not missing dialysis. That was an experience. Yuck. I have however had a bunch of issues since my transplant that I’ve listed below. I’ve been told that all of these issues are normal after a transplant but I’m curious if things get better after year one? Here’s my issues list: 1. Small hydrocele in my scrotum a week after transplant - painful but did require surgery. 2. Developed a DVT throughout my entire right leg 5 months post transplant. The pain was brutal for three weeks because it wasn’t caught early enough. I’m now on Eliquis for life. 3. Had three bouts of CMV which were detected through blood work so no symptoms (thank goodness). Took Valcyte which wiped out the CMV viral load but also wiped out my WBCs. I therefore needed Granix injections to get the WBCs back up. 4. I was switched to Prevymis after the third CMV viral load increase was detected in my labs. That got rid of of the CMV viral load while keeping my WBC count normal. I did however start getting a cold sore after stopping the Valcyte. The cold sore was treated successfully with Valtrex. 5. Last week I was diagnosed with a squamous cell carcinoma lesion on my scalp which is scheduled to be removed via MOHS later this week. By the way, I am diligent with using 40 spf zinc oxide sunblock, and wearing a hat. I never had skin cancer before my transplant but I heard many people develop skin cancer post transplant so although I’m sad, I’m not completely freaked out. 6. This morning I developed a tiny but painful sore on the side of my neck. I went to urgent care and the tiny painful sore was thought to possibly be the onset of shingles. I was told to start taking Valtrex again. If this was a shingles sore, I think I started the Valtrex early enough to avoid a painful outbreak. Time will tell but I’m hopeful. 🤞 I was told this all normal but it’s a bit depressing since I usually feel great with my new kidney Dolly (my ICU nurse and I named it). Thank goodness for Dolly. My question: Any chance I’ll get a smooth ride for more than just a month or two? I keep having to bump up my lab frequencies after each event and I’d like to give my arms a break from the weekly needle pokes. I still hate the needles. To end on a positive note, I am so THANKFUL for my new life and I would take these symptoms any day over dialysis. I also want to send a BIG THANKS to my deceased donor and his family. 😊 Lastly, thank you our Reddit community for your posts and your responses to our posts. I never used Reddit before my transplant and now it’s been a life saver."
Almost 4 months since heart transplant,"I (M50) had my transplant on June 2. Due to complications after I lost a lot of strength and ended up going to inpatient PT rehab for a couple weeks and finally came home at the end of August. One of the things I was looking forward to most was seeing my wife (F54) everyday, having coffee with her in the morning and going on weekend road trips like we used to. I went through with the surgery in the first place because I wanted us to have a chance at a long life together. Now I'm regretting that decision because she's almost never here. I am pretty sure she's in a relationship with her female pickleball partner. If she is then I truly want her to be happy. I wish she would tell me what's going on. I'm not going to ask her yet because I'm still somewhat weak and still recovering so I don't want to cause any additional stress. I'm just so lonely. Almost 3 years ago we moved to this state to be closer to her family. I have no family of my own and no local friends. I have a few friends in a neighboring state, about 3.5 hours away. I wish they would have visited me in the hospital but they never did. I never asked them to either, but I shouldn't have to, right?? Ok, venting over."
Relocating to Toronto for heart & liver transplant,It is for my husband. He has a fontan. He has been in the hospital (St Paul's) for weeks and we are waiting for approval... just looking to hear from anyone who's been in this situation. How did you manage relocation? Survival/recovery? We've met with a lot of heart specialists but very few liver. Thank you ❤️
Hi,I’ve been feeling very lonely in my transplant journey lately and I’m just looking for someone around my age who has been through heart struggles doesn’t even need to be a transplant to text call or play video games with I’m not sure if this is the right space I’m sorry if not
Tacro hair loss.,"Yo! So yall may or may not remember, but a couple months after my transplant I posted about how the Tacro had me looking like the wrestler R-Truth. So update nahmean, my body I guess adapted to the Tacro but once the Tacro finished having its way with me, I ended up looking like a shaolin monk with the half bald half hair thing going. So my hair has started growing back and I’m on the way to a full head of locs again. So my advice to the next person who is starting to lose hair because of Tacro, don’t fret like I did, there’s literally 2 options and either one you pick it’s all you. Either cut it to even it out or just invest in hats, hair tubes and wait it out"
Any kidney transplant recipients living in Canada?,"Hello, I’m almost 2 years post kidney transplant, living in the US. Of note is that I’m on belatacept, an every 28 day infusion medication, not tacrolimis or cyclosporine. We are thinking of leaving the US and going to Canada. It would be hard for us to afford T.O. Or Vancouver, but we could likely swing somewhere like Ottawa, further out Toronto, like maybe Kitchener or Hamilton…more of the secondary cities. My husband is a Canadian citizen but I am not, so would have to go through spousal immigration. What have your experiences been with Canadian Healthcare and your transplant center specifically? Any one in Canada doing belatacept?"
Inflammation around kidney,I am 2 years out today with my kidney transplant. Ever since last summer inflammation has gotten worse around my kidney. Going in for my third biopsy this week. Has anyone experienced inflammation? If so how was it treated? I don’t want to go back on steroids. Thanks
Recovery,"Update: Thanks everyone for your replies. Based on your advice (all viewpoints were helpful) I reached out to my community, and my stepmom is going to stay with me for about a month after I get home from the hospital and my SIL is going to help while I'm in the hospital. I also have a couple college friends that I can lean on if needed (they are across the country) and a few local mom friends that have offered help with rides and emotional support. I'm honestly surprised how many people are willing to help just in general - some know my husband and I are separating and some do not. But all are rallying or at least expressing interest too. This newish plan really doesn't conflict with what I told the social worker as we said my SIL would help me in the hospital and I'd have support when I got home (though we were vague on who the support would be). If all else fails, I have Uber, Instacart and two pups to keep me company. Much love to this transplant community - I don't wish this journey on anyone but glad we have each other nonetheless. \_\_\_\_\_\_\_\_\_\_\_\_\_\_\_\_\_\_\_\_\_\_ I will be listed for a heart transplant in about a month. My husband just told me last week he’s leaving me so I can’t count on his help with the surgery or recovery. My SIL has expressed she’ll help with the immediate recovery. But I worry about support in the weeks/months that will follow. I know every journey is different but I need some encouragement I can do this on my own. My kiddos are still young and I don’t want to burden them. My parents might help for a week. Bit it’s that day in and day out support for up to six months that I’m concerned with. My daughter had a transplant a few years ago and it took her about 12-18 months to get her groove back. Thanks for your advice! Edit: my kids are teenagers and one might be driving by the time I get the transplant. I don’t want to lean on them for emotional support but they will be able to care for themselves if their Dad doesn’t help. Also my husband (estranged spouse?) has stated he’s looking for a job where he’ll relocate so if he helps he’ll need to focus his attention on the kids."
Question: help?,"Hi, I am a caregiver for my father who had a total liver transplant (a little over a year) and he's had several issues. But one of the most interesting ones is his itching that flares up only at night. Has anyone else experienced it? I am wondering if it's due to one of the medicines, because the doctors said all his reports and functions are fine. Even they can't zero in on what might be causing it."
Career/education planning and possible transplantation,"I’m normally very tight-lipped about my health so posting this on my semi-anonymous Reddit account takes a bit of courage butttt I’m a 21M with congenital renal hypoplasia both my kidneys are much smaller than they should be and as a result don’t perform as well as they should (eGFR: 26ish?). Since I was diagnosed at 15 I’ve seen a nephrologist about every 6 months usually with an attitude of “if” I have to get a transplant later in adulthood. My eGFR slowly ticked down from 37ish when I was 16 years old to around 26 now. I write all of this to say I’m at the point in my life where I’m finishing my last year of college and for the past couple of years I’ve planned to take a gap year (partially to see where my health is at) before going back for law school. But now today after seeing my eGFR tick down again I feel like I should pause and put my life on hold for lack of a better term. Part of me just wants to wait for my health to reach a point where I need a transplant before starting school and potentially not being able to finish it. I’m unsure of what to do and really wish I had some advice from people who have been through something like this. I don’t know anyone and feel so alone in this sometimes, it’s isolating having to see doctors for this and worry about everything while my friends have no idea."
YSK: Many of the questions asked here can be answered on the Power2Save site,[https://www.myast.org/power2save](https://www.myast.org/power2save) is an initiative developed by the American Society of Transplantation (AST) dedicated to education and information for the transplant community. Under Patient Resoucres -> Education there are information sheets on many topics \- cannabis [https://www.myast.org/resources?keywords=cannabis](https://www.myast.org/resources?keywords=cannabis) \- travel [https://www.myast.org/resources?keywords=travel](https://www.myast.org/resources?keywords=travel) \- vaccination [https://www.myast.org/resources?keywords=vaccin](https://www.myast.org/resources?keywords=vaccin) Power2Save also has toolkits \- caregiver [https://www.myast.org/caregiver-toolkit](https://www.myast.org/caregiver-toolkit) \- living kidney donor [https://www.livingdonortoolkit.com/medical-toolkit](https://www.livingdonortoolkit.com/medical-toolkit) \- living liver donor [https://www.livingdonortoolkit.com/living-liver-medical-toolkit](https://www.livingdonortoolkit.com/living-liver-medical-toolkit) \- financial aspects of living donation [https://www.livingdonortoolkit.com/financial-toolkit](https://www.livingdonortoolkit.com/financial-toolkit)
Down to Tac!,"I’m so thrilled that with my latest blood results I’m officially down to just tacro twice a day med wise. Prednisone and Valcyte were the last to go! It’s also my 6 month anniversary coming up and I’m just wrapping up my nearly second month of being back to work. I’m so happy it freaks me out. I just think back to the first few weeks post surgery and how depressed and listless I was and now it’s like A whole new better world. Transplants are wild y’all, but in my experience my lows have been worth it to end up here. Take care of yourselves and have a happy weekend!!!"
Dropping Gabapentin / withdrawal,"Hey all! I had a double lung transplant in February, I've been on Gabapentin since, starting with 3x a day, then 2x a day, then only at night. I had a clinic visit on Wednesday and we decided to try and kick the gab since I haven't been having any pain. Today I'm feeling a bit agitated and really tired, like I could sleep all day. Anyone else experience this coming off Gabapentin? If it persists, I'll contact my team. No other symptoms for any other illness- no fever, sweats, chills, nausea. Just tired with not much of an appetite. Thanks in advance."
I am I the only one?,Most of the time the only reason I know the day of the week is from my med holder.
Néphrectomie,J’ai donné un rein à mon frère il y a 4 mois j’ai toujours des douleurs au site d’intervention est-ce normal ? Merci pour vos expériences
Heart transplant,"Hey everyone, First time posting here, so I hope this is the right place. My older sister had a heart transplant about 15 years ago, and lately she’s been feeling a little alone in her experiences. She’s not looking for a therapist, more just a friend who gets what she’s been through. Her doctor recently told her that her heart will probably only last around 30 years, which was really tough to hear. I’d love to help her find someone she can connect with about stuff like this. She’s a super happy, creative person who lives with her girlfriend and their three cats, and she’s also an amazing graphic designer. If you’re a transplant recipient, around her age(30), and share similar interests, please reach out — I’d love to connect you two. Thanks so much!"
Suddenly Very Red Face with Alcohol,"My transplant happened this May and I am on a huge amount of the standard medication, but is there any reason my face is turning hot and bright red now after (1) drink of alcohol. I know we are meant to avoid it, but this is a once-in-a-while kind of thing. Do the common transplant meds cause this? Or am I now just allergic to alcohol?"
LFT suddenly deranged,"It's almost been 6 months post transplant and my father's LFT shot up suddenly, his LFT was fine last month, his SGPT- 232, OT- 196, Bilirubin total- 1.14, Bilirubin direct 0.46 and alkaline phosphatase- 925, his cholesterol also shot up to 325. Can somebody help me understand this. I already contacted transplant team going to meet them tomorrow."
Transplant patients needed for doctor training,"Hey guys if any of you are interested in helping train doctors, I am looking for transplant patients to come along to a training day in London! If you are interested do let me know. Myself and the docs would be very grateful :) [Patient recruitment form ](https://forms.gle/LZdQiAN45Yb36XEy9)"
HHS to Close University of Miami Life Alliance Organ Recovery Agency,"https://www.hhs.gov/press-room/hhs-decertifies-miami-organ-agency-reforms-transplant-system.html Scary times we’re living in. No idea how this is going to affect transplant systems. Looks like this program is on the smaller side, but still significant nonetheless, especially for those living in south FL."
"7 month post kidney transplant. I am 35kg, diagnosed diabetes after tranplant. My iga is back after 6 month.","I don't know what I can eat. Diagnosed iga 28, started dialysis after 5 month and transplant after 2 years. My sugar level will hit 20-22 after lunch and back to less than 10 before dinner. I lost 10kg after dialysis and my weight never get back after transplant. I don't know what to do. I don't know what I can eat. I did biopsy last month coz my creatinine is around 150. I have no idea anything I can really eat and increase my wait. Another dialysis might make my weight drop again! 5 feets height and 35kg now."
I'm going to be a living living donor,"My dad has a liver cancer stage 1. He is my everything and i can never let him die so i must do it, my question is"" does anyone experienced this amount of fear and anxiety before surgery will this be worthy? Or it will be so manageable for the pain and recovery if i follow the guides. I feel okay about fatigue. I won't work or life any heavy things before 6 months...I'm welling to do all that but i just don't know how would i feel after i wake up or during anesthesia that's what scares me will i wake up screaming or having terrible pain? Or i wake up feeling weak and the pain goes up. My procedure is open incision. And is the pain from that incision like you don't literally feel there's apart of your liver taken because many people say pain will be very delighted after the first 3 days and manageable at the first 3 day with IV opioids... forgive me if i ask too much but i need positive and true feedbacks only and any recommendations and advices you would add much appreciated!"
Driving after transplant,I’m aware that different hospitals & different countries all have differing protocols. My hospital says I cannot drive post transplant for 3 months - it can be shortened to six months if I’m not on too much pain relief medication & am healing well. Six weeks is the minimum after major abdominal surgery. What were your hospitals rules & your experience post-op?
How can I donate a kidney to a stranger?,"Hi, everyone! I am a 32 year old non-binary individual (AFAB), 5’5” 98 lb. if that matters. At some point in my life, I would really like to donate one of my kidneys to a stranger (or someone I know, though I don’t know anybody currently in need). Does anybody here know how I would initiate that process? And if anybody has donated a kidney, could you tell me more about the process, the recovery and your experience? I am not afraid of surgery or the pain. There are so many people out there who need a new kidney to survive, and I have an extra. I honestly can’t imagine NOT donating one. It seems selfish. Thank you in advance! Edit: I am in MN, USA if that helps"
Speculation from DC about upcoming Thursday HHS news conference,"HHS is being very tight lipped about the announcement tomorrow but there is speculation that Secretary Kennedy will announce a one month restriction on ALL DCD donation in the country. If true, when you look up the monthly stats, the restriction would lead to about 1000 fewer transplants over the 30 days, resulting - over time - in an additional 1000 deaths on the wait list. It is difficulty to believe that this could actually be true but DC insiders are saying it is under very serious consideration and that politics is 100% leading the train and transplant professionals have no say. Certain actors within the HHS orbit believe there is great political mileage in the ""defending the sanctity of life"" message and can't be dissuaded. Recall that DCD occurs after a patient dies following removal from a ventilator when the family decides it is what they want. There are people at HHS and congress who strongly object to ""giving up on human life"" even when further treatment is futile. Apparently they blame donation for family decisions allowing loved ones to pass away off a vent. Let's hope cooler heads prevail over the next 13 hours. Fingers crossed it is something much less drastic. UPDATE at 9:45AM ... latest word is that a moratorium has been removed from the announcements. This is very, very good news. UPDATE again ... word is that the organ recovery group in Miami will be decertified."
Favorite pillbox for life post kidney transplant?,"I’d like to get a new pill box as a gift for someone who is having a kidney transplant next month. Ease of use is paramount, if it looks cool that would be a welcome bonus. What should I be looking for? How big? Size? Shape? Specific details to be aware of? Thank you!"
Live liver donor questions,"Hello, as of recently, my mom got liver cancer and it seems that I may be the most likely candidate to be a live liver donor for her. I wanted to ask about what the process is like in becoming a donor and how the recovery is, if there are any potential factors (within my control) that could prevent me from being a donor. Any advice or information would be super helpful!"
TRT post transplant,Does anyone on here participate in TRT post transplant? I am starting on Monday. I am 15 years out. My dosage is 60mg/week. 2 doses of 30mg x2/week.
Considering Living Liver Donation (UK),"My mum may be in need of a liver donation, and I know we are matched by blood type, so I am considering donating my own. I’m curious what people’s experiences are with donating, especially in the UK. I read that you have to self-inject blood thinners post-discharge. Are these the epi-pen like injectors or a full-on syringe and needle situation? I have a phobia of needles so that may take some adjustment… I see multiple types of incisions used online, does anyone know what is the standard in the NHS? Has scarring affected your body image? I am not so concerned about the risks to my own health or recovery times (my situation makes these relatively easy to cope with), but I do wonder how this could affect my family dynamic. I see the risks to live donors aren’t insignificant so any advice on how to have a conversation around this with my siblings would be appreciated. I worry that if I am the only one in the position to be able to donate, it could cause pressure on me. Are there any things you wish you knew beforehand that aren’t in the NHS leaflets? Finally, I think all of you who have donated are amazing! My friends and I have had hypothetical conversations around would we donate before and it always seemed like an easy yes to me, but now I’m seeing first hand everything that has to be considered and emotional weight of the decision, I have so much respect for you all."
New Kidney,"Hey everyone, just got my kidney transplant Monday afternoon, after waiting a little over 6 years. What are some things I should expect about recovery that the hospital doesn't typically warn you about."
Magnesium Supplement Advice on Sacrifice,"My dad is on Tacrolimus. 1 mg, one in morning one at night. He always has low magnesium. The range is 1.7-2.4 He's always at 1.2. But recently he started having digestive issues and started taking Prilosec, a Proton pump inhibitor. So it's now 1.09 - this is after taking 2 magnesium oxides and 2 magnesium glycinates a day. He takes his magnesium when he takes his Tacrolimus. Is that OK or bad? I just can't imagine giving him more magnesium. He's already on so many meds. Any other brands, types of magnesium, or dosing schedule works better for absorption for any of you? Would appreciate any advice. Thank you so much."
Follow Your Dreams,"Hi, beginning my 35th year post heart and lung transplant and I'm just finishing my IT career to start... farming! I also turn 50 in a few months' time. Now, if they'd only told me when I was 15 this would be the case I'd have started a pension, and not done so much drugs and partying! Hehe. I'm documenting some of it on a YouTube, where I will bang on about farming mostly but also health and holistic living a bit. [https://www.youtube.com/watch?v=QKw\_Au88vI8](https://www.youtube.com/watch?v=QKw_Au88vI8) I thought some of you might be inspired. Cheers, Myles"
Uh oh.... Press conference on Thursday - HHS to Announce Organ Procurement Oversight Reforms,"Nothing good will come from this....... the Feds have backed themselves into a corner. They have been lying to the NYTs and Congress about all these supposed safety issues and now that they have damaged the reputation of the system so much, they are forced to ""do something"". And that ""something"" will, invariably, be stupid and destructive. WASHINGTON—SEPTEMBER 16, 2025— The U.S. Department of Health and Human Services will announce significant action as part of its reform initiative to strengthen accountability, enhance transparency, and restore trust in the nation’s organ transplant system. SPEAKERS: Health and Human Services Secretary Robert F. Kennedy, Jr. Health and Human Services Deputy Secretary Jim O’Neill Centers for Medicare & Medicaid Services Administrator Dr. Mehmet Oz Health Resources and Services Administration Administrator Thomas Engels WHEN: Thursday, September 18 at 10 a.m. ET (Media members should arrive at 9 a.m. and no later than 9:30 a.m.)"
Female Recipients Having Kids,"Hi, i am a female, 28 liver transplant recipient. I received my transplant in 2010, so a little over 15 years ago now. Has anyone in this group had kids in this group? Naturally? I saw a post in this chat and men were responding but i am looking to see if any girls have had them naturally and hear about their experiences or any possible complications they experienced. Also, women any other routes you have taken to have a family or resources you have I would love to hear about. I would love to have kids but also don’t want it to affect my health because what is the point of taking that risk if it is affects my ability to be around for them."
Longterm Tacrolimus Usage,"It feels weird reading about the side effects of tacro from others ! In an eye opening way. I was raised by a single dad who neglected my sister and I in varying ways. So I grew up not realizing what exactly my medical condition meant. I have been on varying dosages of just tacro all my life (liver transplant at 8 months old). I'm 24 now. I take just 4mg of tacrolimus a day. I've been slowly learning more about my medical history though, and I was wondering if tacro also increases blood glucose levels? I've been struggling to lose weight since 16, always have been chubby since being alive lol, definitely because of diet and lifestyle, but now that I have that figured out as an adult I'm wondering if my tacro and nexplanon are the reasons it's been so difficult. Since I've read both increase blood glucose levels in some fashion. Also wondering about headaches, depressive ruts, low energy are symptoms. Trouble falling asleep, feeling exhausted some days despite getting 8 hours, or going through phases where I can sleep throughout the day ontop of nighttime. I realize I've always had these issues but never really dealt with it."
Kasai Procedure Possibly Exasperating Small Bowel Obstructions?,"Hello! I'm 24 years old. I had a Kasai procedure at 6 months old and then a liver transplant closer to 1 years old. I'm very healthy all things considering and have a low dose of tacrolimus. One major concern though that I had begun trying to pinpoint was this breakout flare-up type pain whenever I'd eat too fast, too much, and or high fat/sugar foods. It makes my scar feel very itchy, 8/10 sharp throbbing pain that radiates to the back, if without hydrocodone it will escalate to nausea, cols sweats, shallow breathing, etc. But stool will be normal the next day. It happens very rarely, and I saw a GI specialist and talked with my pcp with dead end results. (Pancreas is fine, colon/large intestine is fine, etc.) Recent ER visits with contrast CT scans show nothing the times I've gone during the pain. Well, earlier this year I got a hold of the hospital records of when it first ever happened (I was 12-13yrs old, pain lasted 3 days). They noted small bowel obstruction, though apparently a second hospital said it was possibly diverticulitis. Is it possible that scarring could make these obstructions worse? I don't think they'd go into my small intestine during the upper/lower colonospy right. I'll be bringing this up at my upcoming hepatology appointment, because it definitely could be something that becomes life threatening if it's damaging my intestine. Does anyone have this experience?"
White Counts,"I am almost (later this week) two years from my kidney transplant. I take Tacro (4/4) and CellCept (500 am/pm). My kidney numbers are terrific (below 1.0). However, for the past year my white count numbers have dropped to 2.0 or lower (neutrophils are low on the diff portion). I have been seeing a HemOnc, and I’ve had a flow cytometry (spelling) done, and no blasts were present. In that year, I’ve had a non-delightful romp with pneumonia and multiple UTIs (all treated with Levaquin, because I’m allergic to everything). The only strange coincidence to the drop in numbers is that I’m started Mounjaro (currently on 5mgs) for the post-transplant diabetes I left the hospital with. HemOnc says I’m over-immunosuppressed. BK negative (ditto on other odd viruses, like Hanta virus). So, my transplant folks reduced my CellCept to 250mg am/pm. Did that for 2 weeks, and I’m no longer constantly sniffling, no more gastro issues, and I feel amazing. Did an MPA timed test and my levels came back at 27 (goal was 30-60). 13-years ago, I had a non-delightful little romp with cancer, and did chemo and radiation (lots of both). I trust my team bunches and know they’ll get back to me with a plan….I’m just wondering if I can assume that plan is going to include a bone marrow biopsy and going back to a higher dose of CellCept and alllll the gastrointestinal delights that will bring? Anyone had a low white count for a reason that isn’t cancer’y or leukemia? Is there another immunosuppressant out there than won’t crater my white count? Again, will absolutely do whatever my team wants….just looking for any advice or some “me too’s”"
"Tested Positive for Covid, first time",Woke up feeling really bad and my temperature was 100 and my heart rate was in the 80’s (normally low 60’s). Called transplant team and they told me to take a covid test and it was positive. Waiting for the Paxlovid to make it to the pharmacy. Ugh. How was your experience having Covid? Did you lose kidney function?
"Scared, unsure and need some support with possible third tx and dialysis","Hey everyone. I am 22 years post liver transplant, and 12 years post double lung. For Cystic fibrosis. Now, my kidneys aren't great and are at 15-20%. I am seeing the specialist in Late September/October. I am very scared and don't know what to do, I don't know if I even qualify for a third. I am 35 years old. Have a loving partner of 10 years, a supportive family and friends. I am just so scared of dialysis, and reading about it all brings up my PTSD, of medical trauma etc. I do not know much about kidneys or Dialysis or the different kinds. Can someone give some.pointers or explain it better, just give something to make me calm my nerves a bit? Thank you, regards Gemma."
creatinine rising again after rejection treatment,"Hi everyone I received rejection treatment of high dose steroids for 3 days 1 month back. The before treatment creatinine was 1.8-1.9 Post rejection treatment it slowly fell to 1.4-1.5 Now it has again increased to 1.7 today. Because of a wound at the transplant site, team has decided to postpone the biopsy stating it could be a risky thing to do. Now I'm left waiting for the wound to heal and rising creatinine side by side. Did anyone else face something similar, please share."
"How far is ""close to the hospital?""","My mother in law is having her liver transplant tomorrow! My in laws aren't great with medical details and hadn't thought about any logistics at all. So I'm trying to help. I am reading that they need to stay ""near the hospital"" for some period of time after the surgery (1-3 months). They live 2 hours from the hospital (if the traffic isn't bad). Is that close enough or should we be looking for long term housing for them right in the city where they transplant is being done. Thanks so much for all the info!"
Liver Transplant Waitlist,"I am 48 yrs old and currently on the liver transplant waitlist… I was listed with a MELD score of 25… I just wanted to reach out to see if anyone could share their liver transplant journey… I was listed in Dec 2024 and I have had two offers that unfortunately did not work out… Which was devastating… So, I’m still currently waiting for the call… I would appreciate any advice and/or suggestions… Thank You So Much!!!!!"
Have a cold,"I’m new to posting here, as my mother is now 10 months post liver transplant. She’s doing really well. I, however, have contracted a cold. I live with my mom so I’m really worried for her. What should I be doing to keep my mom safe? And any stories about being okay after getting a cold post transplant would definitely help ease my anxiety. Thanks!"
Honey - as a prohibited food,"I know to re-ask my Team next week, but was raw honey put on your do not eat list along with raw fish, oysters, deli meat, unpasteurized milk, feta or brie, uncooked eggs, et al? I once saw on a list somewhere that black licorice was not recommended. Hmm. I had not seen that one before."
Period fatigue post liver?,"Hi! I’m emailing my team about this as well but thought I’d post something here. I’m a 35f just shy of three months post liver transplant. This past week I have been dealing with MASSIVE fatigue, I am so tired and it feels like I worked out every muscle in my body for hours straight. This also has coincided with my period, so I’m wondering if anyone else ever experienced anything similar. For additional context I had my period pre-transplant but it was very erratic, I would sometimes go months between them. Since transplant they seem to have leveled out, this is my second one and it’s right on time. I did not have this fatigue last month. I’m already back on birth control, as I’m on Cellcept and know the risks. That said, I’m not looking to stop my period or make it go away, as eventually once enough time has elapsed, the plan is to switch my meds so I can try to conceive. I had also started consciously walking about 1.5 miles a day on the treadmill for about two weeks before this fatigue (with the blessing of my team), and stopped that when I started to feel tired thinking rest would help but nothing has changed. Any insight would be appreciated!"
I got Covid.,"Not sure the source - work, probably. Craziest hour of my life after the positive test. Coordinator’s number was busy, so I ended up doing a video visit with the hospital’s immediate care system. They prescribed molnupiravir for the Covid, Tylenol for the mild fever (and I’m checking it 3x a day with the Tylenol), and Flonase for the congestion. Finally got in touch with the on-call coordinator after who said “yup. call or text if the copay is obnoxious and we can figure something out.” Of course it’s right around my anniversary too and I was gonna try and do something special-ish and fun today (nice breakfast out, maybe a drive out to a scenic place nearby), but that’s out of the question. Any suggestions on punting? I live alone atm; I have friends who can drop off groceries or food if I need it. Naps, lemon juice and honey, and maybe a movie are all I’ve got. I’d normally light a nice candle in my donor’s honor too, but I feel like that’d be a bit of a waste if I can’t enjoy it safely. (I’ll probably light a mental or virtual candle in lieu of a real one.) Also, any experiences with molnupuravir? I’ve seen it mentioned a few times, but nothing about any side effects. The first dose was a massive pain to get down and I’m assuming it’s the sore throat. (Written while I’m awake at an awful hour because my sleep has been wrecked the last couple days.)"
Hospitals in Delhi or Chennai?,"I am an American of Indian descent. I am planning to come to Delhi to get a kidney transplant. I have a choice of hospitals with the agent that I am working with: Fortis, Asian, and Amrita. I am told that Asian and Amrita are better hospitals but Gurgaon, where Fortis is, seems like a much better place to stay than Faridabad where the other two hospitals are. Does anyone have any advice concerning these areas and these hospitals? Are there other better hospitals in Delhi? My preference was to do the transplant in Chennai and that is still my preference. But it seems difficult for my cousin to be my living donor in Chennai because the rules are more strict in Tamil Nadu."
pregnant and male partner took cellcept,"any positive stories? apparently its only precautionary that men change it as its in women its dangerous to take cellcept and there isnt direct evidence it causes issues iff the men take it but its precautionary coz of the animal studies im now very worried that there could be abnormalities have any men here fathered children while taking cellcept and everything was ok it wasnt planned im on the pill and we used condoms, i was on mounjaro and theres a risk it can lessen birth controls effectiveness is it worth my partner calling his doctor? were in the netherlands"
"1 year post liver donation, pain when sleeping on right side.","Hey everyone, I’m 30F and donated part of my liver to my mom back in October 2024. I was told recovery would just mean some mild pain right after surgery and then life would go back to normal. Fast forward almost a year, and at my last check-up my liver enzymes were elevated. The doctor said it could be related to diet, so I’ve been on a pretty strict diet since then. What’s worrying me is that whenever I sleep on my right side, I get this sharp pain around my liver. It’s been happening more recently and it honestly freaks me out. Has anyone else who donated experienced something like this? Any ideas what could be going on, or is this just part of healing? Would really appreciate hearing about others’ experiences 🙏"
Question about dating/kissing,"Hi, Im 29M and 4 months post kidney transplant, thankfully all is going well and reports are fine too. Im just curious about how the precautions are about dating people specifically kissing multiple people, ive never really been a relationship kind and curious to know how did you guys(if any of you relate) manage with a transplant and how long after did you wait to do it or anyone who knows more about this. Thank you!"
Doctors told me NOT to get covid shot?,hi friends- just wondering if this happened to anyone else? I called my team just making sure flu and covid vaccines were fine to get (I am 9 months post!) and they said to get my flu but not covid. not sure if it’s because i’m more recently transplanted? but was wondering if anyone else’s team is saying this
Transition,"Maybe this isn't the place or the time, but I'm super wrecked up about transitioning to adult care from pediatric care. I've been under Stanford Children's care for all my childhood and I'm super nervous. I know y'all probably adults, but I wondered if there are any young transplant recipients who possibly transitioned as well? I got a kidney, by the way."
Bout of CMV,"Last week my team had me go to the ER and check in after they did a X-ray and saw nodules of pneumonia. I checked in and the month before my cmv value was .30 just a trace. Then 4 weeks later it was 133,000. After serval blood tests and IVs of anti virus/fungal/biotics I was able to come home with a new pic line and I’m on ganciclovir 2 x a day. Anyone else have this? If so how long did it take to feel 100% again?"
Painful bruising,"I'm 14 months out from my liver transplant, and I have a walnut-sized bruise on my left shin, just off the bone. It's been in place for about 3-4 months, hasn't healed significantly, and is mildly swollen and tender. I'm on tacro, a little prednisone, and a daily low-dose aspirin. Is this normal, or something to be concerned about?"
Medication side effect question:,"I’m 8 days post transplant from a living donor and I feel like my lips are vibrating and my hands also feel odd. It’s hard to describe like burning but not really, not tingly but sensitive. Idk. Anybody else feel like this? My doctors don’t seem to be concerned but I’d feel better if I knew other people felt this too. Thanks for reading. 🤷🏻‍♀️ Bonus question: How do y’all afford these medications? $600/month with insurance is crazy. Idk how I’m gonna be able to afford that long term. 😅"
Post transplant support groups,Can anyone recommend any post transplant support groups? I’m almost three years out and would like to meet other folks who can relate to these experiences.
Ocular Donation Month,"Hi everybody, I'm an organ and tissue donor coordinator helping families who want to donate their loved one's organs or tissues realize that wish. November is ocular donation awareness month and I am looking for stories from all sides of tissue donation, from the families of donors and recipients, including those working in eye banks, physicians performing the transplants - pretty much any/all heroes involved in making this amazing gift of corneal donation a reality. I'm hoping to get a few stories/testimonials about your experience. I'm also here to answer any questions about organ and tissue donation that you may have. So, AMA!"
Labcorp turnaround for Everolimus 6 days my past test-What's your experience?,"With Labcorp, my everolimus result used to come in with my tacrolimus result . I am 50/50 immunosupressants. These past few weeks they are coming 1-2 days behind the tacrolimus. Last week it came in at 6 days which 4 days max is what they say it should be. Adding this to say: My insurance company will not allow me to use a hospital as an outpatient for a blood draw-they will not pay the claim. I wish I could I would have it in 6 hours if they did. What are your experiences with Labcorp or Quest? I am wondering if I should use Quest if this continues."
First flu vaccine post transplant,"I'm around 8 or 9 months post-transplant and have my flu shot scheduled for later today. A bit nervous about having a bad reaction/feeling sick like I used to with the covid vaccines when they were first coming out. What should I expect? Did you experience a worse reaction to the flu vaccine post-transplant than before? any advice on managing anxiety around it? Edit: thanks for all the feedback, for some reason my brain had it backwards thinking immunosuppressants would make my reaction worse 😅. Flu has never been as bad as the covid vaccine for me, so idk why I expected it to be bad. Have to get a prescription to get my covid vaccine this year, so waiting on that but glad to hear y'all's experience of vaccines post-transplant. Very reassuring."
Worried about my dad after double lung transplant,"Hi all, I’m not sure what I’m hoping to gain from this post. I’m feeling scared, helpless and lost seeing my dad (57M) go through this. My dad was at a point where he probably wouldn’t have made it another week when he had his transplant. He’s had complication after complication. He had the transplant two weeks ago and still isn’t out of ICU. The doctors said he’d be in a medically induced coma for 3 days and the first time ended up being just over a week. They’ve had to put him back into a coma twice, first time after his lung collapsed from fluid when the ventilator was removed. The second time his kidneys were starting to fail from all the anesthetics and medications so he needed dialysis. Currently he is stable but has a trach helping him breathe so cannot talk. He can move his hands and legs, stick out his tongue. The look in his eyes is sadness. The doctors have told us he might develop ptsd, depression and possibly won’t be the same person after the trauma of what’s happened. It seems whenever they take him off the machines he can’t breathe on his own. The uncertainty and feeling so helpless for my dad is a lot. It really has been a roller coaster. My dad has never had anything major happen to him before, a couple of broken bones but no major surgery. He had been on oxygen for nearly a year prior. How can I help him, if I can do anything? I tell him I love him and a week ago before his lung collapsed he was able to say he loves me too. But he also said he just wants to die. The doctors have said they can’t say what recovery will be like because every patient is different."
Looking for honest opinion from heart transplant recipients (as a caretaker),"My 67 year old father received a heart transplant in April of this year. While I want to be thankful, I am struggling to trust the process at this point. He has been more sick, more debilitated and more depressed in the months following his transplant than he ever was during his 8 years with heart failure preceding his transplant. We cannot get him to take his meds on time no matter how many alarms we set, we cannot get him to hydrate, despite the fact that his kidneys are now failing. He has been back in the hospital for multiple stays since the transplant to address debilitating diarrhea symptoms from the immunosuppressants (myfortic) and consequent dehydration. Has anyone else had a similar experience? I am constantly fighting with him to hydrate, to take his pills. Doctors claim the reluctance could be due to depression, so they put him on 4 different anti-depressant medications. (Tramadol, mirtazipine, venlafaxine & ariprazole). I feel these meds are making him more of a zombie than ever, making it even harder to progress in his recovery. He was on no antidepressant medication before the transplant, only occasional tramadol to sleep. Now his team is pushing ‘to plan’ for a kidney transplant, and I’m just wondering how? He can’t leave his bedroom already, he can’t go for a walk without getting sick to his stomach… It has been 5 1/2 months, I know it’s a process… but has anyone noticed they felt this much worse after the transplant?"
My Partner is Scared About Kidney Donation,Good day everybody. I'm here hoping for some advice and stories about your experiences with kidney donation from both sides. I have been certain I want to donate for some time and I am quite excited to get the process underway. My partner is very upset at the whole idea. She does not wish for me to go through with it but I believe it is the right thing to do and so we are at this impasse where I am hesitant to commence without her blessing but I am also feeling pretty adamant that there are no good reasons why I shouldn't do it. Is there anything you can all share to give me some perspective on the situation? I would also love to hear some anecdotes from both sides that I might share with her to give her the direct perspective of those who benefit and have experienced it all. Thank you for your time and I look forward to reading your inspired responses.
Feet / Fat Pads / Metatarsal,"I am almost 7 months post-op. In the last six weeks or so I have been having foot pain in the metatarsal region of both feet. It is not burning. It's not tingling. It is not numb. It feels like bruises but of course I have no reason to have bruises on both of my feet in the same general area. It does not hurt when I sleep or sit, only when I stand or walk. It almost feels like I have been walking on my tippy toes all the time. I am not overweight. I do not wear heels, and more and more I am forced to wear sneakers to soften the discomfort. I don't have pain/arthritis in any of my other joints. I am on Belatacept, Myfortic, and 5 mg prednisone. I sent a note to my team just now. I don't want to see a podiatrist if it is simply a side effect of medication. If you have heard of this as a side effect, or you have experienced this and have any insight, I would be grateful."
Diet question,"Hey everyone! Been almost a year since my surgery and didnt get a chance to talk to a dietitian past the post-op diet plan (avoid raw meets, moldy cheeses and literally anything that could have bacteria), and i gained almost all of my weight back So i wanted to know if anyone knows wether or not intermittent fasting is okay after the transplant/if i should watch out for more things. I know the weight gain isnt just due to the diet change. I also have been tired 24/7 ever since transplant and i didnt really have the energy to cook for myself. But i wanna start again and until my energy somehow comes back, diet is my best bet (Also could the energy loss be due to stopping my antidepressants?) Thank you all in advance <<3"
Normal body again,"Hi everyone! I recently had my liver transplant August 2nd. My abdomen was initially super swollen, and it's definitely gone down but not completely. How long did it take for your swelling to go down? I know I should be patient, and it'll probably take a while. But I just feel so oddly built, like a turtle. How long did it take for your muscle to come back as well? For context I lost most of my muscle mass because I needed to be intubated for 3-4 days due to complications during my surgery as well. EDIT: Thank you everyone for commenting and giving me advice and own personal experiences it helps a lot!"
Thinking about organ donation,"About three years ago I had donated peripheral stem cells to a family member who was battling leukemia. It kind of opened my eyes to the world of donation and all its possibilities. Since then I have donated whole blood, plasma, platelets, and hair but I’ve been starting to think of doing organ donation. The three that have been on my mind have been a liver, kidney and bone marrow donation. They all require surgery and offer slightly higher risk as well as hospital time but it’s been something I’ve been debating for a while now. I haven’t been evaluated for any of them yet as I’m still in the heavy research part of it but I’ve been pretty healthy all my life. I think I got the flu twice in my life lmao. I posted this because I wanted to hear from other living donors. What was the process of evaluation like for you? How did you feel pre and post-op, mentally and physically. How were the meds for you? Recovery time? Any transplant recipients feel free to put your input too! Edit: I honestly didn’t think this would get any attention at all but Im so thankful for all the information and support! I have decided to do a non-directed liver donation and signed up for the bone marrow registry as well. Still might ask a few questions as the process goes on. Thanks so much for all your help!"
Attempting To Regain The lost Sense of Taste And Smell,"It’s been five closer to six years post kidney transplant It happened before covid went global, but since transplant, I have not been able to taste or smell. ironically, I did later contracted Covid two years post transplant, but thanks to being vaccinated. I didn’t suffer any terrible consequences, but it had a weird effect of bringing back both my taste and smell and to my memory It was only when I started becoming visibly symptomatic and faded when my body had fought it off. Since then, I have tried everything My doctors have suggested nasal sprays,smell training to an extent they did a I think it was called a CT of my head to see if any cysts that could’ve hindered my ability to smell, and thus affect my ability to taste that could have formed near my nose. None of these efforts were fruitful so I tried taking shots of hot sauce or smelling salts. Neither had an effect besides with the smelling salt having a somewhat burning sensation in my nose. If anyone has any suggestions on potential remedies, I would be extremely thankful"
When did your test results start leveling out???,Hey everybody! This question is more so about my mom. I was her kidney donor and it’s been a little over two months now since I donated to her! Overall all is well with her besides some recovery discomforts 🙌🏽 Every week she’s doing her lab tests and sees her transplant doctors every other week and I always make sure to ask her how things are. For the past couple of weeks she’s been telling me that certain levels will either be too low or too high and her doctors will either take away some meds or give her new ones or cut back on some she’s already taking. I always ask her which levels are off but she never remembers (she’s not too good at medical terms and stuff.) But she says her doctors mainly adjust her anti rejection meds so I assume that’s what’s off about her lab tests. I know we’re still pretty early in recovery but was curious as to when things could start leveling out for her and when things could start to look more normal! Some reassurance would be nice as a concerned son 😅 Thank you in advance!
Urgent Hospital Advise Required Delhi NCR,"Hello Everyone, I hope your loved ones are in good health. My father is suffering from advanced liver disease, and he is having problems with ascites and some impact on his kidneys. Currently, we are in Medanta, Gurgaon, but they are charging us heavily, around 1.5 lakh per day, to maintain these things. I am looking for a better option, whether at a government or private hospital, for a long admission because things are not manageable at home. Urgent help is required; we need to make a decision by tomorrow evening. Thank you."
Changing Transplant Centers for Follow-Up care -How & Why?,"I have read here that some members here have changed their TX post follow-up care from your original transplant center. I am wondering why you did this and how that works in case some of us other transplant patients might want to do this. I ask because I have a feeling my coordinater (who I love may be leaving) and if I am right it would be good to know because the others I have dealt with at my center are subpar compared. What is in it for a new center to take you on? How did you check all of your boxes as far as insurance, etc. and other things I am probably not thinking of?"
1/3/6 months post lung transplant experience,"My dad recently had a single lung transplant and is doing well so far though it’s very early in the process. Is there anywhere where I can read up on what to expect for the next 6 months as he recovers and how we can best support him? We’re 5-6 hours away so we’re even wondering if we should just wait a few months to even try to come and see him now. I don’t have a ton of information on what to expect and I’d like to manage my own expectations given we don’t live close. For example, I don’t want to insist on seeing him especially since he’ll be immunocompromised but he’s my dad and this was a really scary thing to have lived through so I’d like to know when it’d be less risky. Thanks for any advice you can offer. If this is improper to ask, I can delete."
Myfortic and anxiety,"About a week ago I switched from Cellcept to Myfortic due to bad gastro side effects. The heartburn is totally gone now but I am an absolute mess of anxiety. I have a long history of anxiety and panic attacks, but it’s been well controlled with meds for a while now. This happened very abruptly and started about two days into switching meds. Has this happened to anyone else here? I already reached out to my team. I have meds to take when I get a panic attack and I’ve needed them three times in the last 6 days. That is not normal for me at all."
Skin Care Recommendations,"Hey everyone, I noticed since my transplant that I’ve been getting a lot of acne especially on my face and shoulders. Previously I never got any acne unless I was pms-ing so I never got into skin care and don’t exactly know what I’m looking for. My skin is also incredibly dry. I’m hoping for a bunch of recommendation for a gentle skin cleanser, moisturizer or whatever else I can use to try and combat these issues. Obviously I’ll be checking with my doctor for his suggestions as well as making sure I can use the recommendations I get here. Thank you all so much!"
Heart transplant,"My significant other, who I love more than words can say, has recently begun the process of being evaluated for a heart transplant at a Philadelphia hospital. From the start, he was upfront about his history of chronic lower back pain from a prior surgery. He has a rod in his back due to osteomyelitis (a past infection). Despite this, the transplant doctor noted that his diabetes is well controlled and initially saw no reason not to proceed with the evaluation. We made several trips to Philadelphia and completed all the required testing. His scans and bloodwork showed no major concerns. When we finally met with the surgeon, however, the entire consultation shifted to a focus on his back pain. The surgeon stated that a heart transplant would not improve his quality of life and that he was not a candidate for a heart pump because his heart chamber is too small. Without a transplant, he will die—and when I pointed this out, the surgeon seemed dismissive, returning again to concerns about back pain. They have now added additional requirements: • See a spinal surgeon in Philadelphia this October • Begin pain management (scheduled for September) • Participate in cardiac rehab (I arranged for him to start physical therapy first to prove he is capable of rehab and to address his pain). His physical therapist has already written a letter confirming he is able to do cardiac rehab, and I sent that to the lead cardiologist. Still, I worry that after all these hoops, they will ultimately deny him. If he were listed, it would be at a status 4, but I’ve been told Philadelphia hasn’t done a status 4 transplant in the past two years. Meanwhile, I see others being called in for transplants. Is this accurate? Meanwhile, I’ve reached out to Temple to see if he can be evaluated there, but we’re waiting for insurance approval. Another challenge is that he only has about a 20% chance of finding a match because of antibodies, so every delay feels critical. Now, they’ve also required a video consultation with a psychiatrist. I’m concerned that no matter what he says, it could be used against him. Does anyone have advice on how to approach this consultation? Is there anyone here who has chronic back pain or walks with a cane who was still able to get listed for transplant? They say their goal is to help people get listed, but from where I stand, it feels like they are looking for reasons to deny him. One last question—how many hospital consultations will insurance typically allow for transplant evaluations? Any advice or suggestions to help us move forward would be deeply appreciated. I feel like I’m running out of time to save him."
NY Folks - Organ Donation Awareness 5K on 9/21,"https://events.elitefeats.com/25liveonny Was walking home just now past someone handing put flyers and while I normally just pass, I heard them mention it was for organ donation. Figured I’d share"
Ciclosporine and anxiety.,Hello. I have been on Ciclosporine for 8 years since my transplant and I was wondering if anyone else suffers from pschycological side effects. I find that I worry about the smallest little things (like possibly upsetting someone) and then my mind will only ever consider the worst case scenario. This happens quite frequently. All worries so far have come to nothing but I still manage to find something else to worry about. It can ruin weeks of my life at a time.
Access to Article - National Geographic,What the title says. Would anyone have access to this article and could they provide me with a pdf/access? Much appreciated thank you. https://www.nationalgeographic.com/health/article/chronic-kidney-disease-rise
Consistent pain,"Hi, I had a liver transplant a little over 3 years ago now due to PSC + AIH. In Jan I was re-admitted with cholangitis. Since then I have consistent RUQ pain (especially after eating), nausea, extreme weight loss due to pain with eating and sometimes some dizziness. Also tender to touch under right rib and it becomes rock solid after eating. LFTs are always pretty normal too. Ultrasound and MRCP showed narrowing, but doctors aren’t sure what to do due to low LFTs. Anyone had a similar experience? There have been discussions of PSC reoccurrence."
Struggling and apologies,"As a prefacer I shan’t apologize for this long winded start but it is very important and I hope this community understands. First and foremost, I am in the process of finding mental health assistance in my area. Secondly, my circumstances are incredibly unfair to this community and as in the past, I do not expect empathy nor understanding of my situation. I have had a very chaotic year and I to an extent wish things had not changed they way they have. Nonetheless I weak willed and was curious to detriment. For the record, I am 24 and was blindsided by end stage heart failure (a symptom till near death) at 17. I am now in between a dying career, finishing my bachelors degree and a situationship that I should have never had. All of this has been honestly far too much for me to experience at all let alone all at once. I am trying to heal through philosophy for the time being or at least cope, but at this time, I find myself no longer desiring change in life nor the extension of life I’ve been given. I worked really hard to accept my death and was almost ready for it. Six years later, I now struggle with being placed in the reality of those that do not understand us nor can understand us. I don’t feel welcome in this world and I don’t feel that I have community beyond my parents. I do not wish to die, but I don’t know how or why I should navigate what remains for me. Stagnation and solitude seems like the ideal situation for someone who can only see themself as a sort of undead being that should not experience what they did not get to experience prior to facing death. That’s my headspace right now. Say what you will or ask questions. I just feel lost. Thank you to all who are part of this community and best of luck in your journey and what not."
Unemployment and healthcare post transplant info,"I am one and a half years post-kidney transplant. I had my transplant covered through my work insurance, a job I got about a month before the operation. Presently, I'm based in California and working remotely for a company in Florida. Given the crummy nature of the economy and job market, what are my insurance/Medicare and unemployment options, were I to lose my job tomorrow? From what I understand, Medicare is available for 3 years post-transplant? Other than that, it's a plan through Covered California or COBRA? And then what would my unemployment benefits look like? Are those dependent on how long I've worked for my current company (1.5 years)? Looking for any advice or insights. Thank you!"
Question about medicare and ESRD,I received medicare when I started dialysis and kept it after my kidney transplant and this October will be 3 years for my kidney transplant. I know I lose medicare 36 months after my transplant and again that will be this October 22. I've have yet received a letter stating I will be losing my medicare. Ive called Medicare and Social security multiple times and even read their own web page to them but they don't have me losing my medicare. I know for a fact medicare will come after anything they paid that they shouldnt( we deal with them at my work) I got on my company health insurance anticipating losing medicare and it's costing me almost $450 a month for both. So my question should I just cancel my medicare and if so will I be penalize later for canceling it. Thanks
Taking Immunosuppressants late,I had my kidney transplant 8 months ago coming on 9. I have been struggling massively with taking my medication on time I’m almost always late no matter what I try. My bloods have always been good this is my first transplant was diagnosed last year so I’m very new to this world. Should I be worried not taking meds on time when my bloods have been okay?
How did you find a life partner?,"Hi, I underwent transplant in 2019 in India. It’s been 6y since then and started looking for marriage(2y) as felt the things are now getting better but it feels the society sees this as a flaw and doesn’t accept it, is it so ? Btw it’s not hereditary that the family should be worried about although the cause was unknown. Thanks in advance.!"
Question about having pets,Currently 1 month since my kidney transplant and thankfully doing well. I'd like to know if anyone here are able to keep their pets after transplant? Also how long did you need to distance from your pets after transplant? My doctors don't really want me to keep my cats so I can't get a decent advice from them... it's just a non-negotiable from me to get rid of my cats. They'd been my emotional support throughout my sickness. Am currently staying at my sister's home post-op but I intend to return home as soon as possible. Any advice on how I'd be able to live safely with my cats are welcome. :)
Paranoia,My son is 17 was transplanted on June 20th got out of the hospital August 22 after having a lot of complications. He is on 10 mg of Tacrolimus daily they had to completely stop his Mycophenolic Acid all together since his white count has completely tanked and won’t come back up. He is also really anemic and getting shots for that and will be starting shots this week for the neutropenia. Now back to my original question has anyone ever had paranoia from the Tacro? After some research on line it looks like Tacro can possibly cause some people to become paranoid.
EBV rising 2 years post Heart Transplant-Very worried,"https://preview.redd.it/ag6xqa9jinnf1.jpg?width=1410&format=pjpg&auto=webp&s=a6ae9429f84fd579bc9b2d485ca6a45c5e473f23 Epstein Barr Virus is EBV I can't edit the title. I am two years post heart transplant, I know these numbers aren't crazy high ""yet"", but I am stressing, If any of you were here, how did it go and what was done. I am hoping to get it down asap."
Issues after colonoscopy,"Hi there, I’m a liver transplant patient and I just had a colonoscopy last Tuesday but ever since I’ve had diarrhea. Has anyone else experienced this? I would take probiotics but my team has prohibited them."
Nervous about evaluation,Hi everyone! I’m very nervous about my transplant evaluation in 2 weeks from now. I would love to get some advice or questions I should be asking that maybe you forgot to ask. I have a few questions written down but I know I’ll blank on ones I know are probably important to ask. I try to search for other posts similar to mine for extra clarity. Thank you! ❤️
Transplant Support Group,"Hello all, I'm posting to remind you all of my weekly transplant discussion group. I host this virtual meeting weekly at 12:00 PM Eastern standard Time on Saturdays. Anyone can get involved including caregivers, recipients, and donors. Please DM me and I will add you to the group, we meet through Facebook video chat for now. Thank you all. I'm looking forward to expanding this project."
Second Kidney Transplant Recovery: Is Post-Op Weight Loss Normal?,"It's been a week since my second kidney transplant, and this recovery feels a lot harder than my first. The team even had to re-insert a stent after my urine output dropped, but thankfully, my new kidney is working great now—creatinine is at 1, and I'm urinating more than I'm drinking. ​Despite the new kidney working well, I'm concerned about my weight. I was 100 pounds before the transplant and now I'm down to 88 pounds, losing 300-500 grams daily. Before my first kidney rejection, I was 117 pounds. ​Did anyone else experience significant weight loss after their second transplant? Any advice on how to regain weight and strength would be greatly appreciated."
I don’t know if it was THE call today - but I got ‘a’ call.,"My transplant center called my this am and asked me to put a soft hold on 9/30, that they had a kidney that might be a great fit for me; I’ll know late next week if we’ll move forward with further testing and evaluation. So… any prayers or good thoughts out there that you can spare, I’d sure appreciate it. And please pray for some nice lady out there, she’s 58… it might not be a great fit for me, but it is going to be a great fit for someone – she’ll be getting up a kidney at the end of this month. What an angel."
Anybody dealt with fungal infections post-transplant? (kidney),"Due to my immunocompromised status, it appears I have caught a fungal infection on my skin. Doesn't seem to be too urgent to treat, but I don't want to risk it. Getting a dermatologist appointment will take a while so, in the meantime, I was wondering if anybody knows safe to use antifungal products? I am on tacro, micofen, and prednisone."
Transplant and Social Security Disability.,Is anyone aware of the current guidelines concerning SSDI and transplant? My understanding is that all solid organ transplants who have adequate work credits are guaranteed one year of disability post-transplant. My disability lawyer claims that he can find nothing substantial to confirm this. Am I wrong?
Does anybody else feel guilty / ungrateful after a transplant?,"I had my transplant as a baby and am 18 now. My entire life i have chased the feeling of being 'normal' , ive gone through non-compliance with medicine and procedures and appointments , ive drank a lot more than i should and never seen it as a gift the way other people do. Since my transplant its constantly been one problem after another causing me to miss out on a lot through my childhood and fall behind in school. I used to be really smart and have so many goals but im constantly ill and unable to do anything most the time. I went to therapy and got told i was in denial about my transplant. I hate the fact i had it , i resent my parents to an extent for consenting to it and honestly resent everything to do with it. I feel like its ruined my life. I feel guilty for feeling like this though. Has anyone else had a similair experience ? EDIT: i just wanted to thank everyone for their comments , even the person who told me god loves me tho im athiest 😂 hearing your guys' stories and experiences be something other than jumping for joy amd sunshines and rainbows is oddly refreshing and much needed , thanks for taking the time :)"
Cancer From Donor,"Husband (66 yo) had a heart transplant in 2023. Turns out Donor had metastatic melanoma 1.5 cm nodule in his lung which they say was not visible on CT scan prior to transplant. 1 year after successful transplant, husband started showing symptoms and had CT scan and PET scan showing multiple nodules in lungs. Biopsy showed metastatic melanoma. He passed away a few months later. I just found out that another recipient of the kidneys and liver from same donor also died of metastatic melanoma. I want to see the CT scan of the donor’s lungs performed just before the surgery, but am having a hard time getting those records."
Immunocompromised and vaccines,"Please delete if not allowed (slightly political) I had a heart and liver transplant in January 2024, and honestly, life has been incredible since. I haven’t been sick (thank God), and I’m grateful every day for that. But lately, I’ve been uneasy watching RFK’s constant attacks on vaccines and states like Florida removing vaccine mandates. As someone who’s immunocompromised, this stuff directly impacts me. For context, I’d call myself a moderate conservative—but not MAGA. I grew up with medically-oriented parents, spent plenty of time in hospitals, and I know firsthand that most doctors genuinely want to help. That’s why it’s frustrating to see some conservatives blaming vaccines for everything and pushing people away from them. I’ve only ever spoken to one true anti-vaxxer, and she was completely off the rails. I told her straight: if people don’t vaccinate their kids, it puts me and others like me at risk. She just stared blankly and went right back to parroting the same lines about how “bad” vaccines are. It showed me how little they actually care about people like us. And that’s what scares me. I worry about sending my future kids to school or even being around other people’s kids—because who knows what they’ll bring home to me? My friends (even my conservative ones, including my parents) say the same thing: this anti-vax stuff is stupid, reckless, and dangerous. Vaccines aren’t some hidden government plot. They’ve been tested, retested, and the side effects are minimal. Sure, I get that maybe we shouldn’t overload babies with ten shots in one visit—spacing things out makes sense—but kids absolutely should be vaccinated. We do it for our pets without a second thought, so why balk at doing it for humans?"
Can I get teeth cleaning/Scaling/Whitening after 10 years post liver transplant OP?,Same as title. My teeth are yellowing at an alarming rate and its affecting my confidence. I have a great oral hygiene for years now.
GST on immunosuppressive in India,"Hey Guys! I am from India, we got the new GST regime and government reduced GST on medicines. Does anyone know if it implements on Immunosuppressive medicines? I’m basically looking for Everolimus, mycomune and Tacro Thanks!!"
My kid’s classmate had heart transplant two years ago,"Hi there. My child’s classmate had a heart transplant two years ago when she was 5 years old. School just started a couple weeks ago and we received a letter from the classmate’s mother about her transplant. I’m wondering if there’s any practical advice from reputable sources on what kids (and their parents) should do if they have a heart transplant classmate. In the letter the classmate’s mother asked that we reveal when our child is sick or has symptoms of illness. Apparently the classmate is out of school today because she is sick. The classmate’s mother sent an accusatory message to the other parents about not sending their sick kid to school. My child is not sick so I know it wasn’t our child who was the illness vector. But I’m just wondering if this is reasonable behavior of a parent of a transplant kid. Or if this might be a bit excessive. Plus, I wonder if it’s a bit invasive to have to reveal every illness your child may have. My son has a genetic skin condition (ichthyosis) which is not contagious and I don’t think it’s necessary to share this information to anyone but his teachers and the principal (who have been aware of this for years)."
Anxiety meds before and after transplant,"First off, there needs to be a flair for heart and lungs LOL!! (How do I get it to where it says heart and lungs under my name like some of you guys have what your organs and year is?? I’m so jealous!!) Ok now to the meat (heart) and potato’s (lungs) (HAHAHA) I have Generalized Anxiety Disorder. I’ve been on Buspar for 10-15 years. Give or take. What Anxiety meds have you been on if you have been on anything? I NEED a change. You see, my anxiety started getting worse so my doc and I decided to try adding a small dose a day of Buspar but I’ve started to see that what I THOUGHT was dissociation is actually a side effect of Buspar. It’s actually just….numbing me. I’m really just…numb. I’ve only been able to feel grief. I lost my grandmother coming up on 3 years on September 10. The thought of losing her brings me the most intense wave of grief anytime I think about it. Any time I drive past her house. Any time I need to deal with anything to do with her death which I need to do because she didn’t want my dad to have anything so she didn’t leave a will. And my grandfather died before her. She just told me to make sure he doesn’t get anything. I don’t think she understood what she was doing to me. My dad is now a recovering addict. I am helping him get things in his name because he deserves SOMETHING even though it’s nothing really lol because she really didnt have anything to begin with lol A piece of land for an RV to fit on, a car and a boat. That’s about it. And the weather took care of the boat. ANYWAYS… I need to get passed this…i don’t remember anything about my transplant besides my back pain from the chest tubes. They tell me I have PTSD. I was diagnosed with that when I was getting my work up done in March 2024. They say that’s from my childhood and medical trauma. I can believe it from medical trauma. I believe that’s also what caused my GAD. I can’t even write my donor family because I do t know what to say. Because I don’t know how I feel. I feel like I’ve been masking for over 5 plus years if not longer hell, I don’t know how long I feel like Ive been pretending to be someone I’m not. I feel like a medication change can help me"
Has anyone else lost a ridiculous amount of weight?,"Hey all! I was lucky enough to receive my liver transplant in June this year. I was 81kgs the night before my transplant (178 pounds). After the transplant I gained so much fluid I was 94kgs (207 pounds). I'm now 71kgs (156 pounds). Is this normal? I'm 170cm too btw. I'm not complaining, I just was wondering if anyone else has had the same experience?"
Does anyone else do clean intermittent catheterization? How do you avoid UTIs?,"Hi all I’ve posted about my long transplant journey and against all odds I am doing quite well. No antibodies creatinine stable around 1.8. 3 years in going on 4 soon! 2nd transplant and had T cell rejection twice in my first year. I always had this problem of constant UTIs because my bladder would not fully empty. I was getting a UTI every month. I was also hurting my kidney by drinking 4-5 Liters just trying to flush things out and my urine smelled foul all the time. Even though CIC was the most painful and traumatic thing I had ever experienced at first, I found that after many attempts over time my brain adjusted and I can now CIC several times a day without a problem! And that’s with a urethral hypospadia reconstruction. Unfortunately I do have to inject a little bit (1-2 mL) of lubricant into my urethra to open it up, otherwise it is traumatic to the reconstructed area and very painful. Once I was able to CIC i stopped my prophylactic Keflex and Methanamine. I was hoping I could finally go about my life without prophylaxis. Unfortunately after a month I had one of the worse UTI fever episodes 2 days ago and I am treating it now. Does anyone else here do CIC without any problems? Honestly would just give me some hope to hear if anyone else has succeeded. I probably have some kind of colonized bacteria in my bladder from all these years of of UTIs but I hope in time I can clear it. Will update again once I clear this infection and restart my hiprex regiment. Fingers crossed it can keep me UTI free. Any experiences and advice is very much appreciated. Thanks 😊"
Double lung transplant - Anyone ever had Providencia rettgeri?,We have a big transplant center and they've never run across this before. Bacteria they found during a bronchoscopy.
Any Kidney TX on ED meds?,"2.5 years after kidney tx, and I'm struggling with erectile dysfunction. I have a visit my primary scheduled, but I wonder what he'll put me on because I know a lot of PDE5-inhibitors mess with tacro levels, and i'm also on bp meds. Anyone here on something like viagra/cialis while alsoa kidney tx recipient?"
Anyone else really hungry after transplant?,Got a kidney 2 months ago. I feel like I can’t eat enough! Maybe it’s just my appetite coming back and this how it should be. Anyone else really hungry all the time?
Can someone tell difference between these tests,There are two types of tests 2 different doctors have suggested after going through acute cellular rejection. Can someone tell me the difference between these tests. Donor specific antigen class 1 and 2 vs Anti HLA Antibody Identification Class 1 and 2
Getting ureter stent taken out today.,4 weeks post kidney. How bad is the stent removal? Even on 10mg oxycodone?
Post Transplant things not stable,"Hi everyone, around 5 months post. 28 M. I have started feeling down by the way things are going with me. First 3 months things were stable, now in the last 2 months, going through a rejection, creatinine still not stable, currently 1.6 but baseline was 1.1 There were two scabs around the stitches that didn't go away and now have puss in them, have to visit hospital daily for wound dressing, not sure how long it will take to recover properly. Tac levels are not stable yet. I always believed that as time passes by things would go towards being normal, but it's not happening. I'm really sad and scared about all this. Not sure what I could do to improve any of this. I'm taking timely medicines, visiting the doctor as they ask, eating healthy, walk for around 2 hrs daily to keep myself active, room gets cleaned daily, proper sanitization is maintained in room and washroom."
Post-transplant trauma,"Do you all think you have any form of PTSD or anxiety from the entire transplant experience? Including from the beginning and origin of the problem with the organ, and then the lead up to the eventual transplant? Or even the moment you learned you had to have a transplant to live? Does the experience ""haunt"" you now, or was it not as scary looking back?"
Hot mic catches Xi and Putin discussing organ transplants and immortality,"Chinese President Xi Jinping and Russian President Vladimir Putin have been overheard discussing organ transplants as a means of prolonging life on the sidelines of a military parade in Beijing. Putin suggested even eternal life could be achievable as a result of innovations in biotechnology, according to a translation of remarks caught on a hot mic. Xi and Putin have been in power for 13 and 25 years respectively. Neither has expressed any intention of stepping down. ""In the past, it used to be rare for someone to be older than 70 and these days they say that at 70 one's still a child,"" Xi's translator could be heard saying in Russian. An inaudible passage from Putin follows. His Mandarin translator then added: ""With the development of biotechnology, human organs can be continuously transplanted, and people can live younger and younger, and even achieve immortality."" Xi's translator then said: ""Predictions are, this century, there's a chance of also living to 150 [years old]."" Russian state news agency Tass quoted him as saying: ""Modern recovery methods, medical methods, even surgical ones dealing with the replacement of organs, enable humanity to hope for active life to last longer than it does today."
Hello from a liver transplant recipient,"Hi everyone. I'm brand new to Reddit, and this is the first community I wanted to post in. I've been reading all of your stories and am just hoping to connect. I'm a liver transplant recipient trying to navigate the 'new normal,' and it's definitely been a journey. Some days you really feel the weight of the world on you, and I'm just looking for a place to connect with people who truly understand that feeling. I'm looking forward to reading more and being a part of this community. Thank you for reading this."
Cannabis Use,"Hello everyone, I’m currently on the transplant list for a Kidney and have been told that I will need to stop using Cannabis as it will interfere with the anti rejection medication. Just wondering if anyone has been told anything similar or have any experience with Cannabis use after transplant. Thanks in advance"
Edema cellcept,Has anyone experienced edema after an increase dosage of cellcept or just bc of cellcept??
Living Liver Donor,"Hello all, I got a call today informing me that I am pretty much approved to become a living liver donor to a family friend. This will be robotic assisted for me, anyone have any feed back on pros and cons for future health. I can take pain, isolation and I have a huge support system but I feel like I haven’t hear about anyone with long term issues or lack of issues"
Prescription Tourism,"Hello everyone. I am currently angry at the U.S. medical system, and the insanely over inflated prices for prescriptions. Is there anyone here that has regularly left the country in order to get their prescriptions filled at a lower cost?"
Creatinine unstable,"Hi All, what might be the reason(s) behind creatinine changing all the time. Last week I was happy to see it at 1.1, today, it has jumped to 1.4. Is it diet, hydration, alcohol, or lifestyle?"
Envarsus Adjustment - How Long Did It Take?,Hi! I'm 10 years post kidney transplant. The 2x a day tacro I was on was recently discontinued so I switched to Envarsus XR and am feeling pretty tired and crappy. I've done so many of these medication changes over the years and I've found that it takes about 3 months to adjust - meaning at the 3 month mark you feel a little more like yourself and kind of know how you're going to feel moving forward for the most part - both good and bad. Is anyone taking Envarsus XR? And do you remember if it took you a while to adjust? I'm hoping my energy will come back and I can go back to doing more of things I was doing before the switch. Ugh.
"Finally, My Husband Gets His Transplant!","When my husband was diagnosed with hepatocellular carcinoma (HCC) in September 2022, our world shifted overnight. HCC is the most common type of liver cancer, and it usually develops in people who already have chronic liver disease. In his case, the diagnosis didn’t just mean cancer—it meant grappling with the fact that his liver was already compromised. We were thrown into a cycle of scans, blood tests, and consultations with specialists, each conversation reminding us how serious this was. HCC isn’t a simple condition to manage. Every treatment decision depended not only on the tumours themselves but also on how well his liver was working. We learned quickly that staging mattered. Doctors used systems that assessed tumour size, symptoms, and liver function to determine what options were even possible. His care initially focused on monitoring and controlling symptoms, and keeping him strong. He then had 3 sessions of chemotherapy, and an ablation, which can hold the tumours at bay. When he was added to the transplant waiting list in April 2024, we felt both relief and fear. Relief because transplantation was his only real chance at a cure. Fear because waiting lists are unpredictable, and time doesn’t always feel like it’s on your side with cancer. Third time lucky! After two previous false alarms and 16 months on the waiting list, my husband received his new liver on Friday. The call came at 2.30 pm on Thursday, and the medical transport arrived an hour later. He was settled on the ward at Addenbrookes Hospital by 6.00 pm and in the early hours of Friday morning, was advised that he was going into surgery at 3.45 am. After much anxious waiting, I received a call from a friendly, supportive liver doctor (Lucy?) at 2.00 pm, who reassured me that everything had gone smoothly, and they were very happy with how he was doing. His breathing tube was removed immediately on admittance to the Intensive Care Unit, his blood pressure was stable, and new liver working as expected. I received a further update from his nurse at 9.00 pm Friday night, and was able to speak to him! He continues to do well, I spoke to him again yesterday and this morning, and although very tired, and struggling to talk, he wasn't in much pain, although of course, its early days. I wish to express my grateful thanks to all the wonderful staff at Addenbrookes, and my thoughts are with the donor family, and hope that they will know what a difference their life-changing generosity has made to us. Regular check-ups and anti-rejection medication will be part of his life forever, but he has been given a second chance—and that is something we will never take for granted. # What We Learned About Prognosis Throughout this journey, we asked countless questions about life expectancy. The truth is, it depends on when HCC is caught and what treatments are available. For people diagnosed early and treated with a transplant, five-year survival rates can be as high as 70–80%. For those with more advanced disease, survival is shorter, often measured in months or a couple of years, depending on the treatment. # Why Organ Donation Matters I can only hope that more people will consider becoming organ donors. Without the incredible generosity of a stranger and their family, my husband would not survive for much longer. That one decision has completely changed our lives, giving us more years together, more milestones to share, and more time for hope. Organ donation is the greatest gift a person can give, and we will always carry deep gratitude for it."
what to eat at uni?,"I have full time university and commute from home, and just started (its been a month), after taking a gap due to dialysis and transplant. Been trying to be as careful as possible, wearing a mask all the time since many people are sick, not eating anything from there since we don't know how it is prepared, being careful about touching surfaces, not going to any events that are crowded, but I can't help but feel my life is completely changed since this. I have to carry a huge box which my mom prepares so everything I eat is hygienic and on days that are long I end up starving since I can only carry so many boxes. I also have an acl tear and my knee is all swollen by the end of the day, and any extra weight I carry ends up hurting my knee. On most days I'm starving but I can't eat once I'm back home either since I'll be back home by 6:30 around which is when I take my tac tablet and have to wait until 7:30. I ate 2 bananas but that doesn't feel like it did anything at at all.There aren't any foods there that are steaming hot so I can be sure that they're safe to eat, and I just feel too paranoid to eat anything outside because of the germs and the fact that if I fall sick I'll have to miss some time at uni and might find it hard catching up later, so I end up starving, hunger headache, knee in pain by the end of the day. Sorry if this has turned into a rant of any sort but this just feels like a really bad day with nothing I can do to rebel without overthinking it. I know I'll feel better once I'm able to eat something but this is just one of those days where i feel the weight of everything that has ever happened to me. I just feel so different from the people there, like I'm truly alone no matter how much I try and bond w them. I guess this is just the prednisone hunger and mood swings, but I was close to tears because of how hungry I was and couldn't do anything for next 4 hours, still can't eat for another half an hour. I guess my question was what can I eat over there where there's no risk of germs? most of the food served there is cold including rolls, wraps, sandwiches, cake, deep fried stuff which I could not eat when I'm hungry since I feel acidic, coffee which I bought but didn't drink because it was given through this machine which did not look that clean. For context I'm from a third world country, so the only foods my old nephro has approved are things that are steaming hot so you don't have to worry about bacteria. for anyone who read this thank you so much, I know it's a lot to read but I feel like I really need someone rn."
Am I being too paranoid about international travel?,"My wife has a recent kidney transplant. We are planning a Japan trip a bit more than a year after transplant and we aren’t too worried about that since we’ve done our research and since Japan seems to have decent food safety and hospitals. We are also considering attending a larger family all inclusive trip to Mexico (Puerto Vallarta), but quite nervous about it. It’s for a few reasons: food safety (all inclusive has buffets which is a no go which leaves room service, cafe, and restaurants for food), hospitals, and sun exposure. We’re thinking of skipping this trip for safety, but just wanted to get a gut check for this Mexico trip. Are we being too paranoid?"
Need advice and tips for pre and post transplant,"Hi, I need some advice. I apologise in advance if I ask a dumb question. I have been lurking in this group for a while, since my dad has been on dialysis 2 times week starting 2 years back and then last year 3 times a week. I feel like sometimes I am not getting good answers from the doctor so wanted to try and get some support from this group. Now we have found a donor with 100% match and the transplant is planned to happen soon. I wanted to get some advice and tips from people to make the life of my dad post transplant better in any way possible. What are some of the things to take care of (and also that patient and care taker might not often pay attention to)? what are the things that are strict no no? how can I make his time in quarantine stress free and also that does not feel alone/lonely and depressed (he is not used to not working and just staying in a room alone)? Is there any particular thing you wish someone- a doctor/ nurse or people who already had transplant would have told you or warned about? Anything else that you think might help prepare the family and him mentally and physically pre transplant and for what is coming next ? Last but not least, does it make sense to take the immunity suppressing injection before the transplant so the organ adjusts better even when it’s 100% match ? I just want to be there for him in the best way possible. I truly would appreciate any information and support the group members can provide. Thank you. TLDR; dad scheduled for transplant, 100% donor match (live donor). Need advice to support him in best way possible pre and post transplant."
Staying at home (heart tx),"Hi, I’m 27, had my transplant 21 years ago. I’ve always struggled with staying at work because of feeling unwell. Recently, I’ve taken a whole month off from work because I’ve been unable to walk, something to do with gout. I’ve recently had my transplant follow up and they’ve said I’m healthy but need to lose weight. I live with my partner (M 20), and he earns a lot more than I do. He’s an engineer. He could easily support both of us, as we’re living in an apartment and have no one to look after besides ourselves. My partner mentioned to me that if I wanted to, so long as I kept the place tidy and all that, i could just be a “stay at home partner”. This would be beneficial as I wouldn’t be stressed, and I could work on my health. Has anyone else just not been working after transplant for X amount of time? Is this a good idea? Thanks. Edit: 😂 I had a warning saying “post might be requesting money or organs”. Lmao no but that made me laugh Edit 2: I’m in the UK btw"
Question for lung transplant recipients who went into rejection.,"I'm coughing up some stuff the past couple weeks with increasing frequency which is unlike anything I ever coughed up before. As a Cystic Fibrosis patient I thought I'd covered that spectrum already. This stuff I'm coughing up... It's grey and black. Small 5mm chunks that are kind of rubbery. It reminds me of tissue. It is bar-none the worst tasting stuff I have ever coughed up in my life. I hate to use this terminology, but it tastes like death. Have any of you ever coughed stuff like this up? My biggest concern is rejection."
Anyone here have a heart and kidney Tx?,"Hi guys. I’m going downhill very quickly and I’m trying to be listed for a heart and kidney Tx. My disease makes it hard enough to be relisted for a (second) kidney Tx since the first I finally got at 18 failed from disease return. My EF is 15%, my pulse pressures are scarily narrow at 10-15, and my heart rate is 30-50 with severe symptoms. My bps used to be about 210/120s before meds, and rapidly have gone to 90/70s without meds. This is with highest dose Entresto. All of these changes happened after 6 months of iron overload by my clinic until I finally refused my iron and the doctor admitted I shouldn’t have been reviving it after I begged for an abdominal ultrasound to prove my splenomegaly after iron infusions. I’m waiting to die in the machine every treatment, and can only remove about 700mLs now and take liquid medications. I’m anuric. I’m extremely symptomatic despite extremely strict diet/routine. I never have missed a treatment, and I’m kind of insane about the perfect diet. I woudlnt be here if I weren’t disciplined. I have a good kt/v on paper, but bloodwork shows serious build up of toxins (chromium etc) with cognitive changes. I have 6 years of dialysis with mitochondrial disease that makes me disadvantaged for comorbidities. I’m not listed for either Tx yet (denied at multiple centers for disease return and EF) but want to try again for a double since my cardiac issues seem like they’ll improve after kidney Tx (per my cardiologist thoughts) and I was at a huge disadvantage with my first kidney Tx. No one is helping me fight, including my center. My mom takes care of me physically every day but she’s dealing with her own health issues and doesn’t have the time to help me with Tx stuff. My dad committed suicide right after my first Tx, leaving us with a lot of loose ends to clean up. Friends have left me because I can’t keep up. I’m doing this pretty much alone and I know that’s not a good look to a Tx team, but I’m well educated and care. I’d have to get through this process fast and was wondering if anyone else has had a double and where they went for it? I was denied at a bunch of top centers because of my renal disease, but a new specialist says she may be able to convince them for a kidney with new meds on the market now, but I’d *just* have to get a heart (lol). I’m 26, tired, but I really want I live and have the strength to do so, I know it."
Kidney Transplant Centers,So I recently finished jumping through all of the hoops to get on a kidney donor list through the VA in Houston. I was told after I can apply for a community care hospital (location of my choice basically). Does anyone have any recomendations for or against any centers? Located in central US but VA is covering travel and lodging so distance is not a huge concern.
Returning to life after transplant,How do any of you out there just go back to your old job you were doing before your transplant. The stars aligned and I’m still on earth with a new lease on a better life. How can I go back to sitting in front of a computer pretending that anything I’m doing matters? I just don’t know how I can continue working and pretending to care. Anyone else?
Anyone ever had a chemical peel post tx (facial)?,I know this seems dumb to care about but I'm in my 30s and have some dark spots from acne scars as a teen. I've been wanting to try a chemical peel or some type of facial to help fade them. I obviously don't want to get any infection or risk it. Not sure how high the risk is for doing skin treatments? Anyone ever asked their doctor about it before?
ptld?,"i'm just gobbling up as much information as I can as my partner starts this process. while reading about transplant risks I came across the risk of PTLD in kidney recipients who are EBV- but receive an EBV+ kidney. yes, most organs will be EBV+ and CMV+ and while many recipients are, not all of them are. This presents a significant risk for PTLD. However, EBV/CMV serology mismatch ultimately doesn't affect whether the transplant goes ahead and +organs are placed into -recipients regularly. New studies report up to 20% of kidney recipients who received EBV+ organs but are EBV- pre-transplant are affected by PTLD \[EDIT FOR ACCURACY: ""approximately 22% of EBV D+/R− kidney recipients developed PTLD within 3 years after transplantation, an incidence that is 5- to 10-fold higher than prior studies."" - data from two US transplant centres and \~100 EBV- recipients who received + organs"" https://www.acpjournals.org/doi/full/10.7326/ANNALS-24-00165\]. That said, there is other, typically older data which shows rates of 1-5% chance of developed PTLD for EBV- recipients getting + organs. That's a lot. 5 year survival is acceptable however significantly lower than recipients who don't go on to develop PTLD (and don't have other complications, of course of which there are many if you have a transplant lol). How have your teams addressed this risk? Close monitoring? How concerned were they? Was there a possibility of rejecting an EBV+ organ? Seems like limited evidence for pre-emptive anti-virals. Not all PTLD is caused by EBV anyway and EBV is a tricky, tricky beast even outside of transplant settings. If you've gone through PTLD, how did you manage it? Did you experience any rejection while going through treatment?"
Kidney transplant evaluation: encouragement needed,"Im going through transplant evaluation and it’s been brutal. My eGFR is in the low 20s, no other health issues. I’m 51, no heart, lung, or glucose issues. Bloodwork is always great EXCEPT for the renal numbers. I’m not on dialysis and (unless they change their mind) have a living donor. They’ve required that I do a lot of tests within a month. I’m working full time in a very flexible and supportive environment. The frustration comes in with the communication and general treatment of me as a human being. They’ve told me a few times “this is the last thing you have to do” — and the results come back normal and they add more tests on. I have a lot of medical anxiety and always call/message ahead of time to find out what to expect. They rarely give me an accurate description. The social worker was the proverbial straw: I was very forthcoming about some casual social drug use in my early 20s (because they specified any drug use EVER) and she treated me like I was an addict. When I asked if using drugs (not even habitually) 30 years ago would affect my chances of being approved for a transplant, they said “not necessarily. We just want to make sure you get the help you need.” ?!? Is this just me, or just the medical center, or is this normal? They treat me like a haunted skeleton in a meat suit, not like an individual with a life and feelings, and it’s completely jacked my emotional state. Been crying or on the verge for a month. I go to therapy every 2 weeks and am on meds for depression and anxiety that worked really well until all this. Gimme your best cheerleading, folks. I super need it right now. (NOT requesting money or organs, just a little emotional support)"
EPTS SCORE 2.2%,I've been told my EPTS score is 2.2% and I should start receiving calls soon. That was in January and my phone is dry. Ive been on dialysis almost 3 years now and I'm ready to just say screw it I'm so depressed. What was your EPTS score? Did you multilist? How long did you do dialysis? How did you find a donor (I don't have family that loves me enough to save my life) I'm so tired
I'm so tired,"If you were blessed enough to get a living donor, how did you go about doing so? Unfortunately no one in my family felt the need to step up so I'm alone fighting this battle. Overall I'm in good health but mentally I am so exhausted from this. I feel like I'm just watching my life pass me by every MWF. Was told I'm a very good candidate and high EPTS score but my phone has yet to ring. I honestly want to give up"
I'M SO TIRED,"If you were blessed enough to get a living donor, how did you go about doing so? Unfortunately no one in my family felt the need to step up so I'm alone fighting this battle. Overall I'm in good health but mentally I am so exhausted from this. I feel like I'm just watching my life pass me by every MWF. Was told I'm a very good candidate and high EPTS score but my phone has yet to ring. I honestly want to give up"
Kidney transplant,I am preparing for a kidney transplant. i will be having a non related kidney transplant but I am worried about the hla antibodies since my donor has been pregnant 3 x. Is there a chance that we will not match? we have the same blood type.
introduction/my story,"hi!! I usually don’t post on Reddit but I want to share my story. I’m 15f and I received my double lung transplant in march 2025. I’m almost 6 months post op! So far everything is going well, no signs of rejection. I can’t believe I’m half way to a year! I was in the hospital starting from dec 2024, around 5 months inpatient. I had shown signs of heart failure due to a lung disease I had called pulmonary arterial hypertension. The nurses I had were all wonderful and made me feel at home. When I was 11 I went to the hospital for a little under a month and it felt like FOREVER.. So you can imagine how 5 months felt.. I was put on ecmo sometime to stabilize my heart, and that was a wild ride… because of a mistake my legs were left numb from the knees down and I lost all muscle control in my ankles and feet. My hamstring (I think that’s how you spell it) in my legs became extremely tight and my legs were literally stuck bent.. I had EXTREMELY painful nerve damage, and was screaming in pain everyday. Oh and did I mention I was awake during my surgery to be put on ecmo?? yep.. traumatizing for the least. Now I’m home and I can’t walk without my leg braces, so I’m in a wheelchair for part of the day. It started out with a walker and braces but pt has gotten me far. I even have small patches of feeling coming back and muscle control slowly returning on one ankle. The pain has decreased a lot but I still get tingling and nerve pain randomly throughout the day and the worst is at night. I think my mind has tried to block out a lot of the traumatizing parts of the hospital but I’ll get flashbacks every once in a while. One thing that truly scared me was when I experienced hallucinations at night because I was on such a high dose of pain meds. (Because of nerve pain and I had a high tolerance.) I was literally talking to people who WERE NOT in the room. It felt so real too, I could see their faces and everything was clear as day. Every time my real nurse would come in the room to check on me her face and head would morph into other things like a wolf. It was truly terrifying for a 14 yr old. Another thing that sucked was when I couldn’t eat or drink for around 2 weeks post op. I was so thirsty and begging for apple juice or SOMETHING. I was being fed by a feeding tube but I was only 82 pounds and just barely maintaining my weight let alone gaining any. Only sometimes would they wet a sponge to let me taste apple juice.. and then there was the times where my chest tubes were so filled with gross stuff and I always felt like I needed to cough something up. I was so weak and everything just sucked. I didn’t feel like myself until a few months after the transplant. My mom was there for me everyday and only went back home for two nights at a time. She was my hero, my light and the only one giving me hope and encouragement. When she would visit I couldn’t even talk or anything, all I wanted was to close my eyes and be alone with my thoughts. I felt so bad but I truly was in a dark place. My doctors made it seem like after the transplant I would have a very normal life and be able to do everything I ever wanted, but that was a lie. They never mentioned how hard it would be to get through. I’m incredibly grateful to my donor and their family. I was able to get a transplant within one week of getting on the list. I was also able to do make a wish which truly kept me going. Everyone was so kind and I was able to do a shopping spree!! I got furniture, clothes, makeup and more. Now I am a healthy weight and still gaining more, + growing taller lol!! I’m living my life the best I can. Healthy, and most importantly home with my family. sorry for how long this turned out to be! I think most of it was more of a rant lol. Feels good to get it all out."
My mom had a liver transplant and can't keep food in.,My mom f(53) got a liver transplant last month. She can barely keep anything down and feels nauseated after trying to eat things or throws up. She's becoming skin and bones and I'm so concerned. I was wondering if anyone else that got a liver transplant experienced the same thing? And what foods were good for them to eat or what helped? I just need some advice. I don't want to have my mom on a feeding tube unless she can't help it. So anything big or small would help!
Two questions!,"Hi all, so I am again here to ask if I’m alone in my experiences which I’m usually not… So I recently started working at a bakery 3 days a week. I am on my feet all day. Half way through the shift and into the next day, my feet will be in absolute agony. As I’m writing this the pain is unbearable, and I can’t even describe it. It’s like my entire feet are bruised and someone is squeezing them with all their strength. Also, for the second time today, I’ve been nauseated by the scent of homemade chai they were making at the bakery, and my blood sugar started to spike, 100-147 in about 30-45 mins, and I hadn’t eaten since the AM. Not sure if it’s just coincidence but it was the only thing out of the ordinary. I’ve never been sensitive to any sort of smells and since my surgery my blood sugar has never just spiked randomly like that. Again this exact scenario happened two times. Anyone experience anything like either of these? I have an appointment with an orthopedist and a podiatrist soon, but that’s all I can do right now I’m just hoping there’s something to explain these things. Thank you!!"
hepatitis C and other at risk organs,"hi all! my partner is going through the kidney transplant process and we've had some interesting conversations about accepting hep C + and other ""at risk"" organs. I'm in medicine so have been spending some time reviewing guidelines and studies. The data on Hep C treatment and graft/recipient survival is **excellent**. We would be open to saying yes to a Hep C positive kidney. I do worry a bit about chances of non-response to treatment, recurrence of Hep C, leading to impacts on family planning and my health...but these all seem relatively negligible and worth it for less time waiting on the list. Has anyone here received a Hep C kidney or other organ (preferably at a younger age) and how has it been? Did it make any meaningful impact on your wait time on the transplant list? Have others had conversations about potentially accepting Hep B+ organs or other high risk organs that carry a great chance of HIV/HepB/C infection? If my partner was older like 50/60+ we would probably agree to these as well but given younger age we are more hesitant. Would love to hear any and all thoughts and discussions about this!"
Mushroom coffee after transplant?,"Has anyone gotten the ok to drink mushroom coffee from their transplant team? If so, how is it and how does it make you feel? Wondering if I should reach out for approval and give it a try."
In the thick of it,"After 2 dry runs - the third time was the charm! I’m about 6 weeks out from my double lung transplant. This shit is hard and feels never ending. Now, I don’t know what I expected post transplant but it certainly wasn’t this difficult - clearly I was a bit delusional… seriously you should see the amount of cute clothes I brought thinking I’d be prancing around feeling great by the time I left the hospital lmao. But I am exhausted physically and emotionally. I’m currently taking 61 pills a day and getting used to all of the side effects, THE SHAKINESS, I am having the hardest time eating and staying hydrated, I’m nauseous all of the time, the pain, the muscle spasms, trying to make sense of the ICU delirium I experienced, so many doctors appointments, never having true alone time, my body changing drastically overnight, HATING what I look like due to swelling, muscle atrophy, and prednisone, living in a shitty apartment near my transplant center, not getting to see my dogs, the diabetes, the isolation and loneliness… Now don’t get me wrong I am so incredibly grateful for my donor, their family, my husband, my parents, my friends, my brilliant surgeon, and all of my medical teams in general. However, everyone just wants to focus on the good and only hear about the physical progress I am making and not the emotional and difficult part of this journey. When I tell someone “lungs are great, all of this is hard and overwhelming though” I’m met with positve platitudes that feel so dismissive of a huge part of this journey. So not only am I in a town where I know no one, I don’t even feel like talking to my people because I feel like I have to slap a smile on my face and only be grateful, because they don’t want to hear it/ are uncomfortable/ don’t know how to respond. Or maybe they think they are being helpful but don’t understand how it’s actually dismissive. I don’t want to be a dark rain cloud / burden on anyone especially if they aren’t in the right mental space to hear it so once I’m shut down on my bid for emotional support more than once - I don’t bring it up again. I just need someone to sit with me in the trenches for a bit. My therapist is great and I can be so open about all my feelings with her. It’s not the same as a friend though, ya know? Anyways, I think I’m writing this because I am in need of being understood by people who get it and understand the duality of emotions that come with this journey. So much love to anyone who has read this and responds!"
Kidney transplant with heart issue,"hi everyone, for those whove had a kidney transplant and had heart issues, did it get better after transplant? ive been on dialysus for over a year and developed heart failure/cardiomyopathy and it's difficult did transplant help it? thanks"
Kidney Harvest Day,"Starting August 28, I’ll be a one-kidney model. I’m officially becoming a limited-edition one-kidney model. Left kidney is being permanently discontinued. On October 17, 2024, I saw a post from a family friend about her husband needing a kidney. I didn’t know where the journey would lead, but I knew I wanted to apply and see where it took me. Total prep required to give away one kidney: 🧪 52 vials of blood 🔬 73 test results 💦 5 urine samples 🧠 1 CT scan ❤️ 1 EKG 🫁 1 X-ray 📡 1 ultrasound People kept asking, “Why are you doing this?” The answer is simple: Because I can. Because someone needed one. And because I’d want someone to do the same for me. I’ve never second-guessed it. Not once This isn’t about what changes for me — it’s about what changes for the recipient. From now on, I’ll be 50% less symmetrical, but still fully human."
Travel to Japan,"Hi dear fellow-transplant-people, i had a lung-transplantation 16 years ago and i'm going to travel to japan next year. In recent travels i always had my full diagnosis written in english (i'm from austria) with me, for emergency. Does anybody know, if i need to translate to japanese especially to hiragana/katakana for my future travel? I can imagin that special words for all the diagnosis i have are hard to translate but also that its kind of universal language (?) Does anybody have experience with doctor-visits in Japan? thanks and all the best"
Need some words of encouragement for the WAIT,"Hi, first time posting here. Diagnosed with advanced HF last fall & listed for transplant 9 months ago. I spent 2 1/2 months inpatient with no donor. Stable enough to wait at home now & very grateful to be out of the hospital but the mind game is no joke. Id love to hear from others who were sick and waited a long time. Im a hard match given blood type, size, antibodies and im plenty sick but not as sick as others (currently status 4). I trust my team for the medical strategy but i really need some help with the mental game, or at least someone who understands. Thank you"
Any experience with clinical trials?,"I’m currently having antibody rejection and there’s a clinical trial coming up that my doctors think I would benefit from. I’m apprehensive, does anyone have any experience or opinions?"
Puffy face in the morning,"I am post kidney, a little over a year now. My lab numbers continue to look amazing and overall I'm feeling better than I have in a long time. The thing I'm curious about is: I wake up looking puffy in the face and then over the course of the day it seems to subside. Is this just something that's part of the deal long term? Maybe because of prednisone? Anyone else have this?"
What drink do you take during workout?,"As the title said, what drink do you guys take during workout? It’s been 1.5 years of my kidney transplant and i kind of feel dizzy/weak during gym workout and running. For all i know i can’t take pre workout or energy drink, so i drink water."
Tooth extraction and bleeding,"I am sitting in a chair at the oral surgeon’s office waiting to have two cracked molars extracted (I grind my teeth badly). I am apprehensive because I was a bleeder leading up to my transplant and could not do the tooth extraction then unless I was in a hospital. Now, four months post transplant, my platelet level has normalized. I am sharing because having it done outside of a hospital setting is making me a bit nervous nonetheless. Fingers crossed!!🤞"
should I go for repeat biopsy?,"Hi everyone, Few days ago a biopsy was done because of rising creatinine (1.1 to 1.8) Biopsy was done. Acute cellular rejection came up in report. 3 days high steroid treatment was given. After 13 days of receiving the last injection, the creatinine is 1.4 The trend was like this - 1.8 - 1.7 - 1.5 - 1.5 - 1.4 1. Now doctor has given two suggestions, either we can go for a biopsy again and see if any rejection is left and if it can be treated with some other drug. or 2. We can leave it here and think of it as the new baseline. Now I'm not sure what to make of it. please share your suggestions."
CAV,"Hello, I just had my one year post transplant catherizarion and the report said I didn't have CAV angiographically, but by IVUS, the coronaries arteries thickened. I'm just a little worried since I'm like 21 years old and I was a highly sensitized patient who had like three rejection episodes because I had a lot of DSAs and antibodies. I want to keep this donor heart for as long as possible before possibly getting re-transplanted. I was wondering if anyone was in the same boat as me."
Hair loss,"Hi there, I recently started noticing a significant amount of hair loss. Told my doc and she said it could be delayed malnutrition symptoms from prior to transplant (I’m 4 months post) or because of the tac. Anyone else experience this? Did it get better or worse? I’m taking biotin as she suggested but I feel like it’s not going to be able to compensate, im losing giant clumps in the shower and can just get clumps ruining my fingers through it."
Heart biopsy while pregnant,Has anybody gotten a biopsy (of any organ I guess) while pregnant?
I hate waiting for labs :(,My new clinic I been going to takes a day for labs to come back and that’s torment.. I have SEVERE anxiety/health anxiety and everytime I do labs I’m scared of rejection… my last lab was a little wonky a few months ago but I was dehydrated.. and over ate protein.. and my pressure was a little elevated a few days ago and I’m absolutely terrified of rejection and my numbers coming out bad I had really bad diarrhea stomach episode yesterday too.. if my numbers are off or I’m showing Rejection I’m gonna have a breakdown..:( I hate lab day I feel like sometimes I got too comfortable with this transplant after being perfect results for so long and maybe I been careless and could’ve damaged it… pray for me.. we will see.
UK algorithm for organ & blood transplants,"A bit of a shot in the dark here, but I saw that the NHS has an algorithm or is developing an algorithm to speed up the process of organ donations and transplants. Does anyone have experience with this? Has the NHS trialed this algorithm with any of you?"
Just had a liver transplant in a lot of pain and some other patient yelled at me to shut up because I was crying.,"I'm so sorry for my rant. But I've just recently received the gift of life (my liver) I was very sick and only had about 6 months to live. I'm now post op 2 months and I'm currently having some problems (hematoma they think on the liver) which is causing me a lot of pain. I'm currently on the transplant ward of the hospital I'm at and a patient in my room had the audacity (and her husband) while I was crying in pain to yell at me to shut up. Mind you, she then turned her iPad up to full volume to try and not hear me crying. I was just waiting for the nurse and it would have been maybe 10 minutes of me crying. The nurses were busy and I understand that. I just can't believe some people are so rude. I would never EVER do that to a fellow patient and I've never encountered a 65 ish year old couple bully a 30 year old (me) who's just had a transplant crying. Some people are horrible. But thankyou so much to my donor and my doctors and surgeons. I am so grateful to them for saving my life. Just a little reminder don't let people like this wear you down. You are special and you are loved."
11 years post - looking at martial arts,"I had my transplant in 2014, RLQ of my abdomen. I’ve been on a hard fitness journey for the past year and lost a lot of weight (fat loss, gaining muscle). I’ve done some jujitsu but am really interested in Muy Thai and MMA. There’s really no harm in the hitting the bag. I do not plan to ever do any real fights or anything more than light sparing with trusted partners that will understand my health. I know there is risks of still being hit there but has anyone done some of this with success? Obviously I’ll discuss this with my doctor but he is (understandably) risk adverse for even pretty minor things."
Does egfr coorelates to kidney function percentage?,"When people say a kindye is functioning 60% or x% Do they calculate it based on egfr values? But I have seen people with egfr greater than 100 also. Also, if egfr is a calculated value from creatinine, isn't creatinine enough to tell about the kidney function. Why do we have these 2 different parameters based on creatinine? Is it only because egfr also accounts for age and gender?"
I have questions for those of you who have had TRT after a transplant,"I made a post a few weeks ago about how tired I’ve been feeling. Here’s the link. https://reddit.com/r/transplant/comments/1mhob79/almost_7_years_out_and_im_still_exhausted/ Anyway, I asked my nephrologist to test my testosterone. Unfortunately, they only tested my free testosterone, so I don’t have all of my numbers, but it was 52.2. It’s supposed to be between 46 and 224, so I’m definitely at the low end. I had it taken in the morning which is when it’s supposed to be at its highest. They also did a CMP, and all of my other numbers were normal. My tacro was at 5.5, and they want me between 4.5 and 7. I feel like my short term memory is crap compared to what it used to be, and I’m physically and mentally fatigued. I can’t seem to make it through the day without a nap, and getting out of bed is a chore. Working out feels overwhelming. Those of you who have had TRT, where were your free testosterone numbers compared to mine? How fatigued were you? Did you feel what I’m feeling, and how much has TRT helped?"
It’s my 2 year heart transplant anniversary!,I genuinely cannot express with words how glad I am to be able to continue to live life - even after going through end stage advanced heart failure. I was walking downtown with my boyfriend a couple days ago and it kinda hit me that I’m living and am able to do life things. I am beyond grateful and here to many more years with this heart!
Laser hair removal,"Hey all , I’m now 8 months post transplant and doing well . I’m finally going down the route of laser hair removal cuz shaving is just not working ( don’t want any folliculitis ) . I’m getting it done at laser clinic uk ( if anyone else has had experience ) . After telling them my medical history and meds , their doctor recommended that I could go ahead but they’ll be limitations to the power they use . Just wondering would it still be worthwhile proceeding ? Or if anyone could share their experience ? P.s I have already recieved clearance from my transplant doctor and a dermatologist . They couldn’t think of any reason I shouldn’t , and gave basic precautionary advices ."
Heart Transplant med switch,On the wait list for a heart transplant. They expect a heart in 2-8 weeks but that’s a guess. To those of you who had a transplant for heart failure before your transplant: How did it feel to be off a beta blocker and other heart failure meds? I’ve been on them since 21 (in my 30s now). Looking forward to feeling better. If you have any hospital/recovery tips feel free to dm.
Pain,"Hello everyone. 2 months post transplant. Would like to know if anyone has ideas for how to get more pain medicine from my team. I understand with the opioid epidemic why doctors have shifted from over-prescribing, but now I feel like they under-prescribe. Years ago when I had knee surgery my oxy fill was 60 and I think I refilled it 1X. When I left the hospital just recently following my double-organ transplant they gave me a script with 10, which of course I used right away. When I requested more I was denied. Can’t take nsaids and Tylenol does basically nothing for me, personally. My pain isn’t from anything serious but I do need something stronger than Tylenol- I’ve got nerve pain in my feet from years of having T1D. Back pain that I developed after the operation from being in the hospital bed and an ER trip. My butt hole is constantly on fire now from whatever it is coming from my bowels (this is while taking Protonix, too), and I have gas pain from the massive amounts of gas my digestive system now generates. I spend so much of my day uncomfortable. My surgeon, who is awesome, said I “cannot take that shit” when I asked him about more pain meds. I understand it from his perspective. But my perspective is I’m constantly in pain or at best, uncomfortable. There’s gotta be a middle ground here. Is there something weaker than oxy? Tramadol? I don’t NEED to take them like as if I’m about to go buy some off the street, but it would be nice to have something to reach for when I’m in pain. I’m sure these symptoms won’t last forever, which is great obviously and preferred, but why do I have to sit here for the time being? TL:DR - I’m experiencing nerve pain related to years of T1D plus painful side effects from my double-organ transplant and medication. Having trouble getting stronger pain meds from my Dr, requesting advice"
Meal Prep,Hello. I’m looking to see if anyone else is meal prepping or doing intermittent fasting? How is it going for you and what types of food do you meal prep for yourself? TYIA
18yr old 2x transplant recipient,"Hello! I usually don't ever post on reddit, but I discovered this community so I thought I'd introduce myself! Everything started when I was diagnosed with Acute Myeloid Leukemia when I was a year old. To treat the AML I recieved a bone marrow transplant from a Matched Unrelated Donor. Unfortunately the BMT gave me severe Graft-vs-Hosts-Disease (when the donor bone marrow attacks your own bone) I ended up developing Bronchiolitis Obliterans when I was 4, which only happens in 10% of lung GVHD patients. Fortunately the progression of the BO was slow, but the only treatment for it was to get a double lung transplant. When I was 14, it was determined that I would need new lungs. My transplant was successful, and although the recovery was extremely difficult, for a year and a half, I did so many things I could never do before. and I was living my life to the fullest. Sadly, it did not last very long. In January of 2024, I developed antibody mediated rejection. Later on, we found out that I had chronic rejection; Bronchiolitis Obliterans (post lung transplant rejection and post BMT rejection (GVHD) that occurs in the lungs are the same things). We discovered this time the progression extremely fast. I was in end stage lung failure once again, and even worse than when I was pre-transplant. I was placed on quite a new medication to hopefully slow the progression and fortunately it's kept me stable for around a year. I'm in quite a rough spot where re-transplant is being discussed but have not yet moved forward with getting evaluated due to multi-limiting factors and likely poor survival outcome post re-transplant (I may make a separate post for this). I am currently on pallative care and trying to maintain the best quality of life over quantity. I am passionate about raising awareness on my health journey and I share my life on social media as well. I would love to interact with other transplant recipients as well so please let me know your social media handles if you are comfortable sharing! Mine is chronicles.of.chloe on Tiktok and chronicles.of.chloe.art on Instagram :) Thanks for reading, sorry it's so long 😅"
I'm resentful of my friends,"Please try to be kind to me here. But I can't talk about this with anyone else. I'm resentful of my friends moving on in life. And I know I should be brave and resilient and I can hope for things in life too. But I've been dealing with this kidney thing since I was 3 and my entire life has been defined by it. I'm 26 now and I think I've squeezed all bravery and resilience from me. I'm preparing myself for a lonely life. And that feels like the only option. Some days I hate them so much for having the privilege of not thinking of life in borrowed time. I'm tired of being resilient. I don't want to be. I haven't killed myself yet, and sometimes I think that's enough for me. Because sometimes I do wish I was dead. And it's not just because of the kidney transplant but because I've just seen so much family trauma growing up and I've been in therapy, I take medications and yet nothing makes it better. Sometimes I tell myself to live as long as my parents are living and then I can just let go of life. That I'm not obligated to anyone to live post that cause it's anyway going to be a lonely life."
How to explain how sick you are while waiting,"First, let me say. I am not looking to judge anyone mentioned here. I’m looking for helpful suggestions - if anyone has one or a few! I’m helping my sister while she is on the waiting for her live donor liver surgery which won’t be until October (meld score 24-26). She was born with an issue and it resurfaced - has had a liver resection that failed 14 months ago and a c-section 19 months ago. She has uncontrollable itching 16-20 hours a day - worse at night. Jaundice (extreme - yellow - with an almost greenish cast some days). Exhausted, weak, can’t sleep most nights. Portal hypertension, ascites, on 2 meds to reduce fluid retention, enlarged spleen. Has a 19 mo old. Her husband does NOT get it and since I’ve been here has complained that she isn’t doing enough and “if she doesn’t do it, someone has to.” He just had a hernia surgery and can’t do any lifting right now - still tries to which I remind him about gently but, I try not to say much or nag (nobody responds well to that) He isn’t getting how sick she is. He wants to blame her diet (she eats bland food and not much of it since the failed resection - the doctors have repeatedly answered his questions and responded to his suggestions that her diet improving would improve her health - they have repeatedly explained that it is not the case - of course they always recommend a healthy, balanced diet but, to eat as healthy as she can as long as she can keep it down. 2 weeks ago u had to take her to the ER when her nose wouldn’t stop gushing blood - even after we got there - 5 hours to get it to stop completely. What can be said by her or me if necessary to get him to understand? Any ideas at all? This is not going to get better any time soon and he is being such an A-hole about it. Edited to add - ok, I guess I do judge him some - I try to understand but it’s hard"
Education on medication,"I am reading comments here and really surprised, it seems like the USA does not do education post and pre transplant on what medications you will be on, your side effects, what can happen, why you are on them etc. It's all part of transplant evolution and work up, here in Australia. Do they not do that over there, Then wonder how so many patients don't cope properly etc ? I can't imagine not being educated and warned, have support etc with all the new drugs. I am 21 years post liver, and 12 years post double lung due to cystic fibrosis. Edit: .My presumption was on the fact that a few people here said they never got an education on their meds, clearly they never listened. Calm down in the comments, I wasn't rude at all. For those asking where i got the idea, which is my mistake, It was from this [comment](https://ibb.co/277wtNRT) https://ibb.co/277wtNRT"
Migraine headaches lasting days if pill missed.,"It's been 6 years post-lung transplant, and nobody is perfect—so yes, I’ve missed my pills before. Thankfully, I’ve never developed rejection (knock on wood). However, I’m curious if anyone else immediately starts developing an intense migraine just a few hours after missing a dose—even just a single pill. I set up my pillbox once a week and only take morning and night meds. Sometimes, if my refills haven’t arrived yet, my pillbox might miss a day of prednisone, for example. Even a slight missed dose seems to trigger migraines. I feel like my brain is basically addicted to the meds at this point and can’t function without them. Does anyone else experience this? Is it pretty normal?"
Kidney rejection treatment update,"In a previous post I mentioned that I was going through acute cellular rejection. I wanted to update the group on that. It was 10 days ago. Followed by high dose steroids for 3 days then tapering dose followed. Currently creatinine numbers are improving a bit, dropped from 1.8 to 1.5 in first 7 days. Now after 11 days of treatment, numbers are still at 1.5 (baseline was 1.1 - 1.2 before rejection) Not sure if this goes down slowly or could this become my new baseline. In your similar experience, what has been the time period of your recovery?"
Prednisone kicking my a-s-s,"VENT/RANT Hey all, for major context, before I get barked at for complaining, I’m 17 and about to go into my senior year of hs in person on the 9th, and I thought I was *kinda* pretty on dialysis because I was like 64kg. I have huge huge huge confidence issues and always have, I was 200lbs the winter before getting diagnosed with kidney disease at 15, and quickly lost weight over the summer until I got diagnosed, I had been keeping a steady weight and dropping it, I don’t eat much to begin with, maybe a meal a day with a few snacks but my grandma makes it seem like it’s too much and is constantly commenting on how my face looks or how my body looks in my clothes, last weigh in for labs on Monday was about 74kg and I’m about 6 weeks post transplant. YES I know I should give myself grace, and I’m grateful I’m no longer on dialysis and can proceed to do all the things I want to do after the initial year but god if I don’t hate looking in the damn mirror, I’m currently on 20mg of prednisone, down from 60mg start of transplant, and should only be on a half tablet in January but I just hate how my face looks, probably because I’m a teenage girl and have someone hounding me on my looks even though I can’t control it, I cut my hair not even 30 minutes ago in a way that tries to hide it but I just look so different it upsets the hell out of me because I don’t want to be made fun of for my appearance by random ass kids at my school, or my friends looking at me and seeing I look different now and not as pretty. All my friends are nice people and I love them all I just hate the idea of going out in public because I’m ashamed of how I look despite it literally keeping me alive. And I know it’ll get better and being impatient about the stuff just makes it worse but I’m just so damn scared of gaining weight and being absolutely undesirable because this world is so unbelievably cruel. Idk, tldr I hate how my face looks due to prednisone so much that I don’t want to go outside or look in the mirror - complaints from a teenage girl"
Pancreas and cPRA,"I’m currently listed for round 2 pancreas transplant - first was Feb of 24 and explanted the following day having lost the organ to thrombosis. I re-listed as soon as my team could clear me in July of 24, but found out my HLA sensitivity went from 0 to 99%. I’ve been listed since July Status 1 and as of June of this year I’m down to about a 52% cPRA. My team is hopeful given time and sensitivity dropping that the wait shouldn’t be too much longer. Does anyone have any experience with high sensitivity and waiting for a pancreas? I’m getting anxious of waiting forever and the things that have caused the need for transplant continue to make life harder and more dangerous."
Almost two months since my heart transplant,"It’s been a while since my last post but I’m still here I’m still fighting to get back to doing what I love to do and I’ve been active in the gym doing light cardio and (very light weight) trying to eat healthy a balanced diet sort of but Ive had two biopsy’s done on me Zero rejection on both, blood work as well, but Ive had some doses changes and reduced meds and increased but I’m fine I’m just glad to be alive and hopefully I can get back to playing my fav sport again."
Contraceptive girlies,"To my kidney transplant girlies i am 28 no children and now needing to choose which contraceptive to use debating on the patch, nexplanon or the IUD. I was wondering what route did you all take, and how did you manage the pain for the procedure (nexplanon or mirena IUD). Any advice is greatly appreciated! :))"
Letters to/from Donor Family?!,"Has anyone written a thank you letter to your donor family? Also, if you have written a thank you letter to your family did you receive a letter back from the donor family? I wrote a thank you letter at six months post my surgery and received a letter two months later. It made my heart so happy to hear from the donor family and for me it really helped with the survivors guilt. I am just curious how others feel about sending and receiving letters from the donor family"
"Currently facing, gastric erosions, digestive issues, dry skin, hair fall do dosage reduction will help with this","Hai, all, facing so many challenges, my doctor didn't reduced medicine dose for a long, having gastric erosions, dry skin,hair fall, h pylori is not eradicating from a year.. He doesn't monitoring all my symptoms properly, i have one doubt if dosage reduction like i am on Mycorite 360mg thrice a day and Everite 0.75mg per day.. With Defcort 6 and 12mg on alternative days..if any reduction in dosage can i recover? Any body faced this issue? Or will dosage reduction helps with my symptoms or not?"
Trouble swallowing after Lung Transplant,"Hi all, my dad is going to be 70 in a week and just underwent double lung transplant 2 weeks ago. He has progressed really well and was set to come home today but he’s been failing the Barium swallow test. He’s done it 3 times and failed each time but is slowly getting better. They put a G tube in him today and said that it would be in for 2 months. We were all a little shocked that it would be in for so long. Anyone had a similar experience?"
Question for UK recipients,"With all the instability within the NHS, how is the consistency of your care? Getting blood tests done, getting your medications, and adjustments if necessary? I am from the US and despite being on Medicare, I get very good care, my long-term partner lives in the UK, and I am concerned about my care should I move. Any insight would be super helpful 🫘"
Hair Loss and Moon Face,"This is my first Reddit post! I had a lung transplant early in May this year. Recovery has been slow because I was in a medical coma a month before the transplant and needed to learn to walk again and get past incontinence/ other things. What has really been bugging me, which I realize is silly considering how much I've been through, is that I've lost a lot of hair. I cut most of it off after it matted and mostly fell out in the hospital. I also have ""moon face"" due to prednisone, to the point where I don't even recognize my face anymore. How long does it take for moon face to go away? Does the hair loss stop as well? It would be nice to ""look like myself"" again."
Gastric erosions and acid refulx with hpylori,"Hai iam a kidney transplant, Using medicines for ny condition, i have a doubt, when i was on empty stomach or when i ate triggered foods.. I observed my blood pressure going out of control and my kidney functioning going low.. Do anybody observed this.. Give suggestions please, Can i take second opinion on my conditon from another nephrologist?"
No support person/caregiver,"I have a client that is going through testing for a lung transplant in New Orleans. She has no family to help and her one friend who was going to be her caregiver backed out. I wish I could be there with her but unfortunately with my work, it just isn’t an option. Are there any organizations that help with someone possibly undergoing a lung transplant that has no support person/caregiver? How long does someone need to be with her? From what I understand she needs someone at the hospital with her and then afterwards as well while she is recovering/going to post op appts? Does this need to be the same person? Sorry for all of the questions. Just trying to help this sweet lady however I can because she is ready to give up it seems."
Wound care tips,"Hello, living liver donor who is 4 weeks post op here. My surgery was a robot assisted right lobe hepatectomy. All of my trocar sites are doing great but my midline incision at the top near my sternum is draining a bit daily. It definitely got irritated from me trying to wear a bra too soon after the steri strips came off. It’s not infected. But does anyone have experience with this? I’ve been kind of wanting to put some aquaphor on it to see if that helps it along but I’m not sure if it’s a good idea. Any tips appreciated, thank you :)"
"Bob, creator of the Bob and Brad YouTube channel, passed earlier this month. He was an organ donor.",I was a little sad listening to his son speak in his tribute to his father on their recent video announcing the news. But when he said he wanted to be an organ donor? Then he described the hero's walk and how powerful it was to be a part of that. How his mother played a role in helping him continue to help others by providing life saving care? I burst into tears. My dad was saved by a donor and this feels like the only place that would understand how it feels when you run into a donor family (even a parasocial one) in the world. I always burst into tears (i'm a crier by nature) but I can't ever contain the overwhelm I feel. Hope you are all doing well and living your life to the very fullest. We are so lucky to have people and families like Bob's.
Iga detected 6 month of transplant.,"31F, had biopsy weeks ago after transplant because of unusual increasing creatinine. The result is, my creatinine is lower than ever before biopsy, and the biopsy shows a result that they found iga in my new bean. I suppose it is quite uncommon for most of iga partients. The first sign is my urine test shows protein TRACE. And now I was like, transplaned high blood sugar and iga. current creatinine is 150."
Blood work when outside of the US.,"Does anyone have such experience? I must leave the States for a month, not far, north of the border. I still do weekly blood work. Will the transplant team accept out-of-country tests? I will ask them; I want to arm myself with arguments first."
Lesions on Liver transplant,Curious if anyone has had this from MRI results and what the outcome or next steps were …
Today I celebrate.,Celebrating one year of my Liver transplant today. Received my kidney back in June. I am very grateful for how recovery has been and how informative this group can be for me at times. Also just being able to chime in with people going through the same things. I hope everyone is having a good day/night. Thanks for being here.
Arthritis pain relief,My Dr advise against OTC arthritis pain relief meds.. has anyone been prescribed something that works?
High Tacrolimus medicines dose still low Tac level,"Has someone faced this issue of being on high Tacrolimus medicines dose but still not getting apt levels. I was previously taking cyclosporine but due to hirsutism, switched to Tacrolimus at 3 months post. Now I'm taking Tacrolimus since almost 2 months, and currently taking a total of 10mg in a day (5mg morning- 5mg night). Still my tac level is around 5 Please share of you have faced the same experience and how this was resolved if something was done for that or did you continue taking high doses and it didn't affect anything."
tacrolimus withdrawal?,I want to talk to my doctor about coming off of tacrolimus but I am worried about if there are any withdrawal issues and I can’t seem to find anything about it on google or anything
Has anyone had both Pseudomonas colonisation & Aspergillus after lung transplant and used nebulised amphotericin?,"Hi everyone, I’m reaching out to see if anyone here has gone through something similar to my dad. He had a double lung transplant about 4 years ago and has had ongoing complications ever since: Severe airway obstruction (he was having bronchoscopies with balloon dilations every 6–8 weeks, but they’ve now stopped scheduling those). 2 embedded stents. Chronic colonisation with Pseudomonas. Recently diagnosed with Aspergillus as well. He’s just been sent home with nebulised amphotericin (30-week course) plus other inhaled medications. We were told no one can be in the room during treatment because of the risks, and my mum has to check on him while he’s using it in case he reacts badly. I’m wondering: Has anyone here dealt with both Pseudomonas and Aspergillus at the same time after transplant? Has anyone here (or their loved one) used nebulised amphotericin long-term? Did it help? What was your experience with side effects and tolerance? We’re trying to understand what to expect and how much this medication might help. Any insight from people who’ve walked this path would mean so much. Thank you 🙏"
Transplant Bracelets,"I know when I was on dialysis I considered getting a bracelet to say I was waiting on a kidney transplant but then a few short months later I actually got my kidney. I was wondering if any of you who’ve gotten transplants still considered getting one or have one for “just in case” reasons. Like even though you’ve successfully had a transplant, do you still wear a bracelet or necklace or something of significance on your person just in case there’s an accident where you can’t speak for yourself and you need them to know “I’m not an organ donor but an organ recipient/this is my situation.”? Thanks in advance for any information you’re willing to share 💖"
High Creatinine After Kidney Transplant,"Hi everyone, my dad (69M) had a kidney transplant 2 months ago. Right after surgery his creatinine was 7.28, and now 8 weeks later it’s at 2.5. The doctors are aiming for 2.0 or lower, and they’ve said it may take 3+ months for it to fully stabilize. He’s also being tapered off Envarsus and switched to belatacept infusions. Has anyone else had their creatinine still this high 2 months post-transplant? How long did it take for you (or your loved one) to reach baseline? Any experiences or reassurance would mean a lot. Thanks!"
Martial Art (Muay Thai) for Kidney Transplant Provider,"Hi all, I am considering donating a Kidney for my cousin, who has type 1 diabetes and Kidney disease. I am still in the phase of providing thorough blood work and urine samples to determine if I'm an optimal match. My donor mentor mentioned that her doctors said wrestling is prohibited after the transplant, and I wanted to see if this applies to other martial arts, specifically Muay Thai. I train 3+ times a week and spar often, body shots being a common part of that regimen. Can I participate in Muay Thai after I have healed? Any advice is appreciated. Thanks"
Donate Life America - Back to School post,https://preview.redd.it/1sgcx5d0gsjf1.jpg?width=1080&format=pjpg&auto=webp&s=2f59be0e796c61fbed050b5642d11ced12ce5766 Not an official post (since DLA is not on Reddit.) DLA is asking parents to post back-to-school photos of their recipient kids as responses to their own social media - Facebook and Instagram.
Donating a kidney before or after having kids?,"As long as I've known that I can donate a kidney and that it'll have little to no effect on the quality or the duration of my life, I've wanted to. However, I'm 29 years old and definitely want to have kids and I've always figured that I'd wait until after I have kids to do so because of the slight increased risk of pregnancy complications. But lately I've been thinking maybe it'd make more sense to do that now before I have kids because doing it with 3-4 small kids (when my kidneys aren't as good as they are now?) might be more of an obstacle than the relative elevated risk of pregnancy complications. Obviously, I should talk to my doctor about this, but I'd be curious what people who've ACTUALLY gone through this have done! No one in my life needs a kidney, as far as I know, so it would be a stranger donation. So there's no implicit time crunch. Also, assuming that my hypothetical pregnancies go well, I always thought I'd be open to surrogacy (though not for a stranger--a close friend of mine had her eggs frozen because she won't be able to carry kids on her own). I don't know how that would factor into the decision, and haven't given it much thought because frankly neither me or my friend are anywhere near the idea of having kids ourselves. Thanks so much"
How long have you waited until your first overseas trip?,What was stopping you from going?
"Canadian kidney transplant recipient, considering going to resort in Playa Del Carmen, Mexico?","I'm 8 years post kidney transplant. My work is doing an all hands trip in Mexico, and I've never been to Mexico before. When I spoke to my transplant team, they said they had no special advice for going, but said to speak to a travel clinic. I did that and there was a slew of shots they advised I take. But the biggest concern for me was traveller's diarrhea. They said I could take dukerol, but to still I needed to avoid water and only drink bottled, and ensure food is fully cooked through. They even suggested going so far as to brush my teeth with bottled water. It's all got me a bit uneasy about going altogether. It's only a 5 day trip but I'm worried about getting sick and the knock on effects of that - treatment of a disease like traveller's diarrhea leading to medication changes that ultimately results in rejection."
Anyone have a similar experience?,My 17 year old had his kidney transplant 58 days ago and we are still in the hospital. When they did the transplant they removed his right kidney and then 3 weeks later they had to remove his left kidney. The kidney he got had 3 arteries to begin with and this past week we found out that the smallest of the arteries had clotted off and there is nothing that can be done about it. He had an angiogram of the other 2 arteries yesterday and they said they are fine but about 30% of the kidney has lost blood flow. To keep his creatinine between 2.3 and 2.5 they have to keep his blood pressure between 135-155/90-105 and if he eats over 1500 mg of potassium a day his potassium shoot up over 6. When they lower his blood pressure his creatinine starts to go up. They also have had to keep him on iv fluids this whole time because if he goes below 4 liters of fluid the kidney gets angry. Has anyone else ever been through anything like this? What was your outcome if you don’t mind answering. My son is just sick of being in the hospital and is like I gave up my not so awesomely working kidneys to get another not so awesomely working kidney.
Care after liver transplant,"TLDR: My question - how long should I plan on helping my sister who has an 18 month old after her liver transplant in order to get her to where she needs to be? I’m looking for realistic timeframes based on others’ experiences - not guarantees. This is also assuming all goes well! I should have mentioned that she has a live donor so her body will need to regenerate part of it. My guess is that she will need longer to recover? Thank you all!!!! Hello, all! I’m looking for advice and insight into post-lived transplant care. Brief background - younger sister born in 1982 w/choledochal cyst and partial biliary atresia - hepaticojejunostomy performed at 8 days of age. 2019 - external bile drain placed for widening of connections made in 1982 due to sudden onset jaundice. 2023 - “pregnancy induced” Cholestasis that, UNsurprisingly did not resolves after giving birth. 2024 - Liver resection - damage far worse than anticipated - failed and now in liver failure and on UNOS My sister is supposed to be getting a new liver in October of this year. She now has an 18 month old and her husband has to work full time. The baby is in daycare full time. My question - how long should I plan on helping her after the surgery to get her to where she needs to be?"
Biliary Tube question,Hi...I'm PSC post liver transplant 7 years and developing a bad bile duct stricture. Doc is recommending a drain which they hope will be internal with a dissolvable stent but due to previous roux n y loop they are not certain if it will work until they get in there and I may end up with a dreaded external drain. I keep quite fit and my question is does anyone manage to do exercise with this thing in them or is it impossible and painful? Thanks
Kidney transplant prednisone and acne troubles,"Hi everyone I recently got a kidney transplant from my dad :))) , around a month ago… I’m freshly 20 years old and a female. Before my transplant I had very mild acne but now since transplant and all the meds I’m on my acne is HORRIBLE on my forehead and I am absolutely so insecure about it… I know it’s the least of my worries but it truly bugs me so much since I’m not use to acne like this. I was starting on 20mg prednisone post transplant now they leaned off to 5mg. Is there anything, anyone recommends for acne after transplant???"
90Grams of Protein a day,Hello Fellow and soon to be Transplant group members. I am almost 1 month post op from a Kidney Transplant and so far all my blood work has been going very well. My staples came out Tuesday and Today I had my first virtual meet with the Dr’s. I had my surgery done at VGH. My question today is about protein intake. Did or does anyone have to eat 90 grams of protein a day. I’m just wondering if you can share what you eat in a day to meat that goal. I have 3 young children and like I said I am 3 weeks post op. I’m finding it hard to eat 90grams of protein a day. Thinking of doing meal prep. If you have any experience in this please leave a comment. Much appreciated! May you all have a blessed weekend.
280mg potassium from powder protein shake is ok or too much.,"There is premier protein plus fiber online, I want to know if 280mg potassium is ok? There's a non fiber version with 160mg of potassium. Neurologist recommends upping my protein intake for my muscle atrophy on my left calf. Immunosuppressants worsening my diabetic neuropathy and muscle atrophy. I can barely tense up my left calf muscle and tip toe on that foot."
Kidney donation,"Guys, my father has had chronic kidney disease for about 5 years, at first he treated it with medication but the disease progressed and now he will undergo dialysis. Talking to the doctor, I thought about the possibility of donating a kidney to him. At the moment I'm acting completely on impulse and fear of losing him, but I'm absurdly terrified of surgery (probably some trauma from heart surgery I had as a child). I would like to know from anyone who has already donated an organ or specifically a kidney, what was the process like and life after the donation?"
"20 F kidney transplant recipient, completely hating myself and my life","I’m 20, female, 5’5”, and I weigh 70kg. And I fucking hate myself. I hate how I look. Every time I look in the mirror, all I see is someone who isn’t enough. I’ve never had a boyfriend. I don’t really have friends. People tell you to “reach out,” but when your parents are narcissists and you’ve grown up constantly feeling invisible, it’s hard to even know how to. Life feels like this heavy, suffocating weight I can’t shake off. I feel trapped in my own body, trapped in my own head, trapped in a life I didn’t choose and never wanted. I’m a kidney transplant recipient, which should be a blessing, but right now it just feels like another thing making me different, making me broken. I hate my body. I hate being alone. I hate that I can’t stop hating myself. I hate this life. I don’t even know why I’m posting this. Maybe just so someone, anyone, knows that this is what it feels like to live like this."
Seeking psychiatrist that specializes in transplants,Mom recently received a liver transplant and I’d like to connect her to a psychiatrist who specializes in that. Seeking someone in the DFW area. All recommendations welcome.
Creatinine/GFR shortly after transplant,"Hoping someone can put my mind at ease. Two days after living kidney transplant surgery (August 7) (living), my GFR was 108 and my creatinine 0.87. Two days ago (August 13), these changed to 82/1.12 and now today they sit at 66/1.35. I know the first months things can fluctuate, but this seemed dramatic to me even two days later (especially the GFR). Anyone experienced anything similar? Should I be concerned? \*\*\*Monday update. I did labs again this morning, and both my creatinine and GFR were unchanged from Friday. Would this be an indication that it is not likely a rejection episode, as I would anticipate that if so, the numbers would get progressively worse?"
Creatinine/GFR shortly after transplant,"Hoping someone can put my mind at ease. Two days after receiving a living donor transplant (8/7), my GFR was 108 and my creatinine 0.87. Two days ago (8/13), these changed to 82/1.12 and now today they sit at 66/1.35. I know the first months things can fluctuate, but this seemed dramatic to me even two days later (especially the GFR). Anyone experienced anything similar? Should I be concerned?"
Alcohol?,"Hello, has somebody experience with alcohol as an kidney transplanted? Like drinking more than 1 Glas wine? Till drunkenness? I received my donor 1 year ago. My blood values are excellent. As immunosuppressant‘s I take Tacrolimus (Prograf), mycophenolic acid (Myfortic) and Cortisone."
My Final Update❤️‍🩹,"As wild as it sounds knowing the nature of the illnesses that lead us and our loved ones in this world of transplant, my naivety-to-survive never actually allowed me to consider this an optional outcome. On Friday, August 8th my daddy died after a very courageous and fearless fight and 12 weeks in the ICU following his liver transplant/triple bypass surgery. Ironically and heartbreakingly, both of these surgeries were successful and unfortunately the peripheral complications stacked on top of one another — most notably the leak in his pancreas — were too much for his strong yet very sick body to get ahead of. This journey has taught me so much about unconditional love, forgiveness, service, devotion, honesty, simplicity. And much more. I was always proud to be his daughter. I would do every day of this 3-month nightmare over again, for the depth of love he showed me was possible. I pleaded with him in his final hour to hear me: “Daddy, you have shown me what Love is in these moments. I know what it means. Thank you.” He was a good man with a whole lot to life for including his new baby granddaughter who brought him to life even on his absolute sickest days. This is categorically unfair but that’s how it goes sometimes. He wanted to live so bad. He did it all right, and so bravely. My heart is broken. He was 66. This community offered me a lot of solace, safety, and coregulation during a really lonely and scary time. Thank you so much. I pray that he is finally without demons, doubts, anxieties, and pain. I pray he knows that if only Love were enough; if only forgiveness was enough; if only strength was enough; if only fight and determination and surgery and specialty and devotion and prayer and community were enough; he’d be coming home with us. And I pray he finds me somehow, some way. Oh, how I need him. Oh, how we were not done.❤️‍🩹🕊️ I appreciate all of your vulnerable shares and support, and can’t believe how strong you (we) all are. I’m proud of us❤️"
What’s it like to be a living donor?,"The pain of losing a family member to an incurable condition has never left me. I can’t imagine the trauma of losing someone to a preventable condition, or the stress of being on an organ wait list. I’ve been thinking for the first time of becoming a living donor. I’m healthy, no medical conditions, and imagine I might be suitable. But I won’t lie, the idea scares me some. What experience have you had being a donor? What were you not expecting? What advice would you have for someone on the fence? Looking for anything that might demystify the prospect. 🙏🏻"
my dads R lung,"hello - i am a wreck without my dad. when is he coming home ???? a week ago tuesday, he was moved down to transplant recovery today. when will we have our normal life back???"
"22 days after almost dying from CMV, my husband cheated on me.","40 days after I saved his life by driving him to the hospital an hour away even though I had just had my transplant 3 months earlier, my husband cheated on me. 4 months after donating half of his liver to save my life, my husband cheated on me. All because he was “stressed”. (Note: he cheated on me sept 21st. I was in the hospital with CMV in late August. He developed a hernia from pushing himself too hard in July and almost died from going septic. Our transplant surgeries were on April 19th.)"
Seeing spots,Anyone have experience with seeing spots and some blurry vision due to prograf and/or cellcept? Does it go away with time? Addressed it with the PA during a follow up today and she did not seem too concerned. 3 weeks post transplant. Thank you!
Kidney transplant on worker visa,We’ve been living here for 15 years and on a h1b worker visa. Our doctor team says no transplants allowed here for non permanent residents. Any idea about this?
Tacrolimus side effect?,"I’ve noticed quite a few people on here talk about tacrolimus, was wondering if anyone else has or had experience these side effects I have been on tacrolimus for about 8 months now and it’s wasn’t for a transplant it was because my immune system was attacking my kidneys and I’ve had some issues with tac I’ve had side effects like; abnormal dreams, confusion, dizziness, hearing things that aren’t there, vomiting, pounding and rapid heart beat, feeling of spinning, feelings of unreality, paranoia and panic attacks. I’ve never had most of these symptoms before starting tacrolimus and was wondering if they are normal, because they are starting to affect my wellbeing and day to day life."
2 year anniversary,"Today marks my 2 year anniversary of my kidney and liver transplants. I am forever grateful to my donor. I find it really hard to express my feelings and emotions today. Don’t get me wrong, I’m fuckin so happy and could not be more thankful and grateful to be alive today, but still it’s actually so hard to put into words a sentence or two that truly encapsulates my feelings. In a matter of two years I went from being told I would not survive another 30 days to where I am today. Healthy with the support of my loving wife and family. Planning the bday party for my soon to be one year old daughter (surprise baby!!) - watching my almost 3 year old daughter thrive. I couldn’t ask for anything more. All that said it is really hard not to let all my other emotions take over and cloud that happiness. Whether it’s the guilt of knowing what it took for me to survive, the fear of everything that that can hurt us, the side effects of the meds. You name it. I think that I never stopped and gave myself a chance to mentally recover and understand what I went through. I feel like once I physically felt fine that meant I was mentally fine. I hopped back into life and with everything that goes on sometimes it feels like I never even was sick. Idk. It’s weird. Thanks for letting me try to express my thoughts to some internet strangers that might understand a bit more than others."
Prednisone yes or no?,Two year post transplant patient had my transplant at Scripps in La Jolla Ca. Kaiser farmed it out to them. Scripps uses prednisone for two weeks then pulls you off it Kaiser uses Prednisone for life of your kidney? How can you take prednisone seriously if so many transplant hospitals don't believe prednisone is even necessary???
Fever threshold?,"Hello all, I've been sick since Monday with an upper respiratory infection (I got it from someone at my 1 year old cousins birthday party (Have people really not learned anything from COVID???)). I think it's migrating into my lungs now too..... I was wondering what you all consider as a fever??? Personally I think my threshold is 37.5 orally (99.5F) but im not sure because it was never really mentioned when I was transplanted as a child"
Worried because I missed my Prednisone dose twice in a week.,"I’m 9 months post-transplant, and on Sunday I forgot to take my 5mg prednisone, then it happened again yesterday (Wednesday) cuz I forgot to put on my alarm smh. This is the only time this ever happened."
How to deal with recurrent UTIs during transplant evaluation?,"My mother is on dialysis and we’re currently in the evaluation stage to see if she’s fit for a kidney transplant. She recently had a UTI — urine culture showed one bacteria. She completed a full 14-day antibiotic course, and that infection cleared. Now, in a follow-up culture, a *different* bacteria has shown up. She has **no symptoms** at all (no fever, burning, urgency, or pain). We’re not sure what’s best: * Treat now even without symptoms, or * Wait until we’re closer to an actual transplant plan to reduce the risk of antibiotic resistance and reinfection? For those who’ve been through this — how do you or your loved ones manage **recurrent UTIs** while on dialysis, especially during transplant evaluation? Any prevention tips or strategies that worked for you?"
Any heart recipients have AFIB before transplant?,"I’ve been in heart failure for 7 years since the age of 21 due to ACM. In 2023, I had an episode of AFIB out of the blue that they cardioverted with amiodarone. I had another last year, so they’ve kept me on amiodarone as it also control the near constant VT unrelated to the AFIB. I imagine once the amiodarone does something nefarious, they will list me due to extremely unstable electrical activity (something that has been discussed with me for awhile now). I’ve read that having AFIB before transplant makes it more likely to have it again after transplant. Did anybody have it before and do alright after? I was really excited to be done with AFIB after the surgery, but now it just feels like the longer I stay in heart failure, the more things stack against me and follow me into transplant…"
Getting meds,"US only, as always. How do you guys get meds, especially Prograf and Myfortic, if you have no other insurance but Medicare? I think Medicare no longer covers them. So, what is the solution? Please share your routes to get meds."
Going through acute cellular rejection,"Hi everyone, around 3 week ago my creatinine started rising from 1.1 to 1.8 currently (at this level only since last 8-10 days). Had a biopsy 3 days ago and now based on preliminary results, doctor has started high dose steroid (500mg) IV injections for 3 days. I'm 4 months post transplant I would like to know your experiences if you faced something similar and how did it affect your kidney function. Also, how many years have passed post rejection without dialysis. Is it possible to have long term graft life after acute cellular rejection?"
Liver re-transplantation,Hi I’m 23F I had my transplant due to autoimmune hepatitis exactly a year ago. Multiple rejection episodes all of which were biopsy proven to be T cell mediated . Multiple drugs were tried and tested all of which failed. My team has suggested a re transplant hopefully by the first week of September. What should I expect? How different is a re transplant from the first one I had ? Is it going to be more painful from all the previous scar tissue?
Liver transplant question,"Want to get in list for liver transplant,my doctors said I need it because of portal vein anomaly and genetic bilirubin disease.What do I need to know?How long is recovery,I fear this the most,I saw in one post someone explained it like die and bring back to life,you learn from the start how to go to the toilet,walk,etc?"
Post transplant swelling in feet?,"Going on 3 months post transplant now. Things have gone pretty well but tonight I felt swelling in my feet for the first time in a good long while, since months before transplant. Is this a common issue? Do I need to restrict my sodium again?"
Concerns Over Liver Transplant Practices at ILBS Delhi Under Dr. Viniyendra Pamecha,"This is a factual account of a 55-year-old woman who underwent a liver transplant at ILBS (Institute of Liver and Biliary Sciences), operated on by Dr. Viniyendra Pamecha (https://www.ilbs.in/?page=findadoctor\_detail&Itemid=49&docId=11) , and passed away on the 20th day post-surgery. The lady was doing fine before surgery—walking, eating, and physically active—and the family was clear that they were willing to avoid the transplant if it posed a significant risk to her life. The family wishes to highlight serious concerns over patient selection, infection control, doctor–family communication, ICU infrastructure, and hospital billing practices, so other families can make informed decisions. # 1. Pre-Surgery Assessment & Contradictory Prognosis * The patient was declared “fit for transplant” with an **80% success probability** after extensive pre-operative tests. * On the 16th day post-surgery — after consistent deterioration — Dr. Pamecha told the family the patient was “too weak” to recover. * This contradiction raises an urgent question: **If weakness was severe enough to compromise survival, why was the transplant pursued at all? Was it purely clinical judgment, or did financial incentives play a role?** # 2. ICU Bed Rotation & Sepsis * ILBS reportedly has only **five dedicated liver transplant ICU beds**. * Despite performing **3-4 transplants per week**, patients are rotated between the transplant ICU and other units, such as a renal ICU. * The patient was shifted in this manner and subsequently **contracted sepsis** — a known and deadly risk for transplant patients. * **Pattern Observed:** Multiple patients shifted to the renal ICU either became critical or saw hospital stays extended by 20–30 days — each extra day generating \~₹1,00,000 in revenue beyond the fixed package. * When questioned, the doctor cited *“lack of infrastructure”* as the reason for rotation, raising concerns that patient safety is compromised to maintain surgical volumes **and revenue**. # 3. Limited Communication * The family reports minimal contact with the treating surgeon — sometimes less than one minute per day — and inadequate explanations of the patient’s deteriorating condition. * Clear, consistent communication is essential in critical care, but in this case, the family felt excluded from understanding and decision-making. # 4. Billing Practices – Why They Are Unfair ILBS sells liver transplants as a **fixed 30-day package** covering ICU stay, medicines, and other services. If a patient dies early — even on **Day 1** — the hospital charges the **full package price** with no cost breakdown or refund for unused services. In this case, the family has **video confirmation from ILBS’s billing team** that no refund is provided for earlier demise, regardless of unused medicines or ICU days. This raises serious consumer rights concerns and questions about fairness in healthcare billing. # 5. Possible Conflict of Interest * The combination of high transplant volume, ICU bed shortages, and a no-refund package model creates a troubling perception: **Are some transplant surgeries being performed on borderline candidates — and ICU beds freed prematurely — to maximize revenue rather than prioritize patient safety?** * While proving intent requires deeper investigation, the circumstances demand scrutiny by medical regulators. # Evidence & Negligence Table |**Area**|**Standard Protocol / Best Practice**|**What Happened in This Case**|**Possible Impact**| |:-|:-|:-|:-| |**Patient Selection & Risk Assessment**|Operate only on candidates likely to benefit; delay or decline if too weak.|Declared “fit” with 80% success; later admitted patient was “too weak.”|Questionable decision to proceed.| |**Informed Consent**|Give realistic odds and risks before surgery.|Initial optimism; later drastic prognosis change.|Consent may not have been truly informed.| |**ICU Infrastructure**|Keep patients in dedicated sterile ICUs until stable.|Only 5 liver ICUs; patient moved to renal ICU.|Higher infection risk; patient contracted sepsis.| |**Infection Control**|Avoid transfers; maintain strict hygiene.|ICU rotation increased exposure.|Sepsis contributed to death.| |**Doctor–Family Communication**|Provide daily detailed updates.|Minimal surgeon interaction (<1 min/day).|Family left uninformed and unprepared.| |**Billing Transparency**|Itemize charges; refund unused services if patient dies early.|Charged full 30-day package despite 20-day stay; no refund policy.|Appears financially exploitative.| |**Ethics & Financial Motivation**|Patient welfare over revenue.|Surgery on weak patient; ICU rotation to make space for new cases.|Raises suspicion of profit-driven care.| # Our Appeal We urge: 1. **Medical regulators** to investigate patient selection criteria, ICU infrastructure, and infection control at ILBS. 2. **Consumer courts** to examine the legality and fairness of “no-refund” package billing in high-cost surgeries. 3. **Families** to demand detailed written risk assessments, guaranteed ICU arrangements, and transparent itemized bills before agreeing to any major procedure."
GLP1 Post Transplant.,Liver transplant in 2006 at 15 years old. Considering taking a GLP1. Does anyone have any evidence based learning on if there are any negative effects or interactions with Prograf and GLP1s. Thanks in advance.
I have a call in to transfer post-transplant care. Are my chances good? MN to CA.,"I had my double lung transplant at Mayo in May 2023. I’m in California, but I was denied listing locally (UCSF), when my last test gave them reason for concern. I stayed in Rochester, MN for a year after transplant for care and recovery. I’m now not able to continue this long-distance arrangement (I’m back in California), as the cost and difficulty of travel have become prohibitive. I just called Stanford, leaving a message, about transferring my care to them. I’m hoping this is something that is not uncommon. Stanford is close by, and my preferred center for care. Is this something that happens? I would think so. I’m anxious about being rejected, for whatever reason they might give. I’m 71m, 26 months post transplant. I am now using Medicare. My primary doctor, with Sutter, referred me to Stanford last year, but I was not ready to make the switch. I’ve since had other issue that have been addressed at Mayo, so kept with my plan of flying out every quarter, which now proves to be too much."
"Tacro levels, and why are some of us so sensitive?","I made a post on here a few days ago about how tired I’ve been. I recently got my latest labs back, and though it doesn’t get to the root of the tiredness, it does explain why I might feel extra tired right now. My Tacro level was 10.6. I’m actually on a low amount of envarsis. My levels were 10.6 in February, so they lowered me from 2 mg to 1.75 mg. My levels have stayed the same. I’m not a big guy, but I would say I’m about average sized. I am 5’8 and bounce between 155 and 160 lbs. I am almost 7 years out, and they want my levels between four and seven. I know there are many people who are on five or 6 mg a day to keep their levels up. Why are some of us so much more sensitive than others?"
Taking Immunosuppressants During Colonoscopy Prep,"Hi all, just a quick question for those who have gone through one of these things post-tx. Did you guys just take your big meds at your usual time, even if it was mid-prep? For some clarity, I'm on the Golytely prep. My tx-doctor said it was fine, but after getting the paper instructions I'm feeling a little more unsure. I messaged them again asking for some more clarity, but I'd figure I'd ask the community in the meantime."
Kidney anniversary,Tuesday 12th Aug will be 3 months since my 3rd Transplant but tomorrow (11th Aug) will be 2 years since the 2nd one. Mad how time flies. Still having a few small issues 3 months out but had a great creatinine improvement last week from 750 (6% function) down to 419 (16% function). Things take time to heal correctly stay positive everyone
Meditation after a transplant,"Anyone here tried meditation after a transplant? Life after a liver transplant can be a real rollercoaster — trouble sleeping, feeling anxious, or feeling low is common. A recent study with ltransplant patients tested a 6-week online meditation program and found that those who joined slept better, felt less depressed, and had less anxiety. Stress didn’t change much, but overall the results were encouraging, suggesting meditation might be a gentle way to feel more balanced after surgery. https://link.springer.com/article/10.1007/s12671-025-02639-z"
Prednisone - ran out of pills and pharmacy is closed,"I am 3.5 months post transplant. I have been taking my meds very regularly. So I asked for a refill of prednisone from my transplant team last week when I was sorting my weekly pills. It appears that it was refilled on their end, but my pharmacy did not receive the request to fill. I had forgotten about it until I didn’t have the prednisone this morning in my pill box. It is my fault for not following up. So here I am - Sunday morning, no prednisone and no way to get more until tomorrow (pharmacy is closed on Sunday). How bad is it that I am essentially skipping today’s dose? I’m freaking out! Edit: You guys are amazing. I appreciate all of your comments and advice so much! Unfortunately I live in rural Vermont and all nearby pharmacies are closed on Sundays. I also live a four hour drive away (each way) from my transplant hospital. Due to the comments saying all should be okay so long as I get back on track tomorrow, I feel much more comfortable today. Thank you all so much!!!"
"Final Update: My Sister, My Best Friend, My Hero ❤️","I never thought I would be writing this but I wanted to share my final update with you all. My sister, my best friend, my hero, passed away on 08/09/2025. The chest bleed was too significant to control and despite the incredible efforts of her medical team her body was just too fragile. She was one of the strongest people I have ever known. She faced every challenge head-on with courage and grace and she never stopped fighting. To me she was not just family, she was my safe place, my biggest supporter, and someone who inspired me every single day. This community has carried me and my family through some of our hardest moments. Your compassion, encouragement, and kindness have meant more than words can ever express. Thank you for being here, for caring, and for helping me feel less alone in this journey. She lives on through her story, her children, and her family and we will carry her love and strength with us always. 🙏❤️ If you would like to see more about her and her story her YouTube was Summersunshine89 !! https://youtube.com/@summersunshine89?si=K7UgAYFEPrGGPKuN She wanted to make it to inspire others not to be scared to make the big decision, she would get so excited when people reached out with question she could answer truly an Angel!👼! Thank you all for commenting!!!!!"
Ice cubs,"Do you take ice cubs in your soda? At home, on a terras/ restaurant? And iced coffee made wirh ice cubs? And what about eating salat outdoor Or shellfish? 1 yaer after transplant."
EGFR,"After my surgery my EGFR was and is 36 I was expecting better numbers, what was yours ?"
Advice for blood pressure meds.,"I am starting to develop high blood pressure, especially with the lower number (90’s). I am average height and weight (160 lbs 5’11 male) and 50 years old. I had a liver transplant two years ago and everything has been pretty normal with my bloodwork. My kidneys are at about 25% functioning and am facing a kidney transplant hopefully in the next few years. My only vice is coffee. What are some blood pressure meds that are pretty safe for us? That work especially with diastolic pressure?"
Donor recovery time?,Gotta get back to (office job) asap after donation. What is the realistic timeline I should expect? TNA
Need advice on medication changes after 25 yrs,"My husband is 25 years out from his living donor transplant, and since he doesn’t Reddit, he asked that I write this post for him. We’ve also talked to his transplant team about this issue, and they left the decision to us. Recently he’s been diagnosed with a hernia which needs surgery. The immunosuppressants he’s on (Sirolimus and prednisone) aren’t great for healing post surgery. Transplant says they can switch him to Tacrolimus short term and then switch him back to sirolimus. He’s on sirolimus because the high doses of tacrolimus caused striped fibrosis and permanent damage to the transplant. Needles to say, he’s leery about going back on the tacrolimus. We’re in uncharted waters with this and thought we’d reach out for advice. It feels weird that you just switch the meds out and switch them back. Any advice, especially from other long-time recipients, would be appreciated."
Insurance prescription coverage,"Hoping someone can help me here. Timeline: Company insurance sine 2018 April 2021 -Medicare Part A Feb. 2023 - transplant April 2025 - laid off. Get Medicare Part B and Part D August 2025 - need to refill my Envarsus and Mycophenolate (first time since being on Parts B & D) Drug store says I need prior authorization from Part D carrier. Part D says no coverage because I have part B. Medicare B says no coverage because I don't have Part B-ID. Says Part D should cover. CMS website says ""Medicare Part B patients who had Medicare \[does not specify A or B\] coverage when they had their transplant \[I had Part A\] have coverage for immunosuppressive drug therapy for as long as they remain eligible and enrolled in Part B."" My contact at the transplant center said she has another patient in the same situation. Who is right??? UPDATE 8/11: Pharmacy has told me that Part B is covering (less a deductible). I'll wait until it's delivered to make sure then try to figure out what is supposed to happen without 100 phone calls. UPDATE 2 8/13: Spoke to the pharmacy this morning to make sure we were on track and no, coverage denied again. They were going to see what they can do and I talked to them again this afternoon and they said B is covering it and my supplemental insurance will cover the deductible. I'll believe it when the delivery comes Friday."
"How soon post kidney transplant did you feel like answering work emails, etc.",Heading into a paired kidney transplant (thanks hubby!) and have to travel to Salt Lake to get the surgery (I live in Boise). I'm a one woman interior design office and I'm stressing about keeping my jobs afloat while I recover. Would love to hear from the group about how soon they could do some simple computer work after transplant? I'm doing a preemptive transplant so not on dialysis and I don't have to have a nephrectomy. I know everyone is different but would love to hear about your experience. Thanks!
PKD Post Transplant -- did your diseased kidneys shrink after surgery?,Hi I'm hoping to get a transplant within the next 4 to 5 months and I don't need to have my diseased kidneys removed (yet). I'm wondering if they will shrink a bit since I am uncomfortable doing certain exercises? Would love to hear from the community. Thanks!
Liver transport from DC to LA.,"Hello, I have a potential donor who lives in Washington DC and I live in LA. Have any of you had an organ flown a long distance for your transplant operation ? Did you have to pay the cost? Was it expensive? Thank you"
Food trucks,"Do you eat from food trucks as transplant recipients? Ive heard from some that they have a strict ban on food trucks, but my care team never warned against them. I've been eating from them and I've been fine until now but im starting to reconsider the risk factor."
15 yrs. Just got approved to be listed,"Hello, This is mostly just a vent/purge. Im so tired. Im only 39, Ive been ill since birth. ESRD, CKD, etc. I just hit 15 yrs on my 2nd kidney transplant and its failing, not even rejection just tiredly failing. And Im so scared, and tired, I was young-ish my first transplant 15, didnt know much better had a real hard time with the meds and some shit went sideways. Got about 5 years off that living related donor #thanksmom<3. Then when in college it fell apart, got sick, got a staph infection in my hip - it was a lot. I almost gave up. Dialysis, being unable to walk without unbearable pain it was too much. I had to drop out. If not for my nephew I may have just stopped caring. Then I got the call. male, deceased donor matched, poor young guy, not even 9 yrs younger than me. The family I never got to thank. Ive worked hard to keep Hemi (what I named the kidney) alive and happy! it allowed me to have my beautiful and brilliant daughter. 15 yrs I made it, even now im still at 19gfr, creatinine 3. Im hanging in but my nephro wants to avoid dialysis again, its too hard on my physical and mental health. So I put the work in, did the pre-reqs, keep my post-steroid diabetus in check, I jump through the hoops. And today I got approved to be listed but the fear, the exhaustion, and the depression didnt ease, if anything it got so much worse. Im just sitting at my desk at work, trying to focus and just crying. Do I deserve this again? Im not even 40, at what point is it... pointless? am I supposed to live a ""normal"" lifespan leeching off others to stay alive? Do I want this again? Im so tired. I dont have anyone who truly know how hard it is to want to stay alive. I cant afford therapy, Kid and meds come first. And maybe thats it, keeping it together for kid will hold me together until I remember how again. but its so hard."
belatacept,Finished my first infusion yesterday & I felt like crap! Heart flutters & today woke up feeling fatigued. Anyone else feel this way their first couple of dosages? I’m hoping these side effects will eventually calm down.
Question for fellow kidney recipients,"I am almost 3 years into my transplant, and doing pretty good all things considered. My question is do any other kidney transplant patients partake in marijuana/THC (or Psilocybin)? I used to enjoy the occasional edible (maybe 5x a year while camping), but haven’t since. I know the “recommendation” is to avoid it, but I also know there isn’t a lot of anecdotal evidence one way or the other. It’s not something I can’t live without, mostly just curious"
How do you take your pills?,"Do you put the pills on your tongue then drink them down with your liquid? Or do you put the liquid in your mouth and drop the pills in? I do the latter and it’s the best method imo. I never taste the pills and they go down so easy. A strange question I know, but I am curious."
No longer diabetic after transplant,"I was diagnosed as type 2 diabetic about 10 years before my liver transplant. It got slowly worse over the years despite my attempts to fight it. Eventually I was maxed out on metformin, taking quite a bit of insulin and taking ozempic. After my liver transplant they sent me home with 5 shots of insulin per day. About three months after the transplant I was in the hospital recovering from some infections (that I picked up in the hospital). They would test my sugar five times a day and adjust my insulin shots accordingly. Over the course of a week or so they started giving me less insulin because my sugar was better. Then they started walking me up at 5am and telling me I had to eat something because my sugar was in the 70s. That was 11 months ago. I haven't taken anything to control my sugar since. I eat what I want. I eat bread and I have ice cream. The only thing I have that is low sugar is that I use Splenda in my iced tea. My A1C has been 5.2 and 5.5 the last two times. I have mentioned this to several doctors. They all tell me that liver transplants don't cure diabetes. They just list it as ""controlled by diet"". But it is really not controlled by diet. Prednisone makes me eat more and worse than I did before. I know a lot of people get diabetes post transplant. Has anyone had a similar experience? I am kind of amazed at the lack of curiosity from doctors. If my pancreas is now working better than it was before, I would think doctors would want to know why."
"12+ year after kidney transplant, protein in urine started to appear","Since last year lots of protein started to show up and doctors put me on prednisone and it went away. Once done with prednisone, urine started happening again. This happens 4 times and they put me on 60mg of prednisone. It sucks. Now the 5th time they put me on 5mg daily and they are hoping it might help. How does protein in urine just happen out of the blue?"
Heart transplant recipients: what are some questions we should ask at the heart evaluation?,"My son’s (14yrs old) heart failure evaluation is next week. It will span over 2 days, and we’ll be meeting with every aspect of the team. Here’s a complete list for reference: Day 1: Outpatient labs Transplant Coordinator Surgeon PT/OT Dietitian Pharmacy Child Life Social Work Day 2: Labs/Echo/EKG U/S Dopplers & Renal Psychology Financial Coordinator PT/OT Tx Cardiologist I should note it’s just my son & I 99% of the time. But for these two appointments his father will be present. There is a history of DV & abuse between us, and a history of long-term absence & manipulation between him and our son"
I was putting together my meds for the next couple weeks and I realized,"I hate it. I’ve been doing it my entire life and I’ll keep doing it the rest of my life, and I just hate it. I’m really good at it, I’m organized and always have backup, I prep multiple weeks at a time so I do it less often. I hate how high stakes it is. I hate the feeling of nausea when I swallow them or even as I’m opening them. I hate gel caps because they get all sticky. I hate the way my hands feel after. I HATE sirolimus, why is so cloyingly sweet? How is it both slidey and sticky at the same time? I try to tap a couple out at once but always end up using my hands and they get this nasty residue. I have stank face the whole time I organize because they gross me out. I hate that I can never feel fully free, take long spontaneous trips, or just survive without careful planning. I hate that eventually the meds won’t be enough from me getting sick again. I hate that the current administration in my country makes very clear their disdain for chronically ill and disabled people. My favorite thing about being in the hospital is not having to deal with my meds (although I still worry and am hypervigilant about every dose). I am sooooo lucky. My medication load has looked way worse than this. It’s a lot better than dialysis or chemo or IVs or death. But I’m fucking tired of it and I last night I just started crying halfway through because it has taken so much out of me over the years. It is so mentally draining. I just really need to vent because I know that y’all get it. What is YOUR least favorite pill, not necessarily the side effects but the pill itsel?"
My father just got the kidney transplant any advice,So basically last year we found out that his cretinine is increasing and then after consulting we started taking the meds at starting it was 3 but and stayed there for till December papa used to go to regular job and didn’t use to face any kind of problem but after the creatinine hit 4.5 in December everybody in my family started getting worried in every possible reason being my father is the sole earning member in the family i was in the second year college at that time my sister in into teaching but still she just started so her salary isn’t that high. So in December 2024 if again changed the doctor thinking that probably some other doctor is going to give better medication and started taking that again in feb it jumped up to 5.5 and whenever we asked doctor they used to tell us that we will make sure u will not hit dialysis which is according to them was around 6 or 7 creatinine and so after that we got into the max Vaishali which is in delhi ncr its a nice hospital and started the test for surgery it took around 1 month started the test in July and my mother was the donor and when my mother was doing the test she got to know through ct scan that her left kidney which is usually doctor prefer the pipe was narrowing which was connecting the kidney which could have been problematic in future but as she will be giving it away they will the it from the right place and my father will receive a healthy kidney as kidney was totally fine it was the pipe that was narrowing down so now finally done with the surgery my mother got discharged on 5 aug and the father will be discharging tomorrow today he said that he was getting blood in urine and was peeing too much since yesterday so hope everything goes well btw for the references my mother is 53 and father is 55 doctors are saying i need to make sure of the infection so can u guys help me how long he will take to recover Will update could u guys give any tips as he has discharge tomorrow on 8th august 2025
Evaluation second liver transplant for father,"Hi all- my father received a liver transplant in June of 2024. I wish I could say things have improved, but he continues to struggle. He’s been in and out of the hospital for the last year and his numbers are all over the place. After labs last week, his bilirubin was 17 so he was re admitted to the hospital. It’s been difficult to get him to eat and do basic things, he’s literally skin and bones and weighing in at 110lbs (5’8”). Frankly his body doesn’t seem strong enough to endure another transplant. We are meeting with his team this week to discuss but I am curious if anything else has been in this situation?"
Prednisone,Anyone else think prednisone is the bane of your existence? It raises sugar levels makes you more hungry and gain weight. It’s like almost counterproductive. How do they expect us to stay healthy when they give you medication that does the opposite? Well at least for me.
Isolation and social situations,Hey everyone! Im 29 and i got my transplant 2 months ago from my father and it has been nothing but an unreal experience - forever thankful and grateful to him and everyone who supported me through this journey. Ive been wanting to know how to manage isolation and social situations after a kidney tx as I have a very close friends engagement coming up almost 2 months later (ill be 4 months in tx) and how do you manage keeping yourself safe/masking etc? Just how to plan socialising and just being there generally.
my creatinine is shooting up,im 3 weeks post transplant. when i was in the hospital my creatinine was 0.6 (lowest) to 0.8 (highest). its been a week since i left the hospital and in a week ive shot up to 0.9 and now its 1.1. its still in range but i wanted to check is it because of my water intake? i drink around 2 lts of water and 200ml in terms of milk. is there a reason its shooting up? whould i be drinking more water? i have been eating a little bit of chocolate here and there. could it be because of processed food?
Experience with tattoos?,"Hey, I've wanted to know if anyone has experience with tattoos. I was thinking about getting one and talked with my doctor about it. She didn't forbid it but said that there are possibilities that it might not heal that good or that I'll have a higher risk of getting an infection. She also said that she treats other transplant patients and a few of them are also tattooed. Maybe some of you have one too :)"
Requiring a donor have an “emotional bond” with the recipient,"I offered to be tested and considered as a donor for a living liver transplant for someone that has a terminal illness that can only be addressed this way. I don’t know the person, but their relative through marriage is an old college friend of mine. The family turned to social media to find a donor presumably because they were having trouble finding one and the matter is pressing. When I contacted the hospital to initiate the process, I was asked point blankly (even before my age and blood type) what my relation to the recipient is. I didn’t have any reason to say otherwise, so I simply explained that I know a family member of theirs. The representative on the phone asked oh, so you are not friend or family of the recipient? And I said no. They told me that I was ineligible to be considered because I did not share an “emotional bond” with the recipient, a phrase that was repeated a couple times as the key determination. I was a bit shocked and dismayed by this, and asked, aren’t people able to donate a whole kidney to complete strangers? She said yes, but this is a different protocol, the donor would have to be screened by a social worker and a psychologist, and there is recovery involved, so they need someone with an emotional bond. I assume there is recovery involved in all living donor situations, and the representative did not seem interested in explaining beyond “this is the protocol”. I get there are rules and there is always the possibility of complications, but this is a life or death situation with a ticking clock. The recipient is O negative, so already that is a huge obstacle. I am O negative, the right age and in good overall health as well as recently showing healthy diagnostic numbers for my liver. This seems like an incredibly difficult and arbitrary limitation to place on the situation. I searched Reddit and found posts/comments that suggest this is not an absolute necessary qualifier, so I’m just confused why it’s the case in this situation. Presumably if the family is asking for help on social media, they are not aware the hospital is rejecting donors for this reason."
Digestion issues 10 months post op as a liver donor,"This is going to be TMI, please proceed with caution. 🫣 Hello people! I donated my liver to my mum 10 months ago. Post op recovery has mostly been okay except for some weird changes but that seems sorted too. But for the last two months I’ve had loose motion/ explosive diarrhoea almost everyday. I didn’t have this issue post op for 8 months. I don’t think I’ve changed anything majorly in my diet. I did start consuming creatine but then this happens when I stopped taking it too. I usually have my first meal - eggs, toast, avocado or a protein shake. Then second meal is mostly rice or pasta or something. Nothing fancy. Generally right after the second meal I feel like I need to go. Sometimes even just after a few bites. These days it’s happening after the first meal also. I’m not sure why. I know it could be from the missing gallbladder. But I didn’t have this issue for 8 months post op and it’s started now. It’s genuinely getting in my day to day life because I’m scared to go out and be stranded with no rest room to use. I’ve gotten some tests done and waiting on the results but they did test my poop and it didn’t throw up any issues. I’ve also been stressed and anxious lately due to other life events. I have anxiety and depression. Don’t know if that has anything to do with this, could be. Anybody has any experience like this or guesses as to what could be wrong?"
Looking for starches.,I had my transplant on July 1 and trying to keep to a post transplant diet and keep with a low potassium and high phosphorus diet. Also I’m doing a very balanced diet but I’m having so much difficulty with different starches to eat. Does anyone have ideas of what is good to eat. I’m getting sick of quinoa or brown rice.
Two Years Ago Today I was Hospitalized for Rejection Treatment,"Was there for just 3 days, receiving 250mg of prednisone every day via IV. It wasn’t nearly as bad as I had feared. I spent those days reading John Hersey’s book Hiroshima, which is a brilliant work. Today is the anniversary of the horrific bombing of Hiroshima. Here is a link to Hersey’s work, it is a book that everyone should read: Hiroshima https://www.newyorker.com/magazine/1946/08/31/hiroshima"
Did anybody have a 504 plan for themselves or their children?,My daughter is a pediatric transplant recipient who is starting school. Shes still on tacro and prednisone and we are trying to navigate the public school system. Did anybody have anything in their 504 plan that they believed helped or was necessary. Thank you !
Paired Kidney Transplant Question,"I am interested in pursuing a paired kidney transplant. Unfortunately, I am not a match for the individual I would like to donate to. In October 2024, I began the process through the National Kidney Registry (NKR), which required traveling six hours to the nearest participating hospital. I recently completed the full medical workup there, and all results came back positive. I have now been officially placed into the system, which is encouraging and offers a strong chance for a successful transplant. Recently, my wife and I found out we are expecting our second child. Given this change, it would be much easier for everyone involved if the transplant process could take place closer to home. As it turns out, the university where I work has a medical school and hospital that now participates in a paired donation program through the Alliance for Paired Kidney Donation (APKD). I had asked about this option in the past but was unable to get clear information. It appears the program is relatively new at my institution. My question is whether it is appropriate to try to transfer from NKR to APKD. If so, would I need to start the process over and complete all medical workups again?"
"[Update] My Sister, 16 Weeks Post-Transplant, Still in ICU","Just wanted to give everyone an update on my sister’s situation. She’s now been in the ICU and on a ventilator for 16 weeks following her transplant. Unfortunately, things have taken a tough turn recently. She’s battling multiple fungal infections, and the medical team is currently waiting on an FDA cleared experimental drug to try and fight them off. Cultures have come back negative so far, but symptoms persist. They placed a chest tube on her left side due to fluid buildup around her lung, and a small sample was sent for testing. Her condition has been up and down, last night her heart rate dropped, and the team told my mom there was something serious going on. They performed a CT scan of the chest, abdomen, and pelvis to check for sepsis. Thankfully, they couldn’t find a defined infection, but her abdomen remains painful. She’s now on antibiotics to help prevent or fight potential infection. They’ve also placed an arterial line through her femoral artery due to fluctuating blood pressure and overall instability. Critical care and infectious disease doctors are split on approaches—one suggested pneumonia, another completely disagreed. It’s been incredibly stressful on the whole family, but especially my mom, who’s been at her side this whole time. We’re just holding on and hoping this experimental drug gives her a fighting chance ***** I’m sorry I haven’t been able to reply much, I’ve been juggling school and now an emergency vet run for my very sick dog. We had another rough turn today. Around 8:00pm, the team found a significant bleed in my sister’s chest. She needed three units of blood to stabilize her. Surgery isn’t an option right now because she’s too fragile, so they’re monitoring her closely with labs every hour. I’ll still be responding to those who’ve commented, I just need to manage my time between everything going on. Thank you all for the continued support; it really means a lot.(08/09/2025)*****"
pudgy stomach after liver transplant?,"hi, i’m 19 (f) and had a liver transplant when i was pushing 1 year old. i’ve lived with my transplanted liver all of my life with no real health concerns and i’ve learned to accept the scarring it gave me on my abdomen. the one thing i just can’t get by is that my stomach is never flat :/ i grew up seeing other girls my age around the same body type, who would do the exact same amount of physical activity yet i was always the pudgier one in the group. now if it matched my proportions i wouldn’t mind as much but it literally just looks like i’m pushing month 3 of pregnancy at all times, especially after a meal. if i’m just fat then so be it but it just doesn’t feel right and i was wondering if my surgery could have played a role in this. p.s i am beyond grateful that i survived my sickness and was given a second chance at life this issue has just always messed with my confidence and i was wondering if there was any sort of explanation. thank u!"
Non potable water,"Hey guys, I work as a dog groomer and recently found out that the shop I’ll be working at uses non potable water to bathe dogs. I’m worried about potentially having a cut on my skin or something and bathing dogs in this water and getting bacteria in the wound. Does anyone else have any experience with this water? Thank you."
A kind of strange meditation question,So 2 months ago I had a successful combo kidney and heart transplant. I'm happy and recovering well. But here's what I noticed. I have been starting my day with 20 minutes of deep meditation for the last 15 years. I'm not very religious but it has helped me stay balanced and not take any of it too seriously. It just works for me. But since the transplant I have found it impossible to meditate like I used to. I can't let go like I used to. Of course many reasons are running through my head. Could it be because this new heart isn't mine? I know it's weird and kinda esoteric but has anyone experienced this? I'm hoping it's just something in my own head but decided to ask.
CMV from donor liver,"Hello all, My donor liver had CMV antibodies which I do not. I was on Valcyte for 6 months and came off July 1st. My team told me I would most likely develop CMV in the following month or 2. The previous two weeks came in as detected but not treatable. And sure enough this week came back positive at 2.43 and 263 iu/ml. Symptom wise I feel fine other than extreme fatigue and today had a slight fever. My team started me on Valcyte today. 1. Wanted to see if anyone else went through this and what and to what severity their symptoms were. 2. How long after starting the Valcyte did you feel better? 3. Did it come back again after you got through the initial infection? Edit: Just received my bloodwork back and all my liver numbers are slightly elevated Alk phos - 218 ALT - 54 ALK - 84 Does this track with your CMV experience?"
Pain returning?,"I’m a little over three mos out from kidney transplant, and the last week or so, some of the tenderness when I use those ab muscles more (or stretch) has come back… it’s not nearly as intense as it was after surgery; it’s more like twinges of pain… it’s not on my skin but inside of my body, like the muscle maybe, but also I can tell it’s not my kidney that hurts. It that normal? I was pretty much pain free besides skin sensitivity for the last month. (Or should I be worried/tell my team?)"
Maybe Ignorance is Bliss,"When I was 18, I'd undergone my first transplant after almost 13 years of CKD with no dialysis. I feel ever since I've have access to reddit/google/chat gpt, I have gained more knowledge about transplant than I ever required. To the point where I constantly seek reassurance. I'm wondering if someone else feels that way? Like, I strictly adhere to my meds, drink enough water, exercise, do what I can in my power, I don't need to filter and know every single thing about my transplant or about transplant in general,do I? Just wish I could be brave and live my life."
"Almost 7 years out, and I’m still exhausted","October will be seven years since my kidney transplant. It was my second transplant. Thanks to the BK virus, I lost the first after six months. With the first transplant, I had more energy than I knew what to do with. I received it from a living donor, and I was only on dialysis for about six months before I got it. I was in bad shape before going on dialysis, but that’s beside the point. With that first transplant, I felt like I could do anything. I was on the list for a few years before I got the second transplant. It took it several months to wake up, and I even had to do dialysis after the transplant. Those first few months I was sick and exhausted. I felt like I needed a dialysis treatment. It slowly got better. After about six months, my creatinine got down to 1.8. BUN started hanging out about 22. Now they are 1.6 and 18 or 19 respectively. My white blood cell counts were low for a long time, so they had to lower the myfortic. My red blood cells are actually in pretty good shape. It took them a while to get there, but I haven’t been anemic in several years. I feel like I usually need nine or 10 hours of sleep at night. If I don’t get it, I feel like I have to make up for each and every hour. Here’s a good example. The lady I am dating lives about an hour away. I am blind, so when I go to spend time with her, I go for several days at a time. She has a six-year-old child She usually gets him to bed at 8:30 or nine, she shoots for 8:30, but it doesn’t always happen. she has a busy work schedule, so after that I will try and help her get stuff done around the house. Unfortunately, her child is an early riser. he busts through the door like the Kool-Aid man at 6:30 or seven in the morning. When I come home from her place, even if I’ve only been there for a couple of days, I feel like I need to sleep for about 24 hours straight. Even when I get enough sleep, I still feel fatigues throughout the day, but I can usually try and force myself to push through it. I always feel that overwhelming feeling that every task is the size of Mount Everest. Sometimes, it feels like exercise might help, but every time I get into a good exercise routine, I get some sort of cold. That is the only time I ever seem to get sick. I’m going to list the medication’s I’m on, but I am using dictation on a phone because it’s quicker, so please excuse the typos? I’m on vitamin D, prednisone 5 mg, 1.75 mg of invarses, Metropol and night Philippine because the other medicines play hell with my blood pressure, Protonix, and 480 mg of Myfortic. I am 42 years old. I’m not overweight, and I’m in fairly good shape all things considered. Unfortunately, there are other times that insomnia hits, and I can’t sleep no matter what I do. I vacillate between wanting to do nothing but sleep, and not being able to sleep at all for a night or two. Overwhelmingly, I need sleep a lot more than I can’t sleep. Has anybody else experienced this? What did you do about it? What worked for you? Do you have any suggestions? Thanks in advance for the help."
Please tell me how your kidney transplant improved your life?,Hoping this can help me even in a small way. I made the decision (unanimously with my siblings) 2 years ago to donate my father’s organs and they only matched his kidneys. I want to spare you all the details but the whole process was extremely negative for our family and I am still struggling to process all that happened. I am hoping maybe some positive stories from recipients or their family members may help me even in a small way. We did agree to receive letters anonymously from the recipients as that is an option where we are when donating but we haven’t heard from them. ETA: thank you all for the comments so far. I really appreciate everyone being vulnerable and sharing their experiences with me. I want to also clarify that I am not upset with the recipients not writing us yet (or ever) I just included that in case it was asked about. I definitely don’t feel like we are owed them writing to us or anything and understand there are many reasons they may have not written to us. Mostly the negative experience was the process with the health care system and being misled repeatedly which is obviously not the recipients fault so in no way do I feel the recipients contributed to our negative experience.
Stopping anxiety medicine.,"Edit: I visited my transplant team and they advised me to cut down to half dosage first and then on alternate days. I am 7yrs post renal transplant. In 2023, I used to feel symptoms like getting nervous before leaving home, urge to pass stool before going anywhere. Infact I used to search washroom after reaching any place for e.g., mall, resturants, etc. I'm a musician and I used to get nervous before my gigs. I told my Nephrologist about this and he told me these are classic signs of anxiety. He prescribed me Clonotril 0.5 and eventually my anxiety became alright. Me and my wife are planning to have a baby. I underwent semen analysis test for like three times, my sperm count is excellent but the motility rate is low. My Nephrologist said that the transplant medicines affect motility. My wife's doctor suggested me to stop anxiety meds and advised me vitamin pills. Its been 5 days I've stopped anxiety meds and I'm feeling headache, drowsiness, light headedness and sad mood. I took my nephro's advise before stopping anxiety meds. First, I thought its side effect of vitamin supplements but turns out I'm facing withdrawal of anxiety meds. I'll also opt for therapy in future. Is there anyone who faced similar situation like me? I'd like to know your experience and measures to overcome it. My current medications are: Rabium dsr, Omnacortil 5, Concor am 2.5, Mycofit 500, Sirova 1mg, Becozyme C forte, Alfusin 10, Aztor asp 75/10, Clonotril (which I discontinued)."
Chagas Disease,My husband had a heart transplant in April of 2025. He was diagnosed with Chagas in July after weeks of hospitalizations and doctor visits. Wondering if anyone else has contracted Chagas from a donor organ.
GFR,"Hello everyone, I hope you are all well 😊 I have a general question about GFR. I’m always seeing people/doctors say that us as transplant recipients should not pay too much attention to GFR due to being transplanted. What I don’t understand is why shouldn’t we pay attention if GFR is directly correlated to creatinine which is the primary marker that we look at when assessing how well the kidney is functioning? For info I’m 5 years out from kidney transplant from living donor. Had a couple of hiccups during the 1st year but no rejection. My baseline is 1.20-1.40 GFR 60-50. My doctors are happy with how things are & say I’m doing well. When going over blood work they have never once brought up GFR. It’s only the past couple of months through this sub & my own research that I have been focusing on GFR more especially since mine isn’t that great. Thanks all for any input, take care of yourselves ♥️"
Anyone else’s family constantly asking if you’ve taken your meds?,"Hey everyone, I’m about 7 month post-transplant (lung), and like most of us, I’m on daily meds (Tacrolimus, etc.). Every single day my parents check in with me, WhatsApp, phone calls, even in person. I get it. They care. But honestly, it’s starting to wear on me. At the same time, I have to admit: it helps. There were moments where I genuinely forgot, and their reminders saved my ass. So I’m curious. How do you guys handle this? Do you have similar “family reminder systems”? Or are you managing it all solo? Would love to hear how others are dealing with this."
CMV + EBV from transplant,"Hey guys! I received a kidney in 2018 when I was 18 (just turned 26) and the deceased person who gave me a kidney infected me with CMV. My disease flared immediately and aggressively. Retuximab helped a little, but insurance denied it after a couple months of use so I rapidly worsened. I ultimately was back on dialysis after 2 years. Looking back on it, the CMV is the reason. I was on Acylovir for the initial 6 months and then taken off. Now I am extremely symptomatic and a visit to an ID doc shows I’m in an EBV flare. There is almost no way I could’ve gotten mono any other way than the transplant unless someone coughed around me. This flare has been going on for about a year and a half and worsening RAPIDLY. I visited university hopsital and they refused to remove the transplanted kidney due to my heart failure. The kidney is riddled with cysts. I’m having symptoms of post transplant lymphoproliferative disorder (PTLD) but it’s not confirmed. Due to my disease being so aggressive I’ve been denied transplant at 8 top centers. I also need a heart transplant. I’ve been in palliative care for a few years, but I’m still terrified of what’s happening right now. My nephrologist has been zero help (in every aspect, not just this) and I’m still searching for a new one to help me. Has anyone else dealt with CMV, EBV and/or PTLD? How’d you do? I’m educated on this but would like to hear stories. I know I most likely won’t survive this but I have to try for peace of mind. Thank you, and I hope all of you are stable!"
Update transplant,I got my new kidney July 12th and it has been nothing but a struggle since. Initial surgery went well enough but then I got a UTI with two different bacteria. I’ve had crazy diarrhea for a week that even with meds changes they can’t figure out. And last night I was admitted with Covid. I’ve lost 20+ lbs since my surgery and I just feel terrible all the time. Is this kind of experience normal? I’m feeling a bit of regret and honestly missing feeling decent on dialysis. Update: diarrhea ended up being norovirus
Weakness after double lung transplant,"I'just over 8 weeks post DLT at Cedars Sinai, did anyone else suffer from VERY little energy after thiers, & if so for how long ?? Tia"
When do you know it’s time to stop fighting? Palliative care meeting tomorrow.,"Me again. Things have negatively progressed quickly. I don’t even know where to begin the inventory of things over the last 72 hours. My poor daddy. He’s moaning nonstop, in an altered state from so much pain and discomfort. His skin is now black from swelling, bruising, blood blisters. He’s bleeding through his pores, his gums. The sepsis has left his blood. But his BP is so unstable, he’s on as high of meds as they’ll allow to keep his BP elevated. Which prevents them from giving him pain meds that will touch the agony he’s in. I feel so scared, so frustrated that the LIVER transplant went well and is functioning, that the fucking simultaneous triple bypass surgery went well and is functioning - but because of all the setbacks including the “nic” to the pancreas in surgery that has led to the pancreatic fluid leak and subsequent setbacks, I’m watching him die. The last 3 days have been excruciating. I can’t believe after 2.5 years waiting for “the liver” that would work with his special case of CABG/liver transplant, we finally got the call, and he’s fought through every setback over the last 10 weeks, done everything they’ve asked with a smile and gratitude, has never once shown negativity or an inkling of giving up, has been intubated and transported and cut back open and has persevered. And now, his kidneys are failing, his platelets have plummeted, his BP is out of control, his pain is unmanageable, his mentation is wrecked. The surgical side is saying they’re not at a place where they’re confident he will definitely recover, but aren’t ready to say it’s time to give up. The nursing team called on Hospital Ethics. They’re crying in the hallways. Two of his nurses shared with me that they’d be surprised if he left the ICU and they don’t see how he could recover from a setback this deep. Doctors have told me they’ve seen worse patients come back. Where do we keep holding onto hope, miracles, strength, belief; and also hold my dad with compassion and respect. All of this journey, for this to be the end? To not be able to say goodbye? To think that 10 weeks ago last night, I FaceTimed my dad and said “Daddy, they just called me, they have a liver! We’re coming to get you!” I feel so sick. The impossible is happening. Help."
Tall guys,"Any tall, 6’ 2” or taller, who were status 3 or 4, how long did you have to wait to get the call?"
Got my TX bill,"So I didn’t realize I had been holding this breath as deeply as I had. I’m a little over 4 months out of tx and honestly I’m doing better than I have in probably a decade. Besides my wbc still being low, I’ve had a really solid recovery barring the first month of no sleep/mood swings/painnnnn. That being said I have been waiting for my final bill. Let me tell you seeing the total cost before insurance freaked me out. It also made me equal parts grateful and outraged. I’ve always been vaguely horrified by our medical system, but the black and white reminder of the cost to save our lives is staggeringly unfair for the average American. I’m someone who got lucky and lived in the right state and transplanted at the right time in an ever spiraling political climate damned determine to undermine medical care. My bill total was minuscule compared to the initial amount and I can’t explain how much of an exhalation of peace it gave me. I can’t begin to explain how grateful I am, but I feel like I have this final push to just truly live unshackled. It’s an incredible feeling. And I wish and hope everyone gets that feeling at some point. ETA: I was there for a week and total after insurance was $250.00 -OG cost was half a million. Cost less than monthly groceries. Again so grateful."
Recurring CMV Episodes,"I’m 9 months post transplant and just started having my third CMV occurrence. I was CMV negative and my deceased donor was CMV positive and I’m 65 years old. Valcyte at 900mg twice daily has been effective in getting my CMV to a ‘Not Detected’ level but once I wean off of the Valcyte, my CMV comes back. I just saw an infectious disease doctor who said that I might need to take 450mg Valcyte daily for the rest of my life. He said that hopefully that would keep my CMV level at 1,000 or below which he said would be okay. Has anyone else experienced life long CMV post transplant?"
Daughter is getting heart & liver tomorrow,"I haven't posted here yet. But we have been in the hospital for over 100 days now. And we got the call today. Surgery tomorrow afternoon. She has a congenital heart defect that we knew would eventually lead us to transplant. It's been nearly 28 years in the making. So, nervous and excited are the emotions going on currently. But of course, that'll all change multiple times throughout the next 24+ hours. Wish us luck! Say a prayer, if you are so inclined."
Gained 30 lbs,"I am 1 year post kidney recipient and left the hospital at 97 lbs but my normal weight is around 104-106. I’ve gained over 30lbs and I cannot seem to get it off - I’m watching what I eat, cutting carbs, fasting 18/6, low impact exercises and I’m not seeing any results - I’ve been doing this for 1 month and the scale has not moved. I’ve never had this much issue with losing weight so I’m not sure what to do next. I’m on Tacro which I hear contributes to the weight gain but just looking for advice on what others have done."
Cyclosporine & edibles,"Wondering if they play well together, too scared to ask my team-I will be 3 yrs out in December. If anyone does take them any recommendations for someone who has never had one - but is looking for something to take the edge off and sleep better? Brand or type? Thx."
Changing clinic providers,"I’m currently being seen at st Vincent in Indianapolis Indiana. To be frank, I’m sick and tired of them and the lack of communication they have with me. I have called them several times with semi emergent situations (the kind that you don’t want to call the on-call nurse or go to the ER but something is for sure wrong), sent to voicemail to the coordinator, and never gotten a call back. Recently I had to get a refill on my prednisone with the doctor (had 0 refills left so you have to get doctor approval) and the doctor denied it a few times. I called my team and (for once) someone picked up. Told me it was denied refill at the pharmacy because I didn’t have an appointment scheduled (missed appointment on Thursday, called to reschedule Monday) and that kind of crap doesn’t fly with me as I’m sure it wouldn’t with most of you. My kidneys health is more important than your pettiness or “procedures/protocols). I want to transfer away from this team. There’s a center in Lafayette Indiana at IU Arnette Hosptial (so the internet tells me) and although the distance is the same it’s all highways and I know the route by heart. That would get me out of the Indianapolis traffic which I hate even at 7:30 AM. Now the wrinkle. I have had 4 concussions and had an incident where I went to sleep and woke up in the Hosptial because I had had seizures throughout the night and my wife found me in the morning so there’s no real clue how many I had. I CANT REMEMBER HARDLY ANYTHING. I have I think 6 alarms for morning and night to make sure I remember my meds. So the doctor denying my auto refill 5mg prednisone and me remembering is a tall order. Well 3 months later it’s “oh I haven’t taken prednisone in a while what’s up with that?” Send a request that gets denied and now I can’t take it so yes while part of this does land on my shoulders I literally can’t remember details like this. Has anyone changed teams before and was the process easy? Anyone go through anything similar to this?"
Kidney Transplant Doctor's in Bangalore,"Hey guys, I am a kidney transplantation from Delhi India Have to shift to bangalore due to work. Looking for some recommendations for kidney transplant Doctor's in Bangalore. I had a very doctor in Delhi but have to make this adjustments. Thanks"
Kidney and liver transplant,"Hello Im 27 years old and recently got kidney and liver transplant. I did dialysis for 1 year and 6 months But im here to talk about something that really haunts me, my family was gathered with the doctor and the doctor said if any of you can donate a kidney or atleast try to see if you’re qualified to donate and everyone said no, my whole family did not want to donate anything. So at just 24-25 i went to dialysis 4x weekly almost 5 hours every time. I really hate them till this day for not even trying to qualify or donating, so they just wanted me to see me in pain for over a year…. How do i overcome this it still makes me angry.."
Kidney Tx - Chyle Leak,"Hello! Has anyone had experience with a Chyle leak post kidney transplant? A lymph node/duct was cut during my surgery and I currently have a drain. I have had my drain replaced four times and this current drain and drained nothing out, is damn near impossible to flush and is draining out around my catheter. I’ve had to change my bandages, tegaderm and clothing multiple times in the last 24 hours and am nearly beside myself. My weight has also gone up 4lbs in one day which makes me think, even more so, that the leak is not draining but staying in my abdomen. I will be calling IR yet again, but just wondered if this had happened to anyone else. Thanks."
Help me Co-Regulate,"I am a kidney transplant recipient. 8 years out. If you see my reddit history, you'll see I'm a hypochondriac to the extreme. Please someone Co-Regulate with me. It would be comforting to just be reminded that my body is resilient and being on immunosupressents does not mean I have no immunity. Please help me feel faith in my body."
Is anyone here the child of a transplant recipient who was born post transplant?,"Just an interesting thought I had. I am a liver transplant recipient in my early 30s. I told myself that once my wife and I have a kid at that point I will write a letter to my donor family. (No contact has been made either way yet). That got me thinking - assuming this plays out and I do have a kid, that kid will only be alive, ultimately, because of my donor. That got me wondering how many kids/people are out there that have a parent who conceived them after their life saving transplant?"
Might have missed a tacro dose,"This morning my mind blanked when I was taking my pills, and I forgot if I had taken my tacrolimus or not. I'm about 50/50 sure I did or didn't. Should I take the dose ""again"" at risk of doubling the dose? Take a lower dose so if I did take it, im not fully doubling the dose again? Or not do anything and try not to worry about it?"
Disability,Hey guys I’m about a few days away from a year post op and my disability just went through but I was thinking about starting to work again part time has anyone else had experience dealing with disability while working? Any info helps!
Any Remedies to Lower Creatinine levels?,"Hey everyone, I’m a kidney transplant patient and doing my best to keep my labs in check, especially my creatinine levels. I know hydration is key and drinking enough water is the usual advice, but I’m curious if anyone here has found any personal remedies or home practices that actually made a difference in keeping their creatinine levels stable or even helped lower them a bit. Would love to hear what’s worked for you (or not worked), especially if it’s something you consistently practice and have seen results from in your labs. Thanks in advance, and wishing good health to all fellow transplant warriors out there. 🙏"
"i’m so tired, 1 year in & still so many issues","i have a feeling this is gonna be a long post, there’s just so much but i’ll try to summarize as best as i can! i had my liver transplant June 16th, 2024 so i’m a little more than a year in. before everything happened i was (seemingly) healthy. i had weird symptoms for abt 2 years prior such as rly bad headaches, leg / ankle swelling, foot numbness, extreme fatigue, toenails darkening & some other stuff. i went to doctors & hospitals esp in that year prior & kept being brushed off or having drs focus on my depression *eye roll* in the weeks leading up, i knew something was wrong. i would sleep 19 hours, and about a week prior i was vomiting blood. i went to a new doctor june 13th, brushed off again. he did blood work & said he’d call the next day if anything was wrong, he didn’t, despite my labs CLEARLY indicating that something was very wrong. (my potassium alone was high enough to stop my heart, i needed to be sent to the ER). on the 15th i had a rly bad pain in my stomach in the morning, that turned unbearable by that evening. by 2am, i literally crawled out to the street & somehow made it to a hospital. turns out i had been in full failure for a few days at that point. bc of this it was essentially pumping poison throughout my body, leading to extreme swelling of my brain. i don’t remember much other than vomiting & screaming in pain, and being treated rly badly the first few hours before they realized how serious my condition was. i was put on dialysis, my son & mom were brought in to say bye to me, 2 priests were brought in to read me my final rites. at the last moment, a liver in PR became available & they transplanted me despite the blood type differing which my team/hospital had no prior experience with. during the transplant, i started bleeding from my eyes, nose, mouth & ears due to the brain swelling & i fell into a coma for almost 2 weeks. when i did wake up, i was still on dialysis in the nicu. after abt a month, i was taken off dialysis as my kidney function returned & continued to improve (they now work at over 90% capacity thankfully). in those first few weeks i went through 6 bouts of rejection, ranging from mild up to level 7, then i got pneumonia, but eventually i got to go home after almost 4 months in the hospital. 2 weeks later my left swelled up rly bad & i went to the ER, but they looked for clots, found nothing & sent me home. 2 days later, i got a huge hernia in my abdomen & was back in the ER. so thankful this happened, bc while there, they found a huge clot in my groin. i had a ivc filter placed, had hernia surgery & a mesh placed. this hospitalization ended up lasting over a month as a bunch more complications came up, including cdiff, more pneumonia, more rejection, some blood transfusions, more ivig treatments, etc. since then, i’ve been hospitalized a few more times- i actually just made it 2 full months with no hospitalizations which is the longest so far 🤞🏽 i’ve rejected over 13 times now & still have weekly labs & check ins with my team. my tacro wasn’t stabilizing at all, so around 3 months ago we switched over to envarsus and they thought that would do the trick. it has been way better than tacro for me, my body doesn’t react to tacro well at all. i was taken off pred about 4 months back as well. well 2 months ago i got what was supposed to be my last 3 month biopsy, i had been getting them every 3 months (or sooner) all year, so we were going to do that one & then move them to 6 months apart. unfortunately, to my as well as my teams’ surprise, i’m rejecting again (stage 6). they did some high dose iv steroid infusions then placed me back on pred (for the next 5 months, which was devastating to say the least). we did another biopsy 2 weeks ago, which showed it went down to level 4, and my numbers for the last 2 weeks were going in the right direction. then yesterday’s labs come back & they came back horrible again. my ggt ast & alt all jumped, and a bunch of other numbers were way high or way low as well. they called me today & basically just said that we’re gonna start me on sirolimus, which has been a discussion for a while. and for now we’re gonna repeat labs on friday & depending on if it gets any better or worse we’ll discuss next steps so not rly sure what to expect. i’m gonna be honest, at this point i’m a little annoyed that they wont just hospitalize me.. obv i don’t love when i have to stay, esp being away from my 9 year old son. but i just feel so scared & unsure & unstable, i’d just rather be on the transplant floor where they’re monitoring me 24/7, taking labs everyday at the exact right times, catching everything, discussing with the whole team, coming up with plans & keeping me updated daily etc. i am so tired. it’s hard to see a light at the end of the tunnel lately. i’m always so grateful that my life was saved, by the doctors, nurses, my donor & their family, i don’t mean to sound ungrateful. it’s just so much, i feel like i’m constantly in fear. i’m eating healthy, i’m not able to exercise much other than yoga & walking but i try to do a lot of that. i’ve went from 135 to 180 (thank you prednisone), but they see no fatty liver at all. that’s the hard part too, they don’t know why this is happening. they don’t know what’s wrong. they say they don’t think it’s the blood type mismatch issue. they don’t know why my tacro levels still won’t stabilize although they have been better since the switch to envarsus, and they think (hope) siro will help. i’m so worried bc i cant just.. reject every few weeks forever? not sure what i’m looking for, just wanted to post. maybe advice, ideas, similar experiences, any experiences with sirolimus, just kind words even. thanks for reading oh i forgot to mention this happened because of 2 factors. turns out i have autoimmune hepatitis that went undiagnosed, my body was attacking my liver for who knows how long. the last few weeks when i was getting rly sick, the hospitals & drs i went to kept just prescribing me hospital grade tylenol, and it seems like that rly just pushed my body over the edge. at first, they thought i took a whole bottle of tylenol and it was a sui**** attempt. but when i woke up & was able to talk, they questioned me & i wasn’t taking nearly enough tylenol to take out a healthy, normal liver, not even close."
Question about transplant testing after dialysis (HLA / crossmatch timing),Hi everyone! I had a quick question regarding kidney transplant testing for a recipient who is on dialysis. How long after dialysis can the recipient do: * **HLA typing** * **Crossmatch test** with the donor? Is there any waiting period needed? Can it be done on the same day or does it have to be the next day? Trying to figure out the best timing for these tests. Would really appreciate hearing from anyone who’s been through this process or knows how it works. Thanks in advance!
Child of a Long-Term Dialysis Patient—Creating an App to Support Transplant Recovery and Caregiving. Can I Ask You a Few Questions?,"Hi everyone, My name is Raven, and I’m the daughter of someone who’s been on dialysis for over 7 years. My mom had a kidney transplant that lasted another 7 years, and now she’s back on dialysis. Watching her go through the physical, emotional, and logistical challenges of managing her health—especially during those critical post-transplant months—changed my life. It also inspired me to create an app called AccountaCare. The goal is to support transplant recipients and their caregivers with: Medication reminders Caregiver scheduling and real-time alerts Side effect tracking Encouragement and affirmations A community space to connect with others going through similar journeys I’m currently doing interviews to better understand what people actually need during and after transplant recovery. If you or a loved one has had a transplant, or if you’ve worked in transplant care, I’d be so grateful to talk with you. It would just be a 15–20 minute conversation—nothing formal, just listening and learning. If you're open to it, please comment or DM me and I’ll follow up. I deeply appreciate your time and your experience. With gratitude, Raven 🧡"
Feeling down,"The strange feeling to have. Had kidney transplant on the 12th of May and it’s never really worked correctly. Creatinine hasn’t dropped below 400 and it’s currently up at the 750 mark. All blood tests, blood cultures and biopsies have been done but all tests have come back negative and ultrasound, CT scans and MRIs have all come back showing the Kidney is plumbed in correctly. All the consultants are stumped and not sure what to do. My Kidney twin which was Transplant within London has a creatinine of 130 and is working great. This is my third Transplant after being on dialysis for six years yes I’m still currently off dialysis. Looks like the only thing we can do is sit and wait to see if things pick up."
Vanderbilt Renal Team?,"I (27F) am getting increasingly frustrated with my husband’s (30M) tx team. They got his results back and while he doesn’t have BK or CMV, his liver enzymes are mildly elevated, and they still don’t know why his WBC is high. When we suggested that he might need to stop the prednisone cuz it can cause an elevation of the specific white blood cell that was elevated, they said “no if that is the reason then we’ll just keep you in the prednisone cuz your kidney has a higher chance of rejecting if we take you off of it. And you aren’t rejecting so the wbc being high is fine if that’s the case.” They said “You should go to a hematologist” Problem 1: They are in a completely separate state, and their offices don’t talk to each other much. Was told to get a hematologist because the WBC is high but it’s “not rejection related”. So we’re trying to figure out a referral that is in OUR state because doctors in our state are a bit fucky wucky about appointments without referrals. Problem 2: They didn’t set him up with a dietician or similar for post-op care and diet plan. Now after seeing his liver enzymes are MILDLY elevated (as in slightly above normal levels) they said “oh yeah don’t drink anymore, and reduce Tylenol consumption to less than 3000mg” Cool, no drinking is good for him, but he was nowhere at taking the amount of Tylenol they were limiting him to. They also wanted him to stop taking OTC supplements. Except they want him to still take vitamin D3… which is an OTC supplement. Problem 3: He has asked the NP “Hey I’m getting distressed because you are only telling me what I can’t have and need to remove but not telling me to go back for labs to see if that actually worked? Can you give me a straight list of what actually I need to void from my diet pls? I only occasionally eat ginger and drink peppermint tea for nausea caused by my medicine. Also I was told I was allowed to drink occasionally because my kidney was doing fine.” Instead of a straight answer, we were given a long winded spiel about how herbal supplements aren’t tested well and that ginger and peppermint can affect tacro levels when taken in excess quantities. Nothing else about what we need to be aware of and what we shouldn’t have at ALL. Like nothing. Have any of you dealt with VMU’s transplant team? Because I’m convinced atp that the NP and his Nephro don’t talk to each other at all."
Liver,"I had a liver transplant on October 31, 2022. Came to the hospital with only weeks to live, and got a liver transplant that saved my life! I’m in Kidney failure, but my kidneys have recovered quite a bit since I got out of the hospital. I was on dialysis for three months after I left the hospital, and I’ve been off since then. Happy to be alive! What a great group!"
Group a scam?,My mom got this referral thing for a kidney information/support group. Mykidneydiseaseteam.com Has anyone used this or been in it/heard of it? Every time I open it up my phone shows that “this website might be a fake trying to get your personal and financial information. Return to the previous page.” message. Anyone know anything?
Has anyone successfully managed to come off of immunosuppressants entirely?,"I’m (31M) ~ 3.5 years post now and just exhausted between working a full-time in-person job trying to get back into shape at home. Only within the past year have I managed to consistently get through full days without having to nap after work, and that was after a dosage decrease for Tacrolimus. Mentally, I’m not as sharp and focused as I used to be (and need to be), and I struggle with muscle recovery after workouts and runs. My weight ballooned after about the 8 month mark post, and I’ve plateaued around the ~ 10 pound weight loss figure this year. There’s just never a time where I feel *good*. I would love to ween off of these drugs for good eventually and see what my potential actually is. Has anyone managed to do this at all?"
Medication Management,"Hello, my name is Eli. I have a family friend who recently got a lung transplant, and they take 20+ medications per day! Is this common among people who receive transplants? How big of a problem is medication management? Just curious because when she said this, I couldn't believe it!"
Rising creatinine,This is a repeat post with another creatinine value and this time I'm completely freaked out. 28M. Post transplant 4 months. Creatinine in past 5 weeks has been like this 1.2 -> 1.4 -> 1.2 -> 1.2 -> 1.1 -> 1.3 -> 1.3 -> 1.5 -> 1.6 -> 1.9 Today going to meet doctor but my mind is filled with negative thoughts. Creatinine went from lowest 1.1 to now 1.9 Most likely they will now perform a biopsy. Please help. I'm a really really tensed. I'm afraid of permanent damage.
How long after the first call did you receive the second?,My dad has been on dialysis for 5 years and officially on the list for a year. We got the call Friday evening made it in Friday night but surgery couldn’t be completed because there was a cyst. He has O+ blood and is 54 years. How long after your first call did you receive the second or after how many calls did you finally get your kidney? feeling sad and disappointed right now
Seeking encouragement and/or shared experiences,"Hi everyone. You might remember me from posting in here a handful of times over the last couple of months. My first post was about my grief and desperation for my dad to get his liver transplant after 2 1/2 years on the list with a rapid decline. Then, a couple days later, the miracle phone call came in, and he received his liver transplant alongside a simultaneous triple bypass open-heart surgery that was necessary for the success of the liver transplant. He is now 9 weeks postop, and it has been nonstop complications and setbacks. He is still in the ICU. I feel so discouraged and drained and empty inside. He has had pancreatic leeks, pneumonia, sepsis, kidney failure, handful of ERCP procedures, has had to be opened up through his liver incision twice more, is officially categorized as malnourished which prevents him from being able to open his eyes or orient towards me or even have a conversation with me at all. He’s yet to begin rehab or PT/OT, has nearly 0 muscle mass from being in a bed and without fresh air for 13 weeks straight (was in the hospital for a couple of weeks anyway before “the call.”) Today’s dilemma is that he’s hypothermic, has some pneumonia going on, and they plan on putting him on a breathing tube. He’s already been on a feeding tube for weeks. He has had weeks and weeks of ICU delirium, but now he is just a shell of who he was even before transplant. He’s too lethargic to even be delirious anymore. There’s nothing there. I thought I was losing him then, and that time pre-transplant was the height of my grief, but no one prepares you for post-transplant life or what it could look like. I’m using voice to text because I’m too tired to even type and I’m just hearing my tearful words spill out of my mouth in such desperation. Please share with me your experiences, I know that not everyone is back home comfy, and cozy at their house two weeks after liver transplant, but I can’t help but think this is such an anomaly and I should let go of any dream that I had that he will have a regular life again and be able to play with my baby And be the grandfather he deserves to be. I am so heartbroken, I am so discouraged, I am so tired. Thank you all for being such pillars of wisdom and inspiration for me during this really isolating time. Sending you lots of love and respect."
It takes all day to finally feel human enough to do anything.,"I've been struggling the past 2 months. I was doing great in May, then fell off a cliff (energy/strength/tiredness) in June. This month has been more of the same. I go to bed at 12:00 pm, sleep til 10:00 am and wake up feeling like garbage. Around 7:00 pm I start to feel more human, but it doesn't leave me much time to get outside work done since the light fades soon after. It is incredibly frustrating. Anyone else going through this? I'm a few months shy of 2 years post lung-transplant."
I donated 60% of my liver to a stranger. 3 weeks post op. AMA.,"I also created a new sub, r/liverdonors where potential or past donors can ask questions or get support. Ignore the tag on the post. Liver wasn't an option and I needed to choose one in order to post."
Transplant after a few days and Feeling scared.,"CW: Venting, >!Anxiety, Depression!< I am due for a Kidney Transplant on 30th July due to IgA Nephropathy Stage 5. I have been on dialysis for 9 months now, and now my mother will be donating her kidney to me. I have been researching for a while about my life after transplant, and I've been reading how I'm going to be Immunocompromised, how much I will have to limit my life, how a lot of people face depression, anxiety and cognitive issues due to the medicines and basically how I'm trading one set of problems for a new set of problems. I am scared of how this'll change my life. I have ADHD, OCD, Anxiety and Depression. Before I was diagnosed with IgA Nephropathy, I still had a hard time with my life. I couldn't focus and would mess up tasks, couldn't form proper social bonds, and was almost going to fail and drop college. It was painful and stressful. Dialysis was not that bad. I've had some complications over the months, but if I was keeping track of my sodium, pottasium and creatine levels I felt like I could eat and do almost anything, as long as I showed up for the dialysis. I now feel like I am setting myself up for a life where I have to be in constant worry to not mess up my medicines and live very carefully because even the smallest error could reject my kidney. There's also a chance my mental health could get even worse because of the medicines, and by extension it would worsen my life. Not to mention even if I am very careful my kidney could get rejected anyways. I fear I'll fall behind. I'll fall behind a lot. I see people in this subreddit who are struggling a lot even after the transplant. I don't know how much chance I have at a good life. I need encouragement. I don't know if it'll work but I need to hear it from the people who went through the same thing as me. I don't want to give up on myself."
Happy 2 Years Liver to Me!,"Two years ago at this time, my 21-year-old daughter and I were saying our goodbyes before she was taken into surgery, and as my husband and my father were about to have the scariest day of their lives. I can't imagine having two of your loved ones in a surgery like this for 10-12 hours. It seems like that was so long ago. We’re both doing well. I switched to Envarsus about two months ago, and I’m pretty sure now that Tacro was behind a lot of the issues I dealt with for almost two years. I feel good and, for the most part, my life feels pretty normal again. My WBC finally stabilized after that last Nivestym shot in December 2024, which makes me a lot more comfortable being around people and not stressing so much about germs. Plus, I started Strattera last fall, and it’s helped my anxiety a ton. My daughter finished out her final season of soccer last fall, graduated, and is currently living with us as she works and trains for a 100-miler race in November. My husband is an ultra runner, and she got the bug. She's already done two marathons, two 50ks, and a 60k this year for her training. So I'd said she's done well in her recovery. She's batshit crazy like her dad! So happy 2 years for us! March 2024 was my kidney, so I'm 16 months out from that one. Go us"
KP patients not taking prednisone?,"This post is specifically asking kidney and pancreas transplants experiences. I was told that I have to be on 5mg prednisone and a higher tacrolimus dose because the pancreas is a more delicate organ and it’s more likely reject. In terms of the prednisone, I’m wondering if there are any centers out there who do not keep KP patients on prednisone and what KP people who are not taking prednisone’s experience has been? I also can’t find any of literature on KP related to prednisone or having to be “more immunosuppressed”, so if anyone has any links to articles that would be great too. I’m having a lot of trouble with my weight, which I never had before transplant, and at my centre is really only for kidney transplant and there are few KP patients (although they are getting a lot more now). Thank you!"
Headaches,"I have been experiencing daily migraine/headaches for the past year and my wife and I are trying to pinpoint the reason why. I’m three years post and is it possible that lowering your Tacro can cause these headaches. I know that generally speaking raising tack causes headaches, but I just thought I would ask if as anyone has experiencing with headaches when the doctor lowered your dose? Thanks"
Experiences in Dallas / Fort Worth?,"Specifically interested in kidney transplants but open to all stories and recommendations. I am focused on Medical City Dallas and UT Southwestern but open to all in the area. Who did you choose in DFW? Why did you choose them? How was the experience? Would you use them again and if not where would you use? Thanks so much for your input, advice, and sharing your journey. I have been on dialysis for 4 years, been through a 4x CABG, and a massive GI Bleed from the meds after. It’s been a hell of a journey the last six to seven years for a 42M that was previous healthy. I know many have had it longer, harder, and worse and you all inspire me to keep pushing every day."
Working out post transplant,"I had a liver transplant 1.5 years ago (it seems like less time because I was sick after until about May of 2024). Anyways I worked out before transplant and start working out after. However, I’ve noticed a couple things after I work out. My body does NOT recover like it used to. Every time I do a physical activity (workout, wakesurf, ski, volleyball) the next day I wake up in the morning feeling like I got hit by a truck! I’ve looked into recovery in general and they say hydrate, eat protein etc etc. and even when I do it’s not really enough. Other things I’ve read suggest epsom salt baths and magnesium glycinate but I can’t take an Epsom salt bath every single night even after just wake surfing at the lake or skiing in the winter. Does anyone have tips or tricks for better recovery that’s not so involved? Open to supplements too. I’m on tacro and Azathioprine and just 1 mg pred (hoping to be done with that next month- I’ve been on a taper from 40 mg over the last year)."
Aches and pains post tx,"Hey y'all, (50m) 4 months post. I am in pain pretty much all day, everyday. My knees, my ankles, the soles of my feet, my lower back, my neck, etc... It's difficult to get to a standing position after sitting or laying for a short(ish) period of time. Here's the deal though: my incision healed perfectly. I've experienced no pain whatsoever in my abdomen. I have a lot of energy. I can easily work an 8 hour day, sometimes more. I frequently hit 10k steps without a problem. Now I can tell that this is a hurt that will not get better with rest. It will amplify. I've been giving it some time, but I feel like I should have had some kind of healing in this respect. But, no. It's all day every day. Has anyone here experienced anything like this? It's not getting worse. Not getting better. I'm tired of banging out 1000mg of Tylenol a day, with little relief, and I'm tired of not sleeping. I know that I need to tell my team, and I have. It just seems to come across as ""growing pains. Give it time"". Anyways, this is more of a just getting some frustration out more than anything. Cheers!"
Workout after kidney transplant,"Hey guys! A little context about me, I had kidney transplant about 1.5 years ago! Before transplant (when life was normal i used to hit gym and could lift good enough weight (50kg dumbbells each hand for chest etc) I have started working out from 6 months post transplant. I got my strength back but no endurance. Can’t even run for 10 minutes straight. Although i could lift 60% of my max weights. anyone experienced this? When can i expect to feel strong again! What should i eat? Nephro team told me to avoid chicken, red meat or daily eggs. My creatinine revolves around 2.0-2.3, and I have an AV fistula on my left arm."
Immunosuppression & outdoor activities,"How fragile is your body after immunosuppression? I’m very active outdoors - long distance hiking, gardening, fishing, etc. While hiking the Appalachian trail or other long trails, I sleep in a tent on the ground, can’t shower every day, and it’s easy to get small scratches from thorn bushes, scrapes from crawling over blown down trees, blisters, etc. I’m not out there swimming in stagnant sewage, but my point is that there’s dirt and grime. Same thing when I’m home and gardening - there’s gonna be dirty fingers. When fishing, I’m going to touch the water, going to get slimy and mucky weeds off my hook, and going to touch fish that have spiny fins. How much of a realistic threat is all of this?"
Liver and Kidney Transplant,"Hi All, first time poster here. My mum is at the top of the list to receive a liver and kidney. She has had cirrhosis of the liver the 5+ years and kidneys have failed now. Would love to hear from anyone who has had both and give any insight. Appreciate you all, giving you lots of love and strength"
8 days post kidney transplant issue,"Hey everyone, My father (57M) underwent a kidney transplant about a week ago. The donor was his sister (58F) — a 6/6 HLA match. Surgery went well, kidney started working immediately (urine output began right on the table), and creatinine dropped rapidly from 8.0 pre-op to 1.07 within 3 days. Since then, however, it’s been slowly creeping up: • Day 4: 1.07 • Day 5: 1.17 • Day 6: 1.28 • Day 7: 1.36 • Day 8: 1.5 Urine output is excellent (8L/day), fluid intake is ~5L, BP is controlled (~118/70 with meds), Tac level is 8, and there are no clinical symptoms. He’s still in ICU under close monitoring. The team went ahead with a precautionary biopsy yesterday to rule out subclinical rejection or other causes. They’ve also given two doses of anti-rejection meds as a proactive measure. We’re all a bit stressed as everything else seems great — immediate graft function, excellent match, no fever, no swelling, etc. Has anyone experienced a similar post-op creatinine rise after an initial smooth drop? Could this still stabilize with meds or hydration adjustments? Is borderline rejection possible even in a 6/6 match case? Thanks so much in advance — just trying to stay informed and hopeful 🙏"
thinking about donating liver.,really want to save someone. not really looking for money . idk how to go about it or how i can get tested to see what capability i am. my dad is O+ and i had a miscarriage before bc the mom was O- and she said i must be O + idk
Received a liver and a kidney today,My brother had his transplants today! It’s been nearly a 2 year journey to reach this point. Tomorrow they will try to wake him up. We are so thankful for this opportunity. I’m sending prayers out to the generous donor whoever he/she may be. 🙏 is the hard part over ? Or just beginning?
Just received a new kidney few days ago,I 36 F just received a new kidney a few days ago after 4 years of being on Diyalsis. What are some things you wish you were told before hand or even after hand that you feel would benefit someone else?
Heart issues post-transplant,"Does anyone have a heart issue post-transplant? If yes, what are the symptoms? I've had no issues before the surgery, and right after, I noticed discomfort 8n the chest and shortness of breath as soon as I made a brisk move, walked fast, or uphill. The cardiologist doesn't have the answer yet."
Slight elevated A1C - any going back?,"This is part question, part accountability. I'm just over 1yr post double nephrectomy and kidney transplant. A1c is sitting at 5.7 and estimated average blood glucose is 117. Which places me right in the pre - diabetic range according to Mayo Clinic. Absolutely put back on all the weight I lost before transplant and then some. Though, since finding out my results I've done a turn around and lost ~6lbs so far, The results are new ish so I haven't had a follow up yet with my docs, I did request a referral for an RD though and will see them in early September. As it stands I've been finger poking to keep track, have eliminated sweets and breads and such. Balanced meals do my blood sugar well, leafy greens seem to help avoid spikes if eaten with a mild carby primary meal. Tacro (1.5/2mg) can make us insolin resistant and Prednisone(10mg) is just an asshole. Morning numbers without food are always elevated a couple hours after taking my morning meds and not having any food. The long and short is, is there any coming back from this, or am I doomed to the steroid from hell giving me diabetes? I'm scared this is just my early sign of what's to come, but I am determined to fix this if I can be fixed. So....experiences?"
Looking for participants!,"Hello! I’m a nursing science student based in Vienna, Austria. My colleagues and I are looking for teens/young adults (until age 25) from Austria or Germany with a transplant who would like to participate in a study about self-management and transition in the light of living with a transplant. For further questions - please feel free to ask! If you would like to be part of this experience, please contact me! We also have Facebook (Transplantations-Studie) and instagram (transplantations_studie) as well as an e-mail address (transplantations.studie@gmail.com) Lots of love, Patrizia"
Was anyone else terrified of being denied a transplant?,I'm in the stages of setting up meeting with a team. a liver transplant specifically and I've been doing well but my OCD has latched onto the idea there's no way I'm going to get accepted. But I've had testing and imaging and stuff and I don't have any other comorbities. I do have a high resting heart rate but it's not heart disease it's just due to anxiety (had it checked) I guess I'm just looking for a little hope or positivity to help get my mind off of it...I know you can't give medical advice but any positive words would be really nice :( tried speaking to my ex therapist but he just sort of said well you should be scared. Wish I was joking - offered no coping mechanisms so I'm looking for a new one Thank you and sorry
Nutritional Shakes,Anyone in the Tucson or Phoenix area that can use a case of Kate Farms shakes?
Liver Transplant - Tomorrow,I got the word. I go in tonight at 7 and surgery is at 1. We know the donor - closely - and it’s all so crazy and emotional how all of this has come to pass. I feel confident. I’m 47. I’m relatively healthy. MELD 14 with hopefully withered from y90 HCC. Getting a good organ. Thanks for any tips or words of encouragement. It’s so surreal right now. I’m gonna go to the pool.
Rising creatinine,"28M. Post transplant 4 months. Creatinine in past 5 weeks has been like this 1.2 -> 1.4 -> 1.2 -> 1.2 -> 1.1 -> 1.3 -> 1.3 -> 1.5 -> 1.6 Doctor has suggested to wait for another 5 days and if creatinine still rises, they will go for a biopsy. Have you experienced anything like this before? I'm a bit tensed."
After Kidney transplant,How much urine is normal after the transplant first 24 hours ? My mom had her transplant and it was 13 litter in 24 hours . Creatinine is 1.51 Is the urine level normal ? She was n dialysis before transplant
Post transplant fainting spells,"Hello, I am currently 6 months post transplant, and have all kinds of issues. For the first... 4 months? Ive had all kinds of stomach/gastro bugs, including e coli, norovirus, and some other virus that didn't show up on tests. Most recently in the past month or so, I've been having issues with fainting and vomiting. In June I went to the transplant hospital as directed because I fainted and wound up with a pretty gnarly bruise on my left thigh. They attributed it to dehydration/low BP and sent me on my way. Then, at the beginning of last week, I was admitted after vomiting to the point where I couldn't take my meds/even let oral zofran dissolve long enough to kick in, so I was held overnight for fluids/IV zofran/observation, and I guess wound up with metabolic acidosis. Now, this past Saturday, I was kept for 3 days after I fainted and hit my face on a door, requiring 5 stitches in my chin. Thankfully I didn't wind up with a concussion or anything like that, but it did make this a whole lot scarier, especially since my creatinine jumped up from 1.3 to 1.77 in a matter of days.(though it seemed to be slowly climbing in the hospital). I now have to take salt tablets(2000mg daily; my sodium kept dropping to around 131), and they want me to do a neurology consult. They were also concerned since my tacro levels were jumping all over the place despite taking labs at the same time each day, jumping from 17 to 8 in a day despite taking doses/labs at the same time each day, as well as persistent tremors including a head twitch. Has anyone else experienced anything similar? What wound up being the cause/solution? I do have my 6 month follow up on this upcoming Thursday, just wondering about others' experiences."
Children of Transplant Recipients,"My dad finally got the call today and will be having surgery tomorrow. I just found out a few hours ago. His MELD score has been at a 26 for months now and his ammonia levels have gotten above 600 multiple times. He’s on lactulose and Xifaxan but he’s still having HE episodes. This has been a long time coming and I’m so thankful. He’s been on the list for almost 3 years. I went to HR and told them I need to take an emergency LOA. My mom takes care of my grandma who has severe dementia and since my mom will be going with my dad to the surgery center (6 hours away) I volunteered to be the one to stay with my grandma. My work is wanting an amount of time that I’ll be gone for and I don’t know what to tell them. Has anyone else been in this position? How long was your loved one gone when they received their liver transplant? I told my work at least 6 weeks but I’m worried that was not the correct answer, everything was so hectic when my mom called me and I couldn’t get that many details. Should I just quit my job or get FMLA? I don’t know anyone else who has been through this so I guess I just need some advice on how to navigate everything. Any advice is appreciated."
Approved for further testing!,"I just got the call from my donor coordinator, my labs are good and we will be scheduling the evaluation day at the hospital! I’m a non-directed kidney donor hoping to start a chain, if you are on the list at MUSC in Charleston we may meet!"
Donor giving up his kidney today…,"My superhero donor is giving up his kidney today so I can hold a voucher for transplant. If you’re somewhere in Colorado today, getting a kidney this afternoon, you might be getting it from one of the most honorable, kind, caring and cool people I know. If you’re reading this and can spare a prayer or good thoughts for a safe donor surgery this am… thank you!"
Liver transplant post op food suggestions,"Hello all you beautiful people. My mom had a liver transplant last year and has been doing well. Her platelet count has been a little low and doctor has advised to start medication for it. She is a vegetarian and eats small meals only. I am worried that she doesn't eat enough protein and calories. She gets these bad leg cramps sometimes but we dont want to take any medicine for it. Of someone has gone through this or has had liver transplant,Can you share some foods, vegetables and fruits that have been helpful additions in your diet. I have ready Apples and blueberries are good. Our doctor adviced that Citrus foods are strict no no. What are some other opinions , keen to know from others."
Just a thought but keep an eye on your hemoglobin.,"EDIT: making this at the top and bottom since important things aren’t being read and I’m being accused of things. I am Canadian. I live in Canada. Not the USA. We do not measure hemoglobin the same way. In Canada an average hemoglobin level for a 6’1 male who weighs around 150-170, as I was told, it should be around 150-180ish. Thats what my wife who is a nurse told me, what all the nurses and the doctors have told me, and what my oncologist has told me. I went to emergency room when my level was 44. Printer paper was darker than me. So, yeah, just make sure you’re always ontop of that. About a month ago, I saw my doctor and he said that my hemoglobin was a little low and then said “but where is your blood going”. With my back issues, that thought sort of fell to the side and was ignored. That was until tonight. I tried to get dressed to go grocery shopping, got extremely winded, dizzy, was vomiting nonstop, “deathly pale”, and more. My wife dragged me to urgent care and did they a blood test. My hemoglobin was 44, out of what I’m told is supposed to be like 150s or higher. So yeah, that could probably explain alot about me as of late, and now I’m getting 3 units of blood. Okay, so sort of a huge update. The 3 units of blood I was given, did fuck all. I’ll be getting another 3 over night. Then the worst and most horrible news is that they think my lymphoma might be coming back. I will be getting some biopsy’s in the morning but waiting the next two weeks will be an absolute nightmare. I barely survived my post transplant lymphoma last time. I just can’t deal with this shit anymore. I’m beyond my breaking point. I just…I just can’t take it anymore EDIT. The hemoglobin number I’m referring to is how it’s measured in Canada. Not the US. Apparently they are measured very differently between the two countries."
update!!!,Got my dual kidney/liver transplant 2 weeks ago!!! kidney started working immediately and there were no surgical complications! everything went perfect!!! so blessed :) How long until the surgical pain goes away? still very much struggling with pain lol
Anyone done photopheresis? Heart/lung transplant,Hello! I'm currently experiencing chronic lung rejection (CLAD stage 2) and I'm going to be doing photopheresis. Wondering if other folks have done this and what it was like. Thanks!
Liver transplant tips for caregivers,"My dad is currently in the ICU after getting the call Friday. He’s been sick for 11 years. He got sick when I was in college after working so hard to provide for our family. I didn’t know if I would have a dad when I graduated. It’s been a rough ride. We can’t even remember how long he’s been on the list. There’s been so many hospitalizations. His insides must look like a war zone from all the downstream issues since his liver cirrhosis. We’ve had a few almost calls in the past year but the real deal happened so quickly. I think his MELD score was only 16. Ive been unconsciously holding it together for a long time. I didn’t even notice until I started shaking after he went into the operating room and now crying as I type this. Anyway, the point was to get any tips from anyone who’s gone through a transplant or was/is a caregiver. Anything to make your life easier and more comfortable? Things you wish you had? We are obviously not made of money but I’m ready to burn through some savings for this. I also want to thank everyone who has posted about their experiences. It’s been very comforting to read while we waited for updates."
He was a good man,"I joined this sub 2 years ago when my husband needed a kidney. We were lucky enough to find a living donor and he is doing well. But I am writing to tell you about someone different who is being taken off life support tomorrow. Some people out there will be getting The Call. If it is you, I just wanted to let you know he was a great man. He was a public defender for the worst kind of people. He had a family and an amazing sense of humor. Please take care of yourself and the little piece of him. ❤️"
Hoping to speak with someone about their double lung transplant experience,My name is Ben Fowlkes and I’m a sports writer with Yahoo Sports. I’m writing a story about a retired pro fighter who recently underwent a double lung transplant and I’m hoping to interview someone who’s been through it for some context on what to expect. Feel free to send me a DM if you’re available for a phone call or Zoom interview. Thanks!
LVAD to Transplant,"As an LVAD patient who is 18 months post surgery, and doing well overall. I do have fatigue issues and challenges with my fluid volume. I’m hoping to get listed for transplant but I might have a very long wait due to my height 6’ 04” and weight 250lbs. I was wanting to ask other LVAD to heart transplant patients what their experience has been in terms of level of function, side effects, medication effects etc. Although everyone’s situation is different, what you share will just be gaining some insight into what’s possible/likely. Thanks"
Support groups for partners of kidney transplant recipients,"I am looking for any good support groups for partners of kidney transplant patients. I submitted a request to NKF Peers program, but don’t know if it will be approved since we aren’t married. I am calling the transplant center to see if they have any. I am just looking for more resources and would like to interact with more than one group. I need all the help I can get right now."
"Hello, looking for any support, words of comfort",My createnine has jumped from 1.4 to 1.6 in 10 days even when the doctor has reduced tac dosage. I don't know what to think or do and I feel it is rejection and I am having a hard time convincing myself to live right now Please please help me
Important news: Are all of us with transplants complicit of a terrible crime against humanity?,Please read this entire article: [https://www.nytimes.com/2025/07/20/us/organ-transplants-donors-alive.html?unlocked\_article\_code=1.X08.oiyn.\_PxyPKD9atJc&smid=nytcore-ios-share&referringSource=articleShare](https://www.nytimes.com/2025/07/20/us/organ-transplants-donors-alive.html?unlocked_article_code=1.X08.oiyn._PxyPKD9atJc&smid=nytcore-ios-share&referringSource=articleShare)
tacro tremors,"What do you do when you’re having tremors from the tacrolimus? I’m nervous about driving around because since I got my transplant 6 months ago, the shakiness hasn’t really gone completely away, some days it’s better than others but it’s still a little much. I know my transplant team most likely won’t adjust my dose because I had a rejection scare a couple months ago, so now they’re very cautious about my dosage. The other day I was driving to a store about 20 minutes away from me, and I had to let my sister take over because my leg was shaking so much that I struggled to hold down the brake. I just don’t want to get into an accident because of it. Any advice?"
Over washed and chapped hands,"I posted here a little while back about a very dear friend who is currently recovering from his double lung transplant. Things have been going really well and I am so thrilled that he and his wife are back at home. I was chatting with them both and they are adjusting to all of the lifestyle changes really well, they are such a fabulous team, but she was complaining about how chapped her hands have become from washing them so frequently. (They also have a toddler so it’s a lot of hand and bottle washing) I was wondering if anyone had any suggestions for a really great hand cream/moisturizer, or had a solution for the chapped hands. I was hoping to put together a welcome back home basket and I feel like that would be a good addition. If anyone has any ideas of like stuff that is helpful in these early months of recovery I would be very grateful too!"
Has anyone gone through this? Epidural Lipomatosis,"I ended up in the hospital a couple of months ago with a high fever and no symptoms. I’m almost 3.5yrs post transplant. They went to do a lumbar puncture/spinal tap and it was the most painful thing I have gone through in a while. I’ve had a ton of these done before and never had an issue. They ended up doing it under ultrasound and it was fine. Turns out I have both lumbar and thoracic epidural lipomatosis, or fat surrounding my spinal cord. The first spinal tap was so painful because there was so much fat in the normal area that they do it that there wasn’t any spinal fluid there. I went and saw a doctor about it and apparently epidural lipomatosis is caused by long term prednisone use? Transplant docs won’t take me off of it because the prednisone works best against EBV infections (and I have already been dealing with that.) Spine doc says they will only do surgery if I’ve tried weightloss first and it doesn’t help. Anyways I’m in a ton of pain and not on any pain meds, and of course we all know how fast weightloss goes… I’ve lost 35lbs in 3 months and the pain has gotten nothing but worse. Has anyone else dealt with this? Do I need to get a second opinion?"
My daughter is donating her liver,"Hi all! I'm not sure if this belongs here so forgive me if not. My daughter is the top candidate to donate her liver to my sister who was diagnosed with colon and liver cancer last year. Im just looking for some information on what I should expect for surgery and recovery, what things would be helpful to have at home or any suggestions to generally make recovery as smooth as possible. She lives away from home but will be staying with us for a bit after surgery."
Prolonged sexual dysfunction after transplant…,"42M, 11 months post heart transplant. I have not been able to be sexually active since returning home. I had a rough go, 3 months in the CVICU, was on ecmo… you know the routine with unexpected widow makers… I was very fit, lost 60lbs in the hospital, I’ve gained about 30 or so back. Still very active despite what I went through. However despite having sexual urges all the time I can’t seem to get an erection, and even when I do I can’t get fully aroused. I spoke to my team and pcp and they gave me viagra but that isn’t helping either, it’ll get me there briefly but doesn’t last long. I saw some old posts that others dealt with this as well so I’m just hoping someone can tell me there light at the end of the tunnel. I know I’ve been through trauma but I’ve healed up nicely in 11 months, I’m back in the gym 5 days a week. Could it be nerve damage from ecmo? Is it because of the vagus nerve being disconnected and my brain doesn’t tell my heart to send blood there? I have been trying to be patient but at 11 months, almost a year.. I was hoping to be back in action by now…"
Update (prob last one),"We’re finally out of the hospital! My sister isn’t a fan of all the immunosuppressants but other than that she is doing great and is happy to rest at home. My infection is all cleared up and I am happy to finally be sleeping in my own bedroom again. Though I have to remind myself not to be too physically active and take it easy so that my recovery still goes smoothly. Thanks for all the support and information the last few days! Wishing all of you’re transplants, donations and recoveries go well ❤️🫂❤️"
Subreddit for liver donors,"Hey all! I'm not sure if this is allowed to be posted here, but I recently created r/liverdonors where specifically people interested in and people who have donated their livers can support one another. I'm a member of a Facebook group that exists for the same reason so I thought I'd make a similar one for Reddit. Thank you!"
(Delicate subject and maybe TMI) Yeast infection meds--ladies?,"Does anyone know what meds (prescription and OTC) are safe to take for mild yeast infection? I'm feeling symptoms and want to nip it in the bud. I'm on tacrolimus and Cellcept and Prednisone, 8 months post kidney. I have reached out to my team but won't get a response likely until Monday. Any help would be appreciated."
Latest hospital stay,"I had my pancreas transplant on June 13th. Was discharged and home by the 18th, everything was awesome. Then on July 7th, I started running a fever a had severe stomach cramps. Spent 2 days in the hospital, only for everything to be fine. Was discharged and sent home. Woke up Saturday not feeling great, so I stayed home and took it easy. Sunday morning, I woke up with a 101.8 temp and didn’t have the energy to get out of bed. Called the transplant doctor that was on call and spent 4 hours waiting to be seen in the ER. Finally got assigned to a room on the transplant wing at 2am. Spent 6 days with high fevers and high blood pressures. In the end, they still have no idea what caused any of it. A ton of bloodwork done, but no clear results. But I’m home again."
Hi! I’m new here! 24 years post multi-visceral transplant,"Hi hi! As the title says I’m new here thank you so much for letting me join as the title says I’m a multi-visceral patient. Had to have my stomach liver pancreas and small intestines replaced. And for the longest time I felt out of place especially since I had it a year after birth so I really have no idea how to be “normal”. But let’s be honest what is normal? Anyway, thanks for letting me join can’t wait to hear some of you guys stories and maybe even learn something i didn’t even know I’m also willing to answer questions. That’s all for now take care!"
Chances and process for a 2nd transplant,"Hello, i received a deceased kidney in January 2024 now has been rejected. i do have a live donor now , just hoping Insurance will approve it. Do you know if there are any issues with getting a 2nd approved? The conditions or the process? is it in the hands of your nephrology teaM or insurance?"
The wait is starting to get to me…,"A sort of quick recap of my story. I was diagnosed with a rare liver disease, Budd-Chiari Syndrome, in 2021 when I was 26. Since then I’ve been through hell and back and then back again. At least a couple of admissions to the hospital every couple months. Got a TIPS because my ascites was that bad. I was on the waitlist in early 2022 then taken off due to what my team perceived to be cancer on my liver ( ended up being benign lesions). I was placed back on in March 2024. The last hospital stay was March of this year for a clot in my TIPS (like my third TIPS revision). During that stay, I was offered a liver. I was literally signing paperwork to sign off on the anesthesia when they decided for whatever reason, it wouldn’t work out. I’m sitting here with a MELD of 19. Day to day tasks are very difficult because of the pain and immense discomfort I feel in my abdomen. My belly is so full, it’s a struggle to eat. Veins are just popping out of my torso not to mention the development of a few hernias as well. I know I have to be patient but my MELD has just hovered in the low 20s and high teens for so long, I feel as if I’m wasting away despite my MELD being so low. I feel as if my MELD isn’t exactly accurate to how I’m feeling. Has anyone faced anything like this? Low MELD that doesn’t seem to change drastically despite feeling worse and worse? Have you received a transplant with a similar MELD? Seems like my MELD won’t get high enough to get “the call” and I’m just stuck in this painful limbo for years. Could use a little bit of hope not gonna lie! I’m on the waitlist at UCLA btw."
"CRP 14, one week before transplant","Hello, My baby daughter 20 months is having a kidney transplant on the 30th of this month. She had a blood test yesterday which showed a much higher than normal CRP. It was 14. She’s not sick, she’s very well. She’s on PD. Her doctors are freaking out saying we need to repeat blood test on Monday and if it’s not better than her transplant might not happen. All other test are fine, she’s has no infection they can measure. Not peritonitis or anything like that, no cold. Anyone experienced anything like this? Honestly just freaking out."
Cancer found in explant & trusting your healthcare team,"I'm wondering if any other folks here have found out about cancer in their explant that they weren't quite prepared for, and struggled with trusting their team afterwards? I (40F in Canada) had my liver transplanted just 2 weeks ago, and I've been home for a week now. I was set to go home last Friday afternoon, but instead of getting discharged I was given the devastating news that 2 HCC (hepatocellular carcinoma) tumours had been found in my explanted liver, one in each lobe. I was being transplanted under the diagnosis of Hepatocellular Adenomatosis (HCA), with an understanding that it was possible the tumours could/would become malignant in the future. My AFP had always been just under the threshold (a 6-7), and about 4 months ago my CA19-9 was raised above the threshold by 2 points. When I raised a concern about the CA19-9 with my team, I was told not to worry about it, it would need to be much higher before I should be concerned about cancer. I had a CT scan and another AFP test done before leaving the hospital. My AFP came back at a 2, the lowest it's ever been since I learned I would need a transplant. Thankfully, the CT scan came back clean, with no evidence of metastasis elsewhere in my body. However, I was told that my team knew they would likely find cancer in the explant, and that the tumours were quite a bit larger than anticipated. My HCA was of the massive, multifocal type, so it's not exactly a stretch that the tumours were likewise ""sizeable"" (as described by my doctors). I haven't seen the pathology, I don't want to yet, I just want to focus on healing. The most difficult thing to reconcile with all of this is knowing that, had my team pursued a positive cancer diagnosis, I would have been disqualified from the transplant program due to the tumours exceeding the Milan Criteria, and I would have been offered palliative care at best. I am incredibly humbled and grateful for this truly life-saving surgery, but I'm also having difficulty reconciling that with the knowledge that my own suspicions about having cancer were dismissed/overlooked during the process. I'm feeling a bit alone in all of this. Primary HCC is pretty rare, HCA is pretty rare, HCA that turns into HCC is incredibly rare... It's very likely that my healthcare team will not see another patient with my health conditions/circumstances in their lifetime."
Post op,"It’s been 3 weeks since I got my kidney transplant on 6/25. My younger sister was my donor, doctors said we were a great match and so far everything is working great. I had a rough time in the very beginning with pain management as well as side effects from Prograf and prednisone but now I’m starting to feel a lot better and glad I went through with the surgery. My staples got removed on Monday and my PD Catheter was removed on Tuesday, stent should be coming out in a week or 2. This is my second transplant. I received my first transplant when I was 5 years old and it lasted me 20 years. I was on PD this time for almost 4 years and after a year of testing we were finally approved for the surgery. Thank you to everyone in this subreddit for your support and for sharing your stories with us, as well as the donors and families who support us along this journey. I contemplated uploading a picture of my incision and where the catheter was removed but it’s still a little gnarly."
BK virus detected,Had labs on Wednesday and BK virus result says “detected” quantitative 1610. No word from transplant team as of yet.
Bug sprays?,I’m going to be traveling to an area with lots of bugs and especially ticks so I wanted to get some bug spray. I’ve never really had to buy it before so I’m just curious if there’s anything I should watch out for or what particular ones anyone here uses. Thanks!
1 Year- No Name,"I just returned from my one year check up. There are still some issues. Nothing drastic. I feel great! Results are pretty good! My life is so much better! I mean… I exist. I would not have without it. Any of the ‘struggles’ or ‘issues’ I have are nothing compared to a year ago. It’s a wonderful thing! I have had an issue being confident that I would live. I was given several months to live pre-transplant. I was on the list, but it was a long shot. Mentally, I haven’t really addressed those issues. I’ve been powering through on the physical side. I never allowed myself to be too hopeful. Too confident. But I’d like to name him now. I don’t know much about him. He’s a year old (tomorrow) in me. He was healthy before. He’s been a great guest and assimilated in the new environment. He has been kind and strong and gentle. I’d like to name him. I was thinking Maximus. But that seems cliche, even given the patron roots. Ideas? Or even anyone going through things or thoughts one year post. Or less. Just sharing."
4 months post kidney transplant and some edema is back,Anyone deal with this? My renal panel got better rapidly from March through May when creatinine hit a low of 1.4. Then it started steadily creeping up to 1.7 last week. My tacro got up to 8.5 last week too so they reduced my Envarsus from 7 to 6. This week’s panel was finally better but only very slightly down to 1.69 (tacro 5.3). Also I’ve started having slight edema in my feet and face again. It’s mild/moderate but I acutely remember how my edema got so bad in the months leading up to my kidney collapsing last time. This is also the first week back in the office for me post transplant so I’ve been sitting feet down in an office chair most of the week and my body is not used to not being in the recliner at home. Anyone else remember anything similar happening to them? I’m also on Amlodipine but just 2.5mg when I was on 10mg for several years before transplant so it’s actually a much lower dose than it used to be so I wouldn’t think it would be triggering this. Just a little frustrating as I’m sure you all can relate. I was expecting a better lab result and less edema with lower tacro in my blood and that doesn’t seem to have happened at least not yet. Lowered dose was 6 days ago.
Kidney Transplant Anniversary,"Today is the one-year anniversary of my kidney transplant. I am blessed, healthy, and grateful."
Transplant in Leuven,"Hi, I've had my heart transplant a year ago in Leuven, Belgium. Are here maybe People Who also have had a heart transplantation in Leuven?"
Anyone had kidney biopsy 5 month after transplant?,"My creatinine goes from 105 in May, 115 and 116 in the end of May and June, and then rise from 131 to 141 within a week. Doctor said I need biopsy. Has anyone had biopsy in such early stage? I am not even over 6 month. I was taking metformin before and it made me feel sick and sturggle to eat much and then I stop it."
UK MTB Protection,Hi All Does anyone in the UK have any experiance getting (custom) body protection for a kidney transplant recipient? I had a kidney transplant 5 years ago and have been regularly riding bicycles including MTB trails (small drops/jumps) but am keen to ride some more technical stuff so just want to look at getting some abdominal protection to mitigate some of the risk. Cheers
Transplant aftermath!,"Hello, I posted on here about my donation surgery for my older sister who was in renal failure and needed a kidney. Her surgery went well! She is of course sore and in a bit on pain from the surgery as well as the meds but thankfully we haven’t seen signs of rejection so far. Despite everything she is starting to get some of her energy back and seems more positive in general now 😊 I on the other hand unfortunately got PONV which sucked and then a post-op fever which revealed infection so I will have to stay in the hospital for longer than I thought 😭 Honestly the recovery has been a little more brutal than I thought but it’s nothing compared to what my sister has gone through and is about to go through so I’m doing my best not to complain! Thanks for all the info before. You guys are awesome! Also is there any ways you guys have learned to make the time in the hospital go faster, Ive found that sitting in a bed 24/7 is a lot harder that I thought haha."
Clinic,"So I am over a year past my transplant. Every so often (like the rest of you) I have to meet with my team, get labs, the whole ordeal. Does anyone else get nervous every time for what they are gunna see on the blood work? Like I take my medicine diligently. I try to eat healthy and drink my water. Idk why I just get nervous every time they are gunna say I’m going into rejection. Anybody else?"
Where is a place to buy a good mask with replaceable filters?,"After 121 days in the hospital, I hear rumors of me finally getting to go home soon after my last biopsy came back showing minimal signs of rejection and no antibodies. Yay! Still keeping hopes tempered, but this feels like a win. Anyway, I wanna have a more active lifestyle and spend more time out of the house when I'm out, and I wanna be safe about it. I'd like to find a place that makes cool non-disposable masks, maybe even custom designs. Obviously it'll need replaceable filters cuz you can't just never change your mask out. So where does one find something like this? I can't be the only immunocompromised-for-life wannabe extrovert out there to think of this."
Diet Q’s,"Hi guys! I’m a little over a week post-op and got discharged today, pediatrics patient, 17F if that matters. I was told to watch sodium and sugar mostly, and that I don’t mind at all, but I’ve been itching for some soda , I love Dr Pepper and did mostly well limiting it for the 2 and a half years while I was on dialysis, (couple slip ups, but we all make mistakes or have a rough day) But here’s my question as I haven’t exactly gotten a full blown yes or no, but I’m assuming right now it’s no. Can I have fountain drinks? Like from a fast food place, or gas station, (I know they’re both probably grody) or can I only have bottled for now until like 6months or something like that? I don’t want to immediately go back with a stomach bug or infection and have my transplant team (even though they’re amazing, I just have horrible anxiety) be like, “omfg. We JUST sent you out of here girl.” So, TLDR, is it okay to have a fountain drink from a gas station/fast food joint, or just stick with a bottle for awhile? (I promise I drink water, I love cold water.)"
Job Search Post Transplant,I am 10 months post transplant and am gearing up to return to a leadership position in the non-profit sector. I'm currently interviewing and considering both FT/PT options. I'm excited about returning to meaningful work and seeing what I can accomplish when my autoimmune system/body isn't trying to kill me. I'm not remotely excited about going back to the daily grind of a FT job while navigating a work-life balance life post transplant. And it's just time. How did you deal with all the things Mentally? Physically? Any pro tips or thoughts you can share?
Test results,"I just got some blood work back today with elevated AST levels. my ALT is still WNL, i’m only about 5 months post transplant so i’m trying to not freak out and remind myself i’m still in the first year. but every time i get my results in it just feels like something goes bad, then i fix it then another result comes back bad. i’m just really tired of it. sorry i know this post seems whiney, i guess it’s just one of those days. anyone relate? lol"
Important UNOS information on DCD donation. Congressional hearings.,"UNOS has posted a blog about DCD donation, which accounts for over 30% of all deceased organ donation in the US. Word is a Congressional subcommittee chair is working with the administration to severely limit DCD donation and are going to push supposed ""horror stories"" at a public hearing soon. It might be related to tryng to cut medicaid/medicare spending on transplant. Those interested in transplant should arm themselves now with accurate DCD information for when this attack starts. Here is the blog post [https://unos.org/news/understanding-donation-after-circulatory-death-dcd/](https://unos.org/news/understanding-donation-after-circulatory-death-dcd/)"
Foamy/bubbles in urine post kidney transplant,"Did anyone here observed foamy urine after kidney transplant. I'm noticing foam like bubbles sometimes in the day while urinating. It doesn't happen always and there is no specific pattern to this. Urine analysis happened 20 days ago and protine was absent. But could this be the case that during the time when sample was collected protein was not leaking? Also, I need to understand something about proteinuria. If someone has proteinuria, will they always show protein in urine analysis report irrespective of the time at which the sample was taken? Please share your experiences if you had anything like this. Edit - UACR done - it's normal so bubbles are not an issue for now."
Liver donation surgery in morning (Wednesday)!,"No questions, complaints, issues or other items to bring up, just posting to post. 😃 My sister is receiving, thanks all here for their posts since I joined back in February. I'm mostly a lurker, but someone who has been helped a lot by reading a lot of these posts here. I'll try posting an nice update maybe in 2 weeks to assist anyone who may have situation coming up. Can't wait for the drugs in the morning to take me a way, lol. Cheers."
How to support someone as their condition worsens.,"Hello community. I hope this is the right space for this question. My girlfriend was born with a genetic disease which has caused her to need two kidney transplants in her life. Her second kidney is now in the rejection and she’s currently in stage 4 kidney disease. It’s clear that she will need a third kidney within the next 5 years or so. We all knew this day would come eventually but it’s still hard to deal with and she’s not taking it well both physically and mentally. I can’t imagine what she must be going through and to have to go through it a third time must be the worse. I am trying my best to support her and do what I can. Be encouraging and positive without being too pandering or naive. I help her with her medicines and doctor appointments etc. I really don’t mind doing it but I am noticing she’s really becoming mean, apathetic, and resentful. It’s almost like she’s given up and then she takes that anger out on me. She will talk about how much she resents me for the things I can do that she feels like she can’t anymore. She’s constantly talking as if she’s minutes away from full blown kidney failure. When I try to help or reassure her it’s usually just thrown back in my face or I am told I don’t know what i am talking about. I get it, she’s angry and she has every right to be. But it’s becoming hard being the focal point for her frustrations. She’s been seeing a therapist and that’s helped some but in some ways I feel like it’s made it worse because she’s talked to the therapist about us and I think that’s made her realize that she’s going yo have to put her medical needs ahead of our relationship and what she wants out of that. Basically I am just looking for advice from others who support somone who’s going through this. I fear this is only going to get worse when she starts needing dialysis and Isant able to work at all anymore. Any and all thoughts would be most welcome. Tl:DR: my girlfriend has stage 4 kidney disease and will need to be put on the donor list within the next 5 years to receive her 3rd kidney. How can I be a support for her in this hard time without also being a lighting rod for her anger, frustration, and resentments about this situation?"
Heart Transplant Question,"Hey guys, Just curious of people’s experiences, is there any here who’s had a heart transplant for decades and not had CAV? Thanks in advance"
Single Lung transplant a year ago but the other lung just gave out,Hello team. So my dad had a single Lung transplant a little over a year ago (we hit a year in May). Recently he's been feeling rundown and a bit out of breath. They keep finding nothing wrong and now assume that the lung they didn't replace has finally given up. Does that mean he just...has a dead lung in him now? The doctors sent him back home but I want to see if any of you have had something similar happen and then what occured afterwards.
Professions post transplant?,"Hi everyone, I’m 25 and had my transplant about 3 months ago. I have some ideas for going back to school since I was never able to get my degree due to being sick but I am kind of overthinking every idea because I’m not sure how safe it’ll be or if I’ll be able to get insurance or not, my true passion is in environmental and plant science but the future for these sort of careers is very bleak and likely won’t offer medical insurance. Plus gardening and stuff was advised against by doctors. I was thinking of becoming an MRI tech. If you’re post transplant can you tell me what you do for work? How manageable it is, if it is different from what you did before? Good insurance? Anyone able to work from home? Living in USA (unfortunately) for reference."
Cannabis Brazil,"In Brazil, cannabis is not legalized, what would be the safest way to consume it for a transplant recipient, what would be the safest drug to consume only socially (aside from tobacco)"
Skin condition post-transplant,"Hello everyone. Just passed the 2nd month mark since my liver transplant and I wanted to ask about your experience with skin conditions/issues after the transplant. I'm currently on 7-8g of Prograf, 2g of CellCept per day and Valcyte. I'm experiencing some weird sensations on my body (not around the incision but arms, legs, back) - when I dry off after a shower I get this very sharp burning sensation on random areas but there is little to no redness or anything like that. Also what has been your experience with the healing process of the incision area - did you use any creams or was the healing/scarring process affected by anything you did (sleeping in certain positions, movement, exercise etc)? Looking forward to hearing from you - here's hoping you're having a great day!"
Ever been rejected as a candidate and then got transplant?,"Has anybody ever been rejected for transplant and then still got one? Or were atrophied at one point and regained mobility? My sister got transferred for liver transplant evaluation and during one of the tests, given blood thinners which exacerbated a brain bleed. Fixed it but then had seizures. Sedation took forever to wear off and she was removed from candidacy and transported back to originating hospital. Brain now looks good and eyes open and move but the biggest issue is that gastric bypass is affecting lactulose treatment so ammonia remains high and affects mentation, which affects ability to move. Atrophy has set in and that means no mobility. The one thing to help mentation and mobility is a new liver but she can’t get a new liver unless mentation and mobility improves. It’s an awful Catch-22. She is likely too sick for a living donor transplant but I’m trying. Does anybody know of someone who has been in this place? I read lots from people who said they were told they had days to live and still ended up getting a liver. I assume despite being that close, they could still move? And weren’t trapped in HE? We need more stories of hope in the universe. (FYI learning that hospitals are seeing more and more women in their 40s who had gastric bypass show up with awful acute liver failure. Seems it should offer some grace. They didn’t know 15 years ago what they know now.)"
Anything I don’t know?,Hello! This is my first time posting on r/transplant. Recently my older sister who just turned 22 has gone into kidney failure but lucky I am a match! With the go ahead from my parents (since I am a minor) and docs we are going to have the surgery! Me and my sister have been given all the basic and relevant information about what we are in for with a transplant and donation. However is there anything that is sort of brushed away but actually makes a pretty big impact in the long run? Or is there anything generally that isn’t really talked about? Specifically after surgery and during recovery.
Living liver donor,Has anyone donated a liver? I have a few things to know.. Can you please help?
Feel like my soul died but my body survived.,"I’ll explain throughout this but here’s the long short of it. I was diagnosed back in 23 with cirrhosis, over the course of two years I went from sick to basically picking out resting places for myself , before I got the transplant I was about a week away from going on to hospice and just transitioning myself from dying in agony to being drugged to death. But throughout that 2 years mostly towards the end I gave up , I just got prepared to die mostly towards the end I just said screw it and accepted my fate because I still wasn’t listed and everything just kept getting worse and worse every week. Every week I had to have a blood transfusion with usually 2 or 3 bags worth of blood just to get my count into survivable numbers. I wasn’t eating , or drinking I would take a sip of ginger ale and throw up and I just knew I wasn’t going to make it. So I just was ready to die and somehow my last hospitalization I got all the pre testing and stuff done and got listed on a Wednesday , then I got the call the next day and then in surgery the day after that. I never waited for the liver because I never thought I would make it on the list , not for any reason I just didn’t get on till it was to late. What I’m trying to say is when I got the liver I woke up and I don’t feel like myself anymore , It’s been 4 months and I still feel like I died in some way and no one understands what I mean. Or what it feels like , I feel like the only people other than here are cancer patients. It’s like just being on your death bed then shot back into your body. It doesn’t feel real I don’t have any passions anymore or anything that makes me feel “alive” in a way. I’m not ungrateful in any way to be alive I’m so happy I lived I just don’t know what to do now. My whole life became “This is the end” and now I have a new beginning and I don’t know what to do anymore if that makes any sense ? I don’t feel like I have purpose anymore or feel like I’m going to live still so I feel like it’s pointless in a way I just guess I don’t know how to get myself out of the “dying” mode."
"Do your meds affect your cognitive function or emotional state? How, exactly?","I've read about the side effects of immunosuppressants and I'm wondering how they affect you cognitively and emotionally. Since it's different for everyone, I'm interested to know about your experiences."
Does life after a transplant really suck?,"I'm about to be put on the waiting list for a kidney transplant, so I'm wondering what to expect. Because I see people take it as a magic pill when it doesn't look that way. I realize that if you compare the pre-transplant and post-transplant positions, there is a noticeable difference, I wonder if the difference is worth it. For example, I envision it as a lifetime of worrying about what could go wrong, given the immunosuppressants. I'm also wondering what it's like for people with OCD, such people tend to be extremely anxious in such a case. Аccidentally skipping meds, and so on. I think hypochondria develops very easily."
Hair loss,"Hello everyone! I had my kidney transplant 7 months ago, and now I’m experiencing hair loss (only when my hair is wet). My doctor said it’s because of tacrolimus. Has anyone else experienced this, and how did you deal with it? I don’t want to going bald… Thank you!"
HLA antibodies - advice needed,"Hello, I'm 8.5 years post my kidney transplant. My creatinine is 1.4 this time with tac levels on 24. My doctor reduced the dose from 2mg to 1.5mg and said the increase is mostly due to tac levels. My question is : why did she give HLA antibodies test? Is that routing screening? My mother donated her kidney to me and I'm quite confused as to navigating this. We'll get the test results on Thursday. Edit : I trust my doctor wholeheartedly. I'd never doubt her decision. I'm just scared. Maybe I worded it wrong when I said advice needed. But I do trust her. I'm just scared."
Regrets,"I'm nine months post-kidney transplant, and I honestly regret it. I felt happier and more myself before. Now, I feel trapped in a body that no longer feels like mine. It’s like I'm a prisoner in my own skin. The transplant team seems solely focused on kidney function, while the lasting impact on my overall well-being feels overlooked and dismissed. ******* It’s the feeling of being unheard that’s most frustrating—especially when it comes to the ongoing issues with my low phosphorus levels and rising parathyroid hormone. One doctor tells me to eat more phosphorus-rich foods, while another insists my levels are fine. But bloodwork doesn’t lie. For over five years before any of this, I challenged what I was being told because by my GP. I could see my GFR steadily declining in my lab results everytime i got bloodwork. Every time I raised concern, I was brushed off and told I was just dehydrated—which was laughable to anyone who knows me, because I drink over 3 litres of water a day. Eventually, my symptoms worsened—I felt constantly sick, weak, and fatigued. After seven months of feeling like this, I saw a nurse practitioner who finally ran more bloodwork. Just two days later, I was told to go to the emergency room. That’s when I was diagnosed with end-stage kidney failure. My GFR was 7. I don't trust when they say thats normal because normal got me hospitalized in the first place. I also meant to say, I really appreciate everyone sharing their different experiences or feeling."
Loved one drinking post liver transplant,"Hi everyone, I'm looking for advice or support on what to do in a really tough situation. My brother-in-law had a liver transplant last summer. He struggled with addiction and mental health issues before the transplant, and now it seems like he’s spiraling again. He’s been refusing to take his anti-rejection meds and psych meds. He's also started drinking heavily again and says he wants to die. He lives with his mom in Florida. She’s scared to try and Baker Act him because she’s afraid if they don’t take him in, he’ll harm himself after being sent home. It feels like we’re all walking on eggshells and waiting for the worst to happen. He’s been hospitalized before for mental health, but never really followed up with treatment. We’re not sure if he’d even qualify for another transplant if he goes into liver failure again, and I know his chances would be extremely slim if he keeps drinking. Has anyone been through anything similar with a loved one who got a transplant and then relapsed? Any advice for getting someone help when they refuse it? Or resources in Florida for families trying to deal with this kind of crisis? We’re heartbroken and feel helpless. Thanks in advance to anyone who reads or replies."
"People who have moved away from home after transplant, how did you manage?","I am planning to move away from home. I'll still be staying with trusted extended family, but I think I'd be uncomfortable living with them. People who moved away from their homes and got their own place post transplant, what precautions did you take and how did you manage your health and food and water?"
Acute to Chronic rejection,"Good morning all. I’ve posted a few times in this group for my fiancée. He had a transplant 8 years ago this October and since March 2025 has been dealing with acute rejection. Had a chest catheter inserted in April and was doing plasmapheresis treatments, 2 rounds ending in May. We were hopeful when his port was removed just a few weeks ago in June. He’s still taking his meds and does routine lab work, we just recently found out he is now in chronic rejection. His body has built such strong antibodies around the kidney, it’s now being recognized as a foreign object and his body, I guess, is fighting the transplant. We’ve both felt as if his team has been dragging their feet with this since March and he has been trying to reach out to Boston hospitals for a second opinion. After speaking with a doctor there this Friday, he’s been told that our hospital/transplant team at this point is basically doing all they can to keep this kidney going. We didn’t expect it and I feel terrible for all he has gone through these last few months. To have all of this process come down to that, something his own doctor has not mentioned, is such a blow. He’s also dealing with high blood pressure and we’re checking that daily. He does take BP medication but can’t up the dosage, it’s like his heart thinks he needs blood but it’s the antibodies working overtime on his kidney. This morning his bp is high with numbers ranging in stage 2 hypertension. I’m trying all that I can to be strong and positive for him, but I will admit I am scared. Knowing him for such a short time post transplant, I’m trying to learn all that I can, especially going forward as we are building our life together. Has anyone else gone through this process? Is there anything else that can be done to stop producing “harmful” antibodies, or go through pheresis again?"
7 years!,Today is 7years for my kidney transplant! I will spend the day with my brother (donor) and my tremendous gratitude. Love to everyone!❤️
HRT for a Trans Woman post Kidney Transplant surgery.,"I am a Trans Woman (she/they, 22 years old) who will be receiving a kidney soon this month. I am based in India. I have been reading about the immunosuppressants and other medications that I would be taking post-surgery, and I am worried that I would not be allowed to start my HRT because of how it could react to the medicines. I am also concerned that my doctors might act transphobic or might have little information on what form of HRT would work for me. I need information: Information on whether HRT is possible for someone post kidney transplant, and if yes, what do I need to be careful of in the process? Also, is there anything I could let my doctors know so that they give me post-transplant medication that wouldn't interfere with my HRT? Thank you!"
1 Year Anniversary,"To the families and friends of the two donors who saved my life: your gift of life is more than I will ever be able to say thank you. To my transplant team, and especially to the nurses and techs working on Duke CT, 6th floor, you are exceptional!"
Vasectomy after Transplant?,For those of you that did get a vasectomy or know someone who got it after transplant a few questions: 1. Did your transplant team give the green light? 2. Any special considerations for post transplant patients?
Statin alternatives? Bempedoic acid,Hi Anyone experience with Bempedoic acid as statin alternative in combination with immunosuppressants ? Any consideration pro or con? I am tired of the muscle problems on statins even with 5mg twice a week.
New beard lube with added SPF,"Thought: nice, trim, greying beard ≠ SPF Action: add rubbing of sunscreen into beard and skin to daily routine"
Regarding timings of MyFortic and Tacrolimus,"Hey everyone, I have a question regarding timings at which you guys take the MyFortic and Tacrolimus medicines. I was taking them at 10am/pm - Tacrolimus 11am/pm - MyFortic now I'm taking them at 10am/pm - Tacrolimus 10:15am/pm - MyFortic I wanted to ask it there a problem taking them 15 mins apart ? or is there a protocol for specific time difference between these two medicines may be because of some interaction between these two medicines. Please help clarify based on your experiences. Edit: Thanks everyone for sharing your experience. It's really helpful."
I got the call!,I’m 33 and have been on dialysis and on the transplant list for 2.5 years. On my way to the hospital now for a kidney transplant and surgery will be in the morning or early afternoon. I’m so nervous but excited. Wish me luck! Update: Tysm everyone for the kind words. The pain was actually worse than I was expecting and that first night was torture but feeling much better today. So happy to start this next chapter of my life. I know it won’t be easy but I hope my quality of life improves.
living donor transplants,"hello! i am 18! my uncle just found out he needs a liver. i’m highly considering getting tested but i am still kinda worried. i’ve never had a surgery, i am perfectly healthy, and i think i would do very well. i do have a history of depression and anxiety but it has been under control for over a year now is there anything i should know going into this? i dont want to give them false hope but he’s my family and i know i can help him. the other thing is the hospital that we would be in is one state away, not a far drive about an hour with traffic, but im slightly wary about the 5-7 days in the hospital. any advice/personal experiences would be great! update- just wanted to give a quick update on everything all the advice was lovely and really brought insight to everything. i’ve talked to the hospital and talking with them made me much more on the fence about everything, i also feel my boyfriend also had part in that, he doesn’t agree or understand why i would even consider doing this but that’s a whole another story. at the moment we are going to see what my blood type is and go from there!"
What clothes do you wear in the summer?,The next 2 months for me are gonna be 90-100 every day. What do you guys wear outside? I would imagine long sleeves and long pants? Has anyone found any clothes that are cool despite being long sleeve/legged?
I took Tylenol Pm Everyday From 4th July to yesterday. Cuz wisdom teeth. And it just crossed my mind if that was dangerous. I quit yesterday BP and urine fine. and I feel fine. Is this scary?,100% on me for just thinking of this.. I should’ve asked My team I didn’t know I was taking PM. My wife was giving them to me and I thought it was regular Tylenol and my team approves of regular. I’m having anxiety and worry about this. Hope it’s okay. I’m 21 it said on Google issues occur depending on age. I know I took Tylenol 3’ ALOT post Surgrey. Let me know.
Mom in ICU 3 months after acute liver failure leading to emergency liver transplant,"Hi, I am looking for HOPEFUL testimonies from people who had extended stay in the ICU on vent and with continuous dialysis post transplant as well as bedridden from all the weakness. My Mom has been in the ICU very long due to mostly the 24 hour dialysis from damage to the kidneys right before the surgery and eventually they also had to trach her 2 weeks after surgery as well. Did you or someone you know end up recovering and live on? Looking for your miracle stories at this point. Also will help others reading this in similar situations. I know some others in similar situations in our transplant center, but we are going through it at the same time and all looking for hope."
Husband called as primary kidney recipient,"I need some help understanding the transplant process. We are in Georgia, USA. My husband was called yesterday at 8pm and told he was the primary recipient for a kidney transplant. The coordinator said the only ppl she couldn’t see listed are those that need double organ transplant. Anyways she said it would be a few days till we hear anything and that we are on standby. She said they didn’t have an OR. What does all of this mean? When should we expect a call? What’s next? This is his 3rd call, 1st time being told he is the primary but normally we hear within the same day or the next morning. The wait is difficult but we are praying that this will be his!!!"
Last leg of prednisone taper,"I had an acute episode of rejection early may. Got the 3 days worth of IV steroids and have been tapering slowly from 60 ever since. The side effects got me, moon face, high sugars, irritability. On the way down I have days were I feel beyond exhausted. Can barely walk my dog etc. today I’m off them completely and my mind is off and I’m sleeping most of the day. I just want someone to validate my experience. I’m living alone rn with little help so it feels like a lot."
Running after liver donation?,"Hi all - I’ve (33F) started the process to be a non-directed living liver donor & just got the 👍 from the committee that my hepatic anatomy + volume is viable. I’m obviously still a ways out from the actual surgery according to the team. I’m really happy that I’ve been cleared - this is something that I’ve thought about for a long time & am finally in a mental, emotional & physical space where it’s possible! I’m training for my first marathon in a few months which I hope to run before the procedure. How has recovery looked for other runners? Would love to hear experiences from other donors or folks who could have insight on this. Any longterm impacts? How long before you were running regularly again? Thanks all! Glad to be here. :)"
What questions would any of you have?,Clinic is replacing Tacrolimus and switching me to a Belatacept Rapamycin and Myfortic protocol. I made it clear I wanted off tacro for obvious reasons and that I would like to try the Bela transfusions. The normal protocol would employ the use of prednisone however I have bad reactions with it. So I suggested the Rapamycin. The myfortic dose will need to be increased from 360mg 2x a day to 540mg bc the drugs I am switching to are much weaker than tacro. What I’d like to know is what would some of your questions be to your team? What concerns or anything else would you want to know? I think I thought of most everything but you never know. I’m looking forward to less side effects and consistently feeling a lot better. If you have anything you’d like to share please do. Thanks in advance.
Renal crônico desde os 18.,"gestão de líquido e chegar no peso seco, os tratamentos em questão de retirada de líquido são muitos diferentes) ainda não estou andando e nem voltarei a andar normal, mas já estou conseguindo firmar e fazendo fisioterapia e vendo melhora, estou no último mês de antibiótico pela infecção q estou no osso, assim que melhorar pretendo marcar uma consulta e tentar entrar na fila de transplante de novo, tenho 23 anos, moro a 5 horas de distância da cidade do tratamento do transplante nos 5 meses eu parava para comer em uma lanchonete acho que isso me fez pegar a primeira infecção as outras foram infecções hospitalares. É apenas uma desabafo, não sei, ao mesmo tempo que estou ansioso querendo entrar na fila de novo pois tenho prioridade pela idade e por estar em peritoneal e não ter outra doença de base, meu diagnóstico é indefinido, fico com receio de não conseguir mais outro transplante, e não tem algo que eu amo mais do que beber água. E faria tudo diferente não comeria de jeito nenhum em lugares fora antes dos 2 primeiros anos de transplante, apenas desabafando por uma vida muito sofrida."
Nerves About Tacro Level in Flux - [Heart],"Hey! So my coordinator hasn’t seemed too concerned about this, but at my visit in January and now this month, my Tacro level has been about 9-10, and we’re shooting for 7.5. We adjusted my dose from 1/1 to 1/0.5 in January and labs were steady through April. Now, I’m going down to 0.5/0.5 and repeat labs in a week. Cellcept I’m still 500/500 and have been for a long while. Only medication I’m on that I’m aware of potentially interacting is Cresemba. Been mindful of what I’m eating and drinking, so not ***expecting*** any interactions there. I don’t feel anything - I don’t know if my memory’s playing tricks, but I swear I felt foggier in December/January and I’m not feeling that now. I guess I’m curious if anyone else is on a similarly low dose and a heart transplant. I’ve been told not to worry unless my coordinator’s worried, and I try to practice that. I also know lab results can be in flux, but this seems… extra low and I feel concerned. I’m almost three years post transplant if that helps for context."
Is increased irritability common after a kidney transplant?,"Hello everyone, It’s been about 6 months since my father had a kidney transplant. I’ve noticed that lately he gets irritated and angry quite easily, even over small things. I’m worried and wanted to ask: Is this normal? Could it be due to the medications he’s taking? How can we help him cope with this irritability? Also, since he’s still recovering (doctor advised him to avoid crowds and social contact), he mostly stays at home and spends a lot of time on his phone. I’m concerned that the increased screen time might be affecting his mood too. Has anyone experienced something similar with a family member after transplant? Any advice or suggestions would be really helpful. Thank you! 🙏"
Potential lung transplant,"Im super freaking out about my potential lung transplant news. I just went in for the consultation the other day. The doc mad it sound like a REALLY complicated and dangerous process. Which I knew it was but, he made it sound like recovery was just as bad if not worse. Im super scared and reluctant to go through the process. My head is still spinning with all the stuff I have to do in 3 mos to even be considered on the waiting list. I know what the alternative outcome for me is if I don't do it but, im still worried about the recovery process. Any words of wisdom or advice on how to prepare would be greatly appreciated. TY in advance!!"
1 month post transplant and it’s been a rough road. I’d love to learn from you all.,"1 month post transplant. Received transplant prior to needing dialysis. Only needed steroid treatment for one week. Is it normal to constantly feel nauseous? Nausea is a daily occurrence but thankfully no vomiting. Diarrhea 50% of the time. Trying hard to stay hydrated. Typically drink 2.5-3 liters of water a day. Avoid caffeine and sodas. Weight gain has been crazy, which really surprised me since I’m not taking steroids. GFR was 14% at transplant. Within 3 days it was up to 84%. Since then has dropped as low as 30% and seems to have stabilized the last 10 days to mid 50’s%. This has been disappointing to me since it was so much higher within a few days post surgery/transplant. Rehospitalized at 2-weeks post op to check for rejection (biopsy and specialized blood tests). Thankfully no signs of rejection but WBC count is low and worrisome and BUN continues to creep upwards. Is this type of fluctuation and nausea, diarrhea typical? Any suggestions on things that helped make you feel better? Still tire quickly and haven’t been able to do much exercise/walking. How long til I feel normal? Honestly I felt better before the transplant. It’s incredibly discouraging. I go back to school (college) at 3 months post op. It makes me sad to think about constantly wearing a mask. I can’t seem to get consistent answers from the transplant team. Some of the medical team say I will need to wear a mask and stay away from crowds, others say I got the transplant to live and I should be diligent with hygiene but I don’t need to go overboard worrying about masks unless I notice someone is sick. What happens when someone in your immediate family gets sick? Do you self isolate? Wear a mask at home? If you are willing to share your experience and shed some insight and advice I would be incredibly appreciative."
What sunscreen brands are you using?,Now that it’s summer I’m using more sunscreen and applying more frequently. As much as I love the beach I’m never in direct sunlight for extended hours. I currently wear neutrogena spf 60 but it feels so greasy by the afternoon and sprays dry my skin out. I don’t have a price point but I want to find my go to all year round since this is now part of my routine. Any recs? Also which ones to avoid.
Urine Protein/Creatinine ratio,Hi. Has anyone experienced a mild rise in UPCR and then it went back to normal? I'm on antibiotics and my levels are slightly elevated. Quite worried
Creatinine increase,"Hello I'm 8 years out of kidney transplant. I'm recently being treated for H. Pylori infection with a round of 14 day antibiotics. I had my lab test today and creatinine jumped from 1.0 to 1.4 , anyone experienced this? This sudden jump can be due to antibiotics? My mind is going to various different places and I am feeling very anxious. My creatinine has been stable for 6 years now between 1.0 and 1.2. Anything comforting/ sharing similar anecdotes is welcomed"
Transplant scheduled for tomorrow morning,"I am so grateful, and nervous and a mixed bag of emotions now… Please pray for me everyone…It’s a life altering event for me and my family…They already started me on cyclosporine and wysolone…rest tomorrow morning they will start the AVG"
Helping a loved one through life post transplant,"The person is spiralling through a series of negative emotions for the past decade. Financial burden, loss of job, and self-imposed pressure to do more with the second chance in life. Years of negative emotions have convinced them that they are a disappointment to self and others. Strongly feels they are not where they should be at this point in life, and are unable to get out of this rut. How do I help them? They never even thought of survivor's guilt till I mentioned it recently. Edit: A further revelation. It never occurred to them or their family to consider the side effects of the drugs they are on. That it might be a possibility seemed to have shaken them a bit. Close to a decade of thinking they are not enough. I'm not saying it will be the reason. But it was not even considered."
"Please be kind: how do you deal when your (liver) recipient does things the doctor told them not to, e.g drinking?","Hi everyone, I donated part of my liver to a close friend almost three years ago. It was a big decision, obviously, but I made it freely and I don’t regret it. She’s not cancer-free, though. They found nodules in her lungs post-transplant, and she’s been in and out of treatment since. That part is hard enough because it came so close after transplant (a few months). She’s been on chemo on and off but now it’s 3-week rounds „forever“. By that I guess it means constant chemo is needed to keep the nodules stable and they’ll chemo her until it stops working. What I’m struggling with now is this: She drinks. She has cats. She smokes. The first two were things her doctors specifically told her not to do after the transplant. I remember she was so devastated by this because she wanted to get kittens (her cats had died a couple of years prior). In terms of drinking, she has been a heavy social drinker. For example her dinner parties would end in a (mild) hangover for her (I always leave before the post-dinner drinking starts). She stuck to alcohol-free wine the first year. I switched to non-alcoholic wines and spirits, in support. But in the last year she drinks quite a bit. As in three cocktails during a casual midweek dinner at a restaurant. And she told me of the drinks she had on holidays like a whisky tasting and G&T at the beach. And she smokes. And I just… don’t get it. She’s not uninformed. She’s smart, as in she researched the biology of her tumour and took charge of her treatment which saved her life (her original oncologist told her to go to palliative care because initial diagnosis was Stage 4 with liver metastasis). But it feels like she’s ignoring the risk, and I don’t know how to deal with this. I know I won’t confront her. That’s not my style and honestly not my place (that left lobe is no longer mine). I feel confused (because she knows better), anxious (I don’t want her to get sicker) and angry/sad (it feels like she’s not taking care of the situation we fought so hard to make possible). I understand the view that „hey, I might not have long to live, so I want to enjoy life like before“ and drinking & smoking is a big part of „enjoying life“ definition. There’s also the view of drinking and smoking as a coping mechanism. Which I also understand. Please be kind. I’m not looking to judge. I just need to hear from people who’ve been in this space. It’s a weird, complicated one."
May 17th marked my 4 year since receiving liver transplant,Hello to anyone reading this. Im 33 years old and got a liver transplant a little more than 4 years ago. I've struggled mentally since I got it. I feel as if I didnt deserve to get it that someone else should have got it instead of me. I've made horrible decisions my whole life and have struggled with drugs my whole life. I feel guilty and thay this liver was wasted on me. I got back into drugs not long after my transplant. I feel like a horrible person for getting back into drugs after I got a 2nd chance at life. I am clean nkw with 4 and a half months clean. Does.anybody have any advice on this? Or has anybody struggled with the same thing?
Future Transplant Anxiety,"Howdy! Long time lurker, first time poster (I think) I (27F) am currently on hemodialysis in the testing process for my second kidney transplant. I lost my kidney function at age 10 and had my first transplant kidney for a good 15 years from my father. I went back on dialysis in 2023 and my anxiety is at an all time high. I'm currently in a position to where I may not have a live donor available and I'm nervous about the possibility of receiving a cadaver kidney. What if it doesn't get to work automatically like last time? What if it only lasts a few years? What if it only last a few months? I was 12 when I received my transplant and I'm extremely nervous that when its time, it won't go as smoothly the first time around. Is there any possibility of words of encouragement that its all in my head? Any success stories? What are your experiences? Thank you. Take care."
Back pain,"I know there aren’t many of us here, but for those who’ve had a pancreas only or an SPK, have you experienced any back problems? I’m almost 4 weeks post pancreas transplant and my upper back is killing me."
Anyone participating in the World Transplant Games 2025?,"Hey :) After my kidney transplant in 2024 I have the priviledge to participate in this years World Transplant Games in Dresden. I am looking forward so much to it and can't wait to meet everybody. I wanted to reach ouf if anyone in this sub is gonna participate? I'd love to get in touch! I am a 27yo guy, from Germany, but I also speak Spanish and Croatian :) Cheers!"
Prescriptions,"hey, friends and family alike, I’ve created a petition on change.org, highlighting something I feel strongly about. If you could do me the favour of signing this petition, all it requires is your name and an email, that would be unimaginably appreciated. https://chng.it/mj8ZNXJBzs"
Kidney donation with overactive bladder?,"Two days ago I spoke with a transplant coordinator at a local hospital and they were hopeful I would be eligible (healthy, young, no kidney issues in family). However I have overactive bladder and have an InterStim implant (sacral nerve stimulator for bladder control) and after talking with the doctor they feel ”donation is not in my best interest”. I was surprised as I have had perfectly normal scans of my kidneys, ureters, and bladder and my issue is entirely related to muscle issues and I see a PT for that purpose. My implant is in my lower back under the skin, not anywhere near my kidneys or bladder. I couldn’t find anything online regarding overactive bladder and kidney donation, just that some kidney recipients may have similar issues. Could I have a chance at another center? I’m registered on National Kidney Registry which is affiliated with other hospitals in my region and was able to get initial labs/urine drawn. I have really felt led to donate to help someone and would hate for my annoying bladder to stand in the way. Any insight is appreciated!"
Update: Starting a new life on dialysis,"Hi everyone, This morning I received the sad news by my doc that my kidney is probably beyond any chance of recovery. It's been a good 9 years, I'm trying not to be too upset about it, as its decline had already started at least two or three years ago. Having a kidney transplant yet being barely able to drink anything and having to deal with constant foot swelling had taken a toll on me both physically and mentally. I'm currently doing well on hemodialysis: the nurses are very caring and sweet to me, they answer all my questions and so far have made me feel almost at home. With that said, I expressed my will to start training for home hemodialysis and the doctors have seen how prepared I am on the topic of dialysis already, despite being a preemptive kidney patient. As I said before, I'm extremely grateful to whoever decided to gift me their kidney on that day, 9 years ago and I will never forget all the beautiful years we've spent together. Today I've lost something so dear to me, but I've gained motivation to keep living. I feel like I still want to give so much to this world. The doctor also said he will do everything in his power to put me on the list again as soon as possible. Praying for the best outcome. Also, a thank you to this community for all the support and kindness 🫶🙏"
Bariatric Surgery (RNY Bpypass) = ineligible to donate kidney?,"Hi all, wondering if anyone has run into this issue? I reached out to see if I was eligible to donate to a little boy in my town whose story just suckerpunched me right in the heart. I have a history of bariatric surgery (gastric bypass/RNY), so one of the first things I checked before even calling the transplant coordinator was if gastric bypass was a potential exclusion. I even called my surgeon's office, who said the bypass shouldn't impact being a kidney donor at all. The guidelines for exclusions on UpToDate also do not list bariatric surgery as a concern for donor eligibility. However, when I called the hospital they told me that history of RNY was an exclusion for them because I ""might experience malnutrition due to malabsorbtion in the future, which could lead to kidney damage."" Has anyone heard of bariatric surgery itself being an exclusion for kidney donation? Google brings up a bunch of stories from donors who had gastric bypass surgery before they donated, so it's definitely not an impossibility. It's crazy to think that someone registered at a different location could receive a kidney from me, but this location says it's unsafe. Do hospitals really have such a wide variation in eligibility guidelines vs standard?"
"Was switched from Mycophenolate (Cellcept) to Sirolimus (Rapamune), 1 year update","I know when I was switched I was searching this sub for advice & experiences, thought I'd make a post for other people who might be. 1 year ago, at 11 years post heart transplant, my transplant team took me off Cellcept/Mycophenolate (750mg 2x daily) and put me on Rapamune/Sirolimus (1mg 1x daily). I was and still am on Prograf/Tacro (2mg 2x daily). They said it was because sirolimus is better at preventing vasculopathy. Initially, I got a TON of canker sores, eating anything was painful, brushing my teeth was painful, it was awful and lasted about a week. For a few months after that, I'd almost always have at least once canker sore. Eventually I was prescribed a steroid gel to put on them and it was very effective. The canker sore occurrences slowly lessened and I haven't had one in months. Pros: •Less stomach pain •Less nausea •Less brain fog •Slightly more energy Cons: •More acne (started using tretinoin 0.05%, was wanting to start using it for anti-aging anyway, seems to help) •Hands are shakier •The occasional canker sore (though it has been awhile since I've had one) •Slightly more headaches, but I think tacrolimus is also responsible for these Overall I'm happy I switched and it was worth the difficult initial period. I'm honestly most frustrated with the acne thing lol, it's not terrible but I did have super clear skin before with very little effort, I was spoiled."
Acne From Azathioprine?,"Hi all, a few months ago I was switched from tacro to azathioprine because it was deemed to be better for my kid ey health long term All has been fine with the new meds but I noticed I’m constantly having to fight off pimples on my face which I haven’t gotten in around a decade. Not too big of a deal and not really full blown acne but its still very annoying, so curious if anyone else experience this side effect? Hard to get info on these seemingly minor side effects as a google search only shows more major ones"
Family therapy before donating an organ to a family member?,"Wondering if anyone else has done something similar. I am slowly building resentment towards my mom and dad when it comes to donating a kidney to my brother. Context: my brother has autism and is an adult 2 years younger than me. I’ve posted here before. Some of the issues: -a lifetime of religious trauma -being a nurse and my parents not listening to my medical advice during Covid -arguing with my dad about not putting my CKD brother on a keto diet to lose weight and being careful about not pushing brother too much on heavy weight lifting in the gym -parents being ok with a transplant doctor from another country being deported/denied entry to the U.S. (they voted Trump) -Medicaid funds being cut, affecting the exact same population as my brother, at the exact time he could be getting transplanted and I might be donating -being unaware of resources for me as their other child donating -my dad seeming detached entirely, not engaged with my brothers medical care, never having one single conversation with me about my willingness to donate, and leaving all the medical decision making on my moms shoulders Not trying to trauma dump or anything, but these seem like serious enough issues to seek out some clarity, right? Thanks everyone. Happy Wednesday to you all! ♥️"
A tangential topic,"I asked about this about a month ago, but now it's official. I just now signed my offer letter with Davita Health, and I am a budding Dialysis Technician. Booyah!"
I’m 10 months post liver seems like I need a new liver,I’m 10 months out of liver transplant 23F from autoimmune hepatitis which led to cirrhosis. I had multiple rejection episodes and they had tried a lot of meds to get it back under control. But none of them helped. I was given pulse steroid around 4 times And then they classified it as steroid resistant rejection for which they tried ATG gave a me brief calm period but they came back stronger. By then my bilirubin spiked to 30’s. They suggested therapeutic plasma exchange followed my which I took Bortezomib. Post this as a last resort I was given Alemtuzumab. This entire chaos has drained us out emotionally and financially. It was approximately around 50L INR. I’m looking to raise funds and ik this place ain’t the place to ask if anyone’s got contacts u cud share to please dm me I can a link of the crowdfunding page. Thank you!
sweating?,"i’m a year & a month post liver tx - i feel like the past like month or so and esp the last 2 weeks i’ve noticed that i’m suddenly sweating soo much which has never been the case for me or something i’ve had issues with. i live in NYC, so it’s been hot. when i say i’m sweating, i’m not getting night sweats (which i did get right after my transplant) or breaking out in sweat while watching tv. it’s mainly when i’m outside, sitting on the bus, walking outside - so i know it’s not the strangest thing to be sweating in summer weather. but it’s just.. excessive. i look around and no one else is sweating like me. also, as i mentioned it’s something that just started happening. and it’s a lot, like my forehead & my whole face is just soaked with sweat and sweat beads, my back and neck are sweaty i feel it dripping down my back, my chest & under my breasts are soaked (i’m a woman), under my arms & even my hands are very wet. i just feel like not only do i know i’ve never sweat this much, but also I feel like i don’t remember ever feeling THIS hot from just walking for 10 mins in 86 F weather & people around me seem to look like they’re not experiencing that either. i also noticed it today while cleaning my house which was a little more strange as it wasn’t hot like it is outside in my home, and i’ve never sweat like this before from sweeping & mopping my living room, changing the sheets & doing some loads of laundry sorry for the rant i’ve just been super frustrated with this coming up on top of everything else (biopsy results came back showing stage 6 rejection i just found out a few days ago). i’m tired of feeling so out of control of & disconnected from my body. so while the sweating thing isn’t the worst of my problems, it is uncomfortable and embarrassing. so just asking if anyone has ever dealt with anything like this? or might have any ideas regarding possible causes or anything i should look into?"
Why,Why is everyone on this sub so afraid of life?
what to expect/ how to prepare,"hi all, currently, I’m facing a medical condition that requires an auto-transplant for my right kidney. This procedure has become necessary because my urinary tract on the right side has completely snapped (i was involved in a car accident) leaving my kidney unable to drain urine naturally. As a result, I currently have a urine bag in place in my back to manage the flow, which is a temporary solution until surgery. An auto-transplant, which means my own kidney will be surgically removed and reimplanted in a different part of my body (typically lower in the pelvis), is a rare but effective procedure often used when there’s no other way to restore proper kidney drainage. i am just curious to see if anyone has experience this situation- what the outcome is like or what to expect?? or how i should prepare myself for this…"
Seeking experiences with young-adult post-transplant medication lapses,"My daughter received a liver transplant at 7 months old. She’s now 19 and has recently chosen to stop taking her immunosuppressants, even though she still goes to clinic appointments and lab draws. Her care team tells us that medication push-back isn’t uncommon at this age, but as parents we’re struggling to understand it. If you—or someone you know—went through a similar phase, what did the turning point look like? What approaches (from family, peers, or professionals) helped restore consistent self-care? Thank you for any insights you’re willing to share."
When did you get your voice back?,I’m 1 month post op liver transplant (with an emergency surgery a week after transplant). Just wondering how long it took ya to get your voice back. While I can use my “normal” voice it doesn’t come naturally and I can’t do it consistently for long periods of time.
I Joined…,Hey Y’all! I’m 3 years and 2 months out of my 3rd kidney transplant. I wasn’t gonna join this group because I’m trying to stay away from “social media type pages” and get out in the real world. But after seeing many posts on here I had to join and just say… ALL OF YALL ARE FREAKING CHAMPS! Keep doing what your doc says to do and keep pressing forward! I won’t be in here often (for reasons I just posted 😂) but I’ll check in periodically.. God Bless. Kidney Transplant History: Year: (‘91) and I was 11 years old (LRD) Year: (‘01) and I was 21 years old (LRD) Year: (‘22) and I was 42 years old (Paired Donor Exchange)
It’s been a few days since transplant,Hey it’s me! I already went through the hard part I’m receiving slow and honestly I’ve had some mood swings lazy active tired and happy but it’s normal. I was afraid of eating so I didn’t start eating till about 4-5 days after I was already walking by day 3 up and out of bed yes needed some help almost but now for everything now something this week I get discharged out of the hospital Ive made some “amazing progress” say the cardiologists and doctors. Blood levels are amazing blood pressure as well only thing is swelling in body but it’s normal it’s going away slowly but yea it’s been an up and down these last few days to say I am ready to get back to my normal life after a few months past especially swimming. It feels like an eternity here but to say I’ve recovered great I’m doing great right now body still hurts discomfort but still fighting to get out of here.
Kidney biopsy,"I’m 27 and got my kidney transplant last 6 months ago. They are having me go in for a kidney biopsy of the transplanted organ. I don’t have any issues, they say it’s just routine. What should I expect pain wise? They said they would use local anesthesia"
Medicine,how much do your post tx medicine cost you trying to get an estimate from different regions
Liver/kidney transplant post 3 years temperature regulation problems,Anyone have any suggestions. I don't have an actual temperature. Run hot and clammy then freezing. Can't stand it anymore.
Looking for Support,"Hey guys, I’m almost at my 2 year mark form my heart/double lung transplant. I’m in the hospital right now because my CMV started to act up and my liver enzymes rose as well. I’ve had a few bumps in the road, as I’m sure we all have. I can’t help but get into my head about how I feel my life has an expiration date. I know it’s negative, but in these situations you can’t help but think you know? If anyone has any advice or experience I’d love to hear it!"
Depression post transplant,It’s been 11 days since I received my kidney transplant and almost as soon as they started me on prednisone I noticed waves of depression and frustration start to hit me. It’s been especially hard these last two days. I’m currently on 30mg once a day but am supposed to taper off 5mg every week until I get down to just 5mg once a day. Does anyone have any experience with this? Will my depression get better as the prednisone dose gets lowered? I keep telling myself the depression isn’t real and how grateful I should be I got another chance but it’s so hard when I’m dealing with all these side effects. Any advice or tips are greatly appreciated.
Has anyone had any issues getting deep tissue massages?,"I used to get massages all the time pre transplant and I would like to start getting them again.However, I'm kind of worried about laying on my stomach and the massage therapist applying pressure since the new kidney is located in my stomach/pelvis area. Has anyone had any issues getting deep tissue massages?"
Took meds 6 hours early,"2 years post transplant, on 2 mg tacro and 1000mg mycophenolate 2x a day. During the last 2 years I’ve only ever missed two doeses. I take a blood pressure medication in the middle of the day (0.1 mg Clonidine), but instead of taking my Clonidine at 2pm, I very stupidly took my night meds, including the tacro and myco, by accident. Is this anything to worry about or should I take my next scheduled meds as normal?"
Need advice on how to tell my teens that my husband needs a transplant,"We found out last week that my husband needs a liver transplant due to cirrhosis. He is concerned about telling our young teens- but I feel like we need to explain what is going on. They know something and a wrong because his eyes are yellow and he has been moody and tired. I’m looking for advice on what to tell them that is age appropriate without scaring them. Should we wait until after we meet with the transplant team? We don’t have any family near us, and I am personally feeling overwhelmed and unsure of what to expect going forward. Any advice would be greatly appreciate. I am happy to answer any questions. I’m sure this seems like a rambling post."
Can we do deep squats one year after kidney transplant.,Can we do deep squats one year after kidney transplant.
Eye pain,"Anyone else experience pain in their eyes, like a deep soreness and slight burning that hurts worse when moving your eyes? I told my team and am going to see an ophthalmologist soon but considering the sudden onset with no med changes I’m just confused as to why this might be happening and if anyone else has had the same thing?"
Life with transplants,"I suffered a heart attack at 17. Turns out I was born with a congenital heart defect that went undetected until then, despite multiple doctor visits during the years prior. I was playing soccer when it occurred - as it was my life-long love. I lost my heart, kidneys and left leg due to the subsequent effects of the heart attack. I was on ECMO for 4 days, a coma for 3 months, had an LVAD and was on peritoneal dialysis for around 9 months before I finally got the transplants. I stayed in the hospital for a total of one-year and a few weeks. I had to have dozens upon dozens of surgeries, procedures and hospitalizations during the following 5 years - mainly due to the leg complications (compartment syndrome) and just general immune-system adaptation issues from the meds. Life post-transplant hasn’t been easy. Obviously, I feel I must to be grateful for the gift of organ donation but in reality, some days I wish I would’ve just passed instead. And It’s not me being ungrateful, but rather realistic about my own quality of life. I lost a lot of my identity from this. I was young and athletic and with a bright future ahead of me; but now I live a life where I am disabled and in chronic pain. I had to abandon a lot of the things that made me, well, me. I think there are a lot of misconceptions about organ donation, and I also feel like the narrative around it from big organizations tends to be more on the ideal, positive side of things rather than the hard-hitting realistic outcomes. For some of us, it’s not as simple as taking meds, going to yearly check-ups and enjoying the borrowed time our donors gave us. Some of us suffer from severe trauma from having been in the hospital for so long, loss of identity, loss of autonomy, chronic conditions, complications, infections, the constant fear of organ rejection, etc. I never hear anything about the realistic side of living with the aftermath of organ transplants; it’s always “I got x transplant and I am super grateful and now I get to live life to the fullest!”. Which is honestly great to hear, if the experience really has been like this for you. But I just think we would all benefit more from having these sorts of conversations more often."
Backup support for lung transplant,"Hello - finding out how I can be a support person for a family member. I am a crna and I’m very familiar with anesthesia for the transplant, ECMO, etc. but I know extremely little about the time commitment for a support person. The family member is currently at the VA, but would be transferred to a different center if they’re listed. They’re in ICU and very debilitated (as is typical with severe lung disease). Waiting to talk to SW, but talk to me about the support people. Are they present with the patient at the hospital daily while in ICU? 24/7 (I think not, the icu staff would lose their minds)? What if they need inpatient rehab after discharge from the hospital? Can the support person work? Is that not realistic? Thanks for any insight, and best wishes to everyone on their journey."
Sun exposure/ sensitivity question on tac,"I’m 7 months post transplant and coming into my first summer on Tac. Myself and my family are big time outside people spending most days sitting out by the pool. I am aware the importance of sunscreen that is not my question. My question is does the tac increase your sensitivity to sun, meaning the likelihood of burning. Or does it increase your chance of cancer regardless of burning. I know I will get comments of “wear sunscreen regardless” “it’s not worth cancer” I agree and am not looking for that. I guess my question is if I’m not burning should I be feeling comfortable that my efforts in sun protection are sufficient?"
What's upper and lower limits for BP post kidney transplant,"I wanted to know what has been communicated to you regarding the lower bound and upper bound corresponding to a normal blood pressure. Below/above which requires medical attention. Please share if possible. Edit: My team told me about the upper when I asked them, they said it should be lower than 140/90 I never asked about lower limit as I never thought it's possible for me to have lower or even normal BP since I had high BP on dialysis and around 130/90 post transplant. Until recently it's getting down, so I will ask my team in the next visit."
PTLD,I am a patient of Ptld currently on chemo i am worried about relapse i have 3 cycle of chemo remaining i had my kidney transplant in 2020 and somehow had my PET scan where it has shown no signs of disease and current completing my chemo cycles
Quality of life after transplant with PSC and UC?,"Just wondered if anybody would share their experience of living with a liver transplant, PSC and UC. I still live with end stage liver disease but I'm thinking daily about how life would look like after transplant and what I can expect."
Looking for Testimonies,"Hi! My name is Isabella Ragone, and I’m a Girl Scout currently working toward my Gold Award. For my project, I created *The Life Savers Project*, which aims to raise awareness about the life-saving power of blood, tissue, and organ donation. I chose this topic because donation is so often needed, and yet it's still so misunderstood or overlooked. My mission is to change that by sharing real stories, spreading information, and encouraging people to take action. As part of this, I’m looking for people who are willing to share how donation has impacted their lives—whether you or someone you love received blood, an organ, or tissue, or even if you’re a donor yourself. With your permission, I’d love to include your story on my project’s Instagram page or in educational resources I’m creating for schools and community events. If you're open to sharing your experience (even anonymously), please feel free to comment or message me directly. Thank you so much for helping me spread awareness—your story could inspire someone else to save a life."
"The post re: Medicaid is a viable and important one for transplant patients. That it was locked is a disservice, politics or not.",**/ soapbox**
Kidney transplant,"Hi everyone I’m just wondering if anyone can relate. My 17 year old son just had a kidney transplant 14 days ago. We are currently still in the PICU. They did a nephrectomy on the right kidney while doing the transplant. He has always been polyuric and they hoped removing one would help the situation. The kidney was working but slow to wake up at first but it got his creatinine down to 1.77 and the rest of his labs were good. They moved us to the speciality peds floor and on the first day there he was having horrible groin pain that was making him black out. They discovered that he had epididymitis and started taking care of that. Two days after that he spiked a fever, his creatinine started going up, and they couldn’t control his potassium. They moved him back to the icu to try and make his bp high to profuse the kidney and lower his potassium. They did a biopsy on his transplanted kidney and it shows acute tubular necrosis but no rejection. They are planning to remove his left native kidney on Monday to try and make the transplanted kidney work better since it’s not working as well as it should and they hope it’s because the native kidney is interfering since he is still really polyuric. For the past 3 days he has been having horrible 8 out of 10 stomach pain and can’t keep anything down. He made the comment that the actual transplant never hurt but everything else has been hell. Anyone ever dealt with anything like this? He has been keeping in good spirits most of the time but with the stomach pain and vomiting he is just miserable."
Career advice,"Hey guys I am a 25 y/o male, had my transplant when I was 13. Currently working as an Electrician and have been since 19 but really starting to hate it. Would like to maybe go back to school but feel like time is against me with the probability of needing another heart in my 40's. Just wondering what career/financial advice anyone may have post transplant."
Heart transplant recipients; question on financial support,"Hello, all. My 14yr old will be receiving a transplant in the near future. I’ve been reading a lot of recovery stories on Reddit to get an idea of how badly my son will feel over time, and about (and this is a big about) how long of a hospital stay to expect. I am a single parent, full time. I really don’t get any help. I’m wondering if there’s any type of financial assistance to ease the burden for families? Are there organizations that will help pay rent & utilities while you’re in the hospital? We are in Texas if that matters. I’ve looked a little online but I wanted to hear firsthand from recipients & loved ones. Thank you so much 🙏♥️"
Update post: first time on dialysis,"Alright, I'm currently hooked up to the dialysis machine for the first time. I'm feeling super hungry and my mouth is extra dry but they promised me some tea or water soon. The insertion of the CVC went pretty smoothly, but the most traumatic part was feeling my heart gallop like crazy when they put it in lol. Aside from that moment, which seemed to last hours, I'm feeling fine. Boredom will be the worst thing to fight I'm guessing."
Dialysis and scared,"Hello my dear friends, unfortunately I'm not bringing you any good news as today, I'll be starting (hopefully temporarily) dialysis due to an AKI I got. Long story short, after eating outside a couple of times I came back with nausea and diarrhea. My creatinine (which usually hangs around 2.0-2.9 range) drastically shot up to 4.2. Now I've been treated in the hospital for about a week. They upped my prednisone to 25 mg and took Myfortic away in order to stop the diarrhea. I'm feeling much better rn, but from my latest ultrasounds my kidney tx seems a bit enflamed. They told me it can be fixed but my BUN got dangerously high (300) and now they gotta do something. I'll be getting my chest catheter today and will try dialysis for the first time ever in my life, as I was a pre-emptive kidney transplant patient. Sorry for the long post but I really needed to vent and please tell me there still might be hope to recover my dear kidney 🙏😭🥲 TL;DR = Got diarrhea after eating out which caused an AKI, which determined a creatinine spike and today they'll be putting a catheter in my chest to do some dialysis in the hopes of waking up my kidney again."
ILBS OR OTHER IN DELHI,"I had a recent variceal bleeding and TVL done.My gastroenterologist gave up and told me to go to ILBS or AIIMS Delhi and gave me 1-1.5 year survival.I am from Uttar Pradesh,India.Don't know which one hospital to go to in Delhi."
Has anyone struggled with Pseudomonas aeruginosa?,"Hi all, My dad’s 4 years post double lung transplant and he’s now battling Pseudomonas aeruginosa. He’s on IV antibiotics as his oral round didn’t treat it. The doctors have said “we will do our best but no guarantees” which has me a bit worried. Not sure how to feel about this and should I be more concerned ??"
Reminder to Multi-list!,"Hey everyone, My dad just received his kidney transplant, and while many of you might already know about this, I want to strongly recommend looking into multi-listing — getting listed at multiple transplant centers. My dad was originally listed at our local center in Oklahoma for about 3.5 years. We didn’t know multi-listing was even an option until I saw someone on Reddit say they did. We ended up getting him listed at Medical City Fort Worth, and just three months later, he got the call (including two dry runs)! I put together a video to show you how to look up the fastest transplant centers near you and how to check a center’s data. The center doesn’t have to be within driving distance either — many, like Medical City Fort Worth, are open to out-of-state patients. Just be honest about your location when applying, and they’ll let you know if it’s feasible. I know this might be common knowledge for some, but it’s something I wish we’d known from the beginning of my dad’s transplant journey. If you have any questions at all, feel free to comment or message me — I’d be more than happy to help. Here’s the video: https://youtu.be/LktaNWgPl-k?si=zrl2s_ZnMWBuyNE2"
Our state can't fund Medicaid without federal dollars. So what now? We die?,"I have Cystic Fibrosis and have relied on Medicaid for decades. Got my double lung transplant a year and a half ago. It's been a critical part of my healthcare coverage and I wouldn't be here without it. Medicaid covers my 20 different medications, my nutritional, all my copays etc. My state has already said it can't cover Medicaid without federal dollars. Without it, what's the plan?"
Vericeal bleeding,After first episode of vericeal bleeding...how much time a person has to live life(age-60)
Cruise Trip - first since transplant '21,"Hiya, So I have been taking most all the precautions: brought my own wipes, eating carefully, trying to eat outside a lot, sanitizing often, minimal touching, plus more, et al. We went on this normal bus excursion, to see the city. But the driver changed it. Ha! We toured a rum factory and everyone got sample shots. I don't drink, but it was fun to watch my bus mates have fun. We then went to a cigar factory. They had this stuff called mamajana. The driver served it to everyone, I declined. And everyone drank it up. Seems it is tree bark and herbs and rum and other stuff? Geez. Thanks for trying to kill me. I told the cigar owner privately I know a thing about cigars, but I got a lung transplant. And he cut me off. ""And you got a new life."" Ha! Seems we are both spoil sports. (I wouldn't have pulled the new life card. Whatever.) There aren't many things with grapefruit or pomegranate, but they keep putting cranberries in stuff. Today they added them to the oatmeal raisin cookies I was getting for my nighttime snack. Oh well. I have to suffer and eat a chocolate chip cookie instead. Boo hoo! The trickiest thing was getting my timing down for menus at dinner time. They serve bread right after the menus. I just had to be patient, read and order menu, sanitize myself and the salt and pepper shakers, and dig into the bread without touching the basket."
Success stories from congenital heart defect patients?,"Basically the title. I'm starting the evaluation process for transplant. Part of me is like: yes, let's do this! And part is really hesitant. One big reason for the hesitation is that I have known several other CHD folks who have had transplants, but not survived. More of them, than those who have. It could be partly that being a CHD patient raises risk, and part being that at least 2 of the people I knew had double organ transplants. (heart & liver, heart & lungs). Some even made it home, but only for a month or so before succumbing to complications. And some are just permanent lvad patients, after waiting on the list for awhile. So, any good successes here for CHD patients who have been transplanted?"
Got called a liability today,"Hi all, I’m feeling down and reaching out to see how others have handled this situation as I’m sure I’m not the only one. I got called a liability today for telling my boss that I won’t take any dogs that bite due to me being on immunosuppressants. I’m a dog groomer and just started getting back into it about a month ago. Today I had a large doodle on my schedule that bit me as I was walking past it and I remembered that my transplant doctor had told me that dog grooming was dangerous because if a dirty dog bit me, I could become easily infected and get very sick. So I let my boss know that I would be willing to work with dogs we didn’t know about as far as if they had a bite history or not, but that from here forward I wouldn’t be able to work with any dogs that had any previous bite history’s. Because of this my boss said I was a huge liability to her business and the owners of the dog and went on to tell me that getting bit was just part of being a dog groomer. (It’s not, I’ve been a groomer for over a decade and only been but once before today). She told me that I should’ve told her about my “issues” before she hired me cuz “she can’t legally ask me those questions”. It just hurts to be treated like I’m not able to do what I’ve done for over a decade just because I had to have an organ transplant. It hurts to be treated like I’m a problem."
Thinking of living outside of the US after 20 years post transplant.,I’m considering living outside the US. I have some close family that may have to leave the US due to the political climate and I will probably have to go with them. Like I said im 20 years post transplant. I see my team every 6 months and get blood tests every other month. We are considering moving to Mexico. That’s the only concern I have is how will i receive my transplant care there. If push comes to shove I can always fly into southern CA to see a dr there but that seems a little more difficult in an emergency. Anyone have any experience in this situation?
Scheduled kidney transplant,My transplant has been scheduled for July 31st with my live donor (I know how lucky I am to have her) but I’m terrified. Anyone have any advice to calm the nerves for the next 5 weeks?
Advice needed,Lost Medicare and Medicaid. Need some insurance to pay for immunosuppressants. How do I go about getting the necessary insurance for this?
A small vent: I’m not dumb,"I’m not dumb. Never have been. But it is quite exhausting that everyday feels like an uphill battle with my mental health, intellectually more than emotionally. I couldn’t spell “verse” the other day. I could see it in my head. I knew what it was. Described it. And still was like “virse… no. Vurse… no. Vhirse… doesn’t make sense… the words before the chorus… the words that tell the story of the song before it loops in the middle…” And it’s just like that all the time. The big words. The small words. Anything. I could look for milk and be like “that liquid that comes from a cow… or an almond” and it’ll have to do 😂 because I know what it is! But the fog? The fog is like “you better use context clues”. I will say, it makes me a phenomenon Taboo player lmaooo but I don’t wanna play Taboo in my every day life"
"Anyone Who’s Had a Transplant, Would You Be Open to Sharing Your Story for Organ Donation Awareness?","**Hi everyone,** **I’m working on a project to raise awareness about organ donation, and I’m hoping to connect with people who have received transplants.** **If you’ve had an organ transplant and would be willing to share even a little about your experience, just a few sentences privately over DM, I’d be truly truly grateful. My goal is to help others understand how life-changing organ donation can be, highlight real stories, and encourage more people to consider registering as donors.** **If you’re open to sharing, please feel free to message me directly. I’m happy to answer any questions and will absolutely respect whatever you’re comfortable sharing.**"
First time ever in 18 months post TX missed a dose,"I missed my night dose last night, idk how I forgot. Literally never have. Ugh I been getting to comfortable. Even with my water intake and apparently meds wasn’t my main concern. I should be okay. Still scary."
Brother in law getting heart transplant soon - trying to help getting supplies for the 1st year,Hi there! I’m trying to help my family get my brother in law set up after his heart transplant. He is 1st in line right now in the ICU and nearly had his surgery on Friday but that didn’t work out. We are hoping it will happen very soon so I am looking into different types of pill organizers & any other things I can buy to make life easier during this process. I’m trying to offer emotional support ofc but also trying to get ahead of the curve and save them time/money on the little stuff. Any suggestions?
What I wish I knew about dry runs,"TL;DR - I was in the hospital for 12 hours - on the OR table doped up when they called it off - hoping this story helps to emotionally prepare someone a bit better than I was. I just experienced my second dry run. I’m feeling pretty disheartened but at least this time I knew what to expect. I thought I’d tell my first dry run story for anyone who is waiting and hasn’t experienced one yet. I was not prepared for what a dry run looked like and it was quite jarring. I received a call at 1:47pm - a little under 2 months of being on the list - telling me they had lungs for me and that everything is looking good. I was to report to my transplant center - approximately 4 hours away - at 11:00pm. It was nice to have time to shower, do laundry, and have what I thought was going to be my last sushi meal ever! My second dry run the timing was almost exactly the same. We arrived to the hospital at 11:00pm. They did the typical new admit stuff, drew lots of blood, started an IV, gave me an IV antibiotic to prevent heart valve infection, got a chest xray, ekg, urine sample, sputum sample, special wipes to clean my body, and was told not eating or drinking past midnight. Was finally able to go to bed around 2am. I’d say I got about 2 hours of sleep total - just nerves and a too hot room! Things started moving around 6 am and they told me everything was looking great and that the surgery is still on. They rolled me down to pre op around 7:30am. I said my goodbyes to my parents because only one person was allowed in pre -op and I chose my husband to be that person. I met with the anesthesiologist, nurse, fellow surgeon. I signed the consent forms, they started an aerial line in my wrist (ouch) to monitor blood pressure and oxygen levels during surgery, gave me my first dose of anti rejection meds (cyclosporine), and gave a little of midazolam. I said goodbye to my husband and they rolled me into the OR. They put thick sticky pads all over to prevent pressure sores during surgery, transferred me over to the operating table, hooked me up to the EKG, started oxygen, and pushed more of the midazolam. I was starting to doze off when the fellow surgeon came in and called it off. The OR team was very kind and compassionate. I asked if it getting called off at the very last second happens often and they said yes, it happened the day before too. From the time of them calling it off in the OR to me being in the car on the way home was less than 30 minutes. This whole experience was a roller coaster and I wish I had heard a story of this possibility and how common it was before it happened. My second dry run - 3 weeks after the first - I was in the OR but not doped up when it was called off. Hopefully third time is a charm!"
UCSF transplant housing options?,"I have a living kidney donor located in San Francisco and since I don't live there, I was wondering if anyone had any experience getting housing assistance from UCSF as a transplant recipient? I'm not super low income, so I might not qualify for any income-based assistance that comes with the Koz hospitality house (not sure if their assistance is income-based). I would be continuing to pay for my rent at my hometown, so I'm not sure how financially feasible it would be for me to pay for full-priced housing in 2 different areas for a few months post-transplant. I just received my referral today to be sent to UCSF so I don't have a social worker or anything assigned yet and wanted to see how the living situation was for anyone else getting transplanted at UCSF who's coming from out of state!"
Dr. Told me I will get the mono virus in the next 2-3 months from my donor,"I just left my 6 month follow up appointment today and everything is going well and smooth! Little background I never had mono and tested negative for CMV virus antibodies. My donor however tested positive for CMV antibodies. I have been on Valcyte for 6 months following the transplant and this prophylactic dose has kept the cmv at bay. We are now coming off of the Valcyte today, and the doctor told me I have a 95% chance that I will come down with Mono. He said that since my liver has antibodies, as soon as I come off the Valcyte they will begin to duplicate. As they duplicate they will present as the actual virus in the rest of my body. At this point we will put you back on the Valcyte at a stronger dose and fight it. Once we fight it we will then come off of the Valcyte again for the second and hopefully final time. They told me this is very common, and they don’t seem concerned about it. Wondering if anyone else has gone through this?"
Advice for heat sensitivity,"Hello all, I (39m) am 3 months post kidney/pancreas tramsplant and am just curious if anyone has advice for dealing with the heat sensitivity caused by the Bactrim. I live in Florida so it is almost unbearable even just walking outside. Thank in advance for any input."
Trials and Tribulations Post Heart Transplant,I'm approaching a year post heart transplant and I am unsure how to feel. This might be long so please bear with me....45.M for reference One year ago July 11 I received the gift of life and I was then as I am now so eternally grateful. I was up and moving a 36 hours post surgery and doctors were astounded at the bounce back. I had a genetic mutation that led to this and my uncle had a transplant years prior and I even shocked him from his experiences. It seems that was the peak of health. I knew I was fighting an uphill battle from a physical standpoint and just getting my muscle retention up to snuff was hard as heck walking up stairs was a nightmare and I barely had the strength to stand up from the toilet but I loved that part. I had goals I could reach and be proud of. They were .milestones I knew id have to reach. My issue came six months later. Signs of feeling like I was returning to heart failure. Sent in for a biopsy went from 0R to near 3R and I was in some form of graft rejection. Took time but it was course corrected. That was December. Then the January hospitalization in January for fever and stomach issues. All sorts of tests run and all options exhausted over 10 days inpatient. 2 weeks later hits again with the same unknown results. Another week in February mid month I end up back in and at this point they find DN DSA after lots of tests and im hit up with rituximab and cryotherapy and plasmapherisis. 3 more weeks inpatient. From jan to march 2025 I had spent more than 3/4 of my time at the hospital 2.5 hours from home....alone mostly because it's just me wife and kid. But I thought I crested.and it was the start of the new beginning In the words of the venerable Lee Corso....Not so fast my friend I've been faced with crashing kidneys to the point I was a blood draw away from dialysis (efgcr for it is 10 I was at 14) now migraines and body aches and it's not.tacro related as we all here know it stays monitored and it's in bounds for.where it should be. There's been thoughts I have DN post transplant auto immune disease or possibly cancer. This is the first time openly complaining I try to suffer in silence even at home. Sometimes I think that there is this misconception because of it that im healthier than I appear. I try my best to contribute at home but that is a struggle. And lastly the mental impact is beating me senseless. TL;DR Who.else here suffers bad and either got better or found ways to cope?
Liver Transplant at 18 Video,I made a comedic youtube video on my transplant and I thought that it would be nice to share on here and see if some of you could relate to my experience. Hope you all are doing well. https://youtu.be/aryZnyze7-0?si=QbnHsC52H25yHuZS
Antibody rejection?,"I’m sure this is a case by case scenario or it could differ between patients, but what would it mean when your body has built a strong rejection around the transplanted kidney? What would be the next step - more meds, different IV medications?"
I did it!,"Hi!!!! I was diagnosed with CKD 8 months ago and, despite all the obstacles we had to endure, finally I'm waiting to be hospitalized with my brother for a kidney transplant. I just wanna say thank you to all of you, this subreddit has been of great help. All your tips, experiences and words of encouragement helped me through all my protocol (and my brother's) I hope anyone that is waiting for a transplant gets it, just be perseverant and have some patience. Trust me, it's worth it. I'm from México (has you can see clearly for my english) but I'm open to answer questions about all the process Thank you!!!!"
Indians on transplant,Fellow Indians need help on transplant.My doctor recently told me to have a transplant after dragging me for 10 years on his treatment.I am confused on what is suddenly happening to me.Any fellow Indians who had done transplant (elderly) please need your help
Wicked kidney infection almost got me.,"50 weeks out from transplant, and I had a kidney stone last month, nothing major, had them before. Stone was broken, had a stent in to allow swelling to go down, and returned to have both kidneys cleaned out and stents placed in both for a couple of days. Quick outpatient procedure to pull the stents out. Told me there could be 2-3 days of discomfort, the usual stuff. Day 5 comes around and I'm having real pain up in the kidney area, and then comes the fever like gangbusters - 102.9. I took meds at home (Tylenol, as prescribed, flow max, and augmentin they prescribed just in case.) and got my temp back down to 99, so I figured I'd rest and follow up with urgent care in the morning. No luck - temp jumped back to 102.7, so it's off the the ED at Duke, dual-site blood cultures, urinalysis, and admission. Broad spectrum antibiotics just are not kicking this things butt very well, and I'm still fighting fevers for three days. The ID team identifies the culprit as gram-negative resistant E.coli as the cause, so I'm home with a PICC line and 10 days of antibiotics."
8 months post renal transplant creatinine,"Hello everyone, I'm almost 8 months post renal transplant with my creat 1.4 and urine output around 4-4.5 litres per day with similar intake. My lowest creat level was around 1.26 around 4 months back and my current tacrolimus level is 7.1 Should I be worried? Thank you in advance Urine examination is normal"
I have my new heart!,"I was in the ICU for 89 days. The last thing I remember is calling up my family to let them know. That was at 9 on Tuesday the 24th. I remember nothing after that until Thursday the 26th when they took the tube out of my throat. I don't remember much from that day either, just that for most of the I was really itchy but I was restrained b couldn't communicate so that sucked. I lost Saturday the, 28th too. My fine motor skills are just shot. it's taken me 15 minutes just to type this out but I can't say anything not amazing about the OHSU staff. They have taken amazing care of me, and after 3 months in here I've gotten really close with some of them that even put together a care package which is awesome. They've gotten me a few cards, an official One Piece coloring book, a collector's edition record of My Chemical Romance's The Black Parade, and a big scary looking Lego pumpkin tree. All things considered, I do feel great and I can't wait to continue improving. Thanks for reading this far."
Chest workout post transplant/!5,"I’m 3 months post heart transplant and I really want to get back into the gym, I walk 2miles every day but nothing is like lifting weighs for me… I don’t want to mess anything up by rushing anything.. My chest feels normal I feel strong again. How long did it take you guys to start hitting chest again post heart transplant??"
Fever,Has someone had a similar fever experience? Getting a fever once a day in the afternoon for the last 5-6 days. It is around 100.5-101.5 Taking 1 paracetamol tab resolves it in 3-4 hours. The lab reports seem normal. Creatinine seems stable. BK and CMV negative. Kidney Doppler is also normal. Doctors are also not sure yet what is causing it. They are tracking it carefully though will mostly prescribe some more tests on the next visit. I'm 3 months post op.
Post Renal Tx - 1 week out,"Hello! To start off I want clarify that I am extremely thankful for the gift of life I have received. I know there are going to be bumps and hitches allow the healing journey. I’m just curious if being a week out - is feeling this weak, nauseous and in pain normal!? I feel utterly useless and like my head is reeling at any given moment."
Weird little silver lining to immunosuppressants I found,"Our tattoos age really well. Tattoo fading is caused by white blood cells. Tattoo ink is always a foreign body in the body, even very old healed ones. Fading accelerated by sunlight/sun damage, but even that is reliant on white blood cells (the sun damages the ink, spreading it to a different layer of skin where the white blood cells can attack it and take it away). Less white blood cell activity, less tattoo fading. I even still have some faint white accent lines visible in my tattoos that are 9 years old. My tattoo artists have been super impressed to see how crisp their work still looks several years later. Minor drawback, tattoo removal works the same way as sun damage, so lasering takes a lot longer and is a lot more expensive. 😑 Discovered that one recently."
Feces after transplant.,"An update: One whole day of calling and sending emails asking for one of the transplantation team members, they finally called back yesterday. The treatment here in the Netherlands is a stark contrast with what the advices you guys have provided. Here, they don't get you admitted with c.diff. They see no reason to. It's an inconvenience but it is treatable. They have given an another antibiotic, vancomycine, 4 times a day 3ml for 10 days. I don't know if I'm supposed to laugh or cry. I don't know what to do anymore. Thank you guys so much for your answers Anybody recognizing or familiar this problem? My son is currently 8 months post transplant, twice a day 2,5mg progaft and 0,25ml cellsept. He doesn’t eat solid foods, but by feeding tube. Nutrini energy MF (no lactose or gluten) Before transplant his bowel movement was “normal” (as seen with children on dialysis) A few weeks after his kidney transplantation the diarrhea started. His cellsept dose was twice a day 3ml. The dose has lowered significantly but no changes in the consistency of the diarrhea. Because of this the doctors did a stool research and the results were all negative except for Clostridioides difficile. This was two months ago. Last week another stool research and again negative on everything except Clostridioides difficile. The odd part is that, the diarrhea is sometimes gooey with oil like. Or the liquid is absorbed by the diaper and there is a dry colour ish substance visible. Both have a sour smell. And when he has the slimy stretchy substance, light coloured one, that one has almost no smell. His blood lab results are beautiful per doctors opinion. And that’s were they are breaking their heads over. Bloodwork results are superb but his bowel movement is not. He has no other symptoms of clostridioides difficile. The team doesn’t have a answer (yet) nor solution except for applying a creme on the skin to help with the pain and diapers. If anybody also has tips for the maintenance of the skin please do not hesitate 🙏"
Looking for a lapel pin for kidney/pancreas transplant,I had a kidney transplant back in 2012 and just recently had a pancreas transplant. I’m looking for a pin that includes both. Any suggestions?
Kidney transplant,"Got transplanted on Wednesday night. Thursday night was an absolute hell with pain. I’ve been having nonstop hot flashes. The pains gotten a little better but still hurts a lot, they’re saying I will probably be going home Monday. Does anyone have an idea of when I can expect the worst of the pain to be gone? Ang advice/tips greatly appreciated"
Raw prawns in shell - boiling water,Is it safe to eat shrimp that was with shell if they have been thoroughly cooked in boiling water?
Anyone else young that had a transplant 16-20?,"I had a liver transplant when I was 17, the cause was idiopathic(unknown) liver failure, so when I was in need of a liver they needed one urgently. They really just used the one that was available in my blood type. I was on the list for 12 hours, then Transplanted but I was in a state of basically being dead. Since they took the first one that was available the liver I got was from someone pretty old (she had great grand children). I’m now 9 months out and my liver function tests are all within normal range, however since it was from a older person and on ice for longer then they’d usually want it for, the bile ducts and plumbing of the liver are really bad, causing strictures, leading to cholongitis. I’ve had cholongitis about 4 times now since my transplant and i’ve spent about a total of a 2.5 months in hospital since my transplant. Im 18 right now and in hospital with cholongitis, and they have stented the heck out of my bile ducts, but the doctors have informed that if these stents don’t hold up, a second transplant is required, which shattered me when i heard bc I don’t want to relive the trauma of basically dying and having 2 liver transplants before the age of 20 is pretty unheard of. Besides that I feel like I’m alone when I’m in hospital, I look around the ward and everyone one in here is in there 40s,50s,60s etc and then there’s me an 18 yr old. Would just like to know if anyone in similar age has had a liver transplant and feels the same way."
Hey!,I'm 3 years post transplant. Thinking of getting a tattoo. Did any of y'all get a tattoo after surgery?
Kidney transplant patient – Is it safe to use a derma roller for hair loss?,"Hi, I had a kidney transplant in 2021 and I’m currently on cyclosporine (was on tacrolimus before). Like many transplant patients, I’ve been dealing with hair thinning and hair fall. I’m already using Minoxidil (topical), and now I’m considering adding a 0.5 mm derma roller to boost results. I’m concerned about safety because of being immunosuppressed. Has anyone else post-transplant tried a derma roller? Did it help? Was it safe? Did your doctor approve it? Would appreciate any experiences or advice. Trying to be cautious but also want to improve hair growth. Thanks!"
UC transplants with Blue Shield?,"I’m curious how many of us on this sub have Blue Shield and are at a UC hospital. The contract is set to expire on July 10 and I am really concerned that they aren’t going to come to an agreement. I think we are all eligible for continuity of care, but doesn’t that expire in 90 days? What are you planning on doing if we lose UC transplant coverage? I’m in LA so I am thinking I will have to switch to someplace like Cedars but that will be very inconvenient for all my other medical care. EDIT: UC and Blue Shield have extended negotions until August 9th so we have one more month to get CoC forms in."
Hey friends! Can we do humor?,"We’re very serious in here, appropriately. Gingerly I ask, can we get a chuckle? Like…. When friends my age make some joking reference to how old we are I tell them most of me is X but an important part of me is 12 years younger. So I win. ‘You old fart’."
Hello…,"Just wanted to introduce myself. My name is Melissa. I’m 38. I had a heart and Double lung transplant at UTsouthwestern medical center in Dallas, Texas on May 16 2024 after battling my entire life with 2 congenital heart defects and Pulmonary arterial hypertension. My wife and I have been together since 2017 but married in 2021. We have a 2 year old Dachshund, Athena."
Medevac Pilot,"Hello everyone, I am a pilot and flew a heart for transplant yesterday, June 25th from Phoenix to Houston. My co-workers and I often fly organs/emergency medicine but never hear about how it works out. We do not get heart transplants very often and I was curious if anyone knows the recipient or at least if it was a successful operation. I know it's a long shot and I definitely do not want to dox anyone but we would like to know if our work is making a difference. Thank you!"
Exercise Pre-Transplant,"Hey all! I'm a 25 y/o man currently on the lung transplant waiting list for a bilateral lung transplant. Due to potential surgical complications, I'm on it a bit earlier than expected so that I can make a stronger recovery. In other words I'm not on a ton of oxygen (night and exercise) and am pretty able bodied. One thing I've been struggling with pre-transplant is exercise. Even though I've been skinny, my whole life I've prioritized exercise so even with FEVs in the higher 30s I was running. I live in a very walkable, but hill-y, city and walk anywhere between 5-10 miles a week, volunteer handing out food on my feet for 3 hours a week, and adding additional weight training has just made me SO tired. I already sleep 10 hours a day and sleeping more isn't fun. The more tired I am, the harder nutrition becomes as well Overall I get good nutrition that my dieticians are happy with, so that isn't an issue, and have a BMI of 21, although it is quickly approaching 22 with some tube feeds. I used to have a very low BMI so I wouldn't say that the quick jump from feeds has been all muscle, but because of how much I walk and added muscle added to support my new weight, I wouldn't consider myself all fat either. Because of my walking I can tell most of my muscle is in my calves and quads. I guess I'm wondering if I'm crazy for resisting adding resistance training to my schedule (see what I did there?) If so, I would love to hear about your physical shape before, and how it was post-discharge? Especially if it was very good, and you felt like you could've done more. I feel like I'm suffering from ""I'm as good as I can be"""
PSC & liver transplant advice,"Looking for some advice and perspectives. 50 years old, PSC, no IBD or other comorbidities. Used to be very active (airline pilot, exercised all the time), and my PSC has been stable until all hell broke loose this spring - pancreatitis, sepsis, 2x Cholangitis hospitalizations, bile duct stone, and now recurrent fevers/fatigue of unknown cause but suspected Cholangitis. Just started 2 new antibiotics to try to get rid of fevers. Within the past 6 months my cirrhosis has developed gastric varices with splenomegaly and hepatomegaly. Cirrhosis still compensated with mostly normal liver functions (normal PT, INR. ALT, AST, bilirubin improved to within 50% of normal since ERCP last month. Alk Phos always around 500 or so. Just met with transplant team for initial work up for transplant. MELD is low and likely to remain so (10-13 depending on the day) due to the slow pace of PSC. They’re suggesting living donor transplant, which is highly desirable for PSC patients since our MELD scores never reflect disease. I’ve entered the PSC stage defined by recurrent Cholangitis attacks, sepsis, inability to work, fatigue, and generally low quality of life... but my good days are pretty decent aside from not being able to work. A significant concern is bile duct cancer - it seems to strike PSC patients later in the disease, right about the time our MELD scores reach levels in which we’d become viable deceased donor recipients. In other words, the longer I wait, the more of a threat bile duct cancer will be, which could completely eliminate my possibility of transplant. My dilemma: do I (1) pursue a living donor transplant ASAP, or (2) delay the transplant until MELD rises and I no longer have any good days? My doctors said that at this stage of PSC, I’m going to eventually need a transplant, so their advice is to do a living donor ASAP before decompensating or having future sepsis episodes. But at the same time, Reddit and Facebook are full of Tacrolimus and cellcept horror stories of kidney failure, constant tremors, brain fog, other cancers etc. So I’m asking for some advice and perspectives here. Please help me make an informed decision. My goal is to get back to a normal life - back to running, biking, hiking the Appalachian trail (I’m 50% done), and I’d love to return to the cockpit. The FAA will possibly allow me to return to fly after transplant, but I’ve got to be free of all those crazy side effects that I keep hearing about. Thank you!"
Advice on Heart Transplant/ India,"My dad(59) is diagnosed with acute heart failure. It’s been 2 months since the attack. He had a severe heart attack which caused a permanent damage to his heart muscle leading to a 20% EF. We’ve already done an angioplasty and an ICD is placed to deal with pulse irregularities. He’s having acute pulmonary edema(fluid buildup in his lungs) due to poor heart pumping since last 60 days and there seems to be no improvement. Lasix/Heart Improvement meds don’t seem to be actively working on him.The doctors are saying the last resort for him now is a heart transplant. We’re very scared at this point in time as the survival rate is very low and especially in my state(Tamil Nadu) it’s very rare and he won’t be able to commute . I feel helpless seeing my dad suffer,Could you please guide me on this, I would appreciate any advice or assistance. Thank you so much. It would really help me if someone can suggest any places for transplant in India, There aren’t specific forums for India, so I’m posting it here. Thanks."
Medication Reminder Apps,"What mobile phone apps or tools have you found helpful for keeping track of your transplant medications, especially when they change so frequently right after transplant? Are there any features that you think help one stand out over the other? I have seen MediSafe, Guava, Dosecast, Mango Health, EveryDose, MyTherapy Pill Reminder, Round Health, and MyMeds, but wondering if anyone has had experience with actually using them for transplant. Does your clinic recommend a specific one and use it to connect with you outside of MyChart, or do you use it on your own?"
Ascites Care,"I’m a graduating student from Brandeis University, and this project is deeply personal to me. My uncle lived with ascites, and I saw up close how painful, exhausting, and limiting it was. At the time, there weren’t many options that gave him comfort or freedom. I always wished something better existed. That’s why, when I learned about the work Laboratorios Vertex was doing—developing a fully implantable device to help manage ascites at home or on the go—I knew I had to be part of it. I only wish this had been available sooner. Unfortunately, my uncle can no longer participate in this project. But I hope that through the voices of others living with ascites, we can still honor his experience and build something truly helpful. If you or someone you love is living with ascites, I’d be so grateful to hear your story. Please feel free to message me directly—your voice truly matters."
Did anyone NOT go through with liver transplant surgery? Looking for personal experiences.,"Hi everyone, I’m reaching out on behalf of my father, who’s 64 years old and was recently evaluated for a liver transplant. After months of appointments and discussions, he's now having second thoughts and is really struggling with the decision. We’re hoping to hear from anyone who has chosen not to go through with liver transplant surgery — what was your experience like? How did it impact your quality of life, health, and family dynamics? My dad’s main concern isn’t the surgery itself, but the long-term effects of the anti-rejection meds, especially Tacrolimus. He’s very worried about how it might affect his mental state (brain fog, mood swings, anxiety, etc.) as well as his physical well-being. He’s afraid it could lead to a lower quality of life even if the transplant is ""successful."" If you (or a loved one) were in a similar position and opted out of the transplant, I’d be so grateful to hear your story. What helped you make your decision? Looking back, do you feel it was the right one? Thank you in advance for sharing. It means a lot to us right now."
Twitch muscle spasms post-transplant,"It could be in my head, but it seems like I have more of these little twitchy muscle spasms post-transplant. Right now I’ve had one between my right thumb and index finger for 3 weeks. Makes it hard to text as my thumb shoots all over quite a bit. Anyone else notice this? It’s like the electrical signals don’t want to turn off."
Caregiver burnout,"Hi y’all it’s me. Dad 66 y/o cirrhosis patient on the liver transplant list for 2.5 years, got the call 5 weeks ago today and is 5 weeks post-liver transplant and simultaneous triple bypass. We’ve had several complications in the last 5 weeks of post-op; none pointing to rejection but had to go back in thru the liver incision twice for bile leak issues and pancreatitis. He’s also had 2 ERCPs and is on dialysis. He’s been in the ICU all this time and last week had a really disturbing bout of ICU delirium. It was so hard to watch and know he wasn’t sleeping and so confused and disoriented on top of feeling so poorly. He’s been on a feeding tube most of these 5 weeks and is skin and bones. He’s so deconditioned that he hasn’t been able to walk with PT and is super weak. I know it’s a long road ahead. This one is for the caretakers and those with insight for caretakers. For context, my dad is in a hospital 45 mins from my house. He lives 45 minutes in a different direction (think a triangle) so as we approach the conversation of life after eventual discharge, I’m stressing. I have an infant at home with me and I run my own business. Since “the call”, I’ve been neglecting my work and using all of my office hours I get per week to drive to the hospital and visit. I am his next of kin and authorize all consents. I manage his Rx’s, correspondence w nurses and docs, and social workers. This week it hit me. My business is suffering. My house is actually disturbingly messy and dirty. I am bone-deep tired in every way. I visit 4-5 times per week currently and I need to figure out a way to integrate this new reality into my life without sucking me dry. When he gets discharged: how intense will he need at-home help? Do I need to insist he moves in w me indefinitely? I can’t really make it to visit him where he lives more than once a week with my work and mothering schedule. I know he’ll probably go to a rehab facility first, as a bridge. But then what? No one has forced me to do this, or pressured me. It was just never was a question. We got the call, and since then I have been going full throttle to support and be as good of a daughter as I can because I know someone so sick deserves that. Anyone else been here? I feel guilty saying this. And this week I have to skip 3 days in a row because of how much work I have ignored and the financial repercussions I’m now facing. It’s not pretty. It’s such a miracle that he got another chance at life. And now I’m looking ahead and thinking: whoah, how am I going to do all of this? Thanks so much for always the support and encouragement. It’s invaluable."
Med storage during heat wave,"We recently had a 3 day heat wave and I left my second floor apartment to go visit family. I came back today to an absolute sauna - my apartment was probably 100°!! Stupid me realized I had left all my med containers here the whole time. I was only gone for a few days so I only traveled with my week’s pill case. So all the bottles were left in this insane heat. Should I be worried that my meds are ruined?? (Tacro, cellcept, bactrim, etc etc the works) Should I ask my pharmacist or my transplant team?? Help !"
A great update,"Hi everyone! I posted a few days ago about my mom receiving her miracle liver transplant on Thursday 6/19 at 6am. After 5 days in the hospital, she was given the all clear to go home!! She’s doing wonderful. The hardest thing has been getting up and down from bed, but she’s walking around, using the restroom herself, and has a major appetite! Just wanted to give a happy update :) we are thrilled to have her home."
His Kidney Failed. He’ll Never Know if a Transplant Drug From a Banned Factory Was to Blame.,"My uncle just sent me this article, so I'm sharing it here. If this is a duplicate post, my apologies and please let me know: Joe DeMayo always knew his healthy years could end abruptly, bound to the lifespan of a transplanted kidney about the size of a small fist. But as the father of a toddler, he had hoped to have more time. When he was 33, his wife had donated her kidney to him, a milestone that changed the course of DeMayo’s life. The relentless fatigue, nose bleeds and itchy skin brought on by his own poorly functioning kidneys vanished, and he felt good enough to leave home in Philadelphia for a new beginning in the foothills of northern California. Over long afternoons, DeMayo would hike in the mountains with his wife and their black-and-white mutt, Fausto. When his son was born, he’d imagined himself coaching baseball games, clad in Phillies gear. But his donated kidney started to fail in early 2023, much earlier than expected. The decline came as a surprise to DeMayo, who had been faithfully taking his medications, including tacrolimus, an essential [immunosuppression drug](https://www.mayoclinic.org/drugs-supplements/tacrolimus-oral-route/description/drg-20068314) that helps stave off organ rejection. DeMayo didn’t know at the time that the capsules he swallowed twice a day precisely 12 hours apart could have left him vulnerable — or that one of the most formidable drug regulators in the world may have failed to protect him. As he grew weaker, his kidney unable to cleanse his body of excess fluid and waste, investigators from the Food and Drug Administration headed to western India to inspect the factory that manufactured DeMayo’s tacrolimus and other generic drugs for American consumers. It was at least the eighth time since 2015 that the FDA had been there, and each of those visits had uncovered problems in the way the drugs were made, government records show. During the inspection in the spring of 2023, investigators discovered the Intas Pharmaceuticals factory had, among other things, [manipulated drug-testing records](https://www.documentcloud.org/documents/25973590-intas-inspection-report-may-2023/#document/p1/a2661320%20) to cover up the presence of particulate matter — which could include glass, fiber or other contaminants — in the company’s drugs. Unaware of the inspection, DeMayo continued taking his tacrolimus capsules. He fought exhaustion and struggled to hold onto his job behind a deli counter. “Daddy needs a new kidney,” he recalled telling his 5-year-old son at the time. That November, the FDA barred the Intas factory from exporting drugs to the United States. But under a long-standing [practice uncovered by ProPublica](https://www.propublica.org/article/fda-drug-loophole-sun-pharma), the agency excluded certain medications from the factory-wide ban, including tacrolimus, allowing the drugs to continue flowing to the U.S. In a statement to ProPublica, Intas, whose U.S. subsidiary is Accord Healthcare, said that the company could not comment on the cases of individual patients but that its tacrolimus is safe and effective. The company said it immediately responded to the FDA’s inspection findings, launching a program focused on quality and investing millions of dollars in upgrades and new hires. Intas also said that some exempted drugs were never shipped to the United States but would not provide details. “Intas is well on its way towards full remediation of all manufacturing sites,” the company said. [ProPublica’s investigation](https://www.propublica.org/article/fda-methodology-american-medicine-research) found the FDA has allowed more than 150 drugs or their ingredients from banned factories into the country over the past dozen years, ostensibly to prevent drug shortages. The agency did not routinely test the drugs or actively look for signs of sudden or unexplained reactions among patients. And the exemptions were largely kept hidden from Congress and the public, including patients like DeMayo, who counted on his medication to keep him alive. DeMayo filled another prescription for tacrolimus only days before the FDA exempted it from the Intas import ban and continued taking the capsules until just before his second transplant surgery at Temple University Hospital in January 2024. “I’m trying to do the right thing, take all my medicine,” said DeMayo, 45, who took Intas tacrolimus for two years. “If I’m doing all that, shouldn’t somebody be doing their due diligence?” In a statement, the FDA said drugmakers that receive a pass from import bans are required to conduct additional safety and quality testing and hire third-party experts to assess the results before shipping medication to the United States. Current and former FDA officials said those measures are faulty. Many of the companies have been cited before for testing protocols that were ineffective or prone to fraud. DeMayo, now recovered from his second transplant surgery, gave ProPublica two bottles of his unused Intas tacrolimus capsules. ProPublica had them tested at Valisure, an [independent, accredited lab](https://www.valisure.com/about) in Connecticut. In their first test, the scientists at Valisure found that some of DeMayo’s pills contained an adequate amount of the key ingredient but others contained a lower amount than the minimum level set by U.S. regulation. Pharmacists, doctors and other experts said [underdosing](https://www.kidney.org/kidney-topics/immunosuppressants-anti-rejection-medicines) can leave patients vulnerable to organ rejection. Valisure did not find any substantive contamination in DeMayo’s medication. But the scientists found another potential problem. The capsules dissolved quickly — up to three times faster than the name brand. Rapid dissolution can introduce too much of the drug too quickly, experts said, potentially causing tremors, headaches and kidney failure. ProPublica did not test tacrolimus made by any other manufacturer. In its statement, Intas said that the findings are “unrelated to the \[FDA’s\] inspections” and that the FDA had determined the drug was equivalent to the brand-name version when it was first approved for the U.S. market. Valisure previously tested Intas’ tacrolimus for the Department of Defense, which is conducting [safety and quality testing](https://www.valisure.com/dod-drug-testing-study) on more than three dozen drugs commonly used by U.S. service members and their families. Those tests, too, showed the capsules dissolved too quickly. “This is an alarming signal of other quality issues that can be affecting patient care,” said retired Army Col. Vic Suarez, who helped launch the Defense Department effort and is assisting on the project. The FDA conducted its own [studies of Intas’ tacrolimus](https://www.fda.gov/drugs/drug-safety-and-availability/fda-changing-therapeutic-equivalence-rating-accord-healthcare-incs-generics-prograf-tacrolimus-oral) in recent years and reported a similar result on its website. The agency noted there was no apparent risk of organ rejection but said the Intas generic could create toxins in the body, which can cause kidney damage. The FDA said the capsules may not provide the same therapeutic effect as the brand-name version. [The findings were made public](https://www.fda.gov/drugs/drug-safety-and-availability/questions-and-answers-regarding-tacrolimus-oral-capsules-generic-prograf-made-accord-healthcare-inc) in September 2023. Weeks later, the agency went on to excuse the drug from the Intas import ban, allowing the company to continue shipping tacrolimus to the United States. Janet Woodcock, who for years led the FDA’s Center for Drug Evaluation and Research, said in an interview that the results of the testing are concerning and that the agency should quickly “try to sort them out.” “This obviously was a quality problem,” she said. Woodcock did not say why the FDA exempted the drug from the import ban imposed on the Intas factory. Though Woodcock approved exemptions for years, she had left the center and was serving as the FDA’s principal deputy commissioner when the exemptions for tacrolimus and other Intas drugs were made. DeMayo said he’ll never know whether the medication contributed to the loss of his donated kidney. Organ rejection, which can happen quickly or over years, is among the most [common causes](https://www.kidney.org/when-transplant-fails) of kidney failure in transplant patients, but kidneys can fail for other reasons, too, said Joseph Vassalotti, chief medical officer at the National Kidney Foundation. In DeMayo’s case, he was hospitalized with a stomach virus and dehydration the same year his kidney function started to decline. Still, he questions the drug that was supposed to protect him and worries that other transplant patients who have taken Intas tacrolimus could be at risk. One and a half years after the FDA banned the factory from shipping drugs to the United States, tacrolimus is still excluded. A customer service agent for the company said Intas recently stopped distributing the drug, but the company did not respond to a request for comment. “The people who oversee the pills are failing and the people who are making the pills are failing,” DeMayo said. “How did it get so bad?” \[By Debbie Cenziper & Megan Rose (both of ProPublica)\] [https://www.propublica.org/article/fda-tacrolimus-kidney-transplant-patient](https://www.propublica.org/article/fda-tacrolimus-kidney-transplant-patient)"
Urgent – Seeking Hospital/Doctor Recommendations for Critical Lung Transplant Case,"Hi everyone, My grandpa / papa is critically ill with interstitial pulmonary fibrosis (IPF). He’s 73 years old, in Richmond VA, and he needs a lung transplant. (Location doesn’t matter, we can transport him out of state too). If you or someone you know has received care at a top-tier hospital (like Duke, Cleveland Clinic, UCSF, etc.) for similar respiratory conditions — can you please share the name of the doctor or the hospital department you worked with? Even if you can’t remember the doctor’s name, just the hospital or department name would help. We’re trying to get in contact with someone and may need a referral, so even directory or office numbers would be helpful. I can share more details if that would help too. Thank you in advance — we’re doing everything we can to help him."
Got the call,I’m getting a heart transplant tomorrow. I wanna thank everyone for being supportive though out this journey may God bless everyone single one of you.
Transplant list question,"Some of you might have read a couple of my earlier posts regarding my status on the transplant wait list. In short, I'm on the list but my status is set to inactive because my PKD kidneys are huge, and I have to get a nephrectomy done first before I'm switched to active. My native kidneys still produce a significant amount of urine so they're staying with me for now while I'm also on hemo. I'm still accruing time though. My transplant surgeon told me that I could get the nephrectomy done once my name starts popping up at the ""top"" of the list. My question - if I'm set to inactive, will my name still come up (assuming I've moved up the list in a few years)? I guess I'm looking for assurance that the wait list system does indeed work that way. (Also, I say ""top"" because digging online has led me to learn that it's not a clear cut sequenced list that's based purely on how long someone has been waiting for an organ. There are various other factors that determine who an organ gets offered to when available.)"
Help! Require urgent guidance regarding Deceased Donor Liver Transplant (DDLT) process in India,"Hi, For context, we're from India. My mother (56) has NAFLD Cirrhosis of liver. She has been given 6 months to get a transplant done before she becomes unfit for it. Doctors rejected my liver citing fatty liver disease, I've started maintaining a calorie deficit along with working out to reduce my weight asap. However, we don't want to risk everything and want to explore DDLT. We had the following questions: 1) Where to register so that she gets the liver as quickly as possible? (preferably under 6 months) 2) She's currently being treated at ILBS Delhi, we're originally from a tier 3 town, do we need to move to the place where this was registered and stay there till we get the liver? 3) Do we have a choice on the hospital for the case of DDLT? 4) How long would it take approximately to get the liver? Thanks a lot, please help with the queries."
Is this normal?,I have stage 4 kidney disease and I’m on the organ transplant list. I am not on dialysis yet but they called me about being 7th in line for a kidney available. Currently my gfr is 19 and I’m only 44.. I am conflicted. I know the anti rejection meds will cause damage to what’s left of my barely working kidney. I also have crohns that is inactive but my immune system is super reactive.. is it normal to be so scared? I am still physically doing ok. I have been steady just around 19-21.. I have no further damage because it was my crowns medicines that I am no longer on. Feel it’s a damn if you do damned if I don’t.
Tacro issue,"I thought I should share this article, it’s pretty disturbing if you take tacro. Has anyone else heard anything about this? https://apple.news/AYbxbv1PEQCm8wZsVrESmOQ"
Help,"One of my best friends was told they found a viable liver for her. She’s scheduled to go in at midnight for the transplant. My question for you all, what can I do to help her? What needs might she have that she doesn’t know about yet. I want to truly help her, but I’m at a loss on what to do to truly help her. I wanted to thank each and every one of you for your suggestions. My girl made it through the surgery, and was able to be extubated (removed the breathing tube) while in the OR!! I’m an OR nurse and the few transplants that I’ve assisted with the patients had to stay on the breathing tube, so I was excited she didn’t. She’s has been sent to the transplant floor, from the ICU, so that’s another step. Found out today that there is a stricture/narrowing of her biliary duct, so she’s likely going to need a stent put in. Her sodium levels are down so they’re correcting that. I was able to rent her a recliner for when she comes home, to help her sleep better and to help her stand. I got her household lots of hand sanitizer. I also got her some fun fuzzy socks, and wash cloths as was suggested to get her. I just want to say each and every one of y’all are amazing warriors!!! I’m in awe of what you’ve been through and so grateful that you were able to have your transplant. Thank you for sharing your wisdom with me!!! Keep on kicking ass!!!"
Released after six days in the hospital for pulmonary embolism,"My transplant team let me out of the hospital after my pulmonary embolism episode. To recap, I'm now about nine weeks post LDLT, had been having some shortness of breath for a couple of weeks, and suddenly got worse last week. They diagnosed numerous small blood clots in my lungs, and the right side of my heart was really straining to pump blood through the lungs. I started feeling much better yesterday morning. I walked over three miles around the halls of the transplant floor, some at a fairly fast pace, and was breathing about how I'd expect after a fast walk. My heart rate remains a bit high for me (80-90 BPM, low 60s is more typical for me). Yesterday was the first day that my oxygen sats stayed above 90% on room air, and last night was the first night they didn't have to wake me up to put me on supplemental oxygen. They switched me this morning from IV heparin to an oral anticoagulant, which I'll take for the months. They also took the opportunity to take me off tacrolimus in favor of sirolimus, which hopefully my kidneys will like better. They also switched me from dapsone to something else to prevent PJP, an opportunistic pneumonia infection. (They usually use Bactrim, but I'm allergic.) My wife is driving up today, so I walked across the street to the hotel we use. I was out of breath by the time I got there, but I was also carrying a heavy laptop bag and another fairly heavy bag with mostly ostomy supplies in it. I also recovered quickly from being out of breath, which wasn't happening last week. Overall, my transplant team is happy. Most of my numbers look good, apart from some odds and ends that were still trying to get dialed in. They were very happy with me, because as soon as I thought there was a problem, I called the transplant coordinator, and when he said to go to the ER, I went. My hepatologist told me that I'd be surprised at how many people don't do even that much. I'm happy with how I feel, though I worry that I may have shortness of breath for several months."
For the people who have faced kidney rejection,"Hi everyone, I have some questions for people who have face kidney rejection of any type with their transplanted kidney. 1. What symptoms did you get if at all before knowing they your new kidney is rejecting and when did this happen (like how much time after the surgery)¿ 2. How did your team handle the situation. How long it took them to figure of whether the kidney was rejecting or there was some other issue? 3. Post rejection treatment, how are you now? Has the rejection impacted your lifestyle or the kidney function in any way?"
Concernd.. should I? Results dip.,"Last labs was good. Creatinine 1.02 and bun 20 This week the day before I didn’t take care of myself, I ate fried chicken twice. And I drank 5 cokes but like 2 liters of water. Results came back creatinine 1.20 BUN 22. Is something wrong?? Or could this be the diet of the day prior.. really scared my transplant been so stable these r the worst results I’ve had. *EDIT* also found out I consumed 100mg of protein. Way more than usual the day before. I ate a chicken fried chicken for lunch and 10 chicken wings for dinner. Added up to 100MG. IM 5’4 142. My intake should be in the 50’s. I was watching the nba finals with all my guys so I was being careless and just enjoying time. It’s starting to add up."
After 89 days... 89 days of waiting in the fucking ICU,They say they have a potential donor for me. I'll know for sure tomorrow morning. Wish me luck.
Anyone had a liver transplant after 60?,My father had first episode of vericeal bleeding and they gave child Pugh score C for now.I am a bit confused.How can I save/prolong his life??Need help.I am from India
IM ON THE LIST AGAIN,Thank God. They found no disease on the liver but still going to take care of my self. I’m excited but nervous hopefully I get an offer soon. I got an offer last week but rejected because I was inactive but im back on .🙏
Working as a teacher post kidney transplant.,I am currently considering switching career tracks to do teacher training. I have worked as a translator for years but the work is drying up and I am being replaced by AI. I am eligible to do a 2-year part-time teacher training course (I already have a degree in English; this would be my second master's degree). I got my kidney transplant at the end of 2015 and things are going well. Everything has been stable. Has anyone got any experience working in classroom where there is an increased rate of infection? Are schools hesitant to hire you? Please share your experiences.
Skincare routines,"Hey everyone, I was wondering what skin care routine everyone uses/does after their transplant. We can all share our own tips/tricks and what products worked best for yourself. For me, I finally saw a dermatologist (nothing suspicious) and recommended me these products La Roche-Posay Toleriane Double Repair Matte Face Moisturizer, Non Comedogenic Supergoop Unseen Sunscreen SPF 50 I've used these 2 products for a few days and it feels better now. I still feel super greasy or oily when its humid but overall it feels much better and smooth. The sunscreen was pretty interesting. I'm a guy and my little pet peeve is having stuff on my hands or feeling oily/greasy on my face/hands and with the meds it doesn't help. Now the sunscreen dries instantly being a gel type. It left a very matte/primer feeling to it where it feels ""oily"" but at the same time not really. It just feels smooth and my girlfriend who tried it on a tiny spot on her hand was also pretty impressed. Now comes the part where I am interested in what everyone else uses and what worked/didn't work for them. Morning/Night routines also welcomed!"
Is 1-2 days fevers common post kidney transplant?,90 days post op. I have been getting fevers for 1 or 2 days at a time. This has happened 2-3 times. Taking paracetamol 650mg handles it. Has anyone else experienced this?
Need advice for best doctors.,"My father has nafld ,his liver is not functioning properly,he has had an episode of variceal bleeding and is also getting ascites from the last 6 months . He is 51 diabetic, hepatitis b (+) .He is getting albumin injections from last 5 months 3 times monthly and weekly from last 2 months . Doctors are suggesting a liver transplant ,what are the risks and complications and how much time does it take to get a liver in india without a live donor."
Does anyone else dread the day they have to fix their medicine,It feels like the biggest pain in the ass I feel like I run out of evero so fast😭🙏🏻 I just need some comfort i feel like I'm the only one that's hates this
Back in the hospital with pulmonary embolism and kidney issues,"I'm nine weeks post living donor liver transplant. My recovery was going well until a little over two weeks ago, when I started feeling more fatigued and short of breath. I went from being able to walk briskly for up to an hour at a time, to being able to walk slowly for fifteen or twenty minutes. My transplant team told me it was just the result of the normal ups and downs after transplant, and that it would get better. A few days ago, the shortness of breath got suddenly much worse. I couldn't walk at any speed without getting out of breath, and just sitting my blood oxygen was varying between 85% and 92%. I went to the local emergency room on the advice of my transplant coordinator. They admitted me and got a cardiologist there for a consult. After many tests, they found numerous blood clots in my lungs, and started me on an oral blood thinner. My transplant surgeon advised them to switch to a heparin IV drip, which they did. The other thing they found at the ER was that my creatinine, which has been high for weeks, was climbing. My transplant clinic has been monitoring that weekly, and has already started me on sirolimus with the idea that I can stop tacrolimus once my sirolimus levels get into the right range. Apparently, some people simply can't tolerate tacrolimus, even at the relatively modest dose I've been talking. Two days after I'd gone to the ER, my transplant coordinator called and said that they walked me back at the transplant center, which is 450 miles from home. She said that the hospital was working on arranging an air ambulance to take me there. I asked if I could just drive up, and she strongly recommended the air ambulance as being a safer option. She said that it was because of concern for my kidneys with the increasing creatinine (1.54 at it's lowest up to 1.80 before she called - normal is 1.3 and below). I took the flight, arriving at the transplant center very early Saturday morning. This morning, the doctor doing the weekend rounds told me that he was ready to release me once we got the heparin level right, because them he could switch me to oral anticoagulants. I asked about the creatinine, and he said that it wasn't a big concern and that I was here because of the blood clots. I told him what the transplant coordinator had said about the whole reason for the air ambulance being for my creatinine, and he just said that she was mistaken and that he'd have a word with her. I'll get to see a larger group of doctors and nurses tomorrow during rounds, since it won't be the weekend. I plan to push them a bit on my reasons for being here and what milestones I need to hit before discharge. I'm going to be pretty annoyed if they also tell me that it was because of the blood clots, because that's a fairly routine complication after major surgery that I feel like could have been managed by the doctors back home. Am I overreacting? I hate the feeling that I've been given wrong information by my transplant team, but I'm getting directly conflicting reasons why the flight to the transplant center was even necessary. It'll end up covered by my insurance, but my wife having to drive up and the extra time starting on a hotel are extra costs for us, as well as very disruptive to our lives and plans."
Issue after Kidney transplant,"I was just wondering has anyone had an issue with little to no >!ejaculation!< after a kidney transplant. It's been over 7 weeks and I've been cleared by my surgeon for sexual activity, but there is very little or sometimes no >!semen !<when having an >!orgasm!<. I'm concerned about this because me and my wife are going to try and have kids maybe in a year. If you have had this issue, has it gotten better for you?"
Questions,"I’m undergoing evaluation for heart & kidney transplant. I have an LVAD now and experience significant fatigue. Those that have had a heart transplant, were you able to improve your fitness after transplant? or is “what you have(fitness) going to in transplant is what you’ll have afterward(ie don’t expect much improvement/potential afterwards)?” Was there anything you wished you understood better prior to getting a transplant? Bonus questions to those who had LVAD before transplant. What was different (both + or -) after getting your heart transplant?"
Advice - Tacrolimus and Sun,"Hi yall. So I got a kidney transplant this February and now the suns out, I'm wanting to go out in the sun, but I'm taking Tacrolimus (Adoport) I know to use the highest factor sunscreen, but how do others deal with this? Thanks."
Switching Pharmacy Blues,"We moved three months ago, and I had to switch to another grocery pharmacy in the same chain. But it has been one thing after another. The new place couldn't transfer the prescriptions. Then the old place said that they of course could, but then did it. Then the new place did not take some of the transfers. Then my auto-refill was turned off on several of my meds. I fixed those and checked everything. Then auto refill gets turned off again. Then I run out of needles for my specialty pharmacy injection, I get from their specialty pharmacy, and they remove it from my order list. I add it again, and it is removed again by the time my wife goes to the pharmacy. I add it a third time, and the next day, I am up there picking another medicine, and there are no needles. I ask about the needles. They say the insurance doesn't cover it, so ""it gets removed of the order"". $9 for 50. Their other location processed needle orders no matter. This place, no. Trying to live with joy in my heart c"
Need some informations about your expérience with tacrolimus tox and dépression,Hi guys am new to this group and this my first post this page was recommended to me by chatgpt as the best place for transplant patient to cheir ther expérience. Well a had a double transplant kidney/liver in 2013 in france and now am back to algria and do my chek up's in algeria this last 9 month my tacrolimus was up from 3mg a day to 9mg a day ane i felt some symptômes can't sleep well dépression tremers fatigue and evan suicaidel taght's the doctor's her aren't that familiar with my case ngl am the first case in algeria talked to my doc and he gave me amitriptlyne for just 6 days i felt better for a while and was back to 0 Can you tell me pleas if this heppend to anyone here and antidepression worked or helped you and what your doctor gave exactly
Immunosuppressant and weight gain,"Hello! I've seen some talk about this topic —across different transplant types, meds, and years—but it’s scattered and hard to follow. My goal is to compile our shared experiences in one centralized place for anyone currently struggling or curious. This poll focuses on general weight changes after transplant. Please vote in the poll, then scroll down to the comments where I’ve added some follow-up questions you can answer or upvote to help keep things organized. Please feel free to share: Your transplant type & how long ago it was Which immunosuppressants you’re on If you’ve experienced weight gain, loss, or fluctuations What patterns, side effects, or helpful strategies you’ve noticed [View Poll](https://www.reddit.com/poll/1lh9rrj)"
Kidney transplant rejection,"My husband had a kidney transplant 7 months back and due to skipping immunosuppressants his kidney started both acute antibody mediated rejection and Tcell mediated rejection. He underwent a combination of therapy - corticosteroids, Plasma pheresis, IV IG and rituximab. There is no improvement after a week and the serum creatinine levels are still at 6.8. He feels drowsy, body pain and head ache. Will he recover from the rejection"
Considering becoming a living liver donor for my dad — need advice and experiences,"Hi everyone,I’m a 20-year-old male and seriously considering becoming a living liver donor for my dad (64). He’s currently at the top of the transplant list. Even though he’s been living with liver cirrhosis for about 15 years and has stage 4 liver cancer, he’s holding up surprisingly well. He’s received Y90 treatment already, doesn’t feel any pain, and continues to live an active life — he still goes to work every day and even works out regularly. Despite how well he seems to be doing, his doctors are strongly recommending that we move forward with the transplant now rather than waiting for things to get worse. I wanted to ask: would it be better (or safer long-term) for me, his son, to donate part of my liver as a living donor — rather than him receiving a liver from a deceased donor (a stranger)? We’re especially concerned about rejection risks. We’ve heard stories about people who’ve gone through horrible rejection experiences, and we really want to avoid that if possible. I’m O+ blood type, so I’m a universal donor. I’d love to hear from anyone who’s gone through a similar situation — either as a living donor or recipient. Any thoughts on timing, risks, recovery, and how living donor outcomes compare to deceased donor ones would be incredibly helpful. Thanks so much in advance. I’ll read every reply carefully."
Only for people who had their transplant after 60,"My father is above 60 years of age, fighting HepB virus for 20 years.Had ascites and now vericeal bleeding (TVL done).I wanted to know if a liver transplant is successful in patients above 60!?"
A Few Questions About Donating Liver,"I'm 16 right now, my mom is 50. She has final stage liver cirrhosis and the doctor said that she has a year to live. I live in Georgia. Is there any way that I can donate my liver to her as a minor, and do you guys really think that she only has a year left? I don't know anything about this stuff but they said her bloodwork was off the charts and that she doesn't have much time. Is there any way for me to donate my liver as a minor? And for people donating their liver, do they eventually recover fully? This one doesn't particularly matter as much but I'm an MMA fighter and it's currently going to be my profession. I just want to know if this is still gonna be available for me. Thank you for any help. Please let me know because this is currently really bothering me."
What to expect post liver transplant?,"Hi all! I am a long time lurker, first time poster. As of Thursday morning, my mom (59 years old) received her miracle transplant! She’s doing extremely well. She was only intubated for 2 hours post op, and her ultrasound of the new liver looks amazing. It’s wild to see her bilirubin levels returning to normal range almost instantly. The nurses even had her up and walk over to the sink with assistance to brush her teeth today, 24 hours post op! She’s really a rock star, and we have been waiting 2.5 years for this moment. She was diagnosed in February of 2023 with end stage cirrhosis and HCC. As of now, everything is going very smoothly, and the doctors are hoping to have her home relatively soon. My biggest question is: what should we expect when she’s home? What are some necessities, nice to haves, and must haves? Things you didn’t expect? I want to make sure we are as prepared as possible for her return and that we make the healing environment extremely comfortable for her. Thanks in advance!"
"Medical courier messed up bad, what should I do?","Hey everyone I just recently got a new kidney from a living donor via the Paired match program. The donor whose kidney I got lives about a 6 hour drive away. Everything had been scheduled for about a month and somehow the Medical Courier that was supposed to to delivery my organ failed spectacularly. The total ischemic time (I.E. time out of a body) was supposed to be about 9-10 hours. The organ harvest went perfectly, but the the courier missed TWO flights before deciding to just drive the organ. My kidney was on ice for about 19 hours and from the research that I've done that increases my chance of rejection within 5 years by a whopping 72%! Before this foul up I had a great outlook on the surgery but now I feel as if I've been robbed of a healthy organ. Do you guys have any thoughts on how I should proceed? Lawsuit, call and chew someone out just leave it alone? My surgeon was astounded that this happened as well..."
Heart transplant costs,"Those of you that have had heart transplants, how did you pay for it? I am starting the process and they want me to have financial plan in place. Just having Medicare isn't enough. So, how do you all do it? Crowdfunding? I won't have to travel, so that's good at least."
"I’m sorry, I know you’re all sick and tired of me.","I wish I could promise this will be the last thread I’ll make but I don’t even know that. But first and foremost. I need this to be very fucking clear. I am not joking. I have not, am not, or will not ever do anything to harm myself in any capacity. There is one thing that I could never do and that would be to waste these amazing lungs that I got. No matter how bad, there is nothing that will ever, and I mean FUCKING EVER waste these lungs. I will use them as long as I fucking can. These lungs aren’t just some dead guys lungs. These are the most selfless act of heroism. These are the most special gift any person on the planet can get. I will never harm myself. I need to make that very fucking clear. Right now, my biggest issue, is that I’m dealing with some extreme depression. Depression from * Nonstop pain * Lack of appetite from pain * Nausea, headaches, and extreme annoyance with everything from not eating * horrible pain and hunger induced insomnia * The extreme lack of care, understanding, or even simply empathy from anyone, or anything else. * An intense growing anger for all medical professionals for not just being left in limbo for 17 months, but the constant gaslighting to make it feel like I keep doing something wrong. The unwillingness to help. Everyone just cuts me off and assumes the worse. That I’m just some fucking junky trying to score pills, no matter how many times I ask for tests and answers for pills. As we all know, pill fatigue is a real thing and lately, I have been deeply struggling to take them. * How cold everyone has become towards me. No sympathy. None. My own in-laws compared my own fucking destroyed Vertabrae with cuts and some light burn marks. That they don’t even offer my wife any kind of support but expect her to drop any and everything she’s doing to drive an hour, and spend a week at their place taking care of her dementia riddled grandmother. Refusing to do the basics for people who are caring for a woman like that. * the constant verbal assaults by people telling me that I should just shut up and be grateful that I’m alive. It’s “only some back pain” * My own neighbours told me to shut up because they “could hear me crying from my house to theirs”. That the husband over there has a “sore back”, so he knows what it’s like. * And look, I understand, it’s everyone’s money and they can do whatever they want with it. But here I am, in pain, struggling to put up our fucking pergola, as in rebuilding it, putting the cover on top, and making sure it’s all good. Meanwhile, and I’m not even joking about this. My neighbours have a 1 foot by like 10 foot long piece of grass on their property. They destroyed the rest of their lawn and just covered it with gravel. They pay someone 100 dollars, every two weeks, for a COMPANY, to come mow it. Not even some kid in our area. * They also purposely tease my dog, have tried to poison her, have opened out back gates, and have tried to get her to run away or run into traffic. * They also used to break into our backyard, take whatever things they wanted, without permission, use it, then just toss it over the fence when they’re done with it. We had to put locks on every damn near everything. * They even gave my wife shit about “respecting the neighbour” and how disrespectful it was for to bring an ambulance to our house, because when I broke my spine, my wife was a good two hour walk from our home, she also needed to grab important medical documents, and other things. * even my own mother keeps making my pain and sadness about her. If you don’t remember, she opened up various gofundmes in my name, without telling me, I learned she scammed a good 100-120,000 dollars out of that, I even reported her but my mother is a master manipulator and gofundme sided with her. * She even called up my numerous step fathers, and the extreme piece of shit that is an insult to shit of my biodad, telling all of them that I had died and she needed 5000 dollars for my “funeral” * My little brother keeps trying push his way into my what little social circle I have left, and is constantly scamming and stealing from them, and then the hate they have for him, ends up firing back to me. Despite my many warnings, honest pleas, and more. It’s always the same thing. “I’ve hung out with him a few times, you’re just over exaggerating”. And then a few months down the road. It’s the same thing. “Your fucking brother scammed me for X amount. I want it back. Dont talk to me and I am done with you til I get my money back” * and the life im living. It’s just exactly back to what I was pre transplant but so much worse. I can’t sit up for longer than 10-30 minutes, depending on the day, I can’t walk the length of my house and my other neighbours house, without pain being so bad, that I want to cry or nearly faint. * I have no income. I don’t qualify for anything(believe me. I’ve fucking tried) * My mother was supposed to help me, just a bit, with even just the insurance on my car, which is 150 bucks a month. A car she bought and put in my name while I was trying to deal with a lot, that she was as supposed to pay the monthly payments, but when I got cancer, she stopped for 2 years because she expected and wanted me to die, so she could get the insurance payout. * No one even wants to listen to anything from me anymore because they’re all just giving up. I’ve never asked people for help, just a friendly face to vent to. * I drink, I don’t smoke, I don’t do drugs of any kind, unless it’s of course prescribed by my doctors and even then, I ask an insane amount of questions of how safe it is, should there be anything I or my wife know if something goes wrong, and more. I am not living. I feel like an extremely worthless piece of shit who isn’t even living. I truly hate myself and everything that I am. No matter where I am in life, no matter how happy I am, no matter how sad, angry, lonely, I just seem to attract this one type of people towards me. I used to think that just waking up tomorrow meant it was going to be a good day because I’m alive, but that’s not even doing it for me anymore. I’m struggling so hard. Like I said at the start. I will never give up, but that doesn’t make the fears, abuse, stress, or the rest of it go away. I just need a break. And honestly. This back surgery scares me. With transparent, I was completely alone. It didn’t matter if I died. With post transplant cancer, it all happened so quick, I really didn’t have time to think about it. But with this. It’s been 17 months. 17 months of nonstop pain. Made even worse by my surgeons fucking nurse deleting everything about me, and several other patients from his charts. Tests, upcoming appointments, and more. I should have had this surgery long before now. I also found out that my own transplant team hasn’t even updated the records they have on me in a year. When I spoke to my surgeon. He was so confused, trying to find test results of all sorts that I know my transplant team sent me for, but it’s all gone. I know most of you are fucking sick of me, don’t like me, or simply don’t care, and I don’t blame you. I am sick of me, I hate myself more than any of you ever could, and I am so tired of being this depressive piece of shit. I am just stuck, lost, scared, full of rage and sadness, and so much more. And yes. I will be taking the surgery, if my body is able to handle it. To call these last 17 months as “living” is a fucking joke. And honestly. I don’t even know why I keep writing these."
Taking the victories big and small.,"Everyone tells you to take the victories when you can during this crazy journey. Well, I'm taking 2 of them today. And yes, I'm tooting my own horn, because I'm damn proud of myself. Today is 3 months post transplant, and am now moving to 1x month labs. Today also marks 1 year of my sobriety. Alcohol almost took me away. But through the strength, knowledge, wisdom and kindness, my team has made me a new person. This includes friends, family, medical professionals and support groups. I'm proud of me and i'm proud and thankful to them. Now if you'll excuse me, I'm going to go play boardgames with my wife and have a bowl of ice cream for breakfast."
"4 year old is 6 weeks post transplant, & admitted again :(","Does anyone have experience with this? At our clinic visit on Monday, her CRP was off the charts (but liver numbers were all normal), which was super confusing to our team. She has also been experiencing a lot of headaches, muscle cramps, nausea, etc. for the past week which I thought were medication side effects. They ended up sending us up to the ER for further evaluation, and she felt a lot better after an IV drip of Morphine and Zofran but we were still admitted just to hopefully figure this out. The next day, she had a sedated brain MRI to check for signs of PRES, which was also clear. We weren’t super concerned about her liver, given liver numbers were normal but they also did an ultrasound + fibroscan which looked great! For now the only problem they can find is she has critically low magnesium levels, so they’ve been giving her an overnight drip of IV Magnesium for the last 2 nights, which has helped a ton with her symptoms! But that CRP level is still not going down, and now both the inpatient and transplant teams are super confused. I am also just so frustrated that we only got a few weeks at home after a 2 month hospital stay (she was listed status 1A inpatient before transplant) before having to come right back. Her spirits are high, she tells me everyday “mommy I’m having so much fun here!” because our hospital has an amazing playroom and child life programs. But I’m just sad and scared and this rollercoaster ride is really wearing me out. Any advice or support would be very appreciated, thank you so much!"
"22,645 Steps Today!","My recovery from transplant was long & difficult. Several years before I started getting sick, I would often walk around 20,000 steps at least once a week. That came to an end about 7 years ago (due to kidney failure). I’ve been doing about 6,000 to 10,000 steps once a week or so for the past few months. Today I decided to challenge myself and can’t believe I was able to do 22,000 steps! This was huge for me, feels like I’m finally getting back to where I was years ago. I’m coming up on 3 years post-transplant and I’m finally beginning to feel like I did before I got really sick. Just wanted to share the good news."
Post transplant timeline,"I have a different question. I know it will take a while, but how long after should I be able to visit the shooting range again?"
2 medical terms I'd like changed....,"""Rejection"" and ""heart failure"". While both are very serious, neither are necessarily fatal or even necessarily that bad. Of course, they can be very bad. But both can actually be managed quite well. I just don't like how strong of a tense these words invoke when I use them. I cannot tell you how many people have asked me about my condition, and when I've used either term I get an unnecessary eyebrow raise from them. I would replace ""rejection"" with something like ""internal immune interference"". And for ""heart failure"" I would vote for ""heart deficiency syndrome"" or something like that."
Tacro tremord,Have any of you managed to contain them? I feel like an off duty maraca 0layer
Tacro number,"Posted two weeks ago that my Tacro number was 1.7. At the time I was concerned because my number usually ranges from 5 to 7. Got my results back last night from my updated bloodwork and my Tacro is 1.8. After two weeks, it only increased by .1%. Alt and AST are high as well. I’m waiting to hear from my team, but in the meantime, any advice.?"
First ild/ emphysema flare,"First off thank you for listening. I could go on for a bit but I'll keep it short (hopefully). I'm coming of a week long hospitalization for my first flare from the ild I've been dealing with for about 12 years with my issue being dlco in the 40s and below for about 9 years. I'm currently tapering from 96 mg prednisone (6/3) to currently on 50mg(6/19). While reducing 10mg every 4 days which is most likely the reason I'm even posting in the first place(not a big online poster guy 😵‍💫 )I've been on 5 mg daily prednisone for also about 7 years. Recently have been also diagnosed short telomere syndrome which is amazing to finally get an answer as to why this has happened, but comes with news that makes transplant (lung liver bone marrow) potentially more challenging A couple things - first, this pred taper is brutal with the side affects especially the pain in the mornings, making my lungs /body feel like 💩 as I'm sure you've all dealt with. Hopefully this is ""normal "" - then the hard part, is not for me, but for my wife ,stepsons ,family and friends. I feel for the rest of my ""life"" i will subject them to this horrible disease that comes with a new lifestyle that limits them to living an actual life. This I struggle the most with while sure it's not fair to me I think it's immeasurably unfair to them and have many thoughts of not even pursing transplant. And letting things take its natural course. And I really don't know how to balance what they say they want( me to get the dlt) to what i truly feel would be best for all involved Thanks for any advice and for listening. And I wish you all the best Dan"
Post pancreas transplant,"Here’s a question for those who’ve had just a pancreas transplant. I had my transplant on Friday and am at home now. My mother and sister claim the dark circles under my eyes have already lessened. I’d love for it to be true, but I’m having my doubts. I know that I actually felt physically better after waking up after my kidney transplant 13 years ago, but has anyone experienced anything like this?"
I got set aside from the list,I randomly got sick this past Friday and went to the ER and I went they took x-rays and all that stuff they were worried that I was having a stroke but thank God I didnt and I went to my cardiologist yesterday and I was worried I wasn’t going to get a heart anytime soon but she said until we find out what really happened will let you know I was worried. And they called earlier and told me I might have gallbladder stones and I got shocked but I didn’t panic my vad coordinator told me they go away SOMETIMES but not always. I’ll be off the list for a while until they find out what really happened to me.
Approved for Liver List,"Three months ago I did not realize just how much a new liver could do for me. Once I got cancer, it seemed pretty necessary. I got my approval by my transplant board. I’m elated. Oh - and I got my Y90 for the cancer today and it went great. Get your scans."
No myfortic/cellcept?,"Hi 👋 has anyone completely gone off their myfortic/cellcept (mycophenelate, mycophenolic acid)? My doctor reduced my dose by half last meeting because of some GI issues and they’ve been a little better but persisting and now she told me to stop it completely. She also doubled my tac dose because it was under 4 for the 3rd week in a row. I’m about 2 months out. Anyone have similar experience? I thought it was a pretty important med so I’m kinda nervous!"
Living donors who lift—how long to get back to it?,"I’m 32, train for hypertrophy (pushing close to failure) 4–5×/week, and I’m considering donating my right liver lobe to my parent. If you’ve been through living-donor hepatectomy and lift, how long did it take before you were back to your usual training loads, and what was the progression like to get there? I’ll absolutely follow my surgeon/PT’s timeline and not push things too early—just looking for real-world recovery stories. Thanks!"
7months post Kidney Tx - ready to give up,"Hi guys, im new to Reddit but needed some advice as I'm literally the lowest I've ever been. Im a 43 year old female and had my kidney Transplant almost 8 months ago. Basically ive had a long and complicated medical history - I have Ehlers Danlos which causes me great pain and affects my mobility, and ive had so many spontaneous Pneumothorax that ive had 3 Lung surgeries. My first sign of Kidney disease was when i was pregnant at 27 and i had lung collapses at this time. my Daughter was born early because my kidneys were not working properly. Over the years my health got worse and i knew i was on track for a transplant. i spent 2yrs on PD and had to be taken off of the Transplant list because i had some sort of Fungal cavity on my Left lung. They treated this for a year with Voriconazole and told me once i had my Transplant i would need to be on it for another year as a precaution. Last November i go back on the waitlist and get the call that they have found me a potential kidney. i had no idea that going in that day would turn my life upside down, and i am now at my lowest 7months later. I had been on Anti depressants for about 15 years and take co codeine for pain every day. 3 days after surgery i had a Cardiac arrest and they said it was the combination of drugs so took me off the Anti depressants. i went cold Turkey and was crawling round the bed. i had to beg for codeine as i was in so much pain and the whole ordeal was very traumatic. I had complications after i was let home and had to go back in etc etc, and started the recovery at home again. i was doing ok, but then i just went down hill mentally. Crippling Anxiety, i couldn't move in the mornings, i kept crying, kept thinking about death and leaving my Daughter behind. I basically had a breakdown, and they wouldnt give me anything, just kept asking if i was Suicidal, and to see a counsellor, which i did. fast forward a few more months and i was doing a lot better. a little gardening, getting my stamina up by walking the dog etc. Then again this last month ive gone down hill again. Depression is at its worst, i barely get out of bed, I've got no energy, only eat a few types of food, keep crying and generally have got no interest in living. i hate to be ungrateful of this wonderful gift I've been given, but its just so hard. i live alone, my Daughter is away for weeks at a time and I'm in pain every day. (Thats nothing new, I've had pain and walked with a stick for years) but i just feel so alone, and have really had enough of fighting. I honestly wish i had never had this transplant, i would have been happier living my days on Dialysis. sorry for the long winded post. i basically just need to know does it ever get better?"
Looking to grow Mod team,"Hello all, With some changes Reddit made there is a large influx of Mod actions needing to be managed now. I'm modding (almost) solo, and with a job change happening I need to add other mods to keep up with reports and actions in a more timely manner. I'd prefer someone with: 1. Mod experience (not required though) 2. Someone who is online enough to help catch reports. This is an unpaid job (volunteering for the community). If you're only hopping on once/twice a day, that may not be enough. 3. Hopefully at least one person outside of the US. I'm finding a lot of the posts needing the most attention are happening overnight for me."
Do you guys use sunscreen when going outside during the summer,"Hi, I’m just asking for behave of a family member that had a liver transplant couple months ago. I just need to know the diet and other precautions you take especially during summer. Anybody use the spray and is it a good option, I find it easier to use?"
Coming to the crushing realization it’s impossible to survive on SSDI and Medicare,"I got my liver transplant 1/2023 and kidney 12/2023. For 24 months I was completely covered insurance-wise through state Medicaid. I paid for nothing. And I was able to pay rent and bills with my SSDI check. Things were ok. At the beginning of this month I was enrolled in Medicare and lost all my state benefits. So now I’m paying the $185 for part B and $150 for part D which doesn’t even cover all my medications. I know its necessary to get some kind of medigap insurance, which for me in my area starts at $300. And absolutely nothing for dental or vision. How do people get by? It’s not at all feasible. I’m pretty devastated."
2 years out of liver transplant,Im more than a little worried. Im two years out and now my numbers jumped. What makes me really worried is that im craving salt. I had super bad cravings for salt before my transplant. I don't have any swelling. Im getting a biopsy on Friday. Anyone else have that craving with failing livers?
Transplant rejection,"Hi all, my fiancée has been going through acute antibody kidney rejection since March. He had a biopsy in March after some funky lab work and from that found antibody rejection. He’s done 2 rounds of infusion/plasmapheresis treatment for a total of 12 sessions. His next step is another biopsy on Wednesday. The catheter is being removed on Thursday which seems like good news, but can anyone offer what another biopsy could find? Something with the antibodies? As of this past Friday his GFR was very low. With the catheter being removed he thinks he’ll possibly be starting another IV medication. His team is making it seem like the infusions have done their part and this will be the next step. I’m just trying to get opinions. Thank you in advance."
Relationship stuff,"Hello, transplant friends! I am a heart and double lung recipient, 20 years post-transplant, and I'm wondering if any of you have struggled with a partner who is dismissive of your condition. I have been with my partner for over 10 years, so he is well aware of my health issues. In recent years, my lung function has slowly been decreasing, and I am in the early stages of chronic lung rejection. My kidneys are also facing some difficulties. During my yearly appointment, the doctors were positive and optimistic about using medications to help stabilize the rejection, even saying things like, ""Let's keep you going for another 10 years!"" My partner felt that the visit went very well and thought I should feel relieved that my situation isn’t that dire. However, after that appointment, I felt quite sad. While I am grateful for having lived 20 years post-transplant, I am also incredibly anxious because I know I am pushing my limits. There are not many heart-lung transplant recipients, so the research is limited, and I feel like I'm off the typical curve. Since that visit, my partner has become increasingly frustrated with me when I share updates with friends and family. He believes I am trying to gain sympathy or exaggerate my situation. He has started to be more critical of me, and I'm finding it difficult to see things from his perspective. Most of my mental energy lately has been focused on my health issues, which has made me more forgetful and less attentive to other things. I understand that it can be challenging to care for someone who is chronically ill, but it's also not fair for my struggles to be dismissed. Any advice would be appreciated!"
Living donor,"Hello, my mom got diagnosed with cirrhosis uncompensated last year , I want to become a transplant donor , has anyone donated part of their liver to Someoen with cirrhosis and how did your experience go?"
Smoking cannabis post kidney transplant?,Guys anyone here has a kidney transplant and still smoke weed frequently after ? I love smoking weed and I keep seeing conflicting stories about it. I know edibles are better for you but they are too intense for me. I just wanna kick back while it’s raining and smoke a J you know? If anyone does what meds do you take?
3 Months Post....,"Long time lurker, over a year before and up to my transplant. I feel like there are most likely tons of other lurkers here just trying to make sense of what is going on and what to expect. So I figured I'd share my experience because, as is the case with most things on the internet, it feels like the minority speak the most and loudest. Every transplant patient I've met during my numerous lab draws and clinic appointments had a story more similar to mine than what I've read here every day. That all said, I'm pretty close to being back to my normal life. I go out to dinners with friends. Go to the movies with my wife and kid. I lift weights 5 days a week. Go for walks every day. Go to the grocery store, post office, etc. The only thing I haven't done yet is get on a plane which I'll be doing for Thanksgiving to go visit the in-laws. I haven't worn a mask since the end of the 2nd month. I have a 3 year old in day care, and we had a birthday party for her with all her classmates. Had a little sniffle the day after which cleared up by the time I woke up the following morning. My neph said the rule before covid at my center was wear a mask always during the first month, only in crowded places the 2nd month, and by the 3rd month it's up to you and you can or cannot wear one. Had to add that in before everyone loses their mind about it. I try to be mindful about general hygiene and keeping my hands clean. I don't walk into the line of spray if I see someone sneezing the example. Basically I do the things you should be doing regardless of having a transplant. I just say all of this to say there are a lot of us who do actually try to go back to living our normal lives. It's ok to do it. The very cliche but very true quote my neph said to me which has been said by many is ""you can either be a transplant patient or a person who had a transplant"" or some variation of that. I actively choose every day to be a person who happened to have a transplant. I didn't go through all this hell to not be able to live my life again. Some people have a variety of other illnesses to go along with their organ failure that prevents them from getting back out there, which i totally respect and understand. But, for the rest of us, don't live in fear. That's my best advice. I get tired more quickly, my memory isn't what it used to be, I'm not as physically strong as I once was, along with all the other regular side effects you have as a transplant patient. None of it should stop you, and it doesn't stop me, from doing what you can to live again. I'm taking 5mg pred, 2mg tac morning and 1.5mg tac at night, and 500mg cellcept 2x a day. I take bp meds, statin, etc as well just for reference. My creatinine hovers between 1.6 and 1.9, my egfr between 45 and 55. All my bloodwork has been good and my team are happy with these results. Again as someone who has read just about every post on here for the last year+ I just think that a post like this would have helped me a lot. I was so scared of life after transplant and that id just become a bubble boy, which is what it seems like most people here are or advocate for. It doesn't have to be like that for everyone. You're not disrespecting the gift of a second chance at life but actually trying to live it. Quite the opposite, in my opinion. I'm doing my best to honor my donor by doing exactly what I would be doing if I never had gone through kidney failure. I got the gift of getting my life back and I'm doing my best to live it."
Trying not to freak out,"I am a kidney and liver transplant recipient, with the kidney performing beautifully for the last 13 years. Two weeks ago, I developed a UTI that got into the kidney and bloodstream, and my creatinine numbers of shot up from my baseline of roughly 2.5 to over 5.0. As we treated the infection it's come down somewhat, and I have one week of antibiotics left, but most recent blood work had creatinine rising again.... I would be very reassured to hear from anyone who's gone through this sort of episode as to whether it's likely that creatinine will continue to come down. I'm currently at 3.4, which is a big shift from my previous baseline. Thanks in advance."
Podcast,"Hey everybody, I’m sure this has been asked here before but I’m gonna do it anyways. Is there anyone in here that would be open to talking about their stories with me, either donor, recipient or a family member of a deceased donor? I told mine at school a couple of times and people always wanted to hear more of it and I found myself with some free time coming up and figured why not. I was thinking 30-60 mins and just kind of go through your life story, life before you were sick, life while you were sick, transplant, recovery, current life/advise, as much as you’re comfortable with. Thank you!"
Lasted 25 years,"Received a heart TX at 5 years old Now will be needing another heart and a kidney (too much immunosuppression) sooner rather than later Given a choice to pick to go to either MN or CAL. The catch is that I will have to uproot my entire life from the Midwest and live permanently in either state since my hometown has no TX center at all. It was recently canceled which makes perfect timing. Personally, to me CAL is a no go due to the expensive costs of just living there. MN seems reasonable but the climate can get insanely cold, which is a far cry to the situation as a whole. Ironically, I've been told that I am worrying too much about my financial situation compared to just getting through the operation. Maybe, but I don't think anyone wants to be in a situation of life or death only to end up living paycheck to paycheck. My work is remote and get paid decently well enough to have some cash left over after paying off my mortgage every month. However, I know it won't be enough to cover costs in SD. I've been told SD has one of the best TX centers that gives the Mayo a run for their money (If that is even true). It seems I'm stuck deciding best quality of outcome after TX over quality of life (social, finance, etc.). I guess I'm looking for some perspective on here since I don't really have anyone else to reach out to. Family's mentality has been to pick the best center and worry about everything else later. I understand but don't think this is the right approach. What does everybody think? Edit: Thanks everyone for responding to my post. My antibodies are mid and not too high, and the Dr has expressed high confidence in the outcome however, the situation still makes me feel uneasy. My goal until I get the call from whichever facility is to be in the best shape I can. My fitness is alright (it takes a bit for my body to catch up whether it's weightlifting or cardio but once I get going, I can keep up the pace, relatively speaking). Essentially, I'm facing a two-pronged dilemma which is financial and quality of life outcome if all goes well. I've been told transplantation of the heart is less common in my age and harder due to scar tissue. I guess I will take it one day at a time. Whatever happens I'll see you folks on the other side."
NASH & Veterans,"I am just wondering how many others here have NASH based cirrhosis and are vets. I am. I'm post transplant, NASH & a vet."
"23 days post liver tx, Dad still in ICU / been opened back up 2x","Hi guys. You’ve been so invaluable with how generous sharing your experiences has been. As you know this is such uncharted waters for so many of us who have had to dive in face first with no map. My dad had a triple bypass and liver transplant 24 days ago (5/22/25). He was in the OR for about 15 hours. Everything went relatively smoothly and he had a slow first week of entire sedation but started to come out of it a little last week, only to experience AFIB (too much dialysis, too fast) and then had to be opened up once they discovered his pancreas was leaking, leading to internal bleeding. They opened his liver incision 8 days ago (6/6/35) to put in a stent ~ this is where the medical procedures and verbiage gets hard for me to understand and communicate but I’m doing my best. He has been trying to come back from that all week, finally started to perk up and at 4:30am this morning (6/24/25) I get a call they’re taking him back for emergency surgery as one of his drains has blood, he’s bleeding somewhere and his BP plummeted again. They get in there and discovered that it wasn’t the previous issue that had been resolved (for now) with the stent. But the bleeding is coming from somewhere else that they can’t tell. The surgeon told me that his main concern now is that his liver has been under two major stress events and they’ve gone in twice now which is obviously creating a good amount of scar tissue. He said something along the lines of, “we don’t know how much more this liver can take.” While also saying that the liver itself looks good and pink and like it’s functioning well. I guess I’m just feeling so alone, so deeply bone-deep tired. The whip lash of hopefulness, to despair to frustration to doubt and fear and gratitude is exhausting. I’ve heard of rejection. I know it’s a possibility. I know it’s so incredibly nuanced. And his complications are unique to him and his body and the health he walked in with to begin. I just literally don’t know how much of this his body can take - all the chest tubes, the abdomen tubes, the starting and stopping the arterial line, the neck line, the overnight dialysis and then the 24/7 dialysis and then the feeding tube and then the regular diet and then another intubation and then another surgery ripping him open. Experience? Hope? Reality check? (Lovingly please, I’m tender) Thank you for your stories of miracles. One year out, 6 years out, 30 years out. They amaze me. I read every word on this thread. You are all such brave souls and I know that you were needed here for such a big reason. Sending love"
Sleep Cycle Disturbance After 6 Months of Kidney Transplant,"Hello everyone, My father had a kidney transplant around 6 months ago. Lately, we’ve noticed a significant disturbance in his sleep cycle. He stays awake until very late at night and wakes up late in the morning. This is a major shift from his previous routine, as he was always an early sleeper and early riser. We’re trying to understand if this could be related to the post-transplant medications. He’s otherwise doing fine, and all major health parameters seem stable. Is disturbed sleep a common post-transplant issue? At what point should we consider speaking to the transplant team or a sleep specialist? Is it considered serious if he’s still getting 6–7 hours of sleep, but on a shifted schedule. Would truly appreciate any shared experiences or advice. Thank you!"
Liver transplant with bile duct issues,"Liver transplant jan 2024, things are great. Then my numbers start getting bad because my bile duct is clogged with sludge. I had my 7TH!!! ercp today. I can’t do them anymore. My brain freaked out about the hospital stay. Anyone else dealing/dealt with this? I know the real end is another transplant but the liver is great."
Kidney biopsy show ATN,Creatine has been rising slowly over the last couple of weeks from the lowest of 370 to today being 570. Had biopsy yesterday and early results show I have acute tubular necrosis (ATN) but no rejection or infection. What scares me right now is thats what killed my second kidney. But on the lighter side my new kidney is still making urine and is flushing itself clear so fingers cross in a few weeks it will start to repair itself. My second transplant didnt have that chance because ATN was so bad it never woke up. Im not religious but I pray it turns and starts to recovery because I just turned 30 and this is the last transplant I can get due to anti bodies and physical space.
Back for round 2,"Okay, had a no go on Monday and now we’re back at the hospital for round 2. Donor pancreas will be checked at 8am and if all goes well, I’ll go into surgery at around noon. Edit - I’m now post transplant! Everything has gone as well as it could have. Had the transplant yesterday at 2pm and I’m now out of bed and sitting in a chair. Edit - had my transplant on Friday, now sitting comfortably at my own dining room table tonight."
Way to go Tim!!! Our xeno recipient got to throw out the first pitch for the Red Sox!!!,"Tim is out there spreading the news and just being amazing! Tim, one four xenotransplant pig kidney recipient, is still living and loving life! [Man who survived one of four ever pig kidney transplants, throws first pitch at Fenway Park](https://www.wcvb.com/article/man-who-survived-pig-kidney-transplant-throws-first-pitch-fenway-park/65040557) I was in a zoom meeting with him, his wife, and his doctor the other day in Transplant Journey, a Facebook Group. The guy is so positive no matter how insanely cutting edge and dangerous it is. The doctor said they just did a huge symposium, doctors from all over. Hopefully, more and more people can be saved with similar type research."
How are target c2 levels decided in KT patients?,"Hi, anyone has any idea about how c2 levels are decided for a patient? Is it a standard thing based on time post KT or is it specific to each and every patient?"
How long it took for your creatinine to stabilize post KT?,How long it took your creatinine and cyclosporine/tac dose to stabilize? My creatinine is fluctuating since last 1 month. 1 -> 1.32 -> 1.34 -> 1.38 I'm 2.5 months post KT. 15 days back I got UTI and was treated with 7 days of IV antibiotics. Doctor's are currently adjusting the Cyclosporine dose and have assured that it will come down but I'm a bit stressed.
Acute cellular rejection,"Hi everyone, (M28) I received my kidney transplant in January this year and recently found out 2 weeks ago that my kidney is in acute rejection. They treated me with 450mg of IV steroids 3 days in a row and then a prednisone taper from 60mg back to my normal 7.5mg dose. Just got some bloodwork back and my creatinine is still at 1.79 with a BUN of 39.8 and GFR of 52. I am a little nervous about my kidney failing and having to go back on dialysis. I guess the point I’m trying to get at is who has had experience with acute rejection and what was the process like for you? *Edit- I had a biopsy and that’s what discovered the acute rejection."
To risk death or not?,"Okay, so, as some know here, I’ve broken my spine because of transplant/cancer issues. If you don’t know, here’s the gist. 17 months ago, I was out walking with my wife, the last thing I remember saying was “I feel dizzy”, and then I woke up some 30 minutes later with an ambulance and paramedics trying to get me on a gurney. I was both a stubborn idiot, being like “don’t worry, I can get on it myself”, and screaming in extreme pain anytime I moved. I had a seizure/stroke, and somehow crushed my L7 vertebrae. The X-ray I have looks really fucked up. For these last 17 months, I’ve had zero quality of life. I’ve basically been bedridden 24/7, and if I’m even able to get up, I have to put on this massive painful torso brace and I can maybe up and walking for like 2 hours at most. Now, things are finally moving for my surgery. I spoke to my surgeon for the first time a few days ago. One of the first things he said to me was “There is a very high chance you’ll die in the OR or in the ICU”. The issue is, this is optional. With transplant and cancer, doing transplant or chemotherapy wasn’t optional and it was either 100% death, or risk it for life. Because this is optional, the thing is, I’m alive. Yes, life is painful but atleast I’m alive. I could probably live for another 2-4 years at most and then probably go into rejection and die. Or I do this surgery, have like a 10% or lower chance at surviving and get my life back. I am genuinely scared and don’t know what to do. With transplant and cancer, it was just so much easier to decide what to do, but this…this is difficult. I am extremely miserable, in a lot of pain, and can’t really do anything, but atleast I’m alive. We all know how difficult it is to live in pain. I just….i just don’t know what to do. I still have some tests to do and there could be a chance it’s actually not that high of a chance of dying, and my doctors are willing to do it because of I could live. I need some advice, help, anything. All I have in my life is my wife, who is my entire world, and my dog named poppy. Even though I’m in pain, I am extremely happy to be alive because I have things I was told I would never have before transplant. I was told I would never live to be 25, I would never get married, or have anything. I’m now 37, I have an amazing wife, who just being near brings me happiness. This is why it’s so tough. I don’t want to lose her or cause her pain by dying. But I want our life back, where we go walking for several hours a day, we have so much fun being dorks, and she’s my entire world. Please, I need help."
Preparing to be a living donor,"So I am going to get evaluated to be a liver living donor for a family member. He’s not in horrible shape so this isn’t an emergency situation. But I want to make sure I’m doing everything right in case the need arises. I occasionally drink socially but I read that you should refrain for 6 months before donation. Is that true? Also before this became a possibility, I was planning on getting a tattoo. If I wait I could lose my deposit. I was reading that if it’s from a licensed facility it shouldn’t affect the evaluation. But I wanted to double check before going through with it. My evaluation isn’t even scheduled yet so I don’t have anyone I can ask"
Pregnant & taking Tacrolimus,"Hi everyone, Currently I’m 13 weeks pregnant, and I’ve had my liver transplanted 4 years ago. So far everything looks great with the pregnancy. My clinic told me that they had multiple women who had babies on tacrolimus. However, my pharmacist said it’s not recommended during pregnancy, and there’s so many risk that comes with it. Is there anyone here that can offer up advice, or experienced being pregnant on Tacrolimus?"
Medicine and teeth,"Hi guys! Just curious if anyone has noticed yellowing of the teeth on medication, my teeth have always been pretty white up until recently and I’m thinking it’s from my atovquone (only one more month on it) I’m kinda attributing the yellowing to meds because I hardly drink any staining drinks like coffee and if I do I brush my teeth immediately after. Anyways just curious and if so what type of whitening products do you use? I don’t want to shell out for the crest strips :("
Returning to work,Well I've been post transplant for nearly 6 months. Transplant has not been great. No rejection but the kidney itself was misrepresented to us and false information was given. Egfr prior to transplant was around 15-20 and after 6 months I am at mid 30s. Thats beside the point though I will eventually need to return to work. Prior to transplant i was a retail manager who worked 50 hours per week. I don't know if being in front of people is a great idea. I've been doing this job for 20 years and I don't have any certifications or degrees. Just high school diploma any ideas because I'm stumped. Any advise?
PT after transplant,"Has anyone done any physical therapy after the transplant? Was it worth it? I have become very weak and feel like if I don't do anything about it, I will decline even further."
What to expect as a donor?,"Hi all! A former colleague had recently shared her teen son needs a new kidney due to malformation at birth and is currently at very low performing kidney functions. I just got some basic blood work done and it turns out I am a match and I even share 1 out of 6 genetic markers to donate which the nurse I spoke to said was ""the icing on the cake"". I'm brand new to all of this, I was told my next steps are to have a 24 hour urine screen and a glucose tolerance test (eat something glucose, wait a few hours and then test). I'm 33 F, pretty healthy but am going to have a partial hysterectomy (just uterus) and check for endometriosis due to Adenomyosis and possibly having Endo as well from symptoms. If all in all everything goes through and I'm able to donate, is it a pretty standard recovery similar to a hysterectomy? They're both done via laproscopy (sp). Curious to hear from other donors or recipients on how their journeys went."
Thc after liver transplant?,"Is thc consumption, edibles ok to use in moderation after liver transplant? My liver failed due to alcohol use and wasn’t a marijuana user at the time. None of my sleeping meds work for me and thc seems like a tempting way to avoid alcohol. I take tacro, mycophenalate and prednisone."
Liver transplant question,Do you have to be completely sober for 6-12 months to get one? As in no drugs at all not even nicotine?
Anybody given ertapenem,"I seen to have an infection that they don't really know how to treat, so I got prescribed this. Anyone have any experience?"
Anyone Get Bartonella from their Donor?,I’m 3 weeks Post OP. And my transplant coordinator called to tell me that the Donor had Bartonella. Probably homeless - body lice disease bacteria. They will test me next week at my 1 month check up but I’m definitely a little concerned….. Anyone else deal with this condition through their transplant?
Today marks 34 years,"34 years since I had my liver transplant. I had my transplant at UCLA when was two due to being born with biliary atresia. I've honestly been so lucky. I'm on 125 mg of Neoral and I also take Metformin. I have a beautiful baby boy who is 1 & 1/2 years old and I've been married for 13 years. Life is good guys. Today is often a day of reflection for me, filled with mixed emotions. I feel this sub can understand this better than my friends and family. Those of you in the beginning stages, stay positive!"
Suggestions,"Fellow hustlers, in a sort of dilemma rn, i hv lost literally everything in the past couple of years, with failures occuring one after another, got a kidney transplant and consequently my healthy body, lost the love of my life, lost my aim (because i cant qualify the physical requirements now) and am unemployed with frankly no skills to get to the level of what I was earning, which involved physical straining I m prohibited now. I Am 22 rn, If, if I do one thing, which involves the only thing i hated all my life, never di that, and could get that job by qualifying that exam/ there's a slight chance i may get my girl back. I am still good at other things, i am unemployed rn, I can get good in other fields, it requires heavy expenses on meds to survive, i don't know if she would be happy for long, as i have got issues in my physique, my looks and sex , but she is the only thing that has given me motivation for a long time, and without her, i pass my day watching tv and cursing myself, i .. any suggestions are welcome!!"
Best sunscreen for scalp?,"I already have a preferred sunscreen for my face and body, but I plan to kinda get rid of most of my hair soon enough, and want to be able to protect my scalp from the sun, lest the dreaded C happen because I didn't. I am not a huge fan of hats, due to getting incredibly sweaty on the scalp, so any suggestions based on experience or preference would be lovely :)"
got a call today only for it to be redacted 5 minutes later lol,how many “false alarm” calls have you guys gotten before transplant??? just curious lol. today was very emotional to say the least
Skin issues post transplant?,"I am 7 years post from my 1st liver transplant and will be 7 years post from my 2nd liver transplant in October. I take sirulimus and cellcept. My question for all of you is do you have more skin issues (infections and sores) post transplant? I would get some infected hairs before transplant but it has become an everyday thing since transplant. My coordinator said that there can be more skin issues with sirulimus but this is the excessive. My wife is an ER and wound care nurse, yesterday as she was attending to some of my skin issues she out of the blue said ""well this isn't one of the things that I expected post transplant"" It seems like it is only getting worse. There are several times every year that it gets so bad that my primary doctor has to put me on antibiotics."
Dry run,How do get back the confidence in your transplant team after you spend 2 days in the hospital waiting for them to tell you it wasn’t viable. Incredibly frustrated and demoralized at the moment.
Wanting to explant?,"I had my post transplant nephrologist appointment today and it all went well. 7 months. Doctor is saying I am doing well: have good numbers, staying active and losing weight. He said he wishes all his patients took their transplant as seriously. He opened up some more and said he has patients that want an explant - to have their transplant taken out, they want to go back on dialysis, managing post transplant is too hard with meds, and restrictions. I was shocked, and couldn’t fathom ever feeling that way. It got me thinking that the screening process needs to be able to rule out those people, even if it is a handful that are not going to be responsible enough to care for a new organ. Someone else could have received that organ and been more thankful. Am I naive or just incredibly blessed? I had a living donor and believe that my donor made a hugh sacrifice that I can never repay her for, and the only thing I can do is to take care of the gift I have received and live my best life at the same time. Even for receiving from a deceased donor - someone gave their life so you can live."
A question for anyone that has received a liver transplant,"I have end stage cirrhosis. I know a liver transplant is my only option. I was diagnosed in November 2024, I was in liver failure, kidney failure, my hemoglobin was at 7.0, my electrolytes were so off they were surprised I wasnt having seizures, had pancreatitis, and I had spontaneous bacterial peritonitis. I was getting paracentisis' at least once a week, getting 5 plus litters removed, and also have had SBP 2 separate other times since then as well. I haven't had a paracentisis now for 2 months. The last time I did have one, I also was admited for a blood transfusion. The DR'S said my meld score is only a 13 right now. They said a liver transplant is my only option but not to worry because I can't be listed until I am 6 months free of SBP anyway, so I have some time. The diuretics are doing their thing, and my liver labs have more normalized since I cut out anything bad for it, and have a strict high protein and low sodium diet. Went today to get checked at interventional radiology and no fluid. My PLT has been dropping its down to about 90 now, but no ascitic fluid, only severe edema remains even on 100 of Spironolactone and 40 of Lasix. I guess im trying to ask, based on the limited info I have given, in your own personal experiences, how long from this point until I will be at the point that I need a liver fast. Should I expect to be listed immediately when I am 6 months free of SBP? A year, 2? I know everything is really on a case by case basis, but any input is helpful. I have made alot of changes in my life, and am trying very hard to prolong the time I have been blessed with, but I want to have some sort of idea how long until I will really desperately need a transplant. Like I had said, any info is very, very appreciated! Thanks and God bless to all of us in similar situations."
Steroid Weirdness?,"Husband (30m, tx for 4 years) just got back from his transplant appointment. His WBC is elevated and has been since the last few appointments, but they said it’s not due to rejection. He doesn’t have a high Creatnine, no Creatnine in the Urine, his output is fantastic. He’s not even showing silent rejection blood work. My theory, which is from another connection, is that it’s his steroid. He’s on Pred but it’s a low dose. Because he has been getting the prednisone night sweats over the past few months. We do our best to reduce his stress as best we can. Has anyone had steroid induced WBC increase? Is now the time to start talking to his doctor about discontinuing his Pred?"
Casual Transplant E-Sports - for fun - not competition,"Hiya, I bet a lot of us play video games. Duh!. It is probably a requirement to get a transplant these days. Anyway, I drive a bit in Assetto Corsa and Forza Motorsport, and I do a number of other games: MMO, D&D, et al. Anyway, there is the E-Sports category at the World Transplant Games. This is not that. I was thinking more along the lines of casual, non-competitive get togethers on specific titles. We could meet each other on Discord, have a blast, and let out some steam. Thoughts?"
Wife is a getting Kidney Transplant,"It sounds like my wife is going to be needing a kidney transplant. We are insured and in the US. There’s too many questions to put down now, but one major question I have is: Should we be looking into a transplant in another country? I see costs and success rates for a few other countries being really good. If that’s the best option how would I go about doing this? Is there anything I (We) should know that I am unaware of? Dialysis, Transplant waiting list, anything… please reach out. I’m trying to be informed and get ahead of this"
Acreedo and my frustrations. Who else?,"Hey everyone. I am assuming many of you must order the immunosuppressants from a specialty pharmacy and mine is Acreedo. Last month while ordering my 4mg and 1mg pills of Envarsus, somehow the agent screwed up and I had only gotten the 1mg. Went 5 days -12mg a day. I alerted them that they are usually on auto refill and occasionally it forces me to call. Now this month. My 1mg processed immediately and my 4mg still had not processed even though it had been a month. They must have processed my 1mg instead because that’s another mess up. After being on the phone for an hour I finally got them to overnight it and override the processing. This is not my first time I have had issues from their end delaying orders or their app just messing up. Has anyone else missed doses because of things like this?"
Kidney Transplant Date,"Hello friends! Chronic Kidney Failure Patient here! I don't know if my questions are important! I have been a silent member here. They called, and my surgery is scheduled for July. I am super nervous and excited at the same time. I am in Canada. I wanted to ask fellow recipients what they packed when they were admitted to the hospital. Also, I wanted to know if they let you wear your PJs or if you have to wear a hospital gown? What does the first day after surgery look like? I read here that you immediately feel the difference with 'new kidney'. Is it true? How many hours after surgery did you wake up? Were you aware of your surroundings? Once again, I'm not sure if these questions are relevant, but I don't know where to start—feeling overwhelmed!"
Transplant meds + Having Kids?,"Hello guys, I am a 30y/o male and I’ve had a heart transplant since September 1st, 2023. I have been doing really good with my new heart and haven’t had any complications except some elevated Kidney and Liver functions. I currently take 2000mg of Cellcept(Mycophenolate), and 5mg of Tacrolimus + other vitamins etc just for support. I have never really given it too much thought but I’ve always known that I want kids, and I have been thinking recently and haven’t really given much thought about the medications I take and its effects on my chances. I recently checked and upon looking at some stuff I’ve found that the medications we take can affect my Sperm DNA, Sperm Count/Quality, and Birth Defect Risk. Has any males on here had kids while on these medications? I’m genuinely concerned and a bit scared now because (god forgive me) I don’t want to have kids if it highly increases risk of defects etc. I know I may get a lot of crap for this, but I’ve been through a lot not only with my heart since a young age of 17 but I also have a rare autoimmune disorder called Pemphigus Vulgaris that I’ve had battles with since 14 as well. So I haven’t been the luckiest when it comes to health; and mentally, I’m doing good after everything, but only because it’s me going through it. To have kids of my own that may have problems due to these medications is something I get worried about. I know that may sound selfish but I just wanted a peace of mind, as I really do want kids with my current girlfriend. If anyone can please shed some light? I used Chat GPT and found this information."
How do I accept myself?,"Im a pediatric and adult heart transplant recipient. I've had lots of complications, a few rejections, cancer, skin issues, now having female issues, and of course depression/anxiety. I dont think I've truly ever accepted myself. I've strive my whole life to be a normal person. I have pushed myself my whole life to keep up with my peers. Whats the one thing I can do to just accept myself for who I am?"
Live Liver Donor Frustration,"I'm looking for a living donor. Im on the transplant list because of my heptatic encephalopathy. My ability to speak is compromised, I have no sense of balance, my executive functioning is disappearing and I get confused very easily. My transplant team has said my HP will continue to worsen along with my MELD Score. So, a liver transplant is the only thing that will cure both. My friends put together a ""campaign "" to find a willing donor. It was amazingly successful and we identified 33 willing donors. My transplant center rejected every single one of the 33 potential donors. I was incredibly shocked. It has really caused me to believe the transplant center won't accept anyone else we can find. Am I overreacting? Is it typical to have so many potential donors rejected? All 33 candidates were from my friends and the communities I am deeply involved with. Now I have reach out to people I don't know well. I would like to hear your experiences with how many potential donors you've had rejected. I went from having a high level of confidence, now I'm scared."
I got the call,"Got the call and I’m sitting in my hospital room waiting to start the testing to make sure the pancreas will be a good match. Edit - Ok, we finally heard that I am a good cross match for the pancreas. Still waiting to hear if the pancreas is viable. I haven't had a Diet Coke in over 10 hours, I'm hungry and their bed is lumpy. Definitely giving this hotel only one star. Edit - transplant fell through."
Has anyone ever switched transplant hospitals???,"I have been trying to get approved for the transplant list since 2023. I’m 28f I am on Peritoneal dialysis since August 2024 and I had only agreed to actually starting dialysis because I was told I was going to be on it for a short time before I got the dialysis with a year or two. Anyways I was denied as of may 2025. Which is soul crushing since I feel like I’m jumping through all these hoops to get approved which I will happily do to SURVIVE but my sister was telling me about her cousin needed a kidney transplant took two year process (which I understand it’s a hospital they get busy) anyways apparently he transferred to another hospital who took him in immediately to do all the tests and whatever else he needed and he was able to get a transplant in less than a year. Which is extremely encouraging to hear, but at the hospital I am at now doesn’t seem to understand me or really even hear me out about my own body so I am looking for advice on anyone who has done this process on how to get started Sorry fur such a long post I’m just extremely frustrated with this whole situation Edit : Saw my nephrologist for the first time since being denied for kidney transplant today, she told me she is going to try and fix this problem because I did message them with the information that they needed and to just say no isn’t right because I was doing everything I was told to do she mentioned how she was also really frustrated with the transplant team so she’s going to try and have them either Reopen the case or just immediately do another referral but she said that would be dumb because I just did all the tests back in February so it would be a waste Thank you in advance"
Torn between trying a transplant or just accepting death,"The title may sound a bit exaggerated but it's not far from the truth. I'm 33 and on dialysis for nearly 20 years now. Due to the restrictions of being on dialysis at a very young age, being generally unattractive, and disfigured because of the dialysis shunt on my arm, I was not only massively bullied when I was younger, but also never had any friends. Not to mention, I never had any kind of romantic relationship or any women interested in me (which I absolutely understand, after all, I can't even look at myself in the mirror). I couldn't eat what I want, I couldn't travel, I couldn't even work or pursue the career that I wanted. Instead I had to work part-time in a dead end job that sucks what little joy for life I have left right out of me. If it wasn't for the financial aid of all my family members, I would probably be homeless. Dialysis and my illness were the only two things that defined my 'life', if you could even call it that. Why then wasn't I transplanted 20 years ago? Good question, easy answer: I was morbidly obese, being nearly 400lbs at my heaviest. No doctor in their right mind was going to operate on me, the risk of severe complications being way too high. And anyone who ever tried to lose some weight might know, that it's not easy - especially if you have to lose over 200lbs! For the last 20 years I haven't had the motivation to lose the weight anyway, because why should I? So I don't have to go on dialysis anymore? And then what? Sit alone at home until the transplant inevitably fails and I'm back on dialysis again. It's not like I had any friends or a partner, **something,** that it would've been worth fighting for. Well, after 20 years of dialysis (and maybe COVID plays a role in this, I don't know) I have several additional health problems (unregular hearth beat, sometimes low hearth rate almost fainting, blood pressure all over the place, trouble breathing, brain fog, tremors, measured blood pressure being high even when I feel like it should be low and I could faint any minute, rash, swollen lymph nodes, the list goes on). So being faced with my impending death, the unthinkable happened an in little over a year I indeed lost over 200lbs of weight. Some of the excess skin was already removed and many of the transplant prep is already done. There is only a little left before I could theoretically be listed and receive a new kidney very soon. But.. now that I sit here the loneliness is gnawing on me even more. I'll be 34 very soon and contemplate every day if all the strength and energy a transplant would cost is even worth it. Like in the past, I believe nothing would change even IF the new organ would function normally and I wouldn't have to deal with any severe side effects of the meds. And nobody knows beforehand if that's how it will be. Is it really worth it? I will still be alone, disfigured (the fistula has to remain for at least 18 months because during that time the risk of acute rejection because of a GBM nephropathy is highest), ugly and so behind everyone's life. So I don't know what to do. Risk a transplant, maybe get one or two years of a 'normal' life out of it (nobody knows how long or if it even works at all) and then get it snatched away again, being back on dialysis? I really don't know what to do. I often wish that I had never been born. All I can say is, that my doctors tell me that remaining on dialysis is like being on death row: You just wait for the end, and it's probably not far off. I often read posts here how many trials and tribulations there are when being transplanted, being immunosuppressed. Can someone tell me, if it is really worth it? Would you do it again? Just.. wanted some input. Some inspiration. Sorry for such a bitter and sad post. Edit: Oh wow, this blew up more than I anticipated. Thank you everyone for your replies and insights!"
3 - 6 - 12 month precautions post liver transplant,"I am 3 weeks post liver transplant and am amazed at how well I am feeling. Looking at the activities they recommend not doing I wonder how many people actually follow them. I was told I shouldn’t drive for 3 MONTHS! Well I started driving 2 weeks post-op as I find that much safer than riding with Uber or my wife. The hospital also says I shouldn’t garden or mow the lawn etc for 1 YEAR! And to be excessively cautious around old dusty construction sites etc. Do people actually adhere to this, couldn’t I just mask and glove up?? Thanks Lars"
Happy World Transplant Day! 💚💙,"We’re still super new to this world (my 4 year old is only 4 weeks post op from a liver transplant), but just wanted to share this with you all. I am so immensely grateful and humbled that my daughter is even here today, all thanks to her amazing donor and their family. And also very thankful for this sub and all of the advice and support you all have given us on this journey! Happy World Transplant Day 💙💚♻️"
Celebrating my 9th kidneyversary!,"9 years ago, around this time, I received the call. It was one of the craziest moments of my life and I still clearly remember everything like it's yesterday. I was only 14 years old at the time and I'm so so grateful for receiving this amazing gift and for all these fantastic years. I got the actual transplant the night between the 7th and the 8th of 2016. I'll forever be glad despite all the hardships I've had to face 🙏"
Heading back to the OR 15 days post-op,"Hi y’all many of you have been with me on this journey of my dad (66 yo) who received a triple bypass AND full liver transplant 15 days ago (5/22.) His cardio and liver team have all maintained being positive and pleased despite him still being in the ICU. The only real setbacks have been the dialysis, one episode of fluid building up and needing a paracentesis again, and an episode of AFIB because of “too much” dialysis, blood pressure plummeting, HR skyrocketing, and who knows what else. Last night he had some hallucinations and they considered it ICU delirium. To me, it seems like he’s “getting worse” despite the team reassuring me that his teams have been pleased. But just now we got a call that they are taking him to the OR immediately and called it a “critical situation” - they’re finding blood in one of his drains/tubes and have decided the only thing to do right now is open him up - using the same incision from the transplant to see where the bleeding is coming from. Looking for reassurance. Experience. Something. It’s so fast, so vague. When we were progressing positively. I’m home alone w my baby so can’t even drive over there tonight. Anyone?🙏🏼🙏🏼🙏🏼"
Tacro numbers,Should I be worried/concerned that my Tacro just came in at 1.7. I generally run between 5 and 7. It just seemed low. I’ve never been this low and I know every little decimal point counts.
What jobs do you have that offer really good health insurance?,"I may be needing to find new insurance soon and am looking for different careers or jobs that offer good, comprehensive health insurance for not a TON of money. Thank you for any insight you provide!"
Is liver transplant worth doing it?,"Hey.. This is my first post here. Were reading all the experiences of liver transplant. My father (62) is a non alcoholic liver cirrhosis patient. Doctors adviced him to think of transplant as there is damages to his poratal vein also and any further damage might be dangerous. His MELD score is 14 and he is in diet for 3 years now. He really wants to live more. He has lost weight and we have decided to get transplant done if it improves his condition. We have asked opinions of various doctors and they all say it's better to done transplant when he is stable and not to wait until it gets worse. I have been reading experience of liver transplant patients and got scared by post transplant lives. Many say, their kidneys failed after transplant, even though their kidneys were in perfect condition before op. Many days about mental issues, forgetfulness. Is the transplant really worth it. ?"
Creatine elevated,For the past month my creatine has been severely high. Baseline1.2 current 3.4 Did a small hospital stay in early May due to levels. 5 day saline drip for dehydration and released. Received call from doc today about this weeks labs. His advise “HYDRATE” and repeat lab I feel I am well hydrated *16.9 oz of Belli Welli (early AM) 4 - 16.9 oz water bottles (day) 1 - 8oz Gatorade (Evening) 1- 16.9 water bottle (bed) Any ideas?
Massive back spasms?,"I'm 11 months out from my liver transplant, and I'm having huge back spasms from my lower back clear up to the back of my skull up to 8-9 times a day. It's flat out debilitating; I walk around the house and it hits; I can't do chores, yardwork, or damn near anything. I take magnesium and calcium daily, and my potassium is a little high. (5.2) Has anyone else experienced this?"
What happens if mistakenly took the tacro medicine at the wrong time,"Hi, My dad(67y) had a liver transplant done in February. He recovered very well. Now he’s back home, back to normal routine. My mom is his primary caretaker and she makes sure he takes his medication on time. When he was discharged we were advised to take the tacro medicine exactly with a 12 hr window. He takes it 8-8. Recently my mom was not well and he was managing his medication routine by himself. He has mistakenly taken the tacro medicine at 6pm, when he was supposed to take it at 8pm. They have considered this as a one time mistake and has continued to take the tacro again 8-8 from 8am the next day. Does anyone know how this affects his recovery? I’m concerned because the hospital advised multiple times to stick to this routine specially for tacro meds. If we want to change the time, we can do it once and then stick to that routine for the rest of the lifetime. Another concern I have is, how did my dad mess this up. The tacro meds were in a separate bag with clearly written instructions on when to take it. He had couple of HE episodes before the transplant. Is this a long term psychological effect on his memory and cognition because of that. Any insights from those who have faced similar situations would be a big help."
Denied transplant,"Spent 8 days at a med center for a 3 day liver transplant evaluation. My MELD score was 13 despite having a non alcoholic cirrhosis liver. My medical records state that I am critically ill. Doctors have no idea why my liver is damaged, as I am not an alcoholic or IV drug user. To top this off, I have varacies that bleed on a weekly basis causing me to lose blood and my hemoglobin falls quickly, sending me to the hospital about every 10 days. Serval procedures have been done to stop the bleeding, nothing has worked yet. Not sure where to go from here."
Intense workout after transplant,"I’ve shared my story about kidney transplant here, it’s been 1 year and my creatinine was 2.2-2.3 for past 3 months. Recently i have been doing running + weight lifting workout and badminton. I do feel weakness tho but not something that makes me worry. But i just had a test and my creatinine increased to 2.4, now i am worried if i should keep doing intense workout. Apart from that i drink 1-1.5 lr of water during workout session but even after that i have yellow urine. I’m afraid if that’s something i need to worry about."
Traveling - finally - how to be safe,"Hiya, for the first time in over five years now, we get to fly and take a cruise. This is huge for both of us. It is a tiny flight from Tejas to Florida and then a 7 day cruise. I have read many different strategies, but then rules have changed with the TSA. Dunno. So, do we think this is good? I will do two seven day containers, with everything distributed, not in their bottles. I will also bring along a printout of my medicine list from my Transplant Team. What do we think? I know this will cover the number of days. Will this get me through TSA and Customs okay? I also have a liquid medicine, that Atovaquone: yellow stuff they use to replace Bactrim. Do I really have to put that in a 3oz bottle? EDIT: Thank you. Y'all are the best!"
Day 70 in the ICU waiting for a new heart,"Hooked up to the usual stuff: ECG, oxygen finger monitor, blood pressure cuff, and also have a tube in my neck with a pressure transducer inside my gigantic heart, and a whole bunch of tubes coming off of that they're using for IV and med drips, diuretics, collecting blood samples, shooting thermals, measuring CVP, etc. No real point to this post except to say that when I get out of here, I'm going to invent a way to keep cords wires and tubes from getting tangled up, and I'm going to retire on it. Edit: thanks so much for all the well wishes everyone! I'm definitely tired of being here, but I've got my books, a ton of video games PS5 and a steam deck), my computer monitor from home to play them on, decorations (got a lava lamp that's been a huge hit with the staff), visitors about 5-6 days a week, and the best staff I could imagine. Edit 2: did any of y'all develop weird eating habits with longer hospital stays? The last couple weeks I've been eating bits of pickled ginger straight from the jar and taking tiny sips of hot sauce straight from the bottle. I have boy parts and am still wondering if I might be pregnant!"
Creatinine increased from 1.3 to 1.5 and eGFR dropped from 75 to 63 — should I be concerned?,"Hi everyone, I’m a kidney transplant recipient (transplant date: April 2023) and until recently, my numbers were stable. However, in my latest lab reports, I noticed that: My creatinine increased from 1.35 to 1.5 My eGFR dropped from 75 to 63 I haven't had any major symptoms, but this change has left me a bit worried. I’d really appreciate hearing from others who’ve experienced similar fluctuations: Is this level of change normal or should I be concerned? What helped you get your levels back under control? Any insights, advice, or personal experiences would be very helpful. Thank you in advance"
Foamy Urine after transplant?,I received a kidney transplant about 2 and a half years ago. My labs have been fine since then but I still always have foamy urine. I'm talking pre-transplant levels where the whole bowl is covered like the head of a beer. I'm unsure if it's getting worse but I do not remember it being this foamy a year ago. Just want to know if anybody out there has consistently foamy urine post transplant? Is it sometimes just a thing some of us have?
My mom and I celebrate 1 year liversary today. AMA,"Same as Title. >thank you for the questions. If you have any more, feel free to reach out. I will answer when I get time."
Post-kidney transplant: I'm freaking out here after latest test results,"I have lurked in this community since just after my transplant in September. There have been the ups and downs that people have mentioned here. My high point came just last month when for three weekly cycles my eGFR was in the 60s, peaking at 68. It was then that my doctors switched me to Losartan for a BP medication. It was obvious from a couple of weeks in that it wasn't the right move for me. I have been off it for just five days, but it wreaked havoc in my eGFR - costing me 50% of function - and raised my creatinine to above 2.0 and knocked my hemoblogin into anemic range. Yes, I am freaked out. Has anyone else experienced anything like this?"
Cataracts and eyedrops?,"Hi everyone, I am checking in with my liver team tomorrow but I want to know if anyone has had cataract surgery post liver transplant? I have to use moxifloxacin drops and erythromycin ointment pre and post surgery. Has anyone used these meds before post liver transplant. amI almost 2 years post liver transplant and the cataracts have gotten so bad I can hardly see. Appreciate all replies. Thanks"
"Kidney folks, please chat with me off page about dialysis...","I just finished my certification course as a phlebotomist, and as I live in a largely rural area, straight out phlebotomy gigs are scarce around here. I also have old EMT experience, and a current CNA cert. Adding all together, I could fit easily as a Patient Care Tech, and there is an opening at the local Fresenius clinic. Would anyone care to discuss dialysis experiences off the page with me? I'd rather not bog down this sub needlessly..."
A cautionary story for people needing a kidney transplant that have had hypospadias repair done before,"I received a shiny new kidney from my healthy brother in March and things went remarkably well. My GFR was 8 before surgery and I just barely avoided dialysis. Very little pain honestly, wasn't nearly as painful as my partial nephrectomy in 2023 when I had RCC in a solitary kidney: they had to slice through a rib to get to it and had to cut away my liver from it which had kind of fused to my kidney. GFR has already rebounded to 66. Energy is back, libido is back, sleep is back, my face is no longer gray like a corpse, and I've lost about 20 pounds as water retention has resolved. One complication though and this is the reason why I'm creating this post. A pretty serious penile stricture developed about 1 centimeter into my urethra. I had been peeing very slowly post surgery but I thought that was because of the stent they had placed so I didn't think much of it. I had the stent removed about a month after surgery and it was an EXTREMELY unpleasant experience. What normally takes less than a minute to get out took 25-30 minutes because they couldn't get past the stricture to get the stent out. So I was lying there without anesthesia or painkillers as they were clawing around inside my urethra trying to get to the stent. They finally got it though. My peeing has been coming out even slower since the stent was removed to the point where it's taking me over 2 minutes to pee. I went to see the urologist last Friday and they did a test called a RUG to examine my urethra to see where the stricture was. It's pretty close to my pee hole about a centimeter into my penis. So I am now facing another surgery on June 25: a urethroplasty where they're gonna have to cut into my dick to get rid of the stricture and rebuild that part of my urethra. Most people don't have this happen to them. What was unique with me is that I had hypospadias repair surgery as a baby that altered my anatomy somewhat. That meant that I've had some scar tissue in there ever since. They think the old hypospadias repair combined with the large catheter from surgery is what caused the stricture to develop. So if you need a kidney transplant and you've had any kind of previous surgery done on your penis, please make sure your team is aware. I don't remember if they knew I had hypospadias repair and I don't know if they could have done anything differently to prevent the stricture from forming. But it's at least worth mentioning to your nephrologist and surgeon: you can even cite this Reddit post to see if there's anything they can do to prevent a stricture. If there was anything that could have been done differently, I sure wish it had so I don't have to face another few weeks of recovery and disruption and having a mangled penis for a while."
How soon did you get married after a kidney transplant?,"Hi everyone, I hope you're doing well. I'm a kidney transplant recipient(April 2023) and currently doing fine with my recovery. I wanted to reach out to hear from others in the transplant community. For those of you who got married after your transplant surgery: How long did you wait before getting married? Did you face any health-related or emotional challenges during that time? How supportive were your partner and their family in understanding your medical needs? Were there any considerations (medical, financial, or emotional) you wish you had known earlier? I'm asking to better understand what to expect, both practically and emotionally, when considering marriage post-transplant. Any advice or personal stories would be really helpful. Thank you in advance!"
"I never felt the same after dialysis and my kidney transplant, I considered myself disabled from it","Hello! I was mostly wondering if I was alone within this boat. When I was 17 (I'm 25 now), I went into stage four kidney failure as a shock to everyone. My kidneys were too small and scarred up for the doctors to even tell what happened to them. After 9 months of dialysis, which was very hard on my body, I got a transplant. I went to college for about two years, but couldn't enjoy the full experience. I was tired often, slept a lot. I did have small spout of rejection which landed me in the hospital for about a week. I worked part-time until a few years ago. As time went on, I have found myself disabled and unable to physically work. Labor is hard, standing for a few hours is hard, an eight hour shift will leave me feeling bed-ridden for a day or two. When going out for even fun things, I often need to take a day to recover my energy levels. It's not terrible, I've gotten use to it and enjoy less strenuous activities enough, but it can wind me. I sleep more often than most, often needing naps. I also have lots of body pain that I'd consider chronic post lots of activity and sometimes randomly. From my kidney disease I also developed high-blood pressure and the typical of being immunocompromised. Again, I feel like a lot of people resume their lives or at the very least find a sense of normalcy again in an active sense, even on reddit. I was mostly just wondering; was it like this for anyone else? Does anyone else feel like while you've had the transplant and should be back up and running, you're simply not? Yes, I have talked to doctors about this at least to some extent. But, its kind of became my normal so I don't really bring it up often. My bloodwork looks pretty clean."
Dumb question on snacks,"So I never thought to ask my team this, wondering if anyone knows without having to send off an email. I was advised I can’t eat sushi or any meats that are not properly cooked, no cold meats, deli sandwiches etc… So my question is when it relates to snacks like beef jerky, beef sticks, turkey sticks, deer sticks… can we eat these types of snacks?"
Nephrectomy before transplant,"Hello all. I have adpkd and my kidneys are huge. Huge enough for two separate hospital systems to put me as inactive on the transplant list. They want me to get a nephrectomy first before they switch me to active. So while I'm accruing time, I won't be offered a kidney. My urine production is still pretty good so I'm not on fluid restriction. The average wait time for my blood type (AB) where I live is 2-3 years. The transplant team suggested that I continue my current routine (HD) for a year or two, and then go for the nephrectomy. Once I recover, they'll flip me to active. I was wondering if anyone else has gone through a similar experience. If so, how long did it take you to recover from the nephrectomy? Was it unilateral or bilateral? What were some things in your daily life that were more difficult post-surgery? Thank you."
heparin Induced thrombocytopenia,"Hi! Husband had his transplant almost 3 weeks ago. He was readmitted last Thursday because his liver values had started going up, he had low platelets and very low magnesium. The liver team ordered an ultrasound and a CT scan which confirmed a small clot. They started my husband on IV Heparin and Magnesium. His liver values improved but stalled and his platelets are now down to 61. Spoke to Hematologist today who suspects Heparin-Induced Thrombocytopenia. Anyone have any experience with this? Thanks :)"
"Trying to get listed for liver, failed alcohol lab","My sister-in-law has alcoholic liver cirrhosis and has been trying to get listed since September. She's going to Shands in Florida. Her lab from 2 weeks ago stated she failed the alcohol screening. She swears up and down it's from cold medicine but... her lab was elevated quite a lot. Before I just write her off in my fury, is there any possibility her numbers would be hyper inflated without some type of abuse... ? Seems to me cough syrup would only trigger if she abused cough medicine, not taking a standard dose once or twice a day for a few days. Thanks all. Feel free to be real and honest, my feelings can take it."
Can I get abs post liver transplant?,"I had a liver transplant almost 5 years ago, when I was 15 as a result of acute liver failure with no known cause. My scar has healed well, and everything was aligned fine, but i can’t help but notice that above my scar, those 2 abs are very noticable, defined and large, but below the scar, it immediately stops and grows small. I’m not hindered in any capacity. I just wonder if maybe, it’s harder to grow muscle below the scar? Or maybe impossible in my case? I started my fitness journey a while back, i’ll be sad if i can’t…"
Super infrequent status update,"I don’t post very often at all anymore. I am 17 days away from 2 years post double lung transplant. I’ve honestly had a pretty easy go of it. I work full time as a bartender in a busy distillery, I do anything physically I choose, seldom get sick, seldom even have appointments, and live an overall normal life. When I got my transplant, that end of life mentality weighed so heavily on me as I expected to die for a while and it did a lot of damage. It also helped me reaffirm my priorities in my kids being the only thing that matter to me. Over time, I opened up more and allowed myself to live my life like a regular human. I found a girl, or she found me, and things were really really good for a while. A bit over a week ago, we broke up due to not having time for each other anymore (she lives about an hour from me, and she’s been dealing with considerable issues herself that made her push me away over time (her daughter got molested by her ex husband, her grandma is dying, and she’s working all the time)). I tried everything I could to be patient and be supportive but she still opted to go her way. It was devastating for me, truly. And I mentally was not doing okay. There’s a lot of psychological damage from my transplant and everything that has made me go to depressive extremes and I was ready to end it. I have been seeing a therapist for a month which should hopefully help over time. But I had a bone density scan today that sent me back in time mentally to when I was having to run all these tests not knowing if I’ll be accepted for a transplant, not knowing if I’ll find lungs, and not knowing if any part of it would save me or for any length of time. How I would’ve loved in that defeated state to see where I am now, and what I have accomplished and continue to do. I’ve really gotten to this great point in life where I am taking things for granted and how I need to come back down to earth at times and remember the positives. It sucks that the relationship was as good as it was and now it’s just gone, but there are reasons to be happy and positive and keep trucking through."
Post transplant diet,"So I just got a transplant 10 days ago, Yay! Im craving ketchup and red sauce tomato pasta and what not - are we allowed to have all these items which we couldn’t before? please advice!"
ICU study,"Hi all, Researchers at Federation University are seeking people to participate in a research project attempting to accurately measure memories (or lack of memories) associated with people’s stay in intensive/critical care units. We are looking for people who have been admitted to an intensive/critical care unit and are aged 18 years or older to complete a 30-minute survey. If you are interested in participating, please click the link below. Feel free to share with your friends! FedUni Ethics Approval No. **2024/240** [https://federation.syd1.qualtrics.com/jfe/form/SV\_0Pd7Axo8dndnJhs](https://federation.syd1.qualtrics.com/jfe/form/SV_0Pd7Axo8dndnJhs)"
MY timeline has changed since since I was transplanted.,"How many transplant recipients now view life as pre and post transplant? I had 2 liver transplants in 2018. I view my past as pre, middle, and post."
Hospital Delirium,"My mom is 16 days post transplant. We got out of the ICU in about 5 days and moved to step down. There were some complications (kidney function, swallowing) but heart function looked great. We started walking the halls for PT and thought things were looking up. She was conscious and aware and excited to keep getting better so that we can go home. Then pretty suddenly she started getting confused and having full on hallucinations. It got to the point where she was trying to pull tubes and wires out so the nursing staff put orders to restrain her. That was about 5 days ago and I’m still waiting for my mom to “come back”. While in this state they haven’t let her out of bed or eat or drink and I’m just worried about how big of a set back this will be for her recovery. We were told that this could happen while she was in the ICU but we thought we made it past that. Has anyone had any similar experiences? Was there anything that helped? Thanks in advance!"
ESRD Medicare application appointment delayed – what to do about coverage gap?,"My partner age is in 30s, had a kidney transplant 09/2023. We delayed applying for ESRD medicare because we have good GHP through employer, but now the 30-month Coordination of Benefits period has ended and GHP will no longer pay as primary. We called to apply for ESRD medicare 4/15/2025, but the local SSA office gave us a phone appointment time on 7/9/2025. We still need to continue to get treament (immunosuppressant, infusion, other healthcare) and can afford to pay out of pocket until we can get medicare. What do we do with this 1-2 month gap where we don't have medicare yet? A tranasplant social worker mentioned we could possibly get reimbursements? In hindsight we should've started this application earlier... our local SSA office is so swamped it has been impossible to even get them on the phone (no callbacks). UPDATE: After going directly to the local SSA field office with no appointment, and submitting the application, and telling them it was urgent, 1 week later we called Medicare and everything was set up! Now we have our ID number and can get our healthcare."
"Anyone have their cellcept reduced (in my case, to better treat cancer)? Any obvious effects or concerns?","71 M 2 years post double lung. A malignant melanoma was found and treatment will start with a fairly aggressive surgical removal of a tumor on my scalp. My Cellcept was reduced from a total 1500 daily to 500 daily, so quite a reduction, with the consequences of rejection increasing as a result. I’m told I’m moving into the 30-40% range of organ rejection because of this. I’ve only had one minor sign of rejection soon after transplant. No issues since, so I don’t know what that might look/feel like. Anyone have a reduction like this? What was your outcome?"
I’m getting listed tomorrow,"M 17, I’ve been on a lvad for 2 years now and never had an alarm. I’m getting listed for a heart transplant and I honestly feel happy but nervous at the same time. I just graduated high school yesterday I promised my cardiologist to graduate and get listed for transplant now last year I couldn’t get listed because I had dental problems but now I’m fine I’m working out I’m active now I’m getting ready to get the call sometime hopefully it’s soon but I don’t wanna rush things. I just hope to recover slow and easy. Any tips from anyone who had a transplant"
One Year On,"On 1st June 2024, at just after midnight, I was anaesthetised in readiness for liver transplant surgery. My recovery has been pretty uneventful, fortunately, and my life is now mostly back to how it was before I was ill. I haven’t returned to full time employment, but that is a conscious choice rather than a lack of ability. I did return to running, though. I still have a way to go to achieve the fitness level I’d like, but I’m doing ok. All in all, I’m happy with the outcome and of course grateful for what is clearly a second chance. It’s hard to say if I’d have still been on this mortal coil today without the surgical intervention, but the numbers weren’t great and it definitely would not have been a fun time. Once I was informed that a transplant was needed, I was on the fence about whether or not to proceed. However, it was subsequently brought to my attention that my condition could have been influencing my mental state and consequently my thought process. My outlook has been generally better since, so that concept does have merit. Anyway, yeah, one year with my new liver. With more years to come."
Post liver transplant. Care for significant other ?,"I have been trying to find a sub Reddit or wiki on caregivers of individuals who have just had a liver transplant on what to expect and prepare for? My significant other finally got the call for a donor liver and was admitted in this week for surgery. Surgery was successful and now she’s recovering until she can go home. I’ve gotten all the basic things, toilette bars, shower bench, walker for stability, bed rails, motorised elevated bed, motorised recliner (that will Push you up to stand), fuzzy socks with grippers, wipes, shower wipes, pee pads (for accidents), back scratcher, slip on shoes, sweats and stretchy pants, bolster pillow, long extension cords for electronics … The house was also cleaned top to bottom. What else would you recommend to make things more comforting for my loved one when she comes home from the hospital and recovering post transplant? I’m trying to think of my future self so if anyone has any suggestions please send them over!"
Confusion,"My spouse finally had her transplant this passed Saturday coming on a week ago. Now since the moment she was able to talk, she just spews gibberish. She will ground her self and be able to function and have conversation. But 30 seconds later she’ll start up the gibberish again. She’ll reply to no one, she’ll talk about something that’s not happening. And again it comes in and out. Last night I took her back to the hospital because for about 5 minutes she spiked a 103 fever. When I brought up the confusion to all the nurses and residents who were handling her, they all got concerned and didn’t have any input on it, so now, what I thought was a normal reaction due to the trauma and meds after the transplant, is freaking me out something fierce. Leah(spouse) told me today that the doctors said it might be a reaction to one of the anti rejection meds, but that is obviously something she can’t stop taking, so as someone with zero experience with this, I’m wondering if anyone knows if this is normal, if there’s a remedy for it, does it go away on its own? Because Im not getting any real answer and the fact that the team that specializes in this every day doesn’t have any solid input on it is very concerning"
Cruise to celebrate,Almost 11 months after transplant (❤️‍🩹) and today i'm ging to make a cruise. From the Netherlands (where i life) to Norway. The team gifs me green Light. First holiday after transplant and 3 years on list. So happy.
1 Year Anniversary,Today marks one year since I received my kidney transplant. I've been incredibly lucky with no complications.
"Apparently my Transplant team, nor my Cystic Fibrosis team can do anything.","Okay, so the long and short of is, is that ever since I was diagnosed with Stage 4 cancer, my CF team, which I’ve dealt with since I was born, and my transplant team, which I’ve been dealing with since I was 17, apparently have no power to do anything. I’m talking about power to order X-rays, bloodwork, CTs, MRIs, or any other kind of test. They also have zero inability to refer me to other doctors should I have an issue that isn’t lung related. Ontop of that, they lack the inability to advocate in my stead should I be struggling. Despite 30 years of those two teams doing LITERALLY exactly those things. Like when I twisted a testicle, when my appendix was about to explode, and so much more. Patient advocacy just told me that they can only do things that they are specially able to do under their clinic. I guess, that somehow means the cancer care doctor I’ve been seeing since cancer, who by all accounts should have stopped seeing me when I hit 5 years in remission but has continued to do so, because he’s not a piece of shit, is somehow breaking the system. With him being able to do all those things for me, and more, without a complaint. I find it funny that a doctor who is in a very specific field, very specific, has not only break the system to remain my doctor, but is somehow able to get me tests that aren’t cancer related, to refer me to many other doctors, and also, not just advocate for me, but actually fight for me. I am so shocked that after the age of 30, my respiratory team can’t do anything. That when it comes to my body rejecting my lungs, THAT MY FUCKING TRANSPLANT APPARENTLY HAS NO GOD DAMN FUCKING POWER OR ABILITY TO DO FUCKING ANYTHING TO MAKE SURE I DO NOT FUCKING DIE. God dam it. I am so god damn angry. I called patient advocacy yesterday because it’s been two weeks since I heard from them, I left a message. They called me back less than an hour ago, told me nothing but lies, and said “oh your teams did apologize for not listening better” NO ONE APOLOGIZED TO ME. Then, yet again, I get fucking yelled at to get a family doctor, which I have made it very clear that I can not do. I have spoken with literally dozens of family doctor clinics over the last 22 fucking years. As every year of my life passes and some new medical bullshit happens, they step further and further back. The amount of fucking times I’ve been told “I don’t know what you expect me to be able to do? I wouldn’t even feel safe prescribing you Advil. You have so many doctors, there’s nothing I can say or do, that they can’t say or do better” I have recordings of these. And then, I brought up how badly I need this spinal surgery. I don’t like taking pills and I’m always being accused of “drug seeking behaviour”. I don’t want to take them anymore. And what does that fucking super bitch of a Patient Advocacy say to me? “You should know that we can’t give you narcotics. If you want those you need to speak to your prescribing doctor” HOW THE EVER LOVING FUCK DOES SOMEONE HEAR “I just want my surgery, I can’t stand taking more pills” and somehow fucking hears “GIVE ME DRUGS, BITCH”?! Holy fucking shit. To say I’m pissed off is such an understatement. And yes. I always do these as calm as possible. I have my wife sitting beside me, she’ll put her hand on my knee, to tell me it’ll be okay and to calm down. But these fucking bitches treat me like they walked in on me while I have 40 needles stabbed into different veins, all just freshly pushed of heroin, meth, cocaine, Advil, and fucking whatever else. I didn’t realize that wanting BASIC FUCKING CARE was such an evil task. That getting cancer would make my CF and Transplant teams so upset, they’d accuse me of insane things. I am genuinely going to have a fucking stroke or heart attack at this point. I just can’t take it anymore. I can’t. Just last month, I had this massive mental breakdown. What started out as this small, little cry, with just a few tears, turned into this serval hour crying scream fest. No one was home. My wife was out. No matter what I did, I couldn’t control it. I need help, I need advice, I need understanding, anything, from anymore. You ask a question and I will go into full detail in hopes of being so honest and giving as much detail possible, that there might be something I can do in my end. This isn’t the first time I’ve gone to patient advocacy, either. The last two times I did, they also sided with the team that was abusing me."
Lifestyle changes after kidney transplant,I have been on dialysis for 6 years. There was no living donor in my family who could give me a kidney. Finally after waiting so long I got a kidney from a deceased donor. Both me and the donor are 31 yrs old. I want to know lifestyle changes you have experienced after the transplant? What kind of food can you eat? Or avoid? Are sodas allowed? Can I go out for dinner with friends after 6 months? Has your diet only been soft food? Can you order pizza if you crave it? What is your excercise routine? I'm worried about gaining weight around my face and feet.
Redness around mouth and nose area,"So i’ve had this redness around my nose and mouth area for a while now, and i don’t know what the cause might be. I’ve tried many things but nothing seems to make it go away, and it doesn’t exactly make me look good or anything. I’ve been to the doctor but the cream they gave wasn’t as effective as i’d hoped. I wonder if this could be something related to my transplanted liver, or maybe the weakened immune system that comes with it. Is this a known issue? Would love some input, or maybe what to do with it. Or where could I ask this? Thanks"
Low MAL score,"Hi folks - doing my three day evaluation for a liver transplant and they tell me that my MAL score is very low so my wait could be a long one. I have non alcoholic cirrhosis, but my need for a new liver does not match my numbers and availability. I am afraid they are going to send me home with no resolution and I will pass before I get that call."
Need to know and get off my chest,"My mother has js gotten an ultrasound and she already has lupus and liver disease and it was stage 3 but now it’s been moved to stage 4, the necrosis has reached a point where it will not get better but it can be stopped from getting worse, they said our family member’s can give a piece of our liver to help out my moms, i just wanna know if she can get better and this will stop rotting away years off my mom"
Urine frequency post Kidney,"Sorry for all the new posts/questions but its all been a little overwhelming - since the catheter has been removed, ive been having the urge to pee after every hour or so atleast 200-300ML which has me up all night and tired. How often does this phase last and when does the kidney settle in? Pre tx i was 10 months on dialysis and 8 months of no urine output. Thank you in advance"
Post urinary catheter removal pain,"Hey folks! I got my kidney transplant 8 days ago and im feeling better everyday! Recovery and pain has been an issue but im looking forward to every drain being out - now left with the JP drain as its still flowing. Although, for all the time I had the catheter in I had no pain passing urine but now after 7 days that they did remove it, everytime I go pee (like every hour or so) I have burning and painful sensation for 10-15 seconds before urine comes out and then it becomes fine. What is the cause behind it?"
Insurance & Hospital Can’t Reach Agreement 🙄,"Got a message from my transplant hospital today informing me that I’ll be covered through June but no guarantees after that. I didn’t even know they were in negotiations! My meds will be available through June but no idea what July will look like. I can’t afford my meds without insurance. I could afford prednisone but certainly not Everolimus and Belatacept. Also won’t be able to afford labs, doctor visits, etc. I talked to someone at my hospital and they’re going to try to submit a “continuity of care” request to my insurance, which I guess is for severe chronic conditions. Has anyone else dealt with this? Any positive experiences would be greatly appreciated. I did reach out to another hospital where I live but haven’t heard anything back yet. Life can be so difficult sometimes. 😔"
Looking for meal prep options POST liver transplant.,"Looking for recommendations along the lines of Like Hello fresh already portioned meals but fit the nutritional requirement for post liver transplant, hoping someone has some experience in this department as I need a long term solution because I suck at cooking"
Hydration ideas,"3 weeks post and trying to stay hydrated, just hard to keep drinking water. Have incorporated la croix, topo chico, some gatorade. Looking for any recommendations of other things that have helped anyone or any ways to remind to hydrate throughout the day so don't have to drink large amounts at a time. Aiming for 2-3L."
Breathing Exercises for Post Lung Transplant,"Hey, I am very new to this whole community, a very dear friend of mine just had a double lung transplant and while the first few days he was able to take deep breaths he is now starting to feel like he can’t. His wife has been with him and has said that his stats are all looking really good but mentally the ICU is getting to him. It seems like the inability to feel his diaphragm (nerv block in place) is extremely disorienting for him. (I can only imagine how weird that would feel) I just was wondering if anyone in this community could speak to that experience, we are trying to find ways to support and encourage him. Are their breathing exercises or games that have helped? Anything to help one get out of their head about the alien-ness of it all? Or is that not likely the cause of this? There is such a strong sense of helplessness for those of us who just wait and watch our loved ones endure and fight, is there anything that has helped that we can do? Or anything that you wish people didn’t do through this recovery?"
My sister was an organ donor.,"I'm the sister of an organ donor (heart, liver, kidneys). She passed in January 2022 on her 23rd birthday. Reading this subreddit has brought me to tears. I'm so happy for all of you who have received the ""gift of life"" and I'll be thinking about those of you still on the waiting list or are going through rejection. And my heart aches for those who have passed as they were waiting for a transplant or despite receiving the organ they needed. I've never felt that heroic feeling. The decision to donate wasn't even a decision. The moment she was pronounced brain dead, her organs belonged to humanity. It doesn't feel like giving a gift.... it just feels like passing off the torch, if that makes sense. I think it's difficult for me to connect with the idea that we did something for someone else because.... she died. That's all. My sister died and she no longer needed her heart. It's not heroic, it's just the most practical, efficient way to prevent wasting perfectly good human parts. I've long avoided connecting with this community because it's too painful. My mom kinda dragged me to the San Diego transplant games in 2022 (we're from the area so it was easy) but my sister's death was too fresh and I felt extremely uncomfortable and had a panic attack. 3 years later, I'm finally reading stories from both sides. This community, across all platforms and all countries, is one filled with love and gratitude and I think I'm ready to connect. As a side note, her heart recipient's family has sent a letter, a while back. But I don't think my family has been ready to respond or try to meet. I appreciate those of you who are recipients who are patient with donor families. Sometimes, we are still processing the loss one, five, twenty-five years down the line. Thank you so much for all expressions of condolences. We hear you even if we don't respond right away. ❤️"
Selling organs is illegal and wrong.,"I can’t believe I even have to say this but as of late, there have been several people claiming they’re from the Philippines, that they need to sell one of their kidneys in order to rebuy their house, or some other nonsense. They were also making a story about how they wanted to donate to their family member but because they weren’t a match, they were unable. So they were also looking to find a Hosptial that would do the transplant, regardless. The whole thing is disgusting and stupid. They wanted 350,000 dollars plus expenses for their organ. They didn’t care that nothing matched. Thankfully, I don’t believe anyone in this community took them seriously but there could always be scared, quiet people who don’t know and may risk it. Please be advised that while a lot of us have waiting random times, some as little as a day, some as massive as over 6 years. It’s painful but that wait is important. This isn’t TV. They can’t just magically turn any organ into an organ that suits you. We all have had to or are waiting till we get the organ that best matches us and gives us the best chance at survival. Thankfully the 3 people that I was aware of selling organs. We’re completely banned from Reddit but they or other people can easily come back so never give into that. That organ they’re offering could have come from a missing person, or something similar. Thank you for coming to my Ted talk. I hope you have a great day."
Seroma at transplant site,"Not sure if anyone else has experience with this. I'm 47 days post for reference. Overall im doing really well, feel better than I have in decades, but I have developed a subcutaneous seroma along the surgical incision area. It was discovered at my 2 week follow up from stent removal via ultra sound by the urologist. I had been experiencing discomfort but just assumed it was a part of the healing process. The urologist said it was 7cm x 6cm x 2cm and he wasn't really concerned but to come back in 2 months and to see if it had reansorbed by then. Exactly a week later I had a biopsy and a ct done, not because anything was wrong but as a procedural thing that I knew about and was scheduled before I had even gotten the transplant. Because of the reason for my kidney disease they wanted to do these tests around 1 month to be safe. The biopsy and ct were exactly a week ago. Biopsy seems to be good as nobody has mentioned anything about it, ct looks good from the results I went over with my neph. But the seroma was now 16cm x 4cm x 2cm. It was getting increasingly more uncomfortable and really just not pleasant. The neph seems really unconcerned. Because of the placement of it and that it has no risk of getting near the new kidney, he said that it'll take some time but it will go away on its own. If I really want, they can schedule an aspiration and a jp drain to be placed for 2 weeks. I really want to avoid getting a drain placed, they suck. Over the last week, I did some research and the only thing I could see that seemed reasonable to do to help it go away was to just stay in bed. The more I moved the worse it felt, so since thursday of last week I've only gotten out of bed to cook, go to the bathroom, and sit on my patio. I was up to walking 4 miles a day which I've stopped. I had just started lifting extremely light weights which I've also stopped. It seems to be reducing in size little by little, but I really want this to go away sooner rather than later. Anyone have any similar experiences and have any tips? TIA"
Struggling with dad’s recovery 5 days post-liver,"Hi. This community has been so helpful from navigating the seemingly doomful fate of my dad, to the emotional process of getting the call 6 days ago that they FINALLY had a liver for him. Now we’re 5 days post-op (I should note he had a triple bypass open-heart surgery and a liver transplant at the same time, 14 hours in the OR and kept his chest open for 24+ hours with breathing tube for 2.5 days.) I am so emotional. I have a baby and run my own business but I’m at the hospitals every day (45 min drive there, 45 min drive back) I can’t not see him. I need to have my eyes on him. But today I broke a little bit, I let out a lot of tears I had been holding in and compartmentalizing, and I felt a helpless sort of grief. Today felt harder than many days waiting on the transplant list. Seeing him still, so out of it, barely conscious, with a feeding tube and so many wires coming from all over, eyes rolling back, falling asleep with eyes open, completely sedated for all intents and purposes. AND I’m so grateful: the nurses are saying his liver numbers and heart is looking good, he’s doing well. He’s just so fragile, so weak. He hasn’t eaten anything in 4 days which is why they had to do a feeding tube today. Encouragement? Is this normal? Can anyone relate to the emotions present here? I’m scared AND I know this is what we’ve been waiting for. He’s so brave, I just keep thinking that (and telling him.) As all of you know this is so nuanced and you really don’t understand unless you go through it so I don’t really have anywhere else to go for these conversations except my family who is also visiting and supporting. Thanks so much y’all. I know we are in such a fortunate position ❤️❤️❤️❤️❤️"
3 years post liver transplant chronic antibody-medicated rejection AMR,"Hi everyone, After celebrating my 3rd Liversary and much testing, I am diagnosed with chronic rejection. I am reaching out to hear your stories or experiences with this very scary diagnosis. Am I facing a potential graft loss? with all honesty, I am terrified and hoping for some positive news."
What do I need to know about being a kidney donor?,"I learned that my friend needs a kidney, and am starting to consider offering to become part of a donor chain. I am healthy and retired, so I have could generally afford the recovery time. Where do I start to understand what becoming a kidney donor is really like? What are the questions me and my spouse should ask before making a decision like this? What are the worst parts of this process? (of course, also, what are the best parts of this process?)"
just excited to share that my wife got listed!,"After several years of very poor health, she is finally on the list. We got married in 2021, and on our honeymoon she was having an incredibly hard time breathing which we thought was due to altitude, but upon returning home, found out was due to pulmonary hypertension from a portal vein thrombosis from end stage cirrhosis. after almost 4 years of medications, surgeries, and a lot of hard work, she was listed last friday! Now on to packing, making lists (so many lists) and trying to make sure everything is ready to go. the transplant hospital is 6 hours from us, so the 6 weeks there is going to be a challenge, but well worth it. We also got one of the biggest shocks that same night, as when we posted our fundraiser on facebook, I got a call from an Exgf of mine, offering to get screened to be a living donor! I'm just so overwhelmed, both by everything happening, and by peoples generosity and wanted to share our excitement."
Methods for testing tacrolimus levels,"The most recent Labcorp report for my last tacrolimus test says ""Tacrolimus, Immunoassay,"" but the previous reports said ""Tacrolimus Lvl."" This suggests a shift from using mass spectrometry to detect tac levels to immunoassay. The latter is cheaper but considerably less accurate than the former. Does anyone have experience with pushing for a specific method of testing? If so, who did you push and what did you say?"
"A Montreal child gets the ""first desensitized kidney transplant in Canada"" from his late uncle","[https://www.ctvnews.ca/montreal/article/teen-gets-first-of-its-kind-kidney-transplant-thanks-to-late-uncle/](https://www.ctvnews.ca/montreal/article/teen-gets-first-of-its-kind-kidney-transplant-thanks-to-late-uncle/) For 14-year-old Mario Futia, life was never normal — until a first-of-its-kind kidney transplant from his late uncle gave him a second chance. “It was difficult, in one way, because you have to somewhat pray for someone to pass to give something to you,” Futia said in a recent interview. “But on the other hand, it was a bittersweet feeling, because at least some part, at the end of the surgery, will be part of you afterwards.” In December, Futia’s uncle suffered a heart attack and slipped into a coma. His son, Alexandre Rainone, Futia’s cousin, decided to donate his father’s kidney to the teen, so doctors kept the man on life support until the transplant took place in January. “It was very hard, because now I’m in between my father’s death and saving my cousin’s life,” Rainone said. The LaSalle teen has been a patient at the Montreal Children’s Hospital since he was born with kidney failure. He received his first transplant at just two years old, but his body rejected it, and he developed antibodies against all kidney donors in Canada. So, for the past 12 years, Futia has been on dialysis three times a week, four to five hours at a time, whether it’s a school day, weekend, or holiday. He said it took a toll. Dr. Mallory Downie, a pediatric nephrologist at the hospital, explained that once doctors became aware of a potential donor match, one his body was less likely to reject, they developed a new desensitization protocol for him. “Which means we were able to decrease the antibodies he had towards that kidney and finally accept that kidney. We were able to transplant Mario with the first desensitized kidney transplant in Canada,” Downie said. Downie acknowledged there was a lot of uncertainty with this rare and exceptional case and that it required a leap of faith and trust in the system and experts in the field. “We worked with experts from the United States, our colleagues here at McGill University Health Centre, and relied on many, many experts to guide us in how to do this,” she added. Futia’s dad, Giuseppe, said that he was thankful for his son’s second chance at living a normal life. Although the teen will have to go back to the hospital for regular checkups, it’s nothing compared to the burden of dialysis. “\[This transplant is\] a second attempt for a new lease on life,” the teen said."
Update on Birthday gift for wife/donor,"[Previous post](https://redd.it/1k8gbd3): I ended up hiring a private chef through a service I found online. It was absolutely great. My wife loved it. I was a bit worried that she would get nervous about someone using her kitchen without her running the show, but she was able to let go, and we played Wingspan while we waited and chatted with the chef as she did her thing. The food was delicious, the chef was wonderfully friendly, but most of all, my wife/donor/bestfriend had a great birthday. Thank you all for your suggestions. hopefully this time next year, I won't be under such constraints."
Thinking about going on working holiday to Australia post-heart transplant - any advice?,"Hi, I am 25 years old living in South Korea. I had a heart transplant about two and half years ago, and I've been doing well since then. Lately, I've been thinking about going on working holiday to Australia with my friend. I spoke with my doctor, and he didn't have any major concern. He mentioned he can prescribe up to six months worth of medication, but I will be visiting him every six months anyway, so that shouldn’t be an issue. I occasionally have some mild digestive issues, but they usually clear up quickly with medication. I am also considering applying to a university in Australia in the future, so this trip might help me get a feel for life there. I'd love to hear your thoughts or advice whether it's about healthcare, lifestyle, or anything related to this. Thanks in advance!"
Any diabetic patients who had transplant?!,Does anyone have had a transplant with diabetes?
Pain after losing weight,"I received my kidney transplant over a decade ago. In the last year I’ve been working out a lot and losing weight. After losing a fairly significant amount of weight I am experiencing pain around the area when I lay on my stomach, arch my back, or push on the area where the kidney is. It’s concerning as any pain is but from the lurking I’ve done it appears to be common. I’m curious if it is a difference from not having as much fatty padding or if it’s strictly muscular despite not utilizing those muscles any time recently when pains present. Does anyone have experience with this?"
How Long Liver Transplant Last,"Theoretically, if a person was an otherwise healthy 20-something who received a transplant, could that transplanted liver last them 60+ years? This is assuming they live a generally healthy lifestyle and stay on top of their meds. Or are these transplanted organs always on “useful life” before that person would need another transplant in their 40s or 50s?"
How do you keep track of appointments?,My dad just had a kidney transplant and he has so many appointments. The medicine makes his brain foggy so he can't remember things. How do you all keep track?
Question about pee after trasplant,"I have notice today my day time output has been lower than normal. But last night I did pass 1100ml. Normal for last week: Day: 900ml Night: 600ml Today: Day: 450ml Night: 1100ml My 24 hours total are in a normal range but just seems a bit strange. Could this be because of the antidiuretic hormone (ADH) balancing out? 24hr numbers: 19th 1,150ml 20th 1,750ml 21st 1,525ml 22nd 1,850ml 23rd 1,450ml 24th 1,700ml"
Help-Depressed while waiting?,"I've been living with a cirrhotic liver for 3 yrs, going from a 30+ MEld to a 18-19 for a few years, then had a gI bug over Xmas/NY and was hospitalized and had varices banded. Anyway the Gi issue continues, but I'm just dealing with that, I've stabilized after having my first HE episode and getting on lactulose. I've worked hard to get all my tests done between the end of Feb and now that I've been listed. Getting all the tests done gave me a purpose since I've had to stop working (I'm a System Admin/Designer) and HE has affected my ability to work. So I'm a couple weeks from my last test, and I feel like i'm stuck at home, because I'm not working and I work on contracts, so I don't have disability coverage and I don't want to spend money on anything as I'm already dipping into savings to pay for my ACA insurance. Between the stress of not knowing if I'll have healthcare after this year (insurance is cancelling my plan in 25) and just twiddling my fingers I begin to wonder if it's all worth it. Maybe I should just withdraw from it and take my savings and travel and just enjoy it instead of waiting for a long painful death... PS-Yes I have a shrink, but he's not here on weekends. my caregivers are rightly living their life before they have to dedicate their time to me, yes I feel guilty about that too (no I don't have a partner, I live with my dog) Any advice to get through the waiting??"
How often do you go to Urgent Care?,"I am just over a year post liver transplant and I feel great. Except I deal with little infections all the time now. 2 UTI’s and 3 ear infections just since January. My urgent care is never busy, and I am in and out in 20 minutes usually but I feel awkward going all the time. I have to go back today because my last round of antibiotics didn’t quite knock out the ear pain/pressure. None of these issues warrant the ER or even waiting for my PCP (PCP is always aware and encourages the urgent care for faster treatment) which can sometimes take a week. Am I just being socially awkward? Overthinking?"
"Seeking advice/help & experiences: Liver transplant at ILBS Delhi ,India for my father","Hi everyone, I’m reaching out here hoping to find some help, advice, or connections. My father (52 years old, male) has been diagnosed with decompensated liver cirrhosis, and we’ve been advised to go for a liver transplant. After looking at different options, we’ve been considering ILBS Delhi (Institute of Liver and Biliary Sciences) since private hospitals are quoting amounts way beyond what we can afford, and ILBS seems like a comparatively affordable and reliable option. One of the major hurdles is we don’t live in Delhi. We’re from central UP, and frequent travel with a sick patient is neither easy nor very practical. Before making a final decision, I wanted to ask this community: - Is ILBS a good and reliable option for liver transplants? - Has anyone here, or someone you know, gone through a liver transplant there? If yes, could you please share your experience? - What should we expect during the first visit? How does the overall process move forward — from evaluations to donor matching to surgery prep? On average, how many visits are usually needed before the actual surgery happens? This is important for us to plan things since travelling back and forth with the patient is going to be tough. If anyone here is open to it, I’d be truly grateful if you could DM me with your experience, advice, or any guidance. Also, if by chance anyone has any contacts, insider info, or knows someone working at ILBS who might be able to help us understand the process better, or even just point us in the right direction , it would mean a lot to us. We're going through a difficult time, so any counsel or direction from people with more experience would be greatly appreciated. Thank you so much in advance to everyone reading this and taking the time to help. Really appreciate it."
Tiredness..,Got my heart on march 8th this year.. my second heart after 14 years… I figured the recovery would make me tired but I’m napping in the middle of the day and up by 5am.. I really dislike this sleep schedule I’m on.. I keep reading about my kidneys could be the cause of the frequent tiredness… just looking for any type of insight or perspective.. will this get better??
Primary FSGS recurrence on third kidney after 15 years of HD.,"35M here. I was diagnosed with Nephrotic Syndrome when I was 14 and my biopsy showed Minimal Changed disease. I got Prednisolone and my proteinuria disappeared. I had many relapses until I became 15 but from nowhere I became steroid resistant my doctors tried many alternative treatments which were not effective and I had many complications, a perforated stomach ulcer and pancreatitis at this time my biopsy showed FSGS. I got a double nephrectomy due to the high proteinuria it was necessary because I couldn’t eat and after they fixed my stomach and my pancreas I was 16 at this time. I was on dialysis for a year, gained weight and became eligible for transplant and I got my first kidney when I was 17 but the FSGS returned immediately on the transplant and I lost my kidney in 3 months and I was dialysis and pheresis dependent. 2 years later I got another kidney and it worked without any problems for 3 months before the transplant I got a pheresis and 5 pheresis’ after transplant but after 3 months I had complications the anti rejection medications destroyed my bone marrow and my doctors decided to lower my dose of anti rejection medications and they waited until my bone marrow regenerated but it was too late I became nephrotic and FSGS came back and I became HD dependent. In 2010 only 6 months after my second transplant they removed the kidney. I decided that I don’t want to go through transplant again and I was on HD for 15 years but this year I decided I give another last try and I was eligible to go back to the transplant list. My question: Time can help to eliminate the possibility of a new recurrence of FSGS or if it will doesn’t return it will be pure luck? Is anybody in the same boat like me and can you tell me some success stories? Thank you for advance!"
Gift ideas for doctors on the team,"So my first anniversary is coming up and I would like to get the doctors something, but I'm unsure what to get them since the team is so big, probably 15-20 of them, and maybe I come across my nurses too. Also, there are 4-5 main doctors and others are junior ones or surgeons who I'm not regularly in touch with, but feel equally grateful towards. Any ideas other than handwritten cards?"
Positive thoughts please,"Hi. Former Duodenal cancer survivor, Goodpastures Syndrome survivor and have had a living donor transplanted kidney 6 1/2 years and counting. I found out yesterday that I have GI NN. Gastrointestinal Neuroendocrine Neoplasms. Tumors. I have tumors again in my GI system - like before. I also have tested positive for the BK Virus. Really low numbers - my nephrologist said they weren’t worried though. I’ve been feeling horrible for the past year. Had multiple ear infections that turned into MRSA - which was actually caused by an overgrowth of demodex mites. That’s been a horrific nightmare all on its own. But I’ve been on steroids - at really crazy levels for over 10 years consistently. It happens. I’ve always had trouble with my stomach and I was diagnosed with Celiac disease and a true milk allergy when I was around 39, I’m now 57F. About 6-7 months after I was diagnosed, I had cancer. I had a modified Whipple and am missing my duodenum, gall bladder and appendix. They also removed parts of my stomach, pancreas and small intestines. I was riddled with tumors. It’s 15 years later and truth be told, I knew this was coming for me. My dad died of Non Hodgkins Lymphoma, Multiple Myeloma & bladder cancer 3x with GIST tumors. I had GIST tumors too. My Uncle died from liver/pancreatic cancer. I mean the list is long with my family and cancers. I have a lot more testing to do. I’m so grateful I’m here in Seattle because UW and Fred Hutch Cancer Center saved my life before. I will know more in the coming week - but I think it may have already spread to my lungs because they saw a small mass in my left lung that’s causing it to partially collapse at the bottom. :( I’m having trouble getting a deep breath. I’m staying positive but could use some positive transplant warrior vibes. Many thanks !"
LVAD to transplant,"I’m 63, had an acute episode of CHF, heart was no longer able to keep my organs healthy and they started shutting down. Eg kidneys stop outputting urine no matter how much diuretic I was given. Have Stage 3 chronic kidney disease. Currently have an LVAD for 15 months, doing OK, not very energetic, not able work due to conditioning. I know I can work on that(conditioning) but not likely I could do a lot more active stuff. I’m planning on getting listed for cardiac transplant. My blood type is O+, and I’m 6’04”. My cardiology team is ok with me going through the testing to get listed. They also were very clear that my wait for an organ would likely be long due to 1. My status 4 if I’m accepted on the list. (Status 3 is an LVAD patient with complications) 2. My stature, they match the hearts of similar sized people (e.g. I wouldn’t get offered the heart from a 5’7” person). 3. The fact that I need a heart and a kidney. I really want to get listed in hopes of a higher quality life and having the transplant option before another acute event might occur. I guess I’m interested in hearing someone in a similar situation(told the wait for an organ would be long) who got a pleasant surprise and received an organ when it looked doubtful. Thanks for reading this!"
Tshirt ideas for heart and lungs,"So much first anniversary is coming up and I need some ideas for the design on it. I was thinking either they're made of flowers and blooming, or it could say that they're recycled organs, or it could be a cartoon sending a message. Also I'm unable to generate it with ai need some help if you already have an existing design."
