search key,type,source,cluster_id,variants
lung transplant rejection,['lung transplant'],google_complete,0,"['lung transplant rejection after 5 years', 'lung transplant rejection stages', 'lung transplant rejection symptoms', 'what is lung transplant rejection', 'why lung transplant rejection']"
lung transplant history,['lung transplant'],google_complete,1,"['lung transplant last', 'lung transplant timeline']"
heart transplant rejection,['heart transplant'],google_complete,2,"['heart transplant rejection stages', 'heart transplant rejection symptoms', 'what is heart transplant rejection']"
kidney transplant hospitals in florida,['kidney transplant'],google_complete,3,['kidney transplant tampa general hospital']
heart lung transplant uk,['heart-lung transplant'],google_complete,4,"['first heart lung transplant uk', 'heart and lung transplant centres uk', 'heart and lung transplant hospital uk', 'lung transplant uk']"
pancreas transplantation,['pancreas transplant'],google trends,5,"['are pancreas transplants available', 'are pancreas transplants possible', 'can pancreas be transplant', 'can pancreas transplant be done', 'can you get a pancreas transplant', 'can you get a pancreas transplant for pancreatitis', 'can you have a pancreas transplant', 'can you transplant your pancreas', 'do pancreas transplants work', 'does pancreas transplant exist', 'has a pancreas ever been transplanted', 'how does pancreas transplant work', 'how is pancreas transplant done', 'is there a pancreas transplant', 'living pancreas transplant', 'pancreas only transplant', 'pancreas transplant', 'pancreas transplant alone', 'pancreas transplant complications', 'pancreas transplant facts', 'pancreas transplant failure', 'pancreas transplant graft', 'pancreas transplant history', 'pancreas transplant incision', 'pancreas transplant is possible', 'pancreas transplant news', 'pancreas transplant operation', 'pancreas transplant operative steps', 'pancreas transplant overview', 'pancreas transplant possible', 'pancreas transplant possible or not', 'pancreas transplant procedure', 'pancreas transplant procedure steps', 'pancreas transplant protocol', 'pancreas transplant recovery', 'pancreas transplant research', 'pancreas transplant steps', 'pancreas transplant stories', 'pancreas transplant surgery', 'pancreas transplant technique', 'pancreas transplant usa', 'pancreas transplant wiki', 'transplant of pancreas', 'what does a pancreas transplant do', 'what is pancreas transplant', 'who can get a pancreas transplant', 'who did the first pancreas transplant', 'who does pancreas transplants', 'who gets a pancreas transplant', 'who needs pancreas transplant', 'whole pancreas transplant', ""why don't pancreas transplants work""]"
do you change after a heart transplant,['heart transplant'],google_complete,6,['what happens after heart transplant']
heart transplant recovery timeline,['heart transplant'],google_complete,7,"['heart transplant recovery', 'heart transplant recovery time']"
when is heart transplant done,['heart transplant'],google_complete,8,"['first heart transplant year', 'when did first heart transplant', 'when did heart transplants become common', 'when did heart transplants start', 'when do heart transplants take place', 'when first heart transplant', 'when heart transplant', 'when heart transplant is needed', 'when to do heart transplant', 'when was heart transplant first performed']"
liver transplant pathology outlines,['liver transplant'],google_complete,9,['liver transplant anatomy']
lung transplant questions,['lung transplant'],google_complete,10,"['lung transplant human body', 'lung transplant status']"
liver transplant survival rate,['liver transplant'],google_complete,11,"['liver transplant 20 year survival rate', 'liver transplant 30 year survival rate', 'liver transplant 40 year survival rate', 'liver transplant donor survival rate', 'liver transplant mortality rate', 'liver transplant surgery survival rate', 'liver transplant survival', 'liver transplant survival rate by age', 'what is liver transplant survival rate']"
can you do a liver transplant,['liver transplant'],google trends,12,"['can a live person give a liver transplant', 'can there be a liver transplant', 'can you get a liver transplant', 'can you have a liver transplant', 'can you transplant a liver', 'liver transplant donation', 'liver transplant donor', 'liver transplant who can donate', 'who can donate liver transplant', 'who can transplant liver']"
heart transplant movie,['heart transplant'],google_complete,13,"['heart transplant movies on netflix', 'heart transplant xmas movie', 'movie where heart transplant']"
how long lung transplant,['lung transplant'],google_complete,14,"['how long can you wait for a lung transplant', 'how long do heart and lung transplants last', 'how long does a heart and lung transplant take', 'how long does a lung transplant last', 'how long is the wait for a lung transplant', 'how long lung transplant last', 'how long lung transplant surgery', 'lung transplant how long does it last', 'lung transplant how long does it take', 'lung transplant lasts how long']"
lung transplant pittsburgh,['lung transplant'],google_complete,15,['lung transplant philadelphia']
liver transplant university of michigan,['liver transplant'],google_complete,16,['liver transplant university of cincinnati']
pancreas transplant uk,['pancreas transplant'],google_complete,17,"['pancreas transplant australia', 'pancreas transplant centres uk', 'pancreas transplant melbourne', 'pancreas transplant nhs', 'pancreas transplant nz', 'pancreas transplant oxford', 'private pancreas transplant uk']"
kidney transplant ribbon color,['kidney transplant'],google_complete,18,"['heart transplant ribbon color', 'kidney transplant color ribbon', 'lung transplant ribbon color']"
heart transplant t shirts,['heart transplant'],google_complete,19,['kidney transplant t shirts']
heart and lung transplant foundation,['heart-lung transplant'],google_complete,20,"['heart and lung transplant foundation wa', 'heart transplant foundation']"
kidney transplant cost,['kidney transplant'],google trends,21,"['how much for a kidney transplant', 'how much is a kidney transplant', 'how much kidney transplant surgery cost', 'kidney transplant expense', 'kidney transplant surgery cost', 'what does kidney transplant cost']"
kidney transplant wiki,['kidney transplant'],google_complete,22,['kidney transplant website']
lung transplant donor,['lung transplant'],google_complete,23,"['lung transplant donation', 'lung transplant from living donor', 'lung transplant living donor', 'lung transplant two donors']"
lung transplant medicine,['lung transplant'],google_complete,24,"['lung transplant cure', 'lung transplant medications', 'lung transplant treatment']"
kidney transplant diet,['kidney transplant'],google_complete,25,"['kidney transplant diet menu', 'kidney transplant diet pdf', 'kidney transplant patient diet']"
when did lung transplants start,['lung transplant'],google_complete,26,"['when are lung transplants performed', 'when did lung transplants become common', 'when do they do lung transplants', 'when to get lung transplant', 'when was first lung transplant']"
liver transplant organizations,['liver transplant'],google_complete,27,['liver transplant program']
heart transplant video animation,['heart transplant'],google_complete,28,['kidney transplant video animation']
heart transplant pediatric,['heart transplant'],google_complete,29,"['heart transplant for kids', 'heart transplant in children', 'heart transplant kids', 'heart transplant young', 'heart transplant young patient', 'pediatric heart transplant']"
heart transplant time,['heart transplant'],google_complete,30,"['heart transplant duration', 'heart transplant how many hours', 'heart transplant operation time', 'heart transplant surgery time', 'heart transplant time frame']"
liver transplant grants,['liver transplant'],google_complete,31,['liver transplant financial assistance']
after kidney transplant,['kidney transplant'],google trends,32,['post kidney transplant']
lung transplant guidelines,['lung transplant'],google_complete,33,"['lung transplant guidelines 2022', 'lung transplant guidelines pdf', 'lung transplant guidelines uk']"
how common are pancreas transplants,['pancreas transplant'],google_complete,34,"['are pancreas transplants common', 'why are pancreas transplants rare']"
how lung transplant is done,['lung transplant'],google_complete,35,"['how a lung transplant is performed', 'how lung transplant is performed', 'how lung transplant works', 'lung transplant', 'lung transplant experience', 'lung transplant how does it work', 'lung transplant journey', 'lung transplant operation', 'lung transplant outlook', 'lung transplant procedure', 'lung transplant procedure steps', 'lung transplant process', 'lung transplant surgery', 'lung transplant technique', 'lung transplantation']"
heart transplant complications,['heart transplant'],google_complete,36,['heart transplant questions']
who did first heart transplant in india,['heart transplant'],google_complete,37,"['heart transplant in india', 'how many heart transplant done in india', 'how many heart transplant in india', 'when was first heart transplant done in india', 'who first heart transplant in india']"
pancreas transplant in type 1 diabetes,['pancreas transplant'],google_complete,38,"['can a pancreas transplant get rid of diabetes', 'does pancreas transplant help with diabetes', 'how does a pancreas transplant cure diabetes', 'pancreas transplant and diabetes', 'pancreas transplant cure diabetes', 'pancreas transplant cure type 1 diabetes', 'pancreas transplant diabetes', 'pancreas transplant diabetes 1', 'pancreas transplant diabetes type 1', 'pancreas transplant diabetes type 2', 'pancreas transplant for diabetes', 'pancreas transplant for type 1 diabetes', 'pancreas transplant for type 1 diabetes success rate', 'pancreas transplant for type 2 diabetes', 'pancreas transplant in type 2 diabetes', 'pancreas transplant to cure diabetes', 'pancreas transplant to cure type 1 diabetes', 'pancreas transplant type 1 diabetes', 'pancreas transplant type 2 diabetes', 'pancreas transplant type one diabetes', 'will pancreas transplant cure diabetes']"
heart transplant video,['heart transplant'],google_complete,39,"['heart transplant surgery video', 'heart transplant video for kids', 'heart transplant video youtube', 'heart transplant youtube']"
liver transplant timeline,['liver transplant'],google_complete,40,"['liver transplant history', 'liver transplant recovery timeline']"
pancreas kidney transplant,['pancreas transplant'],google_complete,41,"['kidney and pancreas transplant', 'kidney pancreas transplant', 'pancreas after kidney transplant', 'pancreas organ transplant', 'pancreas transplant with kidney', 'spontaneous pancreas kidney transplant']"
pancreas transplant canada,['pancreas transplant'],google_complete,42,"['pancreas transplant bc', 'pancreas transplant ontario', 'pancreas transplant toronto']"
liver transplant birmingham,['liver transplant'],google_complete,43,['liver transplant queen elizabeth hospital birmingham']
heart transplant success rate,['heart transplant'],google_complete,44,"['heart transplant operation success rate', 'heart transplant surgery success rate', 'what is heart transplant success rate', 'what percentage of heart transplants are successful']"
pancreas transplant vascular anatomy,['pancreas transplant'],google_complete,45,"['pancreas transplant anatomy', 'pancreas transplant artery', 'pancreas transplant vessels']"
kidney transplant cpt code,['kidney transplant'],google_complete,46,"['heart transplant cpt code', 'heart transplant evaluation cpt code', 'kidney transplant evaluation cpt code']"
who do liver transplant,['liver transplant'],google_complete,47,"['liver transplant patient', 'liver transplant recipient', 'liver transplant usa', 'who liver transplantation']"
lung transplant survival rate,['lung transplant'],google_complete,48,"['double lung heart transplant survival rate', 'double lung transplant survival rates by age', 'heart and lung transplant survival rate', 'heart lung transplant survival', 'heart lung transplant survival rates', 'heart lung transplant survival rates by age', 'heart-lung transplant survival rates by age', 'lung transplant 1 year survival', 'lung transplant 10 year survival rate', 'lung transplant 15 year survival rate', 'lung transplant 20 year survival rate', 'lung transplant 30 year survival rate', 'lung transplant 5 year survival', 'lung transplant 5 year survival rate', 'lung transplant surgery survival rate', 'lung transplant survival', 'lung transplant survival rates 2020', 'lung transplant survival rates by age', 'lung transplant survival rates by hospital', 'survival rate of heart lung transplant', 'what is lung transplant survival rate']"
kidney transplant leave old kidney,['kidney transplant'],google_complete,49,"['kidney transplant keep old kidney', 'kidney transplant old kidney', 'kidney transplant why leave old kidney']"
what's kidney transplant,['kidney transplant'],google_complete,50,"['kidney transplant', 'kidney transplant graft', 'kidney transplant meaning', 'kidney transplant medical term', 'kidney transplant operation', 'kidney transplant procedure', 'kidney transplant process', 'kidney transplant surgery', 'kidney transplant treatment', 'kidney transplantation', 'what is a kidney transplant', 'what is kidney transplant procedure', 'what is kidney transplant surgery', ""what's renal transplant""]"
heart problems after lung transplant,['heart-lung transplant'],google_complete,51,['heart lung transplant failure']
kidney transplant anti rejection drugs,['kidney transplant'],google_complete,52,"['heart transplant anti rejection drugs', 'lung transplant anti rejection drugs']"
how long liver transplant,['liver transplant'],google_complete,53,"['how long does it take to get a liver transplant', 'how long liver transplant last', 'how long liver transplant recovery', 'how long liver transplant surgery', 'liver transplant how long does it last', 'liver transplant how long does it take', 'what is liver transplant recovery time']"
heart transplant icd 10,['heart transplant'],google_complete,54,"['heart transplant evaluation icd 10', 'heart transplant icd-10', 'heart transplant icd-10-cm', 'heart transplant status icd 10']"
pancreas transplant radiology,['pancreas transplant'],google_complete,55,"['pancreas transplant anatomy radiology', 'pancreas transplant radiographics', 'pancreas transplant radiopaedia']"
liver transplant icd 10,['liver transplant'],google_complete,56,"['liver transplant evaluation icd 10', 'liver transplant icd 10 code', 'liver transplant icd code', 'liver transplant recipient icd 10', 'liver transplant rejection icd 10', 'liver transplant status icd 10']"
xenograft liver transplant,['liver transplant'],google_complete,57,"['liver xenotransplantation', 'xeno liver transplant']"
how heart transplant is done,['heart transplant'],google_complete,58,"['heart transplant how does it work', 'heart transplant operation', 'heart transplant procedure', 'heart transplant process', 'heart transplant surgery', 'heart transplant technique', 'how heart transplant works', 'what is heart transplant surgery']"
liver transplant yellow,['liver transplant'],google_complete,59,"['liver transplant yellow eyes', 'liver transplant yellow skin']"
what happens if heart transplant is rejected,['heart transplant'],google_complete,60,['why does the body reject heart transplants']
pancreas transplant eligibility,['pancreas transplant'],google_complete,61,"['pancreas transplant criteria', 'pancreas transplant donor criteria', 'pancreas transplant qualifications', 'pancreas transplant requirements', 'who is eligible for a pancreas transplant', 'who qualifies for pancreas transplant']"
heart lung transplant in india,['heart-lung transplant'],google_complete,62,"['first heart lung transplant in india', 'how many lung transplant in india', 'lung transplant in india']"
types of liver transplant,['liver transplant'],google_complete,63,"['liver transplant medical term', 'liver transplant types']"
can you get a lung transplant,['lung transplant'],google trends,64,"['can lungs be transplant', 'can you give someone a lung transplant', 'can you have a lung transplant', 'how are lung transplants possible', 'is lung transplant possible', 'lung transplant options', 'lung transplant possible', 'who can get lung transplant', 'who gets lung transplants', 'who needs lung transplant']"
liver transplant liver cancer,['liver transplant'],google_complete,65,"['liver transplant cancer', 'liver transplant for cancer patients', 'liver transplant for liver cancer', 'liver transplant with cancer', 'will liver transplant cure liver cancer']"
kidney transplant complications,['kidney transplant'],google_complete,66,['kidney transplant odds']
kidney transplant hospitals in texas,['kidney transplant'],google_complete,67,['kidney transplant hospital in san antonio']
kidney transplant kaise hota hai,['kidney transplant'],google_complete,68,"['kidney transplant kab hota hai', 'kidney transplant kaise kiya jata hai', 'kidney transplant kya hota hai']"
where do kidney transplants go,['kidney transplant'],google_complete,69,"['where do they put kidney transplant', 'where does the kidney go in a transplant']"
kidney transplant status z code __,['kidney transplant'],google_complete,70,"['heart transplant status z code', 'kidney transplant z code']"
lung transplant complications,['lung transplant'],google_complete,71,"['heart lung transplant complications', 'lung transplant odds']"
heart transplant immunosuppression,['heart transplant'],google_complete,72,"['heart transplant immunosuppression drugs', 'heart transplant immunosuppression guidelines']"
pancreas transplant status,['pancreas transplant'],google_complete,73,"['pancreas transplant evaluation', 'pancreas transplant indications', 'pancreas transplant outcomes', 'pancreas transplant prognosis', 'pancreas transplant uptodate']"
lung transplant hospitals,['lung transplant'],google_complete,74,"['best heart lung transplant hospital', 'heart and lung transplant clinic', 'heart and lung transplant hospital', 'lung transplant best hospital', 'lung transplant government hospital', 'lung transplant hospital stay', 'lung transplant hospitals in the us', 'what hospitals do lung transplants']"
heart transplant jehovah's witness,['heart transplant'],google_complete,75,"[""lung transplant jehovah's witness""]"
how long kidney transplant last,['kidney transplant'],google_complete,76,"['how long can you live with a kidney transplant', 'how long do kidney transplants last', 'how long kidney transplant surgery', 'kidney transplant how long', 'kidney transplant how long does it last']"
heart transplant organ donation,['heart transplant'],google trends,77,['heart transplant donor']
when was first pancreas transplant,['pancreas transplant'],google_complete,78,"['when did pancreas transplants start', 'when do you need a pancreas transplant', 'when is a pancreas transplant needed', 'when was the first pancreas transplant']"
xenograft kidney transplant,['kidney transplant'],google_complete,79,"['kidney transplant xenotransplant', 'kidney xeno transplant']"
pancreas transplant medications,['pancreas transplant'],google_complete,80,['pancreas transplant program']
heart transplant usa,['heart transplant'],google_complete,81,"['heart transplant in usa', 'heart transplant overseas']"
who invented heart transplant,['heart transplant'],google_complete,82,"['heart transplant inventor', 'who discovered heart transplantation']"
heart transplant box,['heart transplant'],google_complete,83,"['heart transplant beating box', 'heart transplant transport box']"
simultaneous pancreas kidney transplant,['pancreas transplant'],google_complete,84,['simultaneous pancreas kidney transplant spk']
liver transplant video,['liver transplant'],google_complete,85,"['how to liver transplant video', 'liver transplant operation video', 'liver transplant surgery video', 'liver transplant video surgery', 'liver transplant video youtube', 'liver transplant youtube']"
heart transplant waiting list,['heart transplant'],google_complete,86,"['heart transplant waiting list by state', 'heart transplant waiting list criteria', 'heart transplant waiting list statistics', 'heart transplant waiting list status']"
lung transplant criteria,['lung transplant'],google_complete,87,"['heart lung transplant criteria', 'lung transplant donor criteria', 'lung transplant matching criteria']"
pancreas transplant icd 10,['pancreas transplant'],google_complete,88,"['pancreas kidney transplant icd 10', 'pancreas transplant aftercare icd 10', 'pancreas transplant icd', 'pancreas transplant recipient icd 10', 'pancreas transplant rejection icd 10', 'pancreas transplant status icd 10', 'pancreas transplant status post icd 10']"
kidney transplant dialysis,['kidney transplant'],google trends,89,"['kidney transplant before dialysis', 'kidney transplant or dialysis', 'kidney transplant vs dialysis']"
liver transplant waiting list by state,['liver transplant'],google_complete,90,"['liver transplant waiting list california', 'liver transplant waiting list florida', 'liver transplant waiting list texas']"
liver transplant in zydus hospital ahmedabad,['liver transplant'],google_complete,91,"['liver transplant cost in zydus hospital ahmedabad', 'liver transplant surgeon in zydus hospital ahmedabad']"
pancreas transplant waiting list,['pancreas transplant'],google_complete,92,"['kidney pancreas transplant waiting list', 'pancreas transplant wait time', 'pancreas transplant waitlist']"
double lung transplant youtube,['lung transplant'],google_complete,93,['lung transplant youtube']
lung transplant new york,['lung transplant'],google_complete,94,"['lung transplant in usa', 'lung transplant nj', 'lung transplant nyc', 'lung transplant usa']"
kidney transplant organization,['kidney transplant'],google_complete,95,['kidney transplant groups']
heart transplant in zimbabwe,['heart transplant'],google_complete,96,['heart transplant in zambia']
pancreas transplant journal,['pancreas transplant'],google_complete,97,['pancreas transplant book']
liver transplant questionnaire,['liver transplant'],google_complete,98,['liver transplant quiz']
how long heart transplant surgery,['heart transplant'],google_complete,99,"['heart transplant how long does it last', 'heart transplant how long does it take', 'how long heart transplant last', 'how long is a heart transplant surgery']"
pancreas transplant surgeon,['pancreas transplant'],google_complete,100,"['pancreas transplant candidate', 'pancreas transplant doctor']"
liver transplant scar,['liver transplant'],google_complete,101,"['liver transplant donor scar', 'where is a liver transplant scar']"
heart transplant types,['heart transplant'],google_complete,102,['heart transplant blood type']
kidney transplant ka kharcha,['kidney transplant'],google_complete,103,['liver transplant ka kharcha']
what happens when lung transplant fails,['lung transplant'],google_complete,104,['what happens after lung transplant']
lung transplant health care,['lung transplant'],google trends,105,['lung transplant after care']
heart transplant criteria,['heart transplant'],google_complete,106,"['heart transplant listing criteria', 'heart transplant uk criteria']"
liver transplant indications,['liver transplant'],google_complete,107,['liver transplant diagnosis']
liver transplant numbers by center,['liver transplant'],google_complete,108,['liver transplant numbers']
kidney transplant life expectancy,['kidney transplant'],google_complete,109,"['kidney transplant expectancy', 'kidney transplant longevity']"
kidney transplant icd 10,['kidney transplant'],google_complete,110,"['kidney transplant evaluation icd 10', 'kidney transplant failure icd 10', 'kidney transplant history icd 10', 'kidney transplant recipient icd 10', 'kidney transplant status icd 10']"
when liver transplant is needed,['liver transplant'],google_complete,111,"['when is liver transplant necessary', 'when liver transplant is done', 'when liver transplant is required', 'when to do liver transplant']"
liver transplant anniversary quotes,['liver transplant'],google_complete,112,['liver transplant quotes']
kidney transplant success rate,['kidney transplant'],google_complete,113,"['kidney transplant failure rate', 'what is kidney transplant success rate']"
liver transplant what to expect,['liver transplant'],google_complete,114,['liver transplant outcomes']
liver transplant awareness month,['liver transplant'],google_complete,115,['liver transplant month']
liver transplant ke baad life,['liver transplant'],google_complete,116,['kidney transplant ke baad life']
liver transplant life expectancy,['liver transplant'],google_complete,117,"['liver transplant expectancy', 'liver transplant life span', 'what is the average life expectancy after a liver transplant']"
who did first heart transplant,['heart transplant'],google_complete,118,"['where did the first heart transplant take place', 'where first heart transplant', 'where was first heart transplant done', 'where was first successful heart transplant', 'who did first heart transplant in world', 'who first heart transplant', 'who had first heart transplant', 'who made first heart transplant', 'who was first heart transplant patient']"
how many lung transplants per year,['lung transplant'],google_complete,119,"['how many heart lung transplants per year', 'how many lung transplants per year in us', 'how many lung transplants per year uk', 'how many lung transplants per year worldwide']"
heart transplant outcomes,['heart transplant'],google_complete,120,['heart transplant status']
pancreas transplant anastomosis,['pancreas transplant'],google_complete,121,['pancreatic transplant bladder anastomosis']
lung transplant cost,['lung transplant'],google trends,122,"['cost of heart lung transplant', 'heart lung transplant cost', 'heart-lung transplant cost', 'how much is a lung transplant', 'lung transplant cost in us', 'lung transplant out of pocket cost', 'what does a lung transplant cost']"
liver transplant young child,['liver transplant'],google_complete,123,"['liver transplant in children', 'liver transplant kids', 'liver transplant young', 'liver transplant young adults']"
lung transplant time,['lung transplant'],google_complete,124,"['heart and lung transplant recovery time', 'heart and lung transplant time frame', 'heart lung transplant surgery time', 'lung transplant duration', 'lung transplant operation time', 'lung transplant recovery time']"
lung transplant jacksonville fl,['lung transplant'],google_complete,125,['lung transplant gainesville fl']
kidney transplant eligibility criteria,['kidney transplant'],google_complete,126,"['kidney transplant criteria', 'kidney transplant eligibility', 'kidney transplant qualifications']"
heart transplant near me,['heart transplant'],google_complete,127,"['heart transplant center near me', 'heart transplant doctors near me', 'heart transplant hospitals near me']"
zofran kidney transplant,['kidney transplant'],google_complete,128,['zofran liver transplant']
heart transplant rejection icd 10,['heart transplant'],google_complete,129,['kidney transplant rejection icd 10']
liver transplant color,['liver transplant'],google_complete,130,['liver transplant ribbon color']
heart transplant quotes,['heart transplant'],google_complete,131,"['heart transplant anniversary quotes', 'heart transplant inspirational quotes', 'short heart transplant quotes']"
pancreas transplant in india,['pancreas transplant'],google_complete,132,"['pancreas transplant hospital in india', 'pancreas transplant in bangalore', 'pancreas transplant in hindi', 'pancreas transplant in hyderabad', 'pancreas transplant in india in hindi', 'pancreas transplant in kerala', 'pancreas transplant in mumbai', 'pancreas transplant in pgi chandigarh']"
lung transplant information,['lung transplant'],google_complete,133,['lung transplant wiki']
heart transplant doctor,['heart transplant'],google_complete,134,"['heart transplant cardiologist', 'heart transplant surgeon']"
pig kidney transplant,['kidney transplant'],google trends,135,"['kidney transplant from pig', 'kidney transplant pig', 'kidney transplant using a pig', 'kidney transplant with pig', 'pig kidney transplant to human', 'pig kidney transplant update', 'when was the pig kidney transplant', 'where was the pig kidney transplant', 'why pig kidney transplant']"
lung transplant scar,['lung transplant'],google_complete,136,"['heart lung transplant scar', 'where are lung transplant scars']"
kidney transplant age,['kidney transplant'],google_complete,137,"['kidney transplant age limit', 'kidney transplant success rate by age']"
infections in heart and lung transplant recipients,['heart-lung transplant'],google_complete,138,['heart transplant infection']
lung transplant vaping,['lung transplant'],google_complete,139,['lung transplant due to vaping']
lung transplant houston,['lung transplant'],google_complete,140,['lung transplant houston methodist']
kidney transplant questions,['kidney transplant'],google_complete,141,"['kidney transplant help', 'kidney transplant questions and answers']"
why heart transplant is done,['heart transplant'],google_complete,142,"['what is a heart transplant and why is it done', 'why does heart transplant work', 'why get a heart transplant', 'why is heart transplant helpful', 'why is heart transplant important']"
heart transplant eligibility,['heart transplant'],google_complete,143,"['heart transplant eligibility criteria', 'heart transplant requirements', 'who qualifies for heart transplant']"
pancreas transplant benefits,['pancreas transplant'],google_complete,144,['pancreas transplant advantages and disadvantages']
liver transplant blood type,['liver transplant'],google_complete,145,['liver transplant blood type compatibility']
heart transplant survival rate 10 years,['heart transplant'],google_complete,146,"['heart transplant 10 year survival rate', 'heart transplant 20 year survival rate', 'heart transplant 5 year survival', 'heart transplant 5 year survival rate', 'heart transplant surgery survival rate', 'heart transplant survival rate', 'what is heart transplant survival rate']"
kidney transplant jehovah's witness,['kidney transplant'],google_complete,147,"[""liver transplant jehovah's witness""]"
double lung transplant quality of life,['lung transplant'],google_complete,148,['lung transplant quality of life']
heart lung transplant,['lung transplant'],google trends,149,"['heart and lung transplant', 'heart and lung transplant together', 'heart bilateral lung transplant', 'heart lung transplant procedure', 'heart lung transplant steps', 'heart lung transplant surgery', 'heart lung transplant technique', 'heart or lung transplant', 'heart transplant and lung transplant', 'heart transplant lung', 'heart transplant vs lung transplant', 'heart vs lung transplant', 'heart-lung transplant', 'lung or heart lung transplant', 'lung transplant vs heart transplant', 'what is heart lung transplant']"
kidney transplant effects,['kidney transplant'],google_complete,150,['kidney transplant side effects']
why would someone need a liver transplant,['liver transplant'],google trends,151,"['why liver transplant is done', 'why liver transplant needed', 'why would you need a liver transplant']"
liver transplant journey,['liver transplant'],google_complete,152,['liver transplant experience']
lung transplant 70 years old,['lung transplant'],google_complete,153,"['lung transplant 75 years old', 'lung transplant 80 year old', 'lung transplant over 65', 'lung transplant over age 70']"
why would someone need lung transplant,['lung transplant'],google_complete,154,"['lung transplant reasons', 'lung transplant why', 'why do people get lung transplants', 'why lung transplant is needed']"
heart transplant hospital,['heart transplant'],google trends,155,"['heart transplant hospital stay', 'heart transplant hospitals']"
kidney transplant gifts,['kidney transplant'],google_complete,156,"['kidney transplant gift ideas', 'kidney transplant gifts amazon']"
why kidney transplant is needed,['kidney transplant'],google_complete,157,"['why do we need kidney transplants', 'why is kidney transplants important']"
heart transplant life,['heart transplant'],google trends,158,['heart transplant live']
heart transplant zbigniew religa,['heart transplant'],google_complete,159,['zbigniew heart transplant']
kidney transplant drugs,['kidney transplant'],google_complete,160,"['kidney transplant medications', 'kidney transplant medicine', 'kidney transplant pharmaceutical drug']"
liver transplant piggyback technique,['liver transplant'],google_complete,161,['pig liver transplant']
kidney transplant hospital stay,['kidney transplant'],google_complete,162,['kidney transplant hospitals']
kidney transplant anastomosis,['kidney transplant'],google_complete,163,"['kidney transplant ureteral anastomosis', 'kidney transplant vascular anastomosis', 'kidney transplant vessel anastomosis']"
lung transplant kya hota hai,['lung transplant'],google_complete,164,"['lung transplant kaise hota hai', 'lungs ka transplant hota hai']"
why no pancreas transplant,['pancreas transplant'],google_complete,165,"['pancreas transplant reasons', 'why can pancreas be transplanted', 'why can you not get a pancreas transplant', ""why can't a pancreas be transplanted"", ""why don't they do pancreas transplants"", 'why get a pancreas transplant', 'why is pancreas transplant rarely done', 'why pancreas cannot be transplanted', 'why pancreas transplant', 'why would you need a pancreas transplant']"
pancreas transplant ultrasound,['pancreas transplant'],google_complete,166,"['pancreas transplant doppler ultrasound', 'pancreas transplant ultrasound protocol', 'pancreas transplant ultrasound radiology']"
lung transplant kids,['lung transplant'],google_complete,167,['lung transplant baby']
liver transplant meld score calculator,['liver transplant'],google_complete,168,['liver transplant meld score']
where was first liver transplant performed,['liver transplant'],google_complete,169,"['where was the first liver transplant done', 'who performed first liver transplant']"
ut southwestern heart and lung transplant program,['heart-lung transplant'],google_complete,170,[]
heart transplant cost,['heart transplant'],google_complete,171,"['heart transplant cost in dollars', 'heart transplant cost in usa', 'heart transplant usa cost', 'how much heart transplant surgery cost', 'how much is a heart transplant', 'what does heart transplant cost']"
kidney transplant in turkey,['kidney transplant'],google_complete,172,['kidney transplant turkey']
lung transplant xray,['lung transplant'],google_complete,173,"['lung transplant chest x ray', 'post lung transplant xray']"
lung transplant guidelines ishlt,['lung transplant'],google_complete,174,[]
heart transplant coordinator,['heart transplant'],google_complete,175,['heart transplant coordinator jobs']
kidney transplant nurse,['kidney transplant'],google_complete,176,['kidney transplant nurse jobs']
heart transplant history timeline,['heart transplant'],google_complete,177,"['heart transplant history', 'heart transplant timeline']"
pancreas transplant y graft,['pancreas transplant'],google_complete,178,"['pancreas transplant.anatomy y graft', 'pancreas y graft', 'pancreatic transplant y graft']"
heart lung transplant trust victoria,['heart-lung transplant'],google_complete,179,['lung transplant victoria']
kidney transplant nutrition,['kidney transplant'],google_complete,180,['kidney transplant nutrition guidelines']
heart transplant texas,['heart transplant'],google_complete,181,['heart transplant houston']
kidney transplant immunosuppression,['kidney transplant'],google_complete,182,"['kidney transplant immunosuppression drugs', 'kidney transplant no immunosuppressants']"
heart transplant uk hospitals,['heart transplant'],google_complete,183,['heart transplant uk']
rana daggubati kidney transplant year,['kidney transplant'],google_complete,184,[]
where do heart transplants come from,['heart transplant'],google_complete,185,"['heart transplant origin', 'where do hearts for heart transplants come from']"
lung transplant waiting list,['lung transplant'],google_complete,186,"['heart and lung transplant waiting list', 'heart lung transplant waiting list', 'lung transplant list wait time', 'lung transplant wait time', 'lung transplant waiting list by state', 'lung transplant waiting list statistics', 'lung transplant waiting list time']"
liver transplant candidates,['liver transplant'],google_complete,187,"['the liver transplant candidate', 'who is a liver transplant candidate']"
heart lung transplant fellowship,['heart-lung transplant'],google_complete,188,"['heart and lung transplant surgery fellowship', 'lung transplant fellowship']"
lung transplant list,['lung transplant'],google_complete,189,"['lung transplant list requirements', 'lung transplant listing status']"
pancreas transplant monitoring,['pancreas transplant'],google_complete,190,[]
xm kidney transplant,['kidney transplant'],google_complete,191,[]
journal heart lung transplant impact factor,['heart-lung transplant'],google_complete,192,"['heart lung transplant impact factor', 'j heart lung transplant impact factor', 'journal of heart lung transplant impact factor']"
kidney transplant ultrasound,['kidney transplant'],google_complete,193,"['kidney transplant ultrasound images', 'kidney transplant ultrasound protocol']"
heart transplant levels,['heart transplant'],google_complete,194,"['heart transplant list levels', 'heart transplant status levels']"
heart transplant patient,['heart transplant'],google_complete,195,['heart transplant recipient']
kidney transplant timeline,['kidney transplant'],google_complete,196,['kidney transplant history']
when kidney transplant is needed,['kidney transplant'],google_complete,197,['when kidney transplant is required']
pancreas transplant survival rate,['pancreas transplant'],google_complete,198,"['pancreas kidney transplant survival rates', 'pancreas transplant mortality rate', 'pancreas transplant rate', 'pancreas transplant rejection rate', 'pancreas transplant success rate']"
how many heart transplants did rockefeller have,['heart transplant'],google_complete,199,['how many heart transplants david rockefeller']
selena gomez kidney transplant,['kidney transplant'],google trends,200,"['selena gomez health kidney transplant', 'selena gomez kidney transplant donor', 'selena kidney transplant', 'when selena gomez kidney transplant', ""when was selena's kidney transplant"", 'who was selena gomez kidney transplant', 'why selena gomez kidney transplant']"
liver transplant tacrolimus,['liver transplant'],google_complete,201,"['liver transplant tacrolimus goal', 'liver transplant tacrolimus level']"
what causes heart transplant,['heart transplant'],google_complete,202,[]
pancreas transplant for t1d,['pancreas transplant'],google_complete,203,"['pancreas transplant for t1dm', 'pancreas transplant t1d']"
kidney transplant steps,['kidney transplant'],google_complete,204,"['kidney transplant operative steps', 'kidney transplant procedure steps']"
heart-lung transplant indications,['heart-lung transplant'],google_complete,205,"['indication of heart lung transplant', 'lung transplant indications']"
where to get lung transplant,['lung transplant'],google_complete,206,"['where are lung transplants done', 'where is the best place to get a lung transplant']"
pancreas transplant epi,['pancreas transplant'],google_complete,207,['pancreas transplant for epi']
liver transplant bmi cutoff,['liver transplant'],google_complete,208,['liver transplant bmi']
liver transplant biliary anastomosis,['liver transplant'],google_complete,209,"['liver transplant anastomosis', 'liver transplant bile duct anastomosis']"
lung transplant foundation careers,['lung transplant'],google_complete,210,['lung transplant foundation']
who qualifies for liver transplant,['liver transplant'],google_complete,211,['liver transplant qualify for disability']
heart and lung transplant unit,['heart-lung transplant'],google_complete,212,['heart transplant unit']
liver transplant success rate,['liver transplant'],google_complete,213,"['how much liver transplant is successful', 'what is liver transplant success rate']"
kidney transplant waiting list,['kidney transplant'],google_complete,214,"['kidney transplant waiting list by state', 'kidney transplant waiting list california']"
what's a transplant nurse,['kidney transplant'],google_complete,215,[]
pancreas transplant pig,['pancreas transplant'],google_complete,216,['pig pancreas transplant']
pig kidney transplant dies,['kidney transplant'],google trends,217,"['pig heart transplant dies', 'pig kidney transplant died']"
why ben askren need lung transplant,['lung transplant'],google_complete,218,"['ben askren double lung transplant', 'ben askren lung transplant', 'ben askren why lung transplant', 'lung transplant ben askren', 'why ben askren double lung transplant', 'why did ben askren need a double lung transplant', 'why did ben askren need a lung transplant', 'why does ben askren need a lung transplant']"
heart transplant with robot,['heart transplant'],google_complete,219,"['heart transplant by robot', 'heart transplant robotic', 'heart transplant using robot', 'robotic heart transplant']"
heart transplant unos,['heart transplant'],google_complete,220,['heart transplant unos status']
heart lung transplant journal,['heart-lung transplant'],google_complete,221,"['journal heart lung transplantation author guidelines', 'journal of heart lung transplant', 'lung transplant journals']"
lung transplant university of chicago,['lung transplant'],google_complete,222,['lung transplant university of washington']
xanax kidney transplant,['kidney transplant'],google_complete,223,[]
heart transplant options,['heart transplant'],google_complete,224,['heart transplant alternatives']
what causes lung transplant,['lung transplant'],google_complete,225,[]
xi liver transplant,['liver transplant'],google_complete,226,[]
how much does a double lung transplant cost,['lung transplant'],google trends,227,"['double lung transplant cost', 'how much is a double lung transplant']"
when was first heart transplant in us,['heart transplant'],google_complete,228,['where was first heart transplant in us']
kidney transplant list,['kidney transplant'],google_complete,229,"['kidney transplant list requirements', 'kidney transplant list status']"
liver transplant evaluation,['liver transplant'],google_complete,230,"['liver transplant evaluation checklist', 'liver transplant evaluation guidelines', 'liver transplant evaluation process']"
how dangerous is a pancreas transplant,['pancreas transplant'],google_complete,231,['pancreas transplant risks']
who invented kidney transplant,['kidney transplant'],google_complete,232,[]
liver transplant criteria,['liver transplant'],google_complete,233,"['liver transplant donor criteria', 'liver transplant match criteria']"
where are heart transplants done,['heart transplant'],google_complete,234,"['where do people get heart transplants', 'where is heart transplant surgery', 'where to get heart transplant']"
liver transplant team,['liver transplant'],google_complete,235,['who is on a liver transplant team']
pancreas transplant success rate in india,['pancreas transplant'],google_complete,236,[]
heart and lung transplant coordinator salary,['heart-lung transplant'],google_complete,237,['lung transplant coordinator salary']
kidney transplant rejection,['kidney transplant'],google_complete,238,"['kidney transplant rejection symptoms', 'what is kidney transplant rejection', 'why kidney transplant rejection']"
who does kidney transplants,['kidney transplant'],google_complete,239,"['who does kidney transplant surgery', 'who performs kidney transplants']"
kidney transplant donor,['kidney transplant'],google_complete,240,"['kidney transplant donation', 'kidney transplant living donor']"
heart transplant machine,['heart transplant'],google_complete,241,['heart transplant machine name']
pancreas transplant medical term,['pancreas transplant'],google_complete,242,"['pancreas transplant meaning', 'pancreas transplant name']"
heart transplant vs artificial heart,['heart transplant'],google_complete,243,['artificial heart transplant']
lung transplant medicare,['lung transplant'],google_complete,244,['lung transplant cost medicare']
heart transplant volume,['heart transplant'],google_complete,245,['heart transplant volume by center']
pancreas transplant hospital,['pancreas transplant'],google_complete,246,"['best pancreas transplant hospitals', 'pancreas transplant centers', 'pancreas transplant mayo clinic']"
liver transplant with cirrhosis,['liver transplant'],google_complete,247,"['liver transplant cirrhosis', 'liver transplant for alcoholic cirrhosis']"
heart transplant gifts,['heart transplant'],google_complete,248,['heart transplant gift ideas']
who does lung transplants,['lung transplant'],google_complete,249,"['lung transplant organization', 'what is lung transplant']"
liver transplant surgeon upmc,['liver transplant'],google_complete,250,['liver transplant upmc']
heart transplant mortality rate,['heart transplant'],google_complete,251,['heart transplant death rate']
when is a lung transplant necessary,['lung transplant'],google_complete,252,['when lung transplant is needed']
what needs heart transplant,['heart transplant'],google_complete,253,"['who needs heart transplant', 'why heart transplant is needed']"
lung transplant eligibility,['lung transplant'],google_complete,254,"['lung transplant qualifications', 'lung transplant requirements', 'what qualifies for lung transplant', 'who qualifies for lung transplant']"
where is kidney transplant incision,['kidney transplant'],google_complete,255,"['kidney transplant incision', 'kidney transplant incision site']"
double lung transplant,['lung transplant'],google trends,256,"['heart double lung transplant', 'lung transplant double', 'what is double lung transplant', 'why double lung transplant']"
lung transplant evaluation,['lung transplant'],google_complete,257,"['lung transplant evaluation guidelines', 'lung transplant evaluation process']"
when is liver transplant not an option,['liver transplant'],google_complete,258,"['liver transplant options', 'when liver transplant is not possible']"
liver transplant kidney failure,['liver transplant'],google_complete,259,['liver transplant failure']
heart transplant per year,['heart transplant'],google_complete,260,['how many heart transplants per year']
when first kidney transplant,['kidney transplant'],google_complete,261,"['first kidney transplant', 'first kidney transplant year']"
heart transplant wait time,['heart transplant'],google_complete,262,"['heart transplant status 4 wait time', 'heart transplant waiting list time']"
lung transplant center,['lung transplant'],google trends,263,"['heart lung transplant centers', 'heart-lung transplant centers', 'lung transplant centers', 'lung transplant centers in the us']"
kidney transplant kidney failure,['kidney transplant'],google_complete,264,"['heart transplant kidney failure', 'kidney transplant failure']"
lung transplant age limit,['lung transplant'],google_complete,265,"['lung transplant age', 'lung transplant age limit usa']"
lung transplant recovery,['lung transplant'],google_complete,266,"['heart and lung transplant recovery', 'lung transplant recovery process']"
kidney transplant match requirements,['kidney transplant'],google_complete,267,['kidney transplant match criteria']
kidney transplant donor risks,['kidney transplant'],google_complete,268,['kidney transplant risks']
does heart transplant qualify for disability,['heart transplant'],google_complete,269,['heart transplant disability']
lung transplant jewelry,['lung transplant'],google_complete,270,[]
liver transplant ultrasound,['liver transplant'],google_complete,271,"['liver transplant ultrasound protocol', 'liver transplant ultrasound radiology']"
where was heart transplant invented,['heart transplant'],google_complete,272,"['when was heart transplant invented', 'why was heart transplant invented']"
heart transplant listing status,['heart transplant'],google_complete,273,"['current heart transplant list', 'heart transplant list', 'heart transplant list status 4']"
kidney transplant survival rate,['kidney transplant'],google_complete,274,"['kidney transplant 10 year survival rate', 'kidney transplant 20 year survival rate', 'kidney transplant 30 year survival rate']"
uab heart lung transplant program,['heart-lung transplant'],google_complete,275,['lung transplant uab']
who performed the first lung transplant,['lung transplant'],google_complete,276,"['first lung transplant', 'where was the first lung transplant performed', 'who did the first lung transplant']"
kidney transplant video,['kidney transplant'],google_complete,277,"['kidney transplant surgery video', 'kidney transplant video live', 'kidney transplant youtube']"
where is liver transplant done,['liver transplant'],google_complete,278,"['liver transplant locations', 'where are liver transplants performed', 'where do you get liver transplant from', 'where is liver transplant', 'where is the best place to get a liver transplant', 'where to get liver transplant']"
pulmonary fibrosis lung transplant,['lung transplant'],google trends,279,"['lung transplant fibrosis', 'lung transplant for pulmonary fibrosis', 'lung transplant pulmonary fibrosis', 'lung transplant with pulmonary fibrosis']"
first human heart lung transplant,['heart-lung transplant'],google_complete,280,"['heart lung transplant first', 'when was the first heart lung transplant', 'who did the first heart lung transplant']"
lung transplant ka kharcha,['lung transplant'],google_complete,281,[]
dcd heart transplant,['heart transplant'],google trends,282,['dcd heart lung transplant']
kidney transplant wait time,['kidney transplant'],google_complete,283,['kidney transplant wait time by state']
liver transplant hospitals,['liver transplant'],google_complete,284,"['liver transplant best hospital', 'liver transplant hospital stay']"
pig heart,['heart transplant'],google trends,285,[]
ucsf heart and lung transplant,['heart-lung transplant'],google_complete,286,['lung transplant ucsf']
pancreas transplant cost,['pancreas transplant'],google trends,287,"['pancreas transplant cost 2024', 'pancreas transplant cost usa', 'pancreas transplant cost with insurance', 'pancreas transplant diabetes cost', 'pancreas transplant expenses', 'pancreas transplant for diabetes cost', 'pancreas transplant for type 1 diabetes cost', 'pancreas transplant how much does it cost', 'pancreas transplant surgery cost', 'what does a pancreas transplant cost']"
pancreas transplant hota hai kya,['pancreas transplant'],google_complete,288,"['kya pancreas transplant ho sakta hai', 'pancreas transplant hota hai', 'pancreas transplant hota hai ki nahin', 'pancreas transplant kaise hota hai']"
pancreatitis liver transplant,['pancreas transplant'],google_complete,289,['pancreas liver transplant']
heart transplant surgeon salary,['heart transplant'],google_complete,290,['heart transplant doctor salary']
heart lung transplant for pulmonary hypertension,['heart-lung transplant'],google_complete,291,"['heart transplant pulmonary hypertension', 'heart-lung transplant for pulmonary hypertension', 'lung transplant for pulmonary hypertension']"
kidney transplant three kidneys,['kidney transplant'],google_complete,292,['kidney transplant third kidney']
heart transplant order of anastomosis,['heart transplant'],google_complete,293,"['heart transplant anastomosis', 'heart transplant anastomosis order']"
how many lung transplants can you have,['lung transplant'],google_complete,294,['how many lung transplants are successful']
where is incision for lung transplant,['lung transplant'],google_complete,295,['lung transplant incision site']
how many heart transplants are successful,['heart transplant'],google_complete,296,['how many heart transplants can a person have']
liver transplant diet restrictions,['liver transplant'],google_complete,297,['liver transplant diet']
pancreas transplant success,['pancreas transplant'],google_complete,298,"['are pancreas transplants successful', 'how many successful pancreas transplants', 'how successful are pancreas transplants']"
liver transplant texas,['liver transplant'],google_complete,299,['liver transplant hospitals in texas']
kidney transplant doctor,['kidney transplant'],google_complete,300,['kidney transplant patient']
what is a heart transplant,['heart transplant'],google trends,301,"['heart transplant', 'heart transplant definition', 'heart transplant meaning', 'heart transplant medical term', 'heart transplant wikipedia', 'heart transplantation', 'what heart transplant', 'who do heart transplant']"
liver transplant near me,['liver transplant'],google_complete,302,"['liver transplant center near me', 'liver transplant doctors near me', 'liver transplant hospitals near me']"
pancreas transplant cpt code,['pancreas transplant'],google_complete,303,[]
liver transplant anesthesia,['liver transplant'],google_complete,304,"['liver transplant anesthesia considerations', 'liver transplant anesthesia fellowship']"
kidney transplant medicare,['kidney transplant'],google_complete,305,"['kidney transplant and medicare', 'kidney transplant medicare eligibility']"
lung transplant with cystic fibrosis,['lung transplant'],google_complete,306,"['heart lung transplant cystic fibrosis', 'lung transplant cystic fibrosis', 'lung transplant for cystic fibrosis', 'lung transplant in cystic fibrosis']"
lung transplant exclusion criteria,['lung transplant'],google_complete,307,[]
lung transplant recipient,['lung transplant'],google_complete,308,['lung transplant patient']
lung transplant kims,['lung transplant'],google_complete,309,['kims heart and lung transplant']
xeno heart transplant,['heart transplant'],google_complete,310,"['xenogeneic heart transplant', 'xenograft heart transplant', 'xenotransplantation heart transplant']"
kidney transplant ribbon,['kidney transplant'],google_complete,311,[]
which statement is true about both lung transplant and bullectomy?,['lung transplant'],google trends,312,[]
lung transplant icd 10,['lung transplant'],google_complete,313,"['heart lung transplant failure icd 10', 'heart lung transplant icd 10', 'lung transplant evaluation icd 10', 'lung transplant recipient icd 10', 'lung transplant rejection icd 10', 'lung transplant status icd 10']"
alaska man heart transplant,['heart transplant'],google trends,314,['alaska man misses heart transplant']
liver transplant news,['liver transplant'],google_complete,315,[]
kidney transplant procedure code,['kidney transplant'],google_complete,316,['kidney transplant diagnosis code']
liver transplant baby,['liver transplant'],google_complete,317,"['liver transplant in babies', 'liver transplant newborn']"
heart transplant evaluation,['heart transplant'],google_complete,318,"['heart transplant evaluation guidelines', 'heart transplant evaluation process']"
transplant a yucca,['kidney transplant'],google_complete,319,['transplant a yucca plant']
lung transplant insurance,['lung transplant'],google_complete,320,['lung transplant not covered by insurance']
who is the best liver transplant surgeon in india,['liver transplant'],google_complete,321,[]
lung transplant viability,['lung transplant'],google_complete,322,[]
patrick holland heart transplant,['heart transplant'],google trends,323,[]
liver transplant ka kharcha kitna hai,['liver transplant'],google_complete,324,['liver transplant kab kiya jata hai']
kidney transplant anesthesia,['kidney transplant'],google_complete,325,[]
kidney transplant blood,['kidney transplant'],google trends,326,['kidney transplant blood in urine']
pancreas kidney transplant scar,['pancreas transplant'],google_complete,327,"['pancreas transplant scar', 'simultaneous pancreas kidney transplant scar']"
pancreas transplant list,['pancreas transplant'],google_complete,328,['how to get on pancreas transplant list']
heart lung transplant team,['heart-lung transplant'],google_complete,329,['lung transplant team']
heart lung transplant icu,['heart-lung transplant'],google_complete,330,['lung transplant icu']
liver transplant list,['liver transplant'],google_complete,331,"['is there a liver transplant list', 'liver transplant list requirements', 'liver transplant list status']"
pancreas transplant types,['pancreas transplant'],google_complete,332,"['pancreas transplant type 1', 'pancreas transplant type 2']"
liver transplant no insurance,['liver transplant'],google_complete,333,['liver transplant cost after insurance']
pancreas transplant for pancreatitis,['pancreas transplant'],google_complete,334,"['pancreas transplant for chronic pancreatitis', 'pancreas transplant for necrotizing pancreatitis', 'pancreas transplant pancreatitis']"
kidney transplant vitamin d,['kidney transplant'],google_complete,335,[]
xofluza kidney transplant,['kidney transplant'],google_complete,336,[]
pancreas transplant vs islet transplant,['pancreas transplant'],google_complete,337,[]
ucla heart and lung transplant,['heart-lung transplant'],google_complete,338,"['lung transplant ucla', 'ucla heart lung transplant program']"
liver transplant how much does it cost,['liver transplant'],google_complete,339,"['how much liver transplant surgery cost', 'liver transplant cost', 'liver transplant cost in us', 'liver transplant out of pocket cost', 'what does liver transplant cost']"
lung transplant north carolina,['lung transplant'],google_complete,340,[]
kidney transplant infection,['kidney transplant'],google_complete,341,[]
lung transplant uva,['lung transplant'],google_complete,342,[]
lung transplant mass general,['lung transplant'],google_complete,343,[]
pancreas transplant ncbi,['pancreas transplant'],google_complete,344,[]
when is a liver transplant too late,['liver transplant'],google_complete,345,[]
where do kidney transplants come from,['kidney transplant'],google_complete,346,[]
pancreas transplant side effects,['pancreas transplant'],google_complete,347,[]
lung transplant jobs usa,['lung transplant'],google_complete,348,['lung transplant jobs']
liver transplant kolkata,['liver transplant'],google_complete,349,[]
liver transplant high enzymes,['liver transplant'],google_complete,350,[]
what's a transplant person,['kidney transplant'],google_complete,351,[]
pancreas transplant alcohol,['pancreas transplant'],google_complete,352,[]
liver transplant las vegas,['liver transplant'],google_complete,353,[]
pancreas transplant diabetes reddit,['pancreas transplant'],google_complete,354,['pancreas transplant reddit']
kidney transplant low blood pressure,['kidney transplant'],google_complete,355,[]
liver transplant jupiter hospital pune,['liver transplant'],google_complete,356,[]
kidney transplant anniversary,['kidney transplant'],google_complete,357,['kidney transplant anniversary gifts']
kidney transplant recovery,['kidney transplant'],google_complete,358,"['kidney transplant donor recovery', 'kidney transplant recovery for donor', 'kidney transplant surgery recovery']"
zachary liver transplant,['liver transplant'],google_complete,359,[]
heart transplant from pig,['heart transplant'],google_complete,360,"['first pig heart transplant to-human', 'heart transplant from pig to human', 'heart transplant pig', 'heart transplant pig heart', 'heart transplant using pig heart', 'heart transplant with pig heart', 'pig heart transplant to human', 'pig heart transplant update', 'pigs heart transplant', 'why pig heart transplant']"
heart transplant guidelines,['heart transplant'],google_complete,361,['heart transplant guidelines pdf']
liver transplant for alcoholic,['liver transplant'],google_complete,362,"['can an alcoholic get a liver transplant', 'liver transplant alcoholic', 'liver transplant alcoholism']"
liver transplant gifts,['liver transplant'],google_complete,363,[]
lung transplant length,['lung transplant'],google_complete,364,['lung transplant length of stay']
where does a pancreas transplant go,['pancreas transplant'],google_complete,365,"['pancreas transplant location', 'where does a transplanted pancreas go', 'where is a transplanted pancreas placed']"
which kidney do they take for transplant,['kidney transplant'],google_complete,366,[]
lung transplant candidate,['lung transplant'],google_complete,367,['who is candidate for lung transplant']
kidney transplant tattoo ideas,['kidney transplant'],google_complete,368,['kidney transplant tattoos']
liver transplant jewelry,['liver transplant'],google_complete,369,[]
queensland kidney transplant,['kidney transplant'],google_complete,370,[]
pancreas transplant ppt,['pancreas transplant'],google_complete,371,[]
when is kidney transplant not possible,['kidney transplant'],google_complete,372,[]
liver transplant cpt code,['liver transplant'],google_complete,373,"['liver transplant cpt', 'liver transplant evaluation cpt code']"
lung transplant images,['lung transplant'],google_complete,374,['lung transplant pictures']
first heart lung transplant australia,['heart-lung transplant'],google_complete,375,"['first heart lung transplant in australia', 'heart lung transplant australia']"
lung transplant quora,['lung transplant'],google_complete,376,[]
heart transplant tattoo,['heart transplant'],google_complete,377,['heart transplant tattoo ideas']
what is orthotopic heart transplant,['heart transplant'],google_complete,378,[]
lung transplant mma fighter,['lung transplant'],google_complete,379,"['lung transplant mma', 'lung transplant ufc', 'lung transplant ufc fighter']"
kidney transplant x ray,['kidney transplant'],google_complete,380,['post kidney transplant xray']
liver transplant anniversary,['liver transplant'],google_complete,381,[]
liver transplant diagnosis code,['liver transplant'],google_complete,382,[]
liver transplant jefferson,['liver transplant'],google_complete,383,[]
pancreas transplant cost in pgi chandigarh,['pancreas transplant'],google_complete,384,[]
kidney transplant biopsy procedure,['kidney transplant'],google_complete,385,['kidney transplant biopsy']
liver transplant nursing care,['liver transplant'],google_complete,386,['liver transplant nursing']
renal transplant zoster vaccine,['kidney transplant'],google_complete,387,[]
lung transplant queensland,['lung transplant'],google_complete,388,['queensland lung transplant service']
why is a liver transplant dangerous,['liver transplant'],google_complete,389,['liver transplant risks']
liver transplant age,['liver transplant'],google_complete,390,"['liver transplant age cut off', 'liver transplant age limit', 'what age liver transplant']"
heart transplant heart failure,['heart transplant'],google_complete,391,"['heart transplant for heart failure', 'heart transplant graft failure']"
heart transplant oregon,['heart transplant'],google_complete,392,[]
lung transplant cardiopulmonary bypass,['lung transplant'],google trends,393,[]
lung transplant utsw,['lung transplant'],google_complete,394,[]
lung transplant for copd,['lung transplant'],google_complete,395,"['copd lung transplant', 'lung transplant criteria for copd']"
liver transplant turkey,['liver transplant'],google_complete,396,[]
kidney transplant uti,['kidney transplant'],google_complete,397,['kidney transplant uti guidelines']
lung transplant quarantine,['lung transplant'],google_complete,398,[]
heart transplant personality change,['heart transplant'],google_complete,399,"['heart transplant change your personality', 'heart transplant patients personality change']"
heart transplant age,['heart transplant'],google_complete,400,['heart transplant age limit']
pig lung transplant,['lung transplant'],google trends,401,[]
lung transplant bc,['lung transplant'],google_complete,402,[]
liver transplant personality change,['liver transplant'],google_complete,403,[]
liver transplant tattoo ideas,['liver transplant'],google_complete,404,['liver transplant tattoos']
lung transplant in kerala,['lung transplant'],google_complete,405,[]
lung transplant for ipf,['lung transplant'],google_complete,406,[]
where was first heart transplant georgia,['heart transplant'],google_complete,407,[]
lung transplant vgh,['lung transplant'],google_complete,408,[]
liver transplant complications,['liver transplant'],google_complete,409,['what are liver transplant complications']
lung transplant due to pneumonia,['lung transplant'],google_complete,410,"['lung transplant after pneumonia', 'lung transplant because of pneumonia', 'lung transplant for pneumonia', 'lung transplant pneumonia']"
lung transplant outcomes,['lung transplant'],google_complete,411,['heart lung transplant outcomes']
pancreas transplant uva,['pancreas transplant'],google_complete,412,[]
pancreas transplant cystic fibrosis,['pancreas transplant'],google_complete,413,[]
heart and lung transplant logo,['heart-lung transplant'],google_complete,414,['lung transplant logo']
what country pioneered heart transplant surgery,['heart transplant'],google_complete,415,[]
kidney transplant quebec,['kidney transplant'],google_complete,416,[]
first heart transplant new zealand,['heart transplant'],google_complete,417,['heart transplant new zealand']
lung transplant prognosis,['lung transplant'],google_complete,418,['heart lung transplant prognosis']
kidney transplant over 70,['kidney transplant'],google_complete,419,['kidney transplant over 80']
kidney transplant surgery time,['kidney transplant'],google_complete,420,"['kidney transplant operation time', 'kidney transplant recovery time', 'kidney transplant time']"
heart lung transplant en bloc,['heart-lung transplant'],google_complete,421,['heart lung bloc transplant']
heart transplant without opening chest,['heart transplant'],google_complete,422,['heart transplant without open heart surgery']
lung transplantation jason d christie,['lung transplant'],google_complete,423,[]
heart and lung transplant conference,['heart-lung transplant'],google_complete,424,"['heart and lung transplant meeting', 'heart lung transplant conference']"
heart transplant post op care,['heart transplant'],google_complete,425,[]
why liver transplant is costly,['liver transplant'],google_complete,426,[]
lung transplant movie,['lung transplant'],google_complete,427,[]
liver transplant kansas city,['liver transplant'],google_complete,428,[]
lung transplant incision,['lung transplant'],google_complete,429,['heart lung transplant incision']
lung transplant centers near me,['lung transplant'],google_complete,430,"['lung transplant hospitals near me', 'lung transplant near me']"
kidney transplant anatomy,['kidney transplant'],google_complete,431,[]
lung transplant bracelet,['lung transplant'],google_complete,432,[]
liver cirrhosis,['liver transplant'],google trends,433,[]
liver transplant ventilator,['liver transplant'],google_complete,434,[]
how much is a pancreas transplant uk,['pancreas transplant'],google_complete,435,['pancreas transplant cost uk private']
lung transplant denied,['lung transplant'],google_complete,436,['lung transplant denial']
clad lung transplant,['lung transplant'],google trends,437,"['lung transplant clad', 'what is clad lung transplant']"
pediatric heart lung transplant,['heart-lung transplant'],google_complete,438,[]
pancreas transplant diagnosis code,['pancreas transplant'],google_complete,439,[]
lung transplant quotes,['lung transplant'],google_complete,440,[]
transplant a young tree,['kidney transplant'],google_complete,441,[]
pancreas transplant for cancer,['pancreas transplant'],google_complete,442,"['pancreas transplant after cancer', 'pancreas transplant cancer', 'pancreas transplant cancer treatment', 'pancreas transplant due to cancer', 'pancreas transplant for cancer patients', 'pancreas transplant for pancreatic cancer', 'pancreas transplant pancreatic cancer']"
why did michelle have a liver transplant,['liver transplant'],google trends,443,['why liver transplant michelle']
liver transplant vomiting,['liver transplant'],google_complete,444,[]
lung kidney transplant,['lung transplant'],google_complete,445,['heart lung kidney transplant']
lung transplant for covid,['lung transplant'],google trends,446,"['lung transplant covid', 'lung transplant for covid 19 quizlet']"
liver transplant levels,['liver transplant'],google_complete,447,[]
liver transplant oklahoma,['liver transplant'],google_complete,448,[]
zepbound liver transplant,['liver transplant'],google_complete,449,[]
liver transplant from living donor,['liver transplant'],google_complete,450,"['how liver transplant from live donor', 'how liver transplant is done from live donor', 'live liver transplant', 'liver transplant from living person', 'liver transplant living donor', 'living liver transplant', 'what is liver transplant from living donor']"
reasons for heart lung transplant,['heart-lung transplant'],google_complete,451,[]
lung transplant diagram,['lung transplant'],google_complete,452,[]
pancreatic transplant urethral injury,['pancreas transplant'],google_complete,453,[]
why kidney transplant in iliac fossa,['kidney transplant'],google_complete,454,[]
liver transplant jump graft,['liver transplant'],google_complete,455,[]
lung transplant statistics,['lung transplant'],google_complete,456,[]
lung transplant gvhd,['lung transplant'],google_complete,457,[]
lung transplant anastomosis,['lung transplant'],google_complete,458,['heart lung transplant anastomosis']
liver transplantation,['heart transplant'],google trends,459,"['explain liver transplant', 'how liver transplant happens', 'how liver transplant is done', 'how liver transplant works', 'liver transplant', 'liver transplant graft', 'liver transplant how does it work', 'liver transplant operation', 'liver transplant procedure', 'liver transplant process', 'liver transplant quizlet', 'liver transplant surgery', 'what does liver transplant entail', 'what is liver transplant surgery']"
liver transplant kya hota hai,['liver transplant'],google_complete,460,"['liver transplant kab hota hai', 'liver transplant kaise hota hai']"
heart transplant biopsy grade,['heart transplant'],google_complete,461,['heart transplant biopsy']
pancreas transplant south africa,['pancreas transplant'],google_complete,462,['pancreas transplant in kenya']
when is national heart transplant day,['heart transplant'],google_complete,463,[]
liver transplant match,['liver transplant'],google_complete,464,[]
lung transplant precautions,['lung transplant'],google_complete,465,[]
pancreas transplant mexico,['pancreas transplant'],google_complete,466,[]
heart transplant anniversary,['heart transplant'],google_complete,467,['heart transplant anniversary gift']
lung transplant arizona,['lung transplant'],google_complete,468,[]
zooplastic heart transplant,['heart transplant'],google_complete,469,[]
lung transplant vagus nerve,['lung transplant'],google_complete,470,[]
lung transplant surgeon salary,['lung transplant'],google_complete,471,['heart and lung transplant surgeon salary']
liver transplant jaipur,['liver transplant'],google_complete,472,[]
liver transplant o positive,['liver transplant'],google_complete,473,[]
pancreas transplant drg,['pancreas transplant'],google_complete,474,[]
kidney transplant zero to finals,['kidney transplant'],google_complete,475,[]
heart transplant drugs,['heart transplant'],google_complete,476,['heart transplant medications']
pancreas transplant philippines,['pancreas transplant'],google_complete,477,[]
pancreas transplant cost in apollo hospital,['pancreas transplant'],google_complete,478,[]
lung transplant life expectancy,['lung transplant'],google_complete,479,"['heart and lung transplant life expectancy', 'heart lung transplant life expectancy', 'lung transplant expectancy', 'lung transplant life expectancy by age', 'lung transplant lifespan', 'lung transplant patient life expectancy', 'what is the life expectancy after a heart and lung transplant']"
when kidney transplant is done,['kidney transplant'],google_complete,480,[]
who is the longest liver transplant survivor,['liver transplant'],google_complete,481,[]
how heart transplant is possible,['heart transplant'],google_complete,482,['why is a heart transplant possible']
heart lung liver transplant,['heart-lung transplant'],google_complete,483,"['first heart lung liver transplant', 'heart lung liver kidney transplant']"
kidney transplant z package,['kidney transplant'],google_complete,484,['philhealth kidney transplant z package']
heart transplant netflix,['heart transplant'],google_complete,485,['heart transplant netflix show']
lung transplant blood type,['lung transplant'],google_complete,486,[]
how long do pancreas transplants last,['pancreas transplant'],google_complete,487,"['how long does pancreas transplant take', 'how long is pancreas transplant surgery', 'pancreas transplant duration', 'pancreas transplant how long does it last', 'pancreas transplant recovery time', 'pancreas transplant time']"
why did michelle trachtenberg have a liver transplant,['liver transplant'],google trends,488,"['did michelle trachtenberg have a liver transplant', 'liver transplant michelle trachtenberg illness', 'michelle trachtenberg liver transplant', 'michelle trachtenberg liver transplant why', 'michelle trachtenberg when liver transplant', 'where did michelle trachtenberg liver transplant', 'why did michelle trachtenberg get a liver transplant', 'why did michelle trachtenberg need a liver transplant', 'why liver transplant michelle trachtenberg']"
pancreas transplant blood supply,['pancreas transplant'],google_complete,489,[]
lung transplant anesthesia,['lung transplant'],google_complete,490,['lung transplant anesthesia considerations']
xvivo kidney transplant,['kidney transplant'],google_complete,491,[]
kidney transplant status z94 0,['kidney transplant'],google_complete,492,['z94.0 kidney transplant']
heart lung transplant surgeon,['heart-lung transplant'],google_complete,493,"['heart and lung transplant specialist', 'lung transplant doctors', 'lung transplant surgeon']"
liver transplant immunosuppression,['liver transplant'],google_complete,494,"['liver transplant immunosuppression drugs', 'liver transplant immunosuppression guidelines']"
why ascites after liver transplant,['liver transplant'],google_complete,495,[]
lung transplant hospital rankings,['lung transplant'],google_complete,496,[]
heart transplant no incision,['heart transplant'],google_complete,497,"['heart transplant incision', 'heart transplant without incision']"
stanford heart lung transplant program,['heart-lung transplant'],google_complete,498,[]
liver transplant nutrition guidelines,['liver transplant'],google_complete,499,['liver transplant nutrition']
kidney transplant cost without insurance,['kidney transplant'],google_complete,500,['kidney transplant cost with insurance']
partial heart transplant,['heart transplant'],google trends,501,[]
heart transplant year,['heart transplant'],google_complete,502,['heart transplant years of life']
what is cadaver kidney transplant,['kidney transplant'],google_complete,503,[]
pancreas transplant steve jobs,['pancreas transplant'],google_complete,504,['did steve jobs have a pancreas transplant']
heart transplanter minecraft,['heart transplant'],google_complete,505,['heart transplant advancement minecraft']
where was first kidney transplant,['kidney transplant'],google_complete,506,[]
when was first liver transplant,['liver transplant'],google_complete,507,[]
kidney transplant in cats,['kidney transplant'],google_complete,508,"['kidney transplant cats', 'kidney transplant for cats']"
lung transplant tacrolimus goal,['lung transplant'],google_complete,509,['lung transplant tacrolimus level']
pancreas transplant ireland,['pancreas transplant'],google_complete,510,[]
how long liver transplant list,['liver transplant'],google_complete,511,[]
liver transplant vanderbilt,['liver transplant'],google_complete,512,[]
lung transplant in kolkata,['lung transplant'],google_complete,513,[]
lung transplant rejection rate,['lung transplant'],google_complete,514,[]
liver transplant gallbladder,['liver transplant'],google_complete,515,['liver transplant gallbladder removal']
what of heart transplants are successful,['heart transplant'],google_complete,516,[]
how kidney transplant match,['kidney transplant'],google_complete,517,['kidney transplant match']
international society of heart lung transplant,['heart-lung transplant'],google_complete,518,"['heart lung transplant guidelines', 'heart lung transplant society', 'international heart lung transplant society', 'international society heart lung transplantation guidelines']"
lung transplant temple,['lung transplant'],google_complete,519,[]
zambon lung transplant,['lung transplant'],google_complete,520,[]
kidney transplant news today,['kidney transplant'],google_complete,521,['kidney transplant news']
liver transplant operative steps,['liver transplant'],google_complete,522,"['liver transplant procedure steps', 'liver transplant steps']"
heart transplant experience,['heart transplant'],google_complete,523,['heart transplant journey']
where do liver transplants come from,['liver transplant'],google_complete,524,[]
liver transplant vasculature,['liver transplant'],google_complete,525,[]
lung transplant anatomy,['lung transplant'],google_complete,526,[]
kidney transplant evaluation,['kidney transplant'],google_complete,527,['kidney transplant evaluation process']
liver transplant mexico city,['liver transplant'],google_complete,528,['liver transplant in mexico']
pancreas transplant turkey,['pancreas transplant'],google_complete,529,[]
lung transplant karachi,['lung transplant'],google_complete,530,[]
longest living heart lung transplant recipient,['heart-lung transplant'],google_complete,531,['longest surviving heart lung transplant patient']
liver transplant groups,['liver transplant'],google_complete,532,['liver transplant support groups']
kidney transplant diet restrictions,['kidney transplant'],google_complete,533,[]
what's a transplant surgery,['kidney transplant'],google_complete,534,[]
pancreas transplant age limit,['pancreas transplant'],google_complete,535,['pancreas transplant age']
liver transplant ucla,['liver transplant'],google_complete,536,[]
pancreas transplant biopsy,['pancreas transplant'],google_complete,537,[]
heart transplant in dogs,['heart transplant'],google_complete,538,"['heart transplant dog', 'heart transplant for dogs']"
lung transplant uf health,['lung transplant'],google_complete,539,[]
lung transplant ucsd,['lung transplant'],google_complete,540,[]
liver transplant t shirts,['liver transplant'],google_complete,541,[]
liver transplant movie,['liver transplant'],google_complete,542,[]
kidney transplant nephrologist,['kidney transplant'],google_complete,543,[]
liver transplant michelle trachtenberg cause of death,['liver transplant'],google trends,544,[]
xvivo heart transplant,['heart transplant'],google_complete,545,[]
heart transplant numbers,['heart transplant'],google_complete,546,['heart transplant numbers by hospital']
who liver transplant guidelines,['liver transplant'],google_complete,547,['liver transplant guidelines']
pancreas transplant vasculature,['pancreas transplant'],google_complete,548,[]
transplant a zz plant,['kidney transplant'],google_complete,549,[]
lung transplant vancouver,['lung transplant'],google_complete,550,[]
how to get pancreas transplant,['pancreas transplant'],google_complete,551,"['pancreas transplant how i do it', 'where can i get a pancreas transplant', 'where to get pancreas transplant']"
kidney transplant blood type,['kidney transplant'],google_complete,552,"['kidney transplant blood type compatibility', 'kidney transplant requirements blood type']"
kidney transplant explained,['kidney transplant'],google_complete,553,['kidney transplant quizlet']
pancreas transplant guidelines,['pancreas transplant'],google_complete,554,['kidney pancreas transplant guidelines']
lung transplant success rate,['lung transplant'],google_complete,555,"['heart and lung transplant success rate', 'heart lung transplant success rate', 'heart-lung transplant success rate', 'lung transplant success rate in usa', 'success rate of heart lung transplant', 'what is lung transplant success rate', 'what percentage of lung transplants are successful']"
kidney transplant quora,['kidney transplant'],google_complete,556,[]
heart transplant life expectancy,['heart transplant'],google_complete,557,"['heart transplant expectancy', 'heart transplant life expectancy by age', 'heart transplant lifespan', 'heart transplant longevity', 'heart transplant recipient life expectancy']"
liver transplant info,['liver transplant'],google_complete,558,['liver transplant wiki']
lung transplant japan,['lung transplant'],google_complete,559,[]
how many pancreas transplants per year,['pancreas transplant'],google_complete,560,['pancreas transplants per year']
lung transplant osu,['lung transplant'],google_complete,561,[]
kidney transplant pictures,['kidney transplant'],google_complete,562,['kidney transplant images']
kidney transplants per year,['kidney transplant'],google_complete,563,[]
lung transplant compatibility,['lung transplant'],google_complete,564,[]
why kidney transplant is better than dialysis,['kidney transplant'],google_complete,565,[]
kidney transplant education for patients,['kidney transplant'],google_complete,566,['kidney transplant education']
liver transplant living donor requirements,['liver transplant'],google_complete,567,[]
liver transplant for dogs,['liver transplant'],google_complete,568,"['liver transplant dog', 'liver transplant in dogs']"
heart transplant photo,['heart transplant'],google_complete,569,['heart transplant images']
kidney transplant center near me,['kidney transplant'],google_complete,570,"['kidney transplant centers near me', 'kidney transplant hospitals near me', 'kidney transplant near me']"
pancreas transplant diagram,['pancreas transplant'],google_complete,571,[]
lung transplant hospitals in florida,['lung transplant'],google_complete,572,[]
how long a person live after liver transplant,['liver transplant'],google_complete,573,['can you live long after liver transplant']
ozempic pancreas transplant,['pancreas transplant'],google_complete,574,[]
what happens after a failed kidney transplant,['kidney transplant'],google_complete,575,['when kidney transplant fails']
where was first heart transplant in uk,['heart transplant'],google_complete,576,[]
lung transplant video,['lung transplant'],google_complete,577,"['heart lung transplant video', 'lung transplant operation video', 'lung transplant surgery video', 'lung transplant video clips']"
liver transplant before and after,['liver transplant'],google_complete,578,['what after liver transplant']
pancreas transplant ucsf,['pancreas transplant'],google_complete,579,[]
xtransplant,['heart transplant'],google_complete,580,[]
liver transplant education,['liver transplant'],google_complete,581,[]
why do heart transplants fail,['heart transplant'],google_complete,582,[]
lung transplant survival rate reddit,['lung transplant'],google_complete,583,[]
who paid for ben askren lung transplant,['lung transplant'],google trends,584,['who paid ben askren lung transplant']
liver transplant emory,['liver transplant'],google_complete,585,['liver transplant emory atlanta']
liver transplant precautions,['liver transplant'],google_complete,586,[]
lung transplant programs,['lung transplant'],google_complete,587,[]
liver transplant cause of death,['liver transplant'],google trends,588,[]
heart transplant baby,['heart transplant'],google_complete,589,['heart transplant for babies']
how kidney transplant works,['kidney transplant'],google_complete,590,"['how kidney transplant is done', 'how kidney transplantation can be done', 'kidney transplant how does it work']"
lung transplant diagnosis code,['lung transplant'],google_complete,591,[]
why are lung transplants so difficult,['lung transplant'],google_complete,592,[]
pancreas transplant germany,['pancreas transplant'],google_complete,593,[]
liver transplant at age 65,['liver transplant'],google_complete,594,['liver transplant over 70']
what happens if pancreas transplant fails,['pancreas transplant'],google_complete,595,[]
lung transplant kidney failure,['lung transplant'],google_complete,596,[]
heart transplant nurse,['heart transplant'],google_complete,597,['heart transplant nurse practitioner']
liver transplant eligibility,['liver transplant'],google_complete,598,"['liver transplant eligibility criteria', 'liver transplant qualifications', 'liver transplant requirements']"
kidney transplant list by state,['kidney transplant'],google_complete,599,[]
lung transplant financial assistance,['lung transplant'],google_complete,600,[]
j heart lung transplant impact factor 2024,['heart-lung transplant'],google_complete,601,['j heart lung transplant impact factor 2023']
liver transplant time,['liver transplant'],google_complete,602,"['liver transplant operation time', 'liver transplant surgery time', 'liver transplant time frame']"
pancreas transplant pakistan,['pancreas transplant'],google_complete,603,"['pancreas transplant in malaysia', 'pancreas transplant in pakistan', 'pancreas transplant singapore']"
lung transplant nursing care plan,['lung transplant'],google_complete,604,[]
when was cheney's heart transplant,['heart transplant'],google_complete,605,['cheney heart transplant']
pancreas transplant donor,['pancreas transplant'],google_complete,606,['pancreas transplant living donor']
kidney transplant blood type match,['kidney transplant'],google_complete,607,[]
lung transplant meme,['lung transplant'],google_complete,608,[]
lung transplant wisconsin,['lung transplant'],google_complete,609,[]
kidney transplant requirements,['kidney transplant'],google_complete,610,"['kidney transplant donor requirements', 'what are kidney transplant requirements']"
vanderbilt kidney pancreas transplant madison al,['pancreas transplant'],google_complete,611,[]
j heart lung transplant,['heart-lung transplant'],google_complete,612,['j heart lung transplant if']
who was the first kidney transplant,['kidney transplant'],google_complete,613,['who performed the first kidney transplant']
lung transplant hospitals in texas,['lung transplant'],google_complete,614,['lung transplant texas']
liver transplant rejection symptoms,['liver transplant'],google_complete,615,[]
kims heart and lung transplant institute,['heart-lung transplant'],google_complete,616,[]
liver transplant jobs,['liver transplant'],google_complete,617,[]
first heart transplant,['heart transplant'],google trends,618,"['heart transplant first', 'heart transplant first one', 'the first heart transplant']"
heart transplant through preperitoneal space,['heart transplant'],google_complete,619,[]
liver transplant doctor,['liver transplant'],google_complete,620,['liver transplant surgeons']
kidney transplant get well card,['kidney transplant'],google_complete,621,[]
where is kidney transplant scar,['kidney transplant'],google_complete,622,['kidney transplant scar']
heart,['heart transplant'],google trends,623,[]
does lung transplant qualify for disability,['lung transplant'],google_complete,624,[]
pancreas transplant images,['pancreas transplant'],google_complete,625,[]
liver transplant zero to finals,['liver transplant'],google_complete,626,[]
kidney transplant zones,['kidney transplant'],google_complete,627,[]
lung transplant in cf,['lung transplant'],google_complete,628,"['lung transplant cf', 'lung transplant for cf patients']"
kidney transplant vs liver transplant,['kidney transplant'],google_complete,629,['liver transplant vs kidney transplant']
lung transplant for cancer,['lung transplant'],google_complete,630,"['lung transplant for cancer patients', 'lung transplant lung cancer', 'lung transplant with cancer']"
heart transplant for hfpef,['heart transplant'],google_complete,631,[]
kidney transplant length,['kidney transplant'],google_complete,632,[]
lung transplant mgh,['lung transplant'],google_complete,633,[]
lung transplant kansas city,['lung transplant'],google_complete,634,[]
heart transplant heart rate control,['heart transplant'],google_complete,635,[]
heart' lung transplant machine,['heart-lung transplant'],google_complete,636,['lung transplant machine']
what is bolt lung transplant,['lung transplant'],google_complete,637,[]
pancreas transplant post op care,['pancreas transplant'],google_complete,638,[]
heart transplant openanesthesia,['heart transplant'],google_complete,639,[]
liver transplant bracelet,['liver transplant'],google_complete,640,['liver transplant medical bracelet']
kidney transplant antibiotic prophylaxis dental,['kidney transplant'],google_complete,641,[]
lung transplant transport,['lung transplant'],google_complete,642,[]
dr victor chang first heart transplant,['heart transplant'],google trends,643,[]
liver transplant volume by center,['liver transplant'],google_complete,644,[]
heart transplant nclex questions,['heart transplant'],google_complete,645,[]
heart transplant mayo clinic,['heart transplant'],google_complete,646,[]
heart transplant through abdomen,['heart transplant'],google_complete,647,[]
liver transplant hospital rankings,['liver transplant'],google_complete,648,[]
how much kidney transplant in us,['kidney transplant'],google_complete,649,[]
pancreas transplant video,['pancreas transplant'],google_complete,650,"['kidney pancreas transplant video', 'pancreas transplant surgery video']"
heart transplant echo,['heart transplant'],google_complete,651,[]
heart and lung transplant clinic st vincent's,['heart-lung transplant'],google_complete,652,[]
heart transplant anesthesia,['heart transplant'],google_complete,653,['heart transplant anesthesia considerations']
liver transplant rejection,['liver transplant'],google_complete,654,"['liver transplant rejection after 10 years', 'liver transplant rejection after 2 years', 'what is liver transplant rejection']"
kidney transplant with diabetes,['kidney transplant'],google_complete,655,[]
where do transplant lungs come from,['lung transplant'],google_complete,656,[]
kidney transplant gout,['kidney transplant'],google_complete,657,[]
heart transplant vagus nerve,['heart transplant'],google_complete,658,['heart transplant vagus nerve cut']
heart transplant japan,['heart transplant'],google_complete,659,[]
lung transplant in kenya,['lung transplant'],google_complete,660,[]
liver transplant for metastatic colon cancer,['liver transplant'],google_complete,661,[]
liver transplant new zealand,['liver transplant'],google_complete,662,[]
zoe heart transplant svu,['heart transplant'],google_complete,663,[]
kidney transplant bulletin board ideas,['kidney transplant'],google_complete,664,[]
lung transplant bmi,['lung transplant'],google_complete,665,['lung transplant bmi requirements']
heart transplant length,['heart transplant'],google_complete,666,[]
kidney transplant kdpi,['kidney transplant'],google_complete,667,[]
kidney transplant testing,['kidney transplant'],google_complete,668,[]
kidney transplant for kids,['kidney transplant'],google_complete,669,['kidney transplant kids']
when a pancreas transplant has enteric drainage,['pancreas transplant'],google_complete,670,['pancreas transplant enteric drainage']
heart transplant yale,['heart transplant'],google_complete,671,[]
heart transplant girl,['heart transplant'],google_complete,672,[]
kidney transplant month,['kidney transplant'],google_complete,673,[]
do you die during a heart transplant,['heart transplant'],google trends,674,[]
liver transplant o negative blood type,['liver transplant'],google_complete,675,[]
lung transplant qatar,['lung transplant'],google_complete,676,[]
liver transplant venovenous bypass,['liver transplant'],google_complete,677,[]
lung transplant hepatitis c,['lung transplant'],google_complete,678,[]
heart transplant games,['heart transplant'],google_complete,679,[]
liver transplant workup,['liver transplant'],google_complete,680,[]
liver transplant partial,['liver transplant'],google_complete,681,[]
kidney transplant voucher program,['kidney transplant'],google_complete,682,[]
heart transplant green corridor,['heart transplant'],google_complete,683,[]
kidney transplant foods to avoid,['kidney transplant'],google_complete,684,[]
lung transplant pillow,['lung transplant'],google_complete,685,[]
liver disease,['liver transplant'],google trends,686,[]
liver transplant yashoda,['liver transplant'],google_complete,687,[]
kidney transplant quotes,['kidney transplant'],google_complete,688,[]
kidney transplant kaiser,['kidney transplant'],google_complete,689,[]
kidney transplant type o blood,['kidney transplant'],google_complete,690,[]
liver transplant enlarged spleen,['liver transplant'],google_complete,691,[]
pancreas,['pancreas transplant'],google trends,692,[]
how hard is it to get a liver transplant,['liver transplant'],google trends,693,[]
kidney transplant qc,['kidney transplant'],google_complete,694,[]
liver transplant in zimbabwe,['liver transplant'],google_complete,695,[]
kidney dialysis,['kidney transplant'],google trends,696,[]
how rare is a lung transplant,['lung transplant'],google_complete,697,[]
kidney transplant registry,['kidney transplant'],google_complete,698,[]
kidney transplant not working,['kidney transplant'],google_complete,699,[]
kidney transplant vessels,['kidney transplant'],google_complete,700,[]
heart transplant news,['heart transplant'],google_complete,701,[]
kidney transplant grey's anatomy,['kidney transplant'],google_complete,702,[]
how much is kidney transplant in nigeria 2024,['kidney transplant'],google_complete,703,[]
kidney transplant diagram,['kidney transplant'],google_complete,704,[]
lung transplant emphysema,['lung transplant'],google_complete,705,[]
kidney transplant logo,['kidney transplant'],google_complete,706,[]
kidney transplant virus,['kidney transplant'],google_complete,707,[]
kidney transplant leave kidney in,['kidney transplant'],google_complete,708,[]
heart transplant ucsd,['heart transplant'],google_complete,709,[]
liver transplant drg,['liver transplant'],google_complete,710,[]
heart transplant rejection rate,['heart transplant'],google_complete,711,[]
heart transplant through neck,['heart transplant'],google_complete,712,[]
kidney transplant nursing diagnosis,['kidney transplant'],google_complete,713,[]
kidney transplant guard,['kidney transplant'],google_complete,714,[]
liver transplant vaccine recommendations,['liver transplant'],google_complete,715,[]
can you get a heart and lung transplant at the same time,['heart-lung transplant'],google_complete,716,[]
lung transplant volume by center,['lung transplant'],google_complete,717,[]
liver transplant gif,['liver transplant'],google_complete,718,[]
pancreas transplant alone (pta),['pancreas transplant'],google_complete,719,[]
heart transplant hawaii,['heart transplant'],google_complete,720,[]
heart transplant dsa,['heart transplant'],google_complete,721,[]
lung transplant on ecmo,['lung transplant'],google_complete,722,['lung transplant ecmo']
kylie's lung transplant journey,['lung transplant'],google_complete,723,[]
liver transplant university of utah,['liver transplant'],google_complete,724,[]
heart transplant dicentra,['heart transplant'],google trends,725,[]
lung transplant asthma,['lung transplant'],google_complete,726,[]
amy silverstein heart transplant,['heart transplant'],google trends,727,[]
kidney transplant mayo clinic,['kidney transplant'],google_complete,728,[]
heart transplant prognosis,['heart transplant'],google_complete,729,[]
lung transplant wrestler,['lung transplant'],google_complete,730,[]
pancreas transplant rejection symptoms,['pancreas transplant'],google_complete,731,['pancreas transplant rejection']
kidney transplant icd 10 code,['kidney transplant'],google_complete,732,['kidney transplant icd code']
liver transplant tylenol,['liver transplant'],google_complete,733,[]
pph requiring heart lung transplant assessment,['heart-lung transplant'],google_complete,734,[]
kidney transplant and pregnancy,['kidney transplant'],google_complete,735,[]
liver transplant pictures,['liver transplant'],google_complete,736,[]
kidney transplant help from government,['kidney transplant'],google_complete,737,[]
what is bilateral lung transplant,['lung transplant'],google_complete,738,[]
kidney transplant queue,['kidney transplant'],google_complete,739,[]
liver transplant bile duct,['liver transplant'],google_complete,740,[]
heart transplant without blood transfusion,['heart transplant'],google_complete,741,[]
lung transplant ribbon,['lung transplant'],google_complete,742,[]
bernie kosar liver transplant,['liver transplant'],google trends,743,[]
kidney transplant nursing care plan,['kidney transplant'],google_complete,744,[]
model for end-stage liver disease,['liver transplant'],google trends,745,[]
lung transplant drg,['lung transplant'],google_complete,746,[]
heart transplant uae,['heart transplant'],google_complete,747,[]
liver transplant north carolina,['liver transplant'],google_complete,748,[]
kidney transplant failure symptoms,['kidney transplant'],google_complete,749,[]
liver transplant contraindications,['liver transplant'],google_complete,750,[]
why kidney transplant on right side,['kidney transplant'],google_complete,751,[]
kidney transplant exclusion criteria,['kidney transplant'],google_complete,752,[]
lung transplant gofundme,['lung transplant'],google_complete,753,[]
liver transplant mayo clinic,['liver transplant'],google_complete,754,[]
lung transplant upmc,['lung transplant'],google_complete,755,[]
heart transplant meme,['heart transplant'],google_complete,756,[]
liver transplant usc,['liver transplant'],google_complete,757,[]
pancreas transplant in kids,['pancreas transplant'],google_complete,758,[]
pancreas transplant hypoglycemia,['pancreas transplant'],google_complete,759,[]
liver transplant pillow,['liver transplant'],google_complete,760,[]
kidney transplant gfr,['kidney transplant'],google_complete,761,[]
who performed first heart transplant,['heart transplant'],google_complete,762,['who performed heart transplant']
kidney transplant ureter,['kidney transplant'],google_complete,763,[]
kidney transplant alcohol,['kidney transplant'],google_complete,764,[]
kidney transplant ke bad diet chart,['kidney transplant'],google_complete,765,[]
kidney transplant weight requirements,['kidney transplant'],google_complete,766,[]
david crosby liver transplant,['liver transplant'],google trends,767,[]
heart transplant grants,['heart transplant'],google_complete,768,[]
heart transplant glasgow,['heart transplant'],google_complete,769,[]
interstitial lung disease,['lung transplant'],google trends,770,[]
heart transplant blood pressure,['heart transplant'],google_complete,771,[]
heart transplant outcomes by center,['heart transplant'],google_complete,772,[]
lung transplant risks,['lung transplant'],google_complete,773,[]
kidney transplant rules,['kidney transplant'],google_complete,774,[]
kidney transplant grants,['kidney transplant'],google_complete,775,[]
kidney transplant medicaid,['kidney transplant'],google_complete,776,[]
can you have kidney transplant,['kidney transplant'],google_complete,777,['can you get a kidney transplant']
lung transplant exercise guidelines,['lung transplant'],google_complete,778,[]
kidney transplant facts,['kidney transplant'],google_complete,779,[]
zydus liver transplant surgeon,['liver transplant'],google_complete,780,['zydus liver transplant']
lung transplant nejm,['lung transplant'],google_complete,781,[]
what causes liver transplant,['liver transplant'],google_complete,782,[]
joslyn james kidney transplant,['kidney transplant'],google trends,783,[]
kidney transplant in spanish,['kidney transplant'],google_complete,784,[]
european heart and lung transplant federation,['heart-lung transplant'],google_complete,785,[]
heart transplant nutrition guidelines,['heart transplant'],google_complete,786,[]
heart transplant pioneer,['heart transplant'],google_complete,787,[]
heart and lung transplant trust,['heart-lung transplant'],google_complete,788,[]
kidney transplant post op care,['kidney transplant'],google_complete,789,[]
kidney disease,['kidney transplant'],google trends,790,[]
how to kidney transplant surgeon simulator,['kidney transplant'],google_complete,791,['kidney transplant surgeon simulator']
kidney transplant unit,['kidney transplant'],google_complete,792,[]
kidney transplant color,['kidney transplant'],google_complete,793,[]
kidney transplant warrior,['kidney transplant'],google_complete,794,[]
lung transplant awareness month,['lung transplant'],google_complete,795,[]
lung transplant virginia,['lung transplant'],google_complete,796,[]
heart and lung transplant cleveland clinic,['heart-lung transplant'],google_complete,797,[]
kidney transplant bonus,['kidney transplant'],google_complete,798,[]
kidney transplant prognosis,['kidney transplant'],google_complete,799,[]
heart transplant longest survivor,['heart transplant'],google_complete,800,[]
eisenmenger syndrome heart lung transplant,['heart-lung transplant'],google_complete,801,[]
liver transplant quora,['liver transplant'],google_complete,802,[]
liver cancer,['liver transplant'],google trends,803,[]
kidney transplant ucla,['kidney transplant'],google_complete,804,[]
liver transplant johns hopkins,['liver transplant'],google_complete,805,[]
liver transplant side effects,['liver transplant'],google_complete,806,[]
kidney transplant box,['kidney transplant'],google_complete,807,[]
kidney transplant vanderbilt,['kidney transplant'],google_complete,808,[]
where is a kidney transplant location,['kidney transplant'],google_complete,809,"['kidney transplant location', 'where is kidney transplant placed']"
liver transplant vcu,['liver transplant'],google_complete,810,[]
kidney transplant compatibility,['kidney transplant'],google_complete,811,[]
lung transplant bone marrow,['lung transplant'],google trends,812,[]
can you share a liver transplant,['liver transplant'],google_complete,813,[]
liver transplant medicare,['liver transplant'],google_complete,814,[]
kidney transplant quality of life,['kidney transplant'],google_complete,815,[]
kidney transplant japan,['kidney transplant'],google_complete,816,[]
kidney transplant quarantine,['kidney transplant'],google_complete,817,[]
lung transplant bronchoscopy,['lung transplant'],google trends,818,[]
lung transplant evlp,['lung transplant'],google_complete,819,[]
kidney transplant bmi,['kidney transplant'],google_complete,820,[]
kidney transplant coordinator salary,['kidney transplant'],google_complete,821,[]
liver transplant yale,['liver transplant'],google_complete,822,[]
pancreas transplant thrombosis,['pancreas transplant'],google_complete,823,[]
lung transplant duke,['lung transplant'],google_complete,824,[]
lung transplant bronchiolitis obliterans,['lung transplant'],google_complete,825,[]
kidney transplant from family member,['kidney transplant'],google_complete,826,[]
liver transplant queensland,['liver transplant'],google_complete,827,[]
liver transplant with hep c,['liver transplant'],google_complete,828,[]
kidney transplant go bag,['kidney transplant'],google_complete,829,[]
liver transplant score,['liver transplant'],google_complete,830,[]
kidney transplant glomerular filtration rate,['kidney transplant'],google trends,831,[]
heart transplant organization,['heart transplant'],google_complete,832,[]
kidney transplant party ideas,['kidney transplant'],google_complete,833,[]
heart transplant for cats,['heart transplant'],google_complete,834,[]
heart transplant vs pacemaker,['heart transplant'],google_complete,835,[]
heart transplant jewelry,['heart transplant'],google_complete,836,[]
kidney transplant recipient,['kidney transplant'],google_complete,837,['what is kidney transplant recipient']
pancreas transplant life expectancy,['pancreas transplant'],google_complete,838,"['kidney pancreas transplant life expectancy', 'pancreas and kidney transplant life expectancy', 'pancreas transplant lifespan']"
heart transplant vs bypass surgery,['heart transplant'],google_complete,839,[]
lung transplant vanderbilt,['lung transplant'],google_complete,840,[]
heart transplant vs lvad,['heart transplant'],google_complete,841,['heart transplant or lvad']
kidney transplant tacrolimus,['kidney transplant'],google_complete,842,['kidney transplant tacrolimus level']
heart transplant denervation,['heart transplant'],google_complete,843,[]
why are liver transplants common,['liver transplant'],google_complete,844,[]
kidney transplant games,['kidney transplant'],google_complete,845,[]
heart transplant ucla,['heart transplant'],google_complete,846,[]
liver transplant osteoporosis,['liver transplant'],google_complete,847,[]
liver transplant gofundme,['liver transplant'],google_complete,848,[]
pancreas transplant private,['pancreas transplant'],google_complete,849,[]
heart transplant exercise guidelines,['heart transplant'],google_complete,850,[]
artificial heart,['heart transplant'],google trends,851,[]
heart transplant after heart attack,['heart transplant'],google_complete,852,[]
lung transplant grand rapids mi,['lung transplant'],google_complete,853,[]
liver transplant prognosis,['liver transplant'],google_complete,854,[]
heart transplant atropine,['heart transplant'],google_complete,855,[]
liver transplant biliary complications,['liver transplant'],google_complete,856,[]
kidney transplant cost in yashoda hospital,['kidney transplant'],google_complete,857,[]
heart transplant pulmonary veins,['heart-lung transplant'],google_complete,858,[]
heart transplant bible verse,['heart transplant'],google_complete,859,[]
heart transplant disease,['heart transplant'],google trends,860,[]
liver transplant journal impact factor,['liver transplant'],google_complete,861,[]
liver transplant hospitals in florida,['liver transplant'],google_complete,862,[]
covid vaccine heart transplant patients,['heart transplant'],google trends,863,[]
heart transplant vaccine requirements,['heart transplant'],google_complete,864,[]
kidney transplant oregon,['kidney transplant'],google_complete,865,[]
heart transplant priority list,['heart transplant'],google_complete,866,[]
jackson browne heart transplant,['heart transplant'],google trends,867,[]
how to liver transplant in hindi,['liver transplant'],google_complete,868,[]
heart transplant minimally invasive,['heart transplant'],google_complete,869,[]
liver transplant incision,['liver transplant'],google_complete,870,[]
lung transplant jackson memorial hospital,['lung transplant'],google_complete,871,[]
when pancreas is removed,['pancreas transplant'],google_complete,872,[]
liver transplant post op care,['liver transplant'],google_complete,873,[]
xvivo lung transplant,['lung transplant'],google_complete,874,[]
lung transplant shirts,['lung transplant'],google_complete,875,['lung transplant t shirts']
kidney transplant breakthrough,['kidney transplant'],google_complete,876,[]
heart transplant queensland,['heart transplant'],google_complete,877,[]
kidney transplant can you drink after,['kidney transplant'],google_complete,878,[]
heart transplant jet,['heart transplant'],google_complete,879,[]
liver transplant foundation,['liver transplant'],google_complete,880,[]
heart transplant program,['heart transplant'],google_complete,881,[]
heart transplant diagnosis code,['heart transplant'],google_complete,882,[]
kidney transplant name,['kidney transplant'],google_complete,883,[]
lung transplant germany,['lung transplant'],google_complete,884,[]
lung transplant vcu,['lung transplant'],google_complete,885,[]
what is heart transplant in hindi,['heart transplant'],google_complete,886,[]
kidney transplant egfr,['kidney transplant'],google_complete,887,[]
lung transplant que es,['lung transplant'],google_complete,888,[]
liver transplant ribbon,['liver transplant'],google_complete,889,[]
heart and lung transplant clinic falls church,['heart-lung transplant'],google_complete,890,[]
organ transplantation,['heart transplant'],google trends,891,[]
kidney transplant yale,['kidney transplant'],google_complete,892,[]
heart transplant jamaica,['heart transplant'],google_complete,893,[]
lung transplant mexico,['lung transplant'],google_complete,894,[]
kidney transplant exposure,['kidney transplant'],google_complete,895,[]
kidney transplant jackson ms,['kidney transplant'],google_complete,896,[]
heart transplant nj,['heart transplant'],google_complete,897,[]
heart transplant scar,['heart transplant'],google_complete,898,[]
liver transplant in sheikh zayed hospital lahore,['liver transplant'],google_complete,899,[]
how many liver transplants per year,['liver transplant'],google_complete,900,[]
liver transplant quality of life,['liver transplant'],google_complete,901,[]
lung transplant numbers,['lung transplant'],google_complete,902,[]
george lopez kidney transplant year,['kidney transplant'],google_complete,903,[]
lung transplant yale,['lung transplant'],google_complete,904,[]
kidney failure,['kidney transplant'],google trends,905,[]
liver transplant nashville tn,['liver transplant'],google_complete,906,[]
kidney transplant programs,['kidney transplant'],google_complete,907,[]
pancreas transplant numbers,['pancreas transplant'],google_complete,908,[]
heart transplant quora,['heart transplant'],google_complete,909,[]
liver transplant uva,['liver transplant'],google_complete,910,[]
heart transplant mri safety,['heart transplant'],google_complete,911,[]
kidney transplant new zealand,['kidney transplant'],google_complete,912,[]
heart transplant quiz,['heart transplant'],google_complete,913,[]
kidney transplant benefits,['kidney transplant'],google_complete,914,[]
kidney transplant jamaica,['kidney transplant'],google_complete,915,[]
kidney transplant ucsf,['kidney transplant'],google_complete,916,[]
liver failure,['liver transplant'],google trends,917,[]
pancreas transplant world first,['pancreas transplant'],google_complete,918,[]
heart transplant one tree hill,['heart transplant'],google_complete,919,[]
can you have a lung transplant without a heart transplant,['heart-lung transplant'],google_complete,920,['lung transplant without heart']
how successful are kidney transplants,['kidney transplant'],google_complete,921,['what of kidney transplants are successful']
liver transplant rejection rate,['liver transplant'],google_complete,922,['liver transplant rejection survival rate']
kidney transplant fundraiser,['kidney transplant'],google_complete,923,[]
pancreas transplant to bladder,['pancreas transplant'],google_complete,924,"['pancreas transplant bladder', 'pancreas transplant bladder drainage', 'pancreatic transplant to bladder']"
liver transplant foods to avoid,['liver transplant'],google_complete,925,[]
when was heart transplant discovered,['heart transplant'],google_complete,926,[]
liver transplant bilirubin levels,['liver transplant'],google_complete,927,[]
liver transplant uptodate,['liver transplant'],google_complete,928,[]
heart transplant kidney,['heart transplant'],google trends,929,[]
heart transplant boston,['heart transplant'],google_complete,930,[]
domino heart lung transplant,['heart-lung transplant'],google_complete,931,[]
heart transplant hospitals in florida,['heart transplant'],google_complete,932,[]
heart transplant gif,['heart transplant'],google_complete,933,[]
kidney transplant jacksonville florida,['kidney transplant'],google_complete,934,[]
kidney transplant journal,['kidney transplant'],google_complete,935,[]
lung transplant medication side effects,['lung transplant'],google_complete,936,[]
liver transplant japan,['liver transplant'],google_complete,937,[]
lung transplant anniversary,['lung transplant'],google_complete,938,[]
kidney transplant in zimbabwe,['kidney transplant'],google_complete,939,[]
lung transplant northwestern,['lung transplant'],google_complete,940,[]
kidney transplant in sheikh zayed hospital lahore,['kidney transplant'],google_complete,941,[]
lung transplant jefferson,['lung transplant'],google_complete,942,[]
heart transplant out,['heart transplant'],google_complete,943,[]
jacc heart transplant,['heart transplant'],google_complete,944,[]
liver transplant in spanish,['liver transplant'],google_complete,945,[]
kidney transplant in mexico,['kidney transplant'],google_complete,946,[]
kidney transplant centers,['kidney transplant'],google_complete,947,[]
kidney transplant covid vaccine,['kidney transplant'],google trends,948,[]
kidney transplant virginia,['kidney transplant'],google_complete,949,[]
liver transplant grey's anatomy,['liver transplant'],google_complete,950,[]
kidney transplant numbers,['kidney transplant'],google_complete,951,[]
heart transplant team,['heart transplant'],google_complete,952,[]
kidney transplant johns hopkins,['kidney transplant'],google_complete,953,[]
lung transplant for stage 4 lung cancer,['lung transplant'],google_complete,954,[]
heart transplant procedure step by step,['heart transplant'],google_complete,955,[]
heart transplant qatar,['heart transplant'],google_complete,956,[]
heart transplant cost medicare,['heart transplant'],google_complete,957,[]
liver transplant gvhd,['liver transplant'],google_complete,958,[]
what's a transplant coordinator,['kidney transplant'],google_complete,959,[]
trachtenberg liver transplant,['liver transplant'],google trends,960,['why liver transplant trachtenberg']
liver transplant jaundice,['liver transplant'],google_complete,961,[]
lung transplant johns hopkins,['lung transplant'],google_complete,962,[]
liver transplant vv bypass,['liver transplant'],google_complete,963,[]
lung transplant nyu,['lung transplant'],google_complete,964,[]
liver transplant ummc,['liver transplant'],google_complete,965,[]
lung transplant gifts,['lung transplant'],google_complete,966,[]
lung transplant perfusion,['lung transplant'],google_complete,967,[]
liver transplant recovery,['liver transplant'],google_complete,968,['liver transplant donor recovery']
liver transplant kitna success hai,['liver transplant'],google_complete,969,[]
pancreas transplant ct,['pancreas transplant'],google_complete,970,[]
kidney transplant belly,['kidney transplant'],google_complete,971,[]
lung transplant northwell,['lung transplant'],google_complete,972,[]
heart and lung transplant unit mater hospital,['heart-lung transplant'],google_complete,973,[]
liver transplant labs,['liver transplant'],google_complete,974,[]
heart transplant precautions,['heart transplant'],google_complete,975,[]
lung transplant kentucky,['lung transplant'],google_complete,976,[]
lung transplant peanut allergy,['lung transplant'],google_complete,977,[]
lung transplant boston,['lung transplant'],google_complete,978,['lung transplant boston ma']
heart transplant jason gray stanford,['heart transplant'],google_complete,979,[]
kidney transplant o positive,['kidney transplant'],google_complete,980,[]
has anyone ever had a pancreas transplant,['pancreas transplant'],google_complete,981,[]
lung transplant ohio state,['lung transplant'],google_complete,982,[]
kidney transplant in zydus hospital ahmedabad,['kidney transplant'],google_complete,983,[]
lung transplant one or two,['lung transplant'],google_complete,984,[]
kidney transplant gofundme,['kidney transplant'],google_complete,985,[]
liver transplant virginia,['liver transplant'],google_complete,986,[]
heart transplant ecg,['heart transplant'],google_complete,987,[]
kidney transplant uh,['kidney transplant'],google_complete,988,[]
emory pancreas transplant,['pancreas transplant'],google_complete,989,[]
kidney transplant vomiting,['kidney transplant'],google_complete,990,[]
kidney transplant lupus,['kidney transplant'],google_complete,991,[]
liver transplant medications,['liver transplant'],google_complete,992,[]
liver transplant protocol,['liver transplant'],google_complete,993,[]
heart transplant drg,['heart transplant'],google_complete,994,[]
heart transplant patient unvaccinated,['heart transplant'],google trends,995,[]
lung transplant waiting list texas,['lung transplant'],google_complete,996,[]
nate robinson kidney transplant,['kidney transplant'],google trends,997,[]
pancreas transplant anesthesia,['pancreas transplant'],google_complete,998,[]
kidney transplant foundation,['kidney transplant'],google_complete,999,[]
lung transplant quarter,['lung transplant'],google_complete,1000,[]
lung transplant biopsy pathology outlines,['lung transplant'],google_complete,1001,[]
kidney transplant options,['kidney transplant'],google_complete,1002,[]
how kidney donation,['kidney transplant'],google_complete,1003,[]
liver transplant exception points,['liver transplant'],google_complete,1004,[]
liver transplant centers,['liver transplant'],google_complete,1005,[]
why heterotopic heart transplant,['heart transplant'],google_complete,1006,[]
heart transplant after care,['heart transplant'],google_complete,1007,[]
kidney transplant vs dialysis survival,['kidney transplant'],google_complete,1008,[]
when you get a kidney transplant is the old one removed,['kidney transplant'],google_complete,1009,[]
heart transplant life expectancy child,['heart transplant'],google_complete,1010,[]
why kidney transplant patient,['kidney transplant'],google_complete,1011,[]
kidney transplant cpt,['kidney transplant'],google_complete,1012,[]
kidney transplant uva,['kidney transplant'],google_complete,1013,[]
pancreas transplant utmc,['pancreas transplant'],google_complete,1014,[]
belatacept pancreas transplant,['pancreas transplant'],google_complete,1015,[]
heart transplant yashoda hospital,['heart transplant'],google_complete,1016,[]
liver transplant grapefruit,['liver transplant'],google_complete,1017,[]
heart transplant quality of life,['heart transplant'],google_complete,1018,[]
heart transplant financial assistance,['heart transplant'],google_complete,1019,[]
kidney transplant osteoporosis,['kidney transplant'],google_complete,1020,[]
heart transplant awareness,['heart transplant'],google_complete,1021,[]
heart transplant dietary restrictions,['heart transplant'],google_complete,1022,[]
asian bleeding-heart,['heart transplant'],google trends,1023,[]
heart transplant vs open heart surgery,['heart transplant'],google_complete,1024,[]
heart transplant journals,['heart transplant'],google_complete,1025,[]
alfred hospital heart lung transplant unit,['heart-lung transplant'],google_complete,1026,[]
grey's anatomy lung transplant,['lung transplant'],google_complete,1027,[]
how much is a kidney,['kidney transplant'],google trends,1028,[]
heart transplant journey instagram,['heart transplant'],google_complete,1029,[]
kidney transplant pillow,['kidney transplant'],google_complete,1030,[]
heart transplant diet,['heart transplant'],google_complete,1031,[]
kidney transplant jefferson,['kidney transplant'],google_complete,1032,[]
heart and lung transplant national recovery program,['heart-lung transplant'],google_complete,1033,[]
lung transplant what to expect,['lung transplant'],google_complete,1034,[]
heart transplant emotional effects,['heart transplant'],google_complete,1035,[]
nz heart and lung transplant service,['heart-lung transplant'],google_complete,1036,[]
heart transplant nerves,['heart transplant'],google_complete,1037,['heart transplant nerve connections']
heart transplant guidelines ishlt,['heart transplant'],google_complete,1038,[]
lung transplant infection,['lung transplant'],google_complete,1039,[]
heart transplant vanderbilt,['heart transplant'],google_complete,1040,[]
pancreas transplant exocrine,['pancreas transplant'],google_complete,1041,[]
heart transplant baylor,['heart transplant'],google_complete,1042,[]
do they transplant lungs,['lung transplant'],google_complete,1043,[]
heart transplant book,['heart transplant'],google_complete,1044,[]
lung transplant gastroparesis,['lung transplant'],google_complete,1045,[]
kidney transplant personality change,['kidney transplant'],google_complete,1046,[]
heart transplant bracelet,['heart transplant'],google_complete,1047,[]
kidney transplant uab,['kidney transplant'],google_complete,1048,[]
lung transplant ventilator,['lung transplant'],google_complete,1049,[]
where can you get kidney transplant,['kidney transplant'],google_complete,1050,[]
liver transplant ct,['liver transplant'],google_complete,1051,[]
heart transplant ecmo,['heart transplant'],google_complete,1052,[]
heart transplant jobs,['heart transplant'],google_complete,1053,[]
heart transplant transportation,['heart transplant'],google_complete,1054,[]
heart transplant vasculopathy,['heart transplant'],google_complete,1055,[]
liver transplant hospital in san antonio,['liver transplant'],google_complete,1056,[]
heart transplant for chf,['heart transplant'],google_complete,1057,[]
kidney transplant labs,['kidney transplant'],google_complete,1058,[]
david bennett heart transplant,['heart transplant'],google trends,1059,[]
j heart lung transplant abbreviation,['heart-lung transplant'],google_complete,1060,[]
liver transplant unmc,['liver transplant'],google_complete,1061,[]
heart transplant johns hopkins,['heart transplant'],google_complete,1062,[]
lung transplant emory,['lung transplant'],google_complete,1063,[]
heart transplant education,['heart transplant'],google_complete,1064,[]
can a liver transplant kill you,['liver transplant'],google_complete,1065,[]
lung transplant kansas,['lung transplant'],google_complete,1066,[]
heart failure,['heart transplant'],google trends,1067,[]
kidney transplant after care,['kidney transplant'],google_complete,1068,[]
kidney transplant ke bad,['kidney transplant'],google_complete,1069,[]
lung transplant yashoda hospital,['lung transplant'],google_complete,1070,[]
kidney transplant conferences 2025,['kidney transplant'],google_complete,1071,[]
lung transplant mayo clinic,['lung transplant'],google_complete,1072,[]
heart and lung transplant chennai,['heart-lung transplant'],google_complete,1073,[]
liver transplant compatibility,['liver transplant'],google_complete,1074,[]
heart lung transplant failure icd,['heart-lung transplant'],google_complete,1075,[]
liver transplant quebec,['liver transplant'],google_complete,1076,[]
lung transplant grants,['lung transplant'],google_complete,1077,[]
liver transplant medicaid,['liver transplant'],google_complete,1078,[]
heart transplant cost with insurance,['heart transplant'],google_complete,1079,[]
kidney transplant on ct,['kidney transplant'],google_complete,1080,[]
heart transplant indications,['heart transplant'],google_complete,1081,[]
liver transplant hcc,['liver transplant'],google_complete,1082,[]
bert kreischer kidney transplant,['kidney transplant'],google trends,1083,[]
kidney transplant jobs,['kidney transplant'],google_complete,1084,[]
heart transplant status z94 1,['heart transplant'],google_complete,1085,[]
heart transplant liver,['heart transplant'],google trends,1086,[]
heart transplant helicopter crash,['heart transplant'],google_complete,1087,[]
heart transplant level 2,['heart transplant'],google_complete,1088,[]
georgetown pancreas transplant,['pancreas transplant'],google_complete,1089,[]
kidney transplant in india,['kidney transplant'],google_complete,1090,[]
liver transplant for cholangiocarcinoma,['liver transplant'],google_complete,1091,[]
liver transplant anti rejection meds,['liver transplant'],google_complete,1092,[]
lung transplant education ucsf,['lung transplant'],google_complete,1093,['lung transplant education']
heart transplant exclusion criteria,['heart transplant'],google_complete,1094,[]
heart transplant guidelines 2024,['heart transplant'],google_complete,1095,[]
liver transplant youngstown baby,['liver transplant'],google_complete,1096,[]
heart disease,['heart transplant'],google trends,1097,[]
heart transplant fellowship,['heart transplant'],google_complete,1098,[]
lung transplant waitlist mortality,['lung transplant'],google_complete,1099,[]
liver transplant coordinator,['liver transplant'],google_complete,1100,[]
lung transplant cpt code,['lung transplant'],google_complete,1101,[]
liver transplant name,['liver transplant'],google_complete,1102,[]
how transplant a plant,['kidney transplant'],google_complete,1103,[]
kidney transplant abbreviation,['kidney transplant'],google_complete,1104,[]
kidney transplant mortality rate,['kidney transplant'],google_complete,1105,['kidney transplant death rate']
liver transplant living donor risks,['liver transplant'],google_complete,1106,[]
liver transplant orthotopic,['liver transplant'],google_complete,1107,[]
why does the body reject kidney transplants,['kidney transplant'],google_complete,1108,[]
pancreas transplant pubmed,['pancreas transplant'],google_complete,1109,[]
lung transplant longest survivor,['lung transplant'],google_complete,1110,[]
heart and lung transplant advantages and disadvantages,['heart-lung transplant'],google_complete,1111,[]
kidney transplant medications list,['kidney transplant'],google_complete,1112,[]
heart transplant information,['heart transplant'],google_complete,1113,[]
can you have a single lung transplant,['lung transplant'],google_complete,1114,[]
who performs lung transplants,['lung transplant'],google_complete,1115,[]
liver transplant yakuza,['liver transplant'],google_complete,1116,[]
lung transplant immunosuppression,['lung transplant'],google_complete,1117,['lung transplant immunosuppression guidelines']
what is liver transplant status,['liver transplant'],google_complete,1118,[]
kidney transplant questionnaire,['kidney transplant'],google_complete,1119,[]
lung transplant jake paul,['lung transplant'],google_complete,1120,[]
lung transplant housing support,['lung transplant'],google_complete,1121,[]
lung transplant news,['lung transplant'],google_complete,1122,[]
heart transplant ucsf,['heart transplant'],google_complete,1123,[]
kidney transplant journey,['kidney transplant'],google_complete,1124,[]
heart lung transplantation ppt,['heart-lung transplant'],google_complete,1125,['heart-lung transplantation ppt']
kidney transplant status,['kidney transplant'],google_complete,1126,[]
kidney transplant kitne din chalta hai,['kidney transplant'],google_complete,1127,[]
how long lung transplant list,['lung transplant'],google_complete,1128,[]
kidney transplant lalu yadav,['kidney transplant'],google_complete,1129,[]
liver transplant kitne mein hota hai,['liver transplant'],google_complete,1130,[]
nick cannon kidney transplant,['kidney transplant'],google trends,1131,[]
pancreas transplant cost in canada,['pancreas transplant'],google_complete,1132,[]
lung transplant mortality rate,['lung transplant'],google_complete,1133,[]
pancreas transplant surgeon in mumbai,['pancreas transplant'],google_complete,1134,[]
heart lung block transplant,['heart-lung transplant'],google_complete,1135,[]
liver transplant girl tiktok,['liver transplant'],google_complete,1136,[]
lung transplant edmonton,['lung transplant'],google_complete,1137,[]
zofran heart transplant,['heart transplant'],google_complete,1138,[]
liver transplant hospitals in california,['liver transplant'],google_complete,1139,[]
lung transplant best hospital in india,['lung transplant'],google_complete,1140,[]
kidney transplant for dogs,['kidney transplant'],google_complete,1141,"['kidney transplant dogs', 'kidney transplant in dogs']"
chronic kidney disease,['kidney transplant'],google trends,1142,[]
kidney transplant financial assistance,['kidney transplant'],google_complete,1143,[]
liver transplant georgetown,['liver transplant'],google_complete,1144,[]
liver transplant weight loss,['liver transplant'],google_complete,1145,[]
kidney transplant jewelry,['kidney transplant'],google_complete,1146,[]
liver transplant odds,['liver transplant'],google_complete,1147,[]
lung transplant diet,['lung transplant'],google_complete,1148,[]
heart transplant breakthrough,['heart transplant'],google_complete,1149,[]
liver transplant journal,['liver transplant'],google_complete,1150,[]
lung transplant sarcoidosis,['lung transplant'],google trends,1151,[]
liver transplant list wait time,['liver transplant'],google_complete,1152,"['liver transplant wait time', 'liver transplant waiting list', 'liver transplant waiting list time']"
heart transplant new orleans,['heart transplant'],google_complete,1153,[]
lung transplant testing,['lung transplant'],google_complete,1154,[]
liver transplant facts,['liver transplant'],google_complete,1155,[]
why kidney transplant fails,['kidney transplant'],google_complete,1156,['why does a kidney transplant fail']
liver transplant ucsf,['liver transplant'],google_complete,1157,[]
kidney transplant bk virus,['kidney transplant'],google_complete,1158,[]
kidney transplant and dental treatment,['kidney transplant'],google_complete,1159,[]
heart transplant pulmonary artery,['heart-lung transplant'],google_complete,1160,[]
liver transplant ke bad,['liver transplant'],google_complete,1161,[]
heart transplant chronic condition,['heart transplant'],google trends,1162,[]
kidney transplant surgeon salary,['kidney transplant'],google_complete,1163,[]
heart transplant ribbon,['heart transplant'],google_complete,1164,[]
liver transplant dx code,['liver transplant'],google_complete,1165,[]
heart transplant before and after,['heart transplant'],google_complete,1166,[]
kidney transplant without removing old kidney,['kidney transplant'],google_complete,1167,[]
lung transplant risk | brilliant math & science wiki,['lung transplant'],google trends,1168,[]
methodist heart and lung transplant,['heart-lung transplant'],google_complete,1169,[]
heart transplant centers,['heart transplant'],google_complete,1170,[]
heart and lung transplant coordinator,['heart-lung transplant'],google_complete,1171,[]
kidney transplant outcomes,['kidney transplant'],google_complete,1172,[]
liver transplant guidelines 2024,['liver transplant'],google_complete,1173,[]
heart and lung transplant nurse,['heart-lung transplant'],google_complete,1174,[]
kidney transplant unmc,['kidney transplant'],google_complete,1175,[]
liver transplant kidney problems,['liver transplant'],google_complete,1176,[]
heart transplant cpt,['heart transplant'],google_complete,1177,[]
heart transplant waiting list texas,['heart transplant'],google_complete,1178,[]
kidney transplant center rankings,['kidney transplant'],google_complete,1179,[]
xarelto kidney transplant,['kidney transplant'],google_complete,1180,[]
deborah heart and lung transplant,['heart-lung transplant'],google_complete,1181,[]
kidney transplant placement,['kidney transplant'],google_complete,1182,[]
kidney transplant for cats cost,['kidney transplant'],google_complete,1183,[]
kidney transplant hair loss,['kidney transplant'],google_complete,1184,[]
liver transplant bypass,['liver transplant'],google_complete,1185,[]
liver transplant vumc,['liver transplant'],google_complete,1186,[]
lung transplant usc,['lung transplant'],google_complete,1187,[]
michelle trachtenberg why liver transplant reddit,['liver transplant'],google_complete,1188,[]
liver transplant new orleans,['liver transplant'],google_complete,1189,[]
pancreas transplant nutrition,['pancreas transplant'],google_complete,1190,[]
kidney transplant worms,['kidney transplant'],google_complete,1191,[]
pancreas transplant near me,['pancreas transplant'],google_complete,1192,[]
kidney transplant quiz,['kidney transplant'],google_complete,1193,[]
kidney transplant wait time by blood type,['kidney transplant'],google_complete,1194,[]
lung transplant azithromycin prophylaxis,['lung transplant'],google_complete,1195,[]
lung transplant new zealand,['lung transplant'],google_complete,1196,[]
heart transplant facts,['heart transplant'],google_complete,1197,[]
kidney transplant rejection rate,['kidney transplant'],google_complete,1198,[]
heart lung transplant surgeon in seawoods,['heart-lung transplant'],google_complete,1199,[]
kidney transplant jobs near me,['kidney transplant'],google_complete,1200,[]
heart transplant quality indicators,['heart transplant'],google_complete,1201,[]
liver transplant diet pdf,['liver transplant'],google_complete,1202,[]
heart transplant nba player,['heart transplant'],google_complete,1203,[]
how long can you live with a transplant heart,['heart transplant'],google_complete,1204,[]
kidney transplant needed,['kidney transplant'],google_complete,1205,[]
lung transplant color,['lung transplant'],google_complete,1206,[]
heart transplant cav,['heart transplant'],google_complete,1207,[]
lung transplant animation,['lung transplant'],google_complete,1208,[]
liver transplant diabetes,['liver transplant'],google_complete,1209,[]
kidney transplant team,['kidney transplant'],google_complete,1210,[]
what of liver transplants are successful,['liver transplant'],google_complete,1211,[]
heart transplant qualifications,['heart transplant'],google_complete,1212,['heart transplant list qualifications']
liver transplant testing,['liver transplant'],google_complete,1213,[]
lung transplant vienna,['lung transplant'],google_complete,1214,[]
heart transplant memories,['heart transplant'],google_complete,1215,[]
combined heart lung transplant,['heart-lung transplant'],google_complete,1216,[]
kidney transplant workup,['kidney transplant'],google_complete,1217,[]
heart and lung transplant icu uab,['heart-lung transplant'],google_complete,1218,[]
double lung transplant qualifications,['lung transplant'],google_complete,1219,[]
liver transplant xray,['liver transplant'],google_complete,1220,[]
kidney transplant kolkata,['kidney transplant'],google_complete,1221,[]
pancreas transplant boston,['pancreas transplant'],google_complete,1222,[]
liver transplant aftercare,['liver transplant'],google_complete,1223,[]
liver transplant in india,['liver transplant'],google_complete,1224,[]
liver transplant pittsburgh,['liver transplant'],google_complete,1225,[]
liver transplant failure symptoms,['liver transplant'],google_complete,1226,[]
is a pancreas transplant worth it,['pancreas transplant'],google_complete,1227,[]
heart transplant candidate,['heart transplant'],google_complete,1228,[]
heart transplant x ray,['heart transplant'],google_complete,1229,[]
liver transplant questions to ask,['liver transplant'],google_complete,1230,['liver transplant questions']
heart transplant unit golden jubilee,['heart transplant'],google_complete,1231,[]
kidney transplant guidelines,['kidney transplant'],google_complete,1232,[]
are lung transplants worth it,['lung transplant'],google_complete,1233,[]
heart transplant icd code,['heart transplant'],google_complete,1234,[]
freeman heart & lung transplant association,['heart-lung transplant'],google_complete,1235,[]
liver transplant alternatives,['liver transplant'],google_complete,1236,[]
lung transplant box,['lung transplant'],google_complete,1237,[]
lung transplant tattoo ideas,['lung transplant'],google_complete,1238,['lung transplant tattoo']
